gene_symbol	direction	evidence_group_count	direction_consistency	mean_log2fc	best_fdr	consensus_score
SLC6A14	up	2	1.0	5.3627	2.66375e-11	10.7254
AQP8	down	2	1.0	-5.14408	2.0620099999999997e-21	10.2882
MMP3	up	2	1.0	4.95087	6.10704e-16	9.90174
DUOX2	up	2	1.0	4.62781	4.45328e-10	9.25561
CHI3L1	up	2	1.0	4.2248	1.53378e-15	8.4496
REG1A	up	2	1.0	4.16969	1.72152e-05	8.33939
TNIP3	up	2	1.0	4.10081	5.604140000000001e-29	8.20162
S100A8	up	2	1.0	4.09886	7.400179999999999e-20	8.19772
HMGCS2	down	2	1.0	-4.0804	1.9391800000000002e-26	8.16079
REG3A	up	2	1.0	3.85329	1.64563e-07	7.70658
REG1B	up	2	1.0	3.82744	2.08635e-06	7.65487
DUOXA2	up	2	1.0	3.78093	3.62002e-21	7.56187
CLDN8	down	2	1.0	-3.76459	4.36887e-08	7.52919
VNN1	up	2	1.0	3.72317	1.07812e-10	7.44634
SAA2	up	2	1.0	3.67694	2.5984399999999997e-20	7.35389
PCK1	down	2	1.0	-3.67247	5.6875099999999995e-25	7.34494
IDO1	up	2	1.0	3.64299	7.23709e-18	7.28598
CXCL1	up	2	1.0	3.63465	1.88918e-17	7.26931
UGT2A3	down	2	1.0	-3.6035	1.54013e-25	7.20701
CXCL8	up	2	1.0	3.53596	2.75847e-17	7.07192
ABCG2	down	2	1.0	-3.49709	9.3573e-23	6.99417
MMP1	up	2	1.0	3.49179	5.59823e-10	6.98359
SLC26A2	down	2	1.0	-3.48876	5.2517199999999995e-42	6.97751
AQP9	up	2	1.0	3.37809	4.33313e-26	6.75618
TCN1	up	2	1.0	3.37597	1.4085e-32	6.75195
IL1B	up	2	1.0	3.3754	2.21751e-19	6.75081
SERPINB5	up	2	1.0	3.30745	3.38225e-08	6.6149
LCN2	up	2	1.0	3.18023	1.67342e-08	6.36046
CYP2B6	down	2	1.0	-3.10331	1.02155e-09	6.20663
MEP1B	down	2	1.0	-3.0949	1.19667e-08	6.18979
CYP2B7P	down	2	1.0	-3.08872	6.20074e-10	6.17744
MMP7	up	2	1.0	2.98376	3.48075e-25	5.96751
CWH43	down	2	1.0	-2.9232	5.70623e-23	5.8464
KYNU	up	2	1.0	2.91714	5.58415e-15	5.83428
FCGR3B	up	2	1.0	2.90231	3.00083e-14	5.80462
MMP12	up	2	1.0	2.89752	6.55105e-08	5.79504
PTGS2	up	2	1.0	2.89001	6.03791e-11	5.78002
SERPINA3	up	2	1.0	2.86608	7.0118500000000005e-28	5.73216
SLC38A4	down	2	1.0	-2.85467	1.59443e-08	5.70934
MMP10	up	2	1.0	2.84809	1.10149e-26	5.69619
CXCL11	up	2	1.0	2.83551	3.3675499999999995e-20	5.67102
TNC	up	2	1.0	2.82474	1.86364e-19	5.64948
SLC30A10	down	2	1.0	-2.82366	1.03494e-12	5.64731
TRPM6	down	2	1.0	-2.78613	2.84382e-15	5.57226
HCAR3	up	2	1.0	2.73939	1.62656e-24	5.47878
SLC51A	down	2	1.0	-2.73924	6.5695e-09	5.47848
VSIG1	up	2	1.0	2.73914	1.44574e-32	5.47827
CHP2	down	2	1.0	-2.71877	2.46971e-25	5.43753
CDH3	up	2	1.0	2.71683	6.947500000000001e-19	5.43366
ABCA12	up	2	1.0	2.70745	1.0267e-36	5.4149
ADH1C	down	2	1.0	-2.70385	6.3341e-20	5.40771
KLK10	up	2	1.0	2.6872	1.05401e-22	5.3744
SLC17A4	down	2	1.0	-2.68248	2.83552e-23	5.36497
MT1M	down	2	1.0	-2.66641	1.54177e-11	5.33282
CXCL10	up	2	1.0	2.66411	3.16339e-09	5.32821
GUCA2A	down	2	1.0	-2.65782	4.83094e-22	5.31565
CA1	down	2	1.0	-2.63648	5.45216e-21	5.27297
GUCA2B	down	2	1.0	-2.62352	2.78856e-14	5.24705
SERPINB3	up	2	1.0	2.60825	4.66781e-19	5.21651
PI3	up	2	1.0	2.58435	1.01929e-08	5.16871
CXCL9	up	2	1.0	2.57349	8.86346e-13	5.14698
TIMP1	up	2	1.0	2.53568	2.84382e-15	5.07137
S100A12	up	2	1.0	2.52592	1.12652e-19	5.05184
UBD	up	2	1.0	2.51885	4.4416200000000006e-18	5.0377
GBA3	down	2	1.0	-2.50709	9.08639e-15	5.01418
APOBEC3B	down	2	1.0	-2.50334	1.46173e-13	5.00668
SERPINB7	up	2	1.0	2.49003	2.8309299999999995e-20	4.98007
DMBT1	up	2	1.0	2.48838	3.51251e-07	4.97675
CXCL13	up	2	1.0	2.47466	2.45661e-05	4.94933
CEMIP	up	2	1.0	2.47236	7.094059999999999e-20	4.94472
DEFA5	up	2	1.0	2.46136	5.16612e-06	4.92273
PROK2	up	2	1.0	2.45093	1.53518e-23	4.90186
NOS2	up	2	1.0	2.45003	6.55524e-13	4.90006
TNFAIP6	up	2	1.0	2.44325	1.00148e-13	4.88651
MMP9	up	2	1.0	2.44115	8.06227e-16	4.8823
PADI2	down	2	1.0	-2.43624	2.3321500000000002e-33	4.87248
OSMR	up	2	1.0	2.43289	1.06608e-11	4.86578
SELP	up	2	1.0	2.41908	2.58466e-25	4.83816
PRRX1	up	2	1.0	2.41695	2.79021e-19	4.8339
ABCB1	down	2	1.0	-2.39182	1.38433e-15	4.78365
IL13RA2	up	2	1.0	2.37602	9.34276e-16	4.75204
STC1	up	2	1.0	2.37505	2.70812e-13	4.75011
REG4	up	2	1.0	2.37465	2.00433e-10	4.74931
S100A9	up	2	1.0	2.37143	6.9485e-24	4.74287
C3	up	2	1.0	2.35344	3.05834e-10	4.70687
B4GALNT2	down	2	1.0	-2.34433	4.86169e-07	4.68866
TGM2	up	2	1.0	2.31993	1.86282e-17	4.63985
STEAP4	up	2	1.0	2.30763	3.4450999999999995e-21	4.61527
SATB2-AS1	down	2	1.0	-2.30537	5.04979e-22	4.61074
HSD3B2	down	2	1.0	-2.29821	3.12446e-05	4.59642
SELL	up	2	1.0	2.29723	1.03805e-07	4.59445
SPP1	up	2	1.0	2.28997	1.75366e-14	4.57994
DAPP1	up	2	1.0	2.28611	8.99064e-19	4.57223
ACSF2	down	2	1.0	-2.27304	6.75459e-13	4.54608
BEST2	down	2	1.0	-2.27157	9.46953e-12	4.54315
TDO2	up	2	1.0	2.26618	1.53803e-12	4.53235
MS4A12	down	2	1.0	-2.24855	5.59096e-17	4.49709
GREM1	up	2	1.0	2.24819	7.00301e-09	4.49638
CFB	up	2	1.0	2.24638	9.43465e-12	4.49276
BRINP3	down	2	1.0	-2.24562	8.45886e-12	4.49124
CD274	up	2	1.0	2.21744	1.65819e-12	4.43487
C4BPB	up	2	1.0	2.21533	3.10534e-18	4.43066
DHRS11	down	2	1.0	-2.20953	5.4250499999999994e-27	4.41905
CD55	up	2	1.0	2.20926	3.08222e-11	4.41852
DEFA6	up	2	1.0	2.19834	1.21638e-06	4.39667
FPR1	up	2	1.0	2.19407	2.25728e-23	4.38813
CCL18	up	2	1.0	2.18586	6.4831e-07	4.37171
IRAK3	up	2	1.0	2.17068	1.10389e-11	4.34137
CFI	up	2	1.0	2.16024	8.97656e-09	4.32049
SLCO1B3	up	2	1.0	2.13892	2.38367e-21	4.27784
SGK2	down	2	1.0	-2.13695	6.55277e-26	4.2739
IGFBP5	up	2	1.0	2.13008	4.07573e-15	4.26016
ANXA1	up	2	1.0	2.12051	1.87822e-09	4.24102
PLEK	up	2	1.0	2.11524	1.13841e-11	4.23047
BCL2A1	up	2	1.0	2.11517	1.05908e-10	4.23034
C4BPA	up	2	1.0	2.11226	6.55524e-13	4.22452
SLC16A9	down	2	1.0	-2.11025	8.29214e-10	4.22051
SELE	up	2	1.0	2.09958	2.8917e-22	4.19915
CCL2	up	2	1.0	2.08869	4.37213e-08	4.17738
PHLPP2	down	2	1.0	-2.08291	3.51072e-17	4.16581
PPARGC1A	down	2	1.0	-2.08211	1.65869e-21	4.16423
CCL20	up	2	1.0	2.07517	2.81225e-06	4.15034
CAPN13	down	2	1.0	-2.0709	6.37312e-09	4.14179
FDCSP	up	2	1.0	2.06866	0.000120915	4.13732
CSF3R	up	2	1.0	2.05418	5.5367099999999996e-21	4.10837
CXCL5	up	2	1.0	2.05391	2.63459e-13	4.10783
HEPACAM2	down	2	1.0	-2.05096	1.89179e-08	4.10193
PLAU	up	2	1.0	2.04828	1.3646499999999999e-21	4.09657
WARS	up	2	1.0	2.04802	7.78303e-26	4.09605
APOL1	up	2	1.0	2.04182	2.0405e-19	4.08363
ANPEP	down	2	1.0	-2.03026	1.26158e-06	4.06051
VNN2	up	2	1.0	2.0255	1.7348299999999997e-20	4.051
PRKG2	down	2	1.0	-2.01177	1.5069e-06	4.02354
NPY1R	down	2	1.0	-2.00626	1.24593e-10	4.01251
IGK	up	2	1.0	2.00241	1.75202e-07	4.00482
SLC51B	down	2	1.0	-2.00216	1.16636e-11	4.00433
CTLA4	up	2	1.0	1.99545	2.09028e-14	3.99089
PDE6A	down	2	1.0	-1.98909	1.30769e-08	3.97818
PBLD	down	2	1.0	-1.98773	7.27066e-16	3.97546
PHLDA1	up	2	1.0	1.9847	3.13318e-16	3.96941
BMP3	down	2	1.0	-1.98402	4.099e-08	3.96803
FCRL5	up	2	1.0	1.98383	1.34268e-13	3.96766
COL6A3	up	2	1.0	1.98019	4.6428e-18	3.96038
CXCL6	up	2	1.0	1.97467	2.41753e-18	3.94934
LAX1	up	2	1.0	1.97131	6.33764e-19	3.94262
ICAM1	up	2	1.0	1.96976	3.8951099999999996e-20	3.93953
FGFR2	down	2	1.0	-1.9646	2.29081e-19	3.92919
ITGA5	up	2	1.0	1.9642	9.21409e-14	3.92841
C2	up	2	1.0	1.95922	1.08154e-12	3.91845
MEP1A	down	2	1.0	-1.95299	2.6430499999999997e-21	3.90598
CXCR2	up	2	1.0	1.94883	7.710129999999999e-20	3.89767
ADGRE2	up	2	1.0	1.94657	1.84403e-14	3.89313
STRIP2	up	2	1.0	1.9378	1.02946e-15	3.87561
CXCL3	up	2	1.0	1.93616	6.16229e-28	3.87231
IGHM	up	2	1.0	1.93127	9.21409e-14	3.86254
SLC3A1	down	2	1.0	-1.92843	1.60204e-14	3.85685
ADGRL4	up	2	1.0	1.92819	1.58254e-15	3.85637
SERPINA1	up	2	1.0	1.92796	2.56464e-13	3.85593
LAMP3	up	2	1.0	1.92685	2.38036e-11	3.85369
GBP5	up	2	1.0	1.92673	1.23286e-14	3.85346
TMEM63C	down	2	1.0	-1.92324	4.67891e-06	3.84647
SLC7A11	up	2	1.0	1.9232	4.23326e-14	3.8464
COL1A1	up	2	1.0	1.9159	2.13434e-16	3.83181
KRT6B	up	2	1.0	1.91208	1.33914e-22	3.82417
EXPH5	down	2	1.0	-1.90912	3.62952e-16	3.81823
CD79A	up	2	1.0	1.90564	1.04597e-09	3.81128
LRRC19	down	2	1.0	-1.90116	9.118659999999999e-20	3.80231
PKIB	down	2	1.0	-1.89838	1.62487e-17	3.79676
MS4A1	up	2	1.0	1.89807	1.66283e-05	3.79615
TREM1	up	2	1.0	1.88941	3.20643e-19	3.77882
IL1RN	up	2	1.0	1.88792	1.46173e-13	3.77584
PIM2	up	2	1.0	1.88356	2.59704e-12	3.76712
RPS6KA6	down	2	1.0	-1.88307	9.32377e-14	3.76614
PAQR5	down	2	1.0	-1.88109	1.5614e-26	3.76217
SERPINB9	up	2	1.0	1.88086	9.32047e-21	3.76172
PDZK1IP1	up	2	1.0	1.88071	4.14239e-13	3.76142
RGS5	up	2	1.0	1.87848	2.06488e-16	3.75696
NCF2	up	2	1.0	1.87374	1.25538e-09	3.74749
SLC2A3	up	2	1.0	1.87366	6.52401e-19	3.74732
DPP10	down	2	1.0	-1.87138	3.4451e-11	3.74275
SLC6A20	up	2	1.0	1.87007	1.25594e-13	3.74015
GBP4	up	2	1.0	1.86974	9.9846e-13	3.73949
RUNDC3B	down	2	1.0	-1.86825	3.40696e-20	3.7365
OTOP2	down	2	1.0	-1.8632	1.19848e-09	3.72639
CTSK	up	2	1.0	1.8601	1.49571e-14	3.7202
CLDN1	up	2	1.0	1.85905	3.02349e-12	3.71809
CDHR1	down	2	1.0	-1.85856	8.23694e-07	3.71712
BEST4	down	2	1.0	-1.85794	3.1765e-08	3.71587
TUBAL3	down	2	1.0	-1.85597	4.17768e-18	3.71194
HSD17B2	down	2	1.0	-1.85007	1.20866e-16	3.70013
ENTPD5	down	2	1.0	-1.84954	1.4285500000000001e-28	3.69908
SLC22A5	down	2	1.0	-1.84865	2.69399e-13	3.6973
GZMK	up	2	1.0	1.84293	4.53738e-07	3.68586
TRHDE	down	2	1.0	-1.84081	6.37225e-10	3.68162
IL1A	up	2	1.0	1.84022	4.4416200000000006e-18	3.68045
IL7R	up	2	1.0	1.83271	1.08464e-10	3.66541
CR1	up	2	1.0	1.83205	9.99689e-15	3.66411
ITGAX	up	2	1.0	1.82979	1.5589e-12	3.65959
UGT1A3	down	2	1.0	-1.82974	4.77096e-17	3.65948
CHI3L2	up	2	1.0	1.82926	2.78856e-14	3.65852
CD177	down	2	1.0	-1.82766	3.67248e-18	3.65531
CXCR1	up	2	1.0	1.81801	5.72733e-22	3.63603
COL12A1	up	2	1.0	1.80623	3.5152e-15	3.61246
PCSK1	up	2	1.0	1.80498	1.01301e-08	3.60997
OLFM4	up	2	1.0	1.79906	0.00067711	3.59812
SLC35G1	down	2	1.0	-1.79675	6.75219e-13	3.5935
PIGZ	down	2	1.0	-1.78592	4.79032e-15	3.57185
SCIN	down	2	1.0	-1.78591	1.80977e-14	3.57182
MXRA5	up	2	1.0	1.7829	1.34078e-11	3.56581
ENTPD1	up	2	1.0	1.77931	1.51803e-10	3.55863
DSG3	up	2	1.0	1.77815	2.79905e-15	3.5563
PNLIPRP2	down	2	1.0	-1.77786	1.03518e-09	3.55572
VWF	up	2	1.0	1.77615	2.51415e-16	3.5523
FOS	up	2	1.0	1.77322	6.81815e-06	3.54644
TAGAP	up	2	1.0	1.77188	5.25531e-13	3.54375
WSCD1	down	2	1.0	-1.77104	5.67688e-16	3.54208
IL33	up	2	1.0	1.77082	4.76451e-08	3.54164
MNDA	up	2	1.0	1.76815	4.63489e-10	3.5363
ARNTL2	up	2	1.0	1.76724	2.84382e-15	3.53449
NNMT	up	2	1.0	1.76258	1.3022599999999999e-20	3.52516
SOCS3	up	2	1.0	1.76011	3.67487e-15	3.52021
S100P	up	2	1.0	1.75645	2.52148e-07	3.51291
FAP	up	2	1.0	1.75551	3.3917499999999997e-20	3.51102
ENPP1	down	2	1.0	-1.7539	3.58244e-12	3.5078
PTPRC	up	2	1.0	1.75361	2.80216e-11	3.50723
SLC7A5	up	2	1.0	1.75286	1.00986e-16	3.50573
TRIM22	up	2	1.0	1.75029	3.20282e-07	3.50058
MT1F	down	2	1.0	-1.7487	6.82172e-14	3.4974
THY1	up	2	1.0	1.74703	3.5026500000000004e-18	3.49406
PITX2	down	2	1.0	-1.74348	0.000144536	3.48696
MZB1	up	2	1.0	1.7407	1.65137e-10	3.4814
SELENBP1	down	2	1.0	-1.73833	2.4161100000000003e-24	3.47666
NXPE4	down	2	1.0	-1.73622	4.93913e-16	3.47244
VIPR1	down	2	1.0	-1.73271	1.22116e-22	3.46541
VLDLR	down	2	1.0	-1.73237	7.67191e-16	3.46474
CDKN2B	down	2	1.0	-1.73189	2.5347e-15	3.46377
THBS2	up	2	1.0	1.72777	1.29331e-14	3.45555
MGP	up	2	1.0	1.72635	3.34156e-08	3.45269
WDR78	down	2	1.0	-1.72594	3.90134e-11	3.45189
SLC23A1	down	2	1.0	-1.72435	1.47719e-12	3.44869
IGKC	up	2	1.0	1.72364	3.90763e-06	3.44729
COL4A1	up	2	1.0	1.72159	1.22873e-15	3.44318
RMDN2	down	2	1.0	-1.71989	5.18483e-11	3.43979
BIRC3	up	2	1.0	1.71747	1.75041e-14	3.43495
PCDH20	down	2	1.0	-1.71511	2.33069e-07	3.43021
CR2	up	2	1.0	1.7148	2.66042e-05	3.42959
CCL19	up	2	1.0	1.71453	7.05293e-06	3.42906
GXYLT2	down	2	1.0	-1.71453	5.38925e-09	3.42905
CNTN3	down	2	1.0	-1.71415	1.16969e-16	3.42829
LPCAT1	up	2	1.0	1.71315	2.16731e-12	3.42631
ST3GAL1	up	2	1.0	1.71202	7.63285e-10	3.42405
EDNRA	up	2	1.0	1.71088	2.15312e-10	3.42177
CKB	down	2	1.0	-1.71022	2.85354e-11	3.42045
IL24	up	2	1.0	1.70846	7.44396e-12	3.41691
DEFB1	down	2	1.0	-1.70804	5.04873e-11	3.41607
CYR61	up	2	1.0	1.70411	1.01433e-17	3.40823
ADAMTS1	up	2	1.0	1.70318	5.11995e-19	3.40637
IL6	up	2	1.0	1.68667	3.92711e-12	3.37333
CATSPERB	up	2	1.0	1.68384	2.9946e-08	3.36768
CLEC4E	up	2	1.0	1.68148	5.91062e-23	3.36297
TMEM37	down	2	1.0	-1.67692	3.12722e-08	3.35383
BGN	up	2	1.0	1.67602	3.8673800000000004e-18	3.35204
KCNJ15	up	2	1.0	1.67464	2.83833e-18	3.34928
JAK3	up	2	1.0	1.67417	1.60771e-10	3.34835
LOXL2	up	2	1.0	1.67408	3.96349e-17	3.34815
NAMPT	up	2	1.0	1.67339	3.01206e-14	3.34677
ACSL4	up	2	1.0	1.6658	3.91694e-11	3.33161
GPR183	up	2	1.0	1.66418	4.99064e-07	3.32836
NR1H4	down	2	1.0	-1.66197	1.94512e-09	3.32394
FMO5	down	2	1.0	-1.66067	2.2844e-10	3.32134
HAPLN3	up	2	1.0	1.66026	1.88199e-32	3.32051
PFKFB3	up	2	1.0	1.65992	2.83552e-23	3.31985
CYP4F2	down	2	1.0	-1.65939	2.51438e-06	3.31879
FRMD1	down	2	1.0	-1.65535	1.42727e-07	3.31071
RHOH	up	2	1.0	1.65426	1.61312e-09	3.30851
COL1A2	up	2	1.0	1.65179	5.90643e-16	3.30359
ANGPTL2	up	2	1.0	1.65152	6.85323e-13	3.30303
MME	up	2	1.0	1.64965	1.85767e-14	3.29929
SLFN11	up	2	1.0	1.64837	1.17211e-10	3.29675
PARP8	up	2	1.0	1.64814	1.28283e-08	3.29628
CD180	up	2	1.0	1.64749	1.51974e-07	3.29498
SPINK4	up	2	1.0	1.64661	3.49524e-06	3.29321
TMEM72	down	2	1.0	-1.64532	1.13195e-10	3.29064
DRAM1	up	2	1.0	1.6443	3.9105e-11	3.2886
PLA2G12B	down	2	1.0	-1.64366	6.0855e-06	3.28733
SLC39A5	down	2	1.0	-1.64079	9.200059999999999e-21	3.28159
CNNM2	down	2	1.0	-1.64042	3.59667e-11	3.28084
ADGRF5	up	2	1.0	1.64003	1.39013e-19	3.28007
SERPING1	up	2	1.0	1.63411	3.17972e-15	3.26823
IFI16	up	2	1.0	1.63044	5.34236e-10	3.26088
CHN1	up	2	1.0	1.62958	8.93908e-14	3.25916
OAS2	up	2	1.0	1.62923	9.21092e-09	3.25847
F2RL2	up	2	1.0	1.62919	4.52029e-10	3.25837
NR4A3	up	2	1.0	1.6252	2.07393e-16	3.2504
SLC16A1	down	2	1.0	-1.62407	9.56637e-27	3.24815
KLHL5	up	2	1.0	1.62017	1.4988e-18	3.24034
MS4A8	down	2	1.0	-1.61944	1.60947e-11	3.23887
FBN1	up	2	1.0	1.61672	3.77235e-11	3.23344
ALDH1A2	up	2	1.0	1.6166	3.40696e-20	3.23319
HLA-DOB	up	2	1.0	1.61614	1.53224e-09	3.23229
RGS1	up	2	1.0	1.61554	3.27493e-12	3.23108
C1S	up	2	1.0	1.61292	2.07037e-18	3.22584
SERPINB4	up	2	1.0	1.61234	1.95198e-15	3.22469
FCGR2A	up	2	1.0	1.61087	5.39308e-05	3.22174
NR4A2	up	2	1.0	1.60982	1.42578e-13	3.21964
FSTL1	up	2	1.0	1.60822	1.94472e-14	3.21644
C1R	up	2	1.0	1.60607	4.95941e-15	3.21214
HLA-DRA	up	2	1.0	1.60526	0.000418086	3.21052
RBPMS	up	2	1.0	1.60481	8.852e-11	3.20962
GJA1	up	2	1.0	1.6039	7.94534e-13	3.20781
EGR1	up	2	1.0	1.60346	4.10643e-07	3.20692
FMO4	down	2	1.0	-1.6033	1.15568e-11	3.20659
FADS1	up	2	1.0	1.60232	1.28713e-15	3.20464
CLU	up	2	1.0	1.60092	4.81007e-10	3.20183
LTF	up	2	1.0	1.60026	1.35756e-09	3.20051
CA7	down	2	1.0	-1.59585	3.64237e-08	3.1917
PLCD1	down	2	1.0	-1.59439	2.54937e-07	3.18878
ADGRL2	up	2	1.0	1.59401	1.90788e-07	3.18801
INHBA	up	2	1.0	1.59286	6.51936e-14	3.18573
SLC16A4	up	2	1.0	1.58699	7.23188e-13	3.17399
ROBO1	up	2	1.0	1.58548	1.41656e-08	3.17097
METTL7B	down	2	1.0	-1.58528	5.68654e-07	3.17056
AQP7	down	2	1.0	-1.58375	1.98457e-14	3.16749
G0S2	up	2	1.0	1.5823	2.90776e-10	3.16461
LRRC31	down	2	1.0	-1.58162	1.48535e-11	3.16324
SUGCT	down	2	1.0	-1.58072	9.7285e-09	3.16143
VCAM1	up	2	1.0	1.57881	1.30572e-14	3.15761
SNX10	up	2	1.0	1.57722	1.18147e-07	3.15445
WNT5A	up	2	1.0	1.57518	1.76346e-14	3.15037
PTPRR	down	2	1.0	-1.57373	4.12025e-09	3.14745
AIM2	up	2	1.0	1.57347	2.23042e-08	3.14694
DYSF	up	2	1.0	1.57134	1.2819399999999998e-20	3.14268
GNA15	up	2	1.0	1.57072	1.37198e-16	3.14145
ELOVL5	up	2	1.0	1.56914	6.68421e-06	3.13828
ADH6	down	2	1.0	-1.56763	1.21289e-12	3.13525
SLC23A3	down	2	1.0	-1.56725	7.8023e-09	3.13451
EFNA1	down	2	1.0	-1.56717	1.68196e-05	3.13434
CYTIP	up	2	1.0	1.56696	1.1228e-07	3.13393
SLC11A1	up	2	1.0	1.56655	2.3235e-17	3.13309
ZG16	down	2	1.0	-1.5661	1.2142e-14	3.13221
SLC25A34	down	2	1.0	-1.56533	2.79567e-11	3.13067
TMEM171	down	2	1.0	-1.56467	2.04374e-17	3.12934
ISX	down	2	1.0	-1.56381	9.94569e-12	3.12763
PPARG	down	2	1.0	-1.56222	1.74777e-12	3.12443
UGT2B17	down	2	1.0	-1.56185	2.73854e-11	3.12371
MT1G	down	2	1.0	-1.56174	1.18847e-13	3.12348
LRRK2	up	2	1.0	1.56162	1.33505e-12	3.12324
RHOU	down	2	1.0	-1.55983	3.43332e-16	3.11965
MIER3	down	2	1.0	-1.55842	1.21634e-12	3.11685
PITPNC1	up	2	1.0	1.55773	8.384e-10	3.11546
GUCY1B3	up	2	1.0	1.55476	1.85002e-14	3.10952
SLAMF6	up	2	1.0	1.55282	2.55708e-09	3.10565
RGS2	up	2	1.0	1.55083	1.59257e-10	3.10166
HGF	up	2	1.0	1.55009	2.45848e-12	3.10017
ACKR4	up	2	1.0	1.54785	1.91879e-08	3.09569
FGR	up	2	1.0	1.5472	9.34847e-12	3.0944
SDR16C5	up	2	1.0	1.54605	6.29188e-09	3.09211
CSF2RB	up	2	1.0	1.54551	7.56233e-09	3.09103
USP2	down	2	1.0	-1.54358	1.87799e-06	3.08715
SCUBE2	down	2	1.0	-1.54336	3.20879e-17	3.08672
HLA-DQB2	up	2	1.0	1.5392	0.00133504	3.0784
LRP8	up	2	1.0	1.53814	3.21918e-14	3.07627
ACOX1	down	2	1.0	-1.53791	1.36582e-12	3.07582
AREG	up	2	1.0	1.53389	8.1808e-10	3.06778
CA2	down	2	1.0	-1.52923	4.53098e-12	3.05846
EGFL6	up	2	1.0	1.52921	1.1305e-15	3.05842
COL15A1	up	2	1.0	1.52816	9.10104e-24	3.05633
ALDOB	up	2	1.0	1.52801	2.35356e-06	3.05602
RAVER2	down	2	1.0	-1.52701	1.01619e-20	3.05402
SAMD9L	up	2	1.0	1.5236	8.77801e-10	3.04719
CNGA1	down	2	1.0	-1.52346	3.07726e-09	3.04691
LILRB2	up	2	1.0	1.52151	2.23028e-18	3.04302
PDZD3	down	2	1.0	-1.52109	5.06089e-14	3.04219
PTGDR	down	2	1.0	-1.52002	8.82827e-14	3.04004
EVI2B	up	2	1.0	1.51957	0.000153162	3.03913
CD93	up	2	1.0	1.51491	5.81454e-15	3.02982
GZMB	up	2	1.0	1.5148	1.93283e-11	3.02961
PPP2R3A	down	2	1.0	-1.50998	2.24429e-12	3.01997
TRIB2	up	2	1.0	1.5095	2.7589399999999998e-21	3.01899
RGS4	up	2	1.0	1.50899	2.77254e-13	3.01797
SULT1A2	down	2	1.0	-1.50855	1.06857e-12	3.01709
CCL3L3	up	2	1.0	1.50849	1.21835e-12	3.01698
FAM30A	up	2	1.0	1.50809	5.099e-13	3.01619
RAB31	up	2	1.0	1.50587	2.54919e-09	3.01173
CARD6	up	2	1.0	1.50575	9.03643e-12	3.01149
A1CF	down	2	1.0	-1.50128	3.11668e-17	3.00257
SLC19A3	down	2	1.0	-1.50104	6.74853e-09	3.00209
CD38	up	2	1.0	1.49999	2.41227e-10	2.99999
ARHGAP44	down	2	1.0	-1.49579	2.14858e-13	2.99158
CLDN2	up	2	1.0	1.49563	6.008819999999999e-20	2.99125
TSPAN7	down	2	1.0	-1.49504	1.92879e-13	2.99008
CD22	up	2	1.0	1.49422	8.99503e-09	2.98843
SRGN	up	2	1.0	1.49072	3.35636e-08	2.98145
PLA1A	up	2	1.0	1.48887	7.31697e-16	2.97774
HEG1	up	2	1.0	1.48868	8.7715e-11	2.97736
SERPINE1	up	2	1.0	1.48771	2.35222e-10	2.97541
FAM49A	up	2	1.0	1.48752	1.03719e-16	2.97505
NAALADL1	down	2	1.0	-1.48642	2.91038e-06	2.97283
TFF1	up	2	1.0	1.48606	1.88848e-05	2.97213
KLK6	up	2	1.0	1.48548	4.43996e-13	2.97095
GUCY1A3	up	2	1.0	1.48493	2.40175e-12	2.96986
PCOLCE	up	2	1.0	1.48491	2.61453e-12	2.96983
PP7080	down	2	1.0	-1.48406	3.82045e-07	2.96811
CTSE	up	2	1.0	1.48218	4.27108e-07	2.96436
EPHX2	down	2	1.0	-1.47653	7.13172e-30	2.95305
SLC4A4	down	2	1.0	-1.47606	8.54349e-22	2.95211
DUSP4	up	2	1.0	1.47521	1.75169e-22	2.95043
HLA-DMA	up	2	1.0	1.47508	3.8224e-07	2.95016
OLFM1	up	2	1.0	1.47423	2.86084e-19	2.94846
CCDC3	up	2	1.0	1.4736	1.8419e-12	2.9472
FAIM2	up	2	1.0	1.473	1.51059e-13	2.94599
GEM	up	2	1.0	1.47148	1.48625e-11	2.94296
ELK3	up	2	1.0	1.46908	1.2177e-16	2.93815
PLA2G2A	up	2	1.0	1.4655	2.73497e-05	2.931
CLCA1	down	2	1.0	-1.46547	2.5135e-07	2.93095
HLA-DRB5	up	2	1.0	1.46291	2.93414e-06	2.92581
HAVCR1	down	2	1.0	-1.46252	1.17033e-06	2.92503
CDC14A	down	2	1.0	-1.46122	4.21532e-10	2.92244
LDHD	down	2	1.0	-1.45973	3.77956e-14	2.91945
CHST11	up	2	1.0	1.45914	6.00977e-13	2.91829
TRIM29	up	2	1.0	1.45808	3.16284e-23	2.91616
FAM65B	up	2	1.0	1.45796	2.87293e-07	2.91591
SATB2	down	2	1.0	-1.45778	1.5650099999999999e-21	2.91557
EDN3	down	2	1.0	-1.45753	2.20148e-16	2.91506
MSN	up	2	1.0	1.45535	7.28463e-14	2.9107
EPB41L4B	down	2	1.0	-1.45137	1.31601e-22	2.90273
CYYR1	up	2	1.0	1.45107	6.099610000000001e-18	2.90213
SLC26A3	down	2	1.0	-1.44915	3.33089e-14	2.89831
PDK2	down	2	1.0	-1.44886	2.19977e-08	2.89772
CXCL2	up	2	1.0	1.44745	3.55542e-31	2.8949
CCL4	up	2	1.0	1.44697	6.75267e-17	2.89394
RAC2	up	2	1.0	1.4468	1.22335e-09	2.89361
CD80	up	2	1.0	1.44651	5.56287e-14	2.89301
FUT8	up	2	1.0	1.44545	3.64614e-12	2.8909
SLAMF7	up	2	1.0	1.44466	2.83005e-11	2.88931
HLA-DPA1	up	2	1.0	1.44447	0.00302671	2.88894
TINAG	down	2	1.0	-1.44116	1.8201e-13	2.88232
FIBIN	up	2	1.0	1.44055	1.47719e-12	2.88109
SPARCL1	up	2	1.0	1.43888	1.05484e-09	2.87777
ADAM19	up	2	1.0	1.43699	2.50419e-09	2.87398
KDELR3	up	2	1.0	1.43653	2.35031e-09	2.87306
CCNJL	down	2	1.0	-1.43571	1.05162e-12	2.87141
C2CD4A	up	2	1.0	1.43248	2.07676e-10	2.86496
THEMIS2	up	2	1.0	1.43212	4.68375e-14	2.86423
GCNT2	down	2	1.0	-1.43067	7.10263e-10	2.86135
GPX8	up	2	1.0	1.4271	2.40136e-09	2.8542
MAOA	down	2	1.0	-1.42606	2.2674099999999998e-25	2.85213
BCL6	up	2	1.0	1.42541	2.14858e-13	2.85082
KCND3	up	2	1.0	1.42423	1.0194e-15	2.84847
LCP1	up	2	1.0	1.42411	1.61587e-07	2.84822
CDH5	up	2	1.0	1.4231	1.1223e-18	2.8462
TFPI	up	2	1.0	1.42152	1.66463e-12	2.84304
RGCC	up	2	1.0	1.42106	1.0387e-10	2.84212
RHOJ	up	2	1.0	1.42041	1.49571e-14	2.84083
ITGB2	up	2	1.0	1.41756	9.65918e-10	2.83512
GLIPR1	up	2	1.0	1.41709	2.60064e-07	2.83417
INPP5J	down	2	1.0	-1.41615	3.02532e-08	2.8323
NID1	up	2	1.0	1.41607	2.21375e-08	2.83214
SEMA5A	down	2	1.0	-1.41563	2.14995e-15	2.83127
TACSTD2	up	2	1.0	1.41502	1.58976e-13	2.83004
KLHL6	up	2	1.0	1.41501	4.04313e-08	2.83003
CLYBL	down	2	1.0	-1.41427	7.10474e-17	2.82855
CXCR4	up	2	1.0	1.41419	4.44422e-09	2.82839
SLAMF1	up	2	1.0	1.41319	2.27674e-10	2.82639
PCDH17	up	2	1.0	1.41114	3.0136100000000004e-18	2.82228
CNKSR3	down	2	1.0	-1.40783	4.63163e-10	2.81567
PXMP2	down	2	1.0	-1.40732	7.04174e-13	2.81463
MYEOV	up	2	1.0	1.40712	2.91633e-08	2.81423
SLC9A2	down	2	1.0	-1.40688	1.81002e-26	2.81376
NAAA	down	2	1.0	-1.40685	1.3857500000000001e-18	2.8137
SPARC	up	2	1.0	1.40608	1.61833e-14	2.81216
PDPN	up	2	1.0	1.40475	4.33236e-19	2.80949
MMP2	up	2	1.0	1.40464	3.02593e-07	2.80928
MCOLN2	down	2	1.0	-1.40382	7.70533e-06	2.80764
CD37	up	2	1.0	1.40362	1.5531e-08	2.80725
GABRP	up	2	1.0	1.40315	3.25102e-19	2.80631
KCNN3	up	2	1.0	1.40268	5.66562e-19	2.80535
XPNPEP2	down	2	1.0	-1.40082	0.00023371	2.80165
SP140	up	2	1.0	1.40014	1.19708e-13	2.80028
CD53	up	2	1.0	1.39863	1.35802e-05	2.79726
CD69	up	2	1.0	1.39824	3.03112e-08	2.79647
PLEKHG6	down	2	1.0	-1.39763	2.04039e-10	2.79526
ADAMTS9	up	2	1.0	1.39744	7.19288e-24	2.79488
SAMSN1	up	2	1.0	1.3974	3.97821e-07	2.7948
FPR2	up	2	1.0	1.39736	2.47951e-19	2.79473
C8orf4	up	2	1.0	1.39571	2.49939e-08	2.79142
HCLS1	up	2	1.0	1.39299	4.58087e-10	2.78599
CCL11	up	2	1.0	1.39204	8.51916e-09	2.78408
MMP19	up	2	1.0	1.39184	3.1204e-17	2.78368
P2RY1	down	2	1.0	-1.38971	4.63121e-17	2.77942
CYP4F12	down	2	1.0	-1.38965	7.85124e-10	2.7793
BANK1	up	2	1.0	1.38824	5.55627e-10	2.77649
PI15	up	2	1.0	1.38635	2.45965e-05	2.7727
ME1	up	2	1.0	1.38631	2.79468e-05	2.77262
C1orf210	down	2	1.0	-1.38375	2.56366e-17	2.76751
STAT1	up	2	1.0	1.38348	5.47104e-14	2.76695
TGFBI	up	2	1.0	1.38284	3.22879e-14	2.76567
FCGR1CP	up	2	1.0	1.38156	2.56366e-17	2.76312
ETFDH	down	2	1.0	-1.38139	4.26328e-07	2.76278
MOGAT2	down	2	1.0	-1.38096	8.51533e-11	2.76191
GHR	down	2	1.0	-1.3787	0.0017087	2.75739
SOCS1	up	2	1.0	1.37861	1.13447e-16	2.75723
FYN	up	2	1.0	1.37823	1.76565e-13	2.75646
RAPGEFL1	down	2	1.0	-1.37695	2.4901e-15	2.75389
CHAD	down	2	1.0	-1.3763	1.21085e-06	2.75259
CASP4	up	2	1.0	1.37573	1.36387e-11	2.75146
HSD11B2	down	2	1.0	-1.37522	4.43115e-13	2.75044
PLCE1	down	2	1.0	-1.37459	1.5349199999999998e-20	2.74917
CCL21	up	2	1.0	1.37407	4.88738e-07	2.74815
KDR	up	2	1.0	1.3718	1.05031e-14	2.74359
ADAMTS2	up	2	1.0	1.37142	4.10297e-17	2.74284
IRF4	up	2	1.0	1.37121	5.81e-08	2.74241
C7orf31	down	2	1.0	-1.37071	2.13266e-09	2.74141
GLCCI1	up	2	1.0	1.3689	4.24335e-11	2.73781
FAM189A1	down	2	1.0	-1.36802	8.48668e-12	2.73604
SOD2	up	2	1.0	1.3674	7.43676e-20	2.73479
LILRB3	up	2	1.0	1.36691	8.348210000000001e-23	2.73382
TCF4	up	2	1.0	1.36439	1.10784e-11	2.72878
SCD	up	2	1.0	1.36361	4.6002e-07	2.72721
PDGFRB	up	2	1.0	1.36238	1.12014e-20	2.72475
LYN	up	2	1.0	1.36174	5.8e-12	2.72349
SLFN5	up	2	1.0	1.35907	2.02925e-14	2.71815
LIPC	down	2	1.0	-1.35816	1.29298e-05	2.71631
IFITM2	up	2	1.0	1.35783	9.06239e-09	2.71566
SETD9	down	2	1.0	-1.35689	3.72026e-06	2.71378
MTMR11	down	2	1.0	-1.35678	3.0186799999999998e-27	2.71357
KRT12	down	2	1.0	-1.35651	5.80967e-08	2.71303
MB	down	2	1.0	-1.35136	3.38509e-13	2.70272
GALNT12	down	2	1.0	-1.35116	4.37509e-13	2.70233
SLC28A3	up	2	1.0	1.35011	4.16419e-07	2.70021
CD44	up	2	1.0	1.34926	6.75179e-17	2.69851
NAT8B	down	2	1.0	-1.34802	1.64049e-08	2.69603
ICOS	up	2	1.0	1.34786	5.95206e-11	2.69571
TINCR	down	2	1.0	-1.34714	3.94502e-12	2.69429
BHLHE40	up	2	1.0	1.34706	1.82845e-07	2.69412
NFKBIZ	up	2	1.0	1.34671	4.76081e-08	2.69342
ACAT1	down	2	1.0	-1.34075	2.98502e-11	2.68149
THBD	up	2	1.0	1.3398	1.97866e-24	2.6796
ZC3H12A	up	2	1.0	1.33964	7.7954e-13	2.67929
CHST15	up	2	1.0	1.33833	1.31163e-08	2.67666
OSM	up	2	1.0	1.33797	1.86084e-11	2.67595
CDH11	up	2	1.0	1.3346	6.15972e-11	2.6692
BTNL8	down	2	1.0	-1.33451	2.27971e-05	2.66903
LY96	up	2	1.0	1.33447	0.000869888	2.66893
BACE2	up	2	1.0	1.33337	7.98186e-09	2.66674
ZBP1	up	2	1.0	1.332	1.5951e-17	2.664
ANK3	down	2	1.0	-1.33161	1.69602e-12	2.66322
CD27	up	2	1.0	1.33139	4.30973e-07	2.66278
SLC6A19	down	2	1.0	-1.32882	0.000381783	2.65765
PTGES	up	2	1.0	1.32795	3.25102e-19	2.65589
ALPL	up	2	1.0	1.32777	1.3136e-19	2.65554
AGPAT4	up	2	1.0	1.32744	6.65411e-10	2.65488
AIFM3	down	2	1.0	-1.32714	4.87835e-10	2.65428
MCAM	up	2	1.0	1.32693	5.19691e-12	2.65387
IL1R1	up	2	1.0	1.32672	6.30886e-08	2.65343
FGFR3	down	2	1.0	-1.32505	8.22412e-16	2.6501
CPXM1	up	2	1.0	1.32471	3.2869300000000003e-19	2.64942
EGR3	up	2	1.0	1.32183	1.74929e-12	2.64366
ASPHD2	up	2	1.0	1.32089	6.68834e-11	2.64177
CD34	up	2	1.0	1.32027	6.66921e-14	2.64054
SEC24D	up	2	1.0	1.31979	1.17031e-09	2.63958
IGLJ3	up	2	1.0	1.31933	1.05142e-05	2.63866
IGSF9	down	2	1.0	-1.31893	6.61811e-08	2.63785
PXDN	up	2	1.0	1.31841	5.2024e-12	2.63681
FCGR2C	up	2	1.0	1.31824	2.99542e-06	2.63648
CNTN4	down	2	1.0	-1.31773	1.18942e-13	2.63546
SRI	down	2	1.0	-1.31766	1.46173e-13	2.63531
ACADS	down	2	1.0	-1.31618	7.30806e-08	2.63237
AKR1B10	down	2	1.0	-1.31588	2.64893e-07	2.63177
TWIST1	up	2	1.0	1.31572	2.38656e-12	2.63144
EBF1	up	2	1.0	1.31544	8.5135e-14	2.63089
C2orf88	down	2	1.0	-1.31512	1.42777e-13	2.63023
DUOXA1	up	2	1.0	1.31441	8.60943e-19	2.62882
ANXA5	up	2	1.0	1.30827	4.96661e-06	2.61654
P2RY8	up	2	1.0	1.30757	3.84197e-09	2.61514
CADM1	up	2	1.0	1.30726	1.47441e-17	2.61451
ENG	up	2	1.0	1.3067	2.50565e-09	2.6134
MASP1	up	2	1.0	1.30646	7.56956e-15	2.61292
TM4SF18	up	2	1.0	1.3061	4.99959e-09	2.61219
IL2RA	up	2	1.0	1.30505	5.0153e-15	2.61009
VCAN	up	2	1.0	1.30386	4.40018e-11	2.60773
SLC6A6	up	2	1.0	1.30339	5.48867e-12	2.60678
LINC00483	down	2	1.0	-1.30207	7.28498e-11	2.60413
ANGPT2	up	2	1.0	1.30191	1.56137e-15	2.60382
TCL1A	up	2	1.0	1.30075	4.16261e-05	2.6015
DCN	up	2	1.0	1.29987	1.54534e-05	2.59973
ZNF704	down	2	1.0	-1.29876	8.22412e-16	2.59752
PRLR	down	2	1.0	-1.29839	1.35767e-06	2.59679
THRB	down	2	1.0	-1.29703	0.000326858	2.59407
WIPF1	up	2	1.0	1.29679	2.62787e-10	2.59359
FGF2	up	2	1.0	1.29468	9.74871e-11	2.58937
TFPI2	up	2	1.0	1.29392	4.07849e-09	2.58784
MTCL1	up	2	1.0	1.29309	2.08346e-07	2.58619
LILRA1	up	2	1.0	1.29156	4.27413e-13	2.58312
GSTA1	down	2	1.0	-1.2908	1.4894e-05	2.58159
PSAT1	up	2	1.0	1.29041	2.81818e-09	2.58082
LUM	up	2	1.0	1.29013	8.82958e-12	2.58025
PLA2G2D	up	2	1.0	1.28987	9.91645e-10	2.57974
PLA2G7	up	2	1.0	1.28942	8.10596e-06	2.57884
SAMD13	down	2	1.0	-1.28838	1.82056e-10	2.57677
G6PC	down	2	1.0	-1.28688	8.94442e-05	2.57376
IFI44	up	2	1.0	1.28681	1.58096e-11	2.57362
PRDM1	up	2	1.0	1.28639	4.04778e-16	2.57278
ACVR1C	down	2	1.0	-1.28567	2.05479e-15	2.57134
CHRDL2	up	2	1.0	1.28544	9.59708e-14	2.57089
RETSAT	down	2	1.0	-1.28024	1.87907e-07	2.56047
ELL2	up	2	1.0	1.27971	1.2888e-15	2.55942
CORO1A	up	2	1.0	1.27921	6.05161e-09	2.55841
CDC25B	up	2	1.0	1.2788	7.40698e-13	2.55761
PRR15	down	2	1.0	-1.27879	2.24811e-14	2.55757
SULF1	up	2	1.0	1.27834	1.06122e-12	2.55669
SLC36A1	down	2	1.0	-1.27825	3.88527e-11	2.55651
LHFP	up	2	1.0	1.27716	1.73008e-07	2.55431
CASP1	up	2	1.0	1.27553	1.68269e-09	2.55105
ARFGAP3	up	2	1.0	1.27541	4.3121e-07	2.55081
HPGD	down	2	1.0	-1.27538	7.97552e-09	2.55076
TMED6	down	2	1.0	-1.27493	1.71231e-06	2.54985
CHST2	up	2	1.0	1.27419	9.7975e-15	2.54837
APLNR	up	2	1.0	1.27391	1.88575e-13	2.54783
SLCO4A1	up	2	1.0	1.27189	8.37328e-15	2.54378
BTK	up	2	1.0	1.27145	8.85295e-11	2.5429
NRG1	up	2	1.0	1.27139	1.18216e-16	2.54278
PDK4	down	2	1.0	-1.26955	1.34517e-12	2.53911
AQP11	down	2	1.0	-1.26811	7.34317e-08	2.53622
PHYH	down	2	1.0	-1.2666	5.46785e-15	2.5332
COL5A2	up	2	1.0	1.26649	5.96437e-20	2.53298
GDPD2	down	2	1.0	-1.26608	3.19644e-09	2.53216
TMEM38B	down	2	1.0	-1.26487	5.25661e-11	2.52974
TMEM45A	up	2	1.0	1.26433	1.66273e-14	2.52866
CTSH	up	2	1.0	1.26404	1.18568e-09	2.52808
P2RY13	up	2	1.0	1.26362	1.7642e-05	2.52725
FOSB	up	2	1.0	1.26348	3.77182e-06	2.52696
CCL22	up	2	1.0	1.26342	4.80908e-13	2.52683
SOWAHA	down	2	1.0	-1.2628	2.5274800000000004e-18	2.5256
LAMC1	up	2	1.0	1.26278	8.29756e-11	2.52555
VSIG10	down	2	1.0	-1.26275	1.62361e-13	2.5255
PDCD4	down	2	1.0	-1.26171	4.19047e-14	2.52342
FAM20A	up	2	1.0	1.2617	4.17133e-17	2.5234
LRRN2	down	2	1.0	-1.26145	7.45742e-08	2.52291
SLC16A14	up	2	1.0	1.26029	5.48625e-07	2.52057
TMEM154	up	2	1.0	1.26024	2.20916e-09	2.52048
HHLA2	down	2	1.0	-1.25951	1.07036e-11	2.51903
PTP4A3	up	2	1.0	1.25843	9.03805e-14	2.51686
APOBEC3G	up	2	1.0	1.25833	1.33396e-08	2.51666
LILRA3	up	2	1.0	1.25733	7.17542e-14	2.51467
DDC	down	2	1.0	-1.2566	7.2203e-15	2.5132
CPT1A	down	2	1.0	-1.25587	4.17868e-15	2.51174
LAPTM5	up	2	1.0	1.25509	2.15936e-07	2.51017
CROT	down	2	1.0	-1.2547	4.39945e-06	2.50941
SEMA6A	down	2	1.0	-1.25238	1.02946e-15	2.50476
PDE4B	up	2	1.0	1.25142	4.0104e-16	2.50284
AGT	up	2	1.0	1.25049	6.39988e-16	2.50097
CCDC183	down	2	1.0	-1.24959	1.24314e-06	2.49917
ANO5	down	2	1.0	-1.24921	1.44599e-08	2.49843
GPX7	up	2	1.0	1.24864	5.16831e-07	2.49727
CALCRL	up	2	1.0	1.24816	1.89493e-08	2.49633
NXPE3	up	2	1.0	1.24761	7.64715e-10	2.49522
MX2	up	2	1.0	1.24747	1.84594e-08	2.49494
HSPB3	down	2	1.0	-1.24714	1.74105e-05	2.49428
FILIP1L	up	2	1.0	1.24674	8.7974e-09	2.49348
FADS2	up	2	1.0	1.24545	2.23439e-07	2.4909
FER1L4	up	2	1.0	1.24535	1.23213e-11	2.4907
ACPP	up	2	1.0	1.2448	5.31472e-08	2.4896
SLC37A2	down	2	1.0	-1.24407	0.0247131	2.48814
ITGAL	up	2	1.0	1.24395	9.82443e-09	2.48789
ARHGAP29	up	2	1.0	1.24362	7.37848e-08	2.48725
MEDAG	up	2	1.0	1.2434	1.72422e-10	2.48679
NAT2	down	2	1.0	-1.24339	3.30467e-10	2.48678
TMEM163	up	2	1.0	1.24287	1.2407e-17	2.48573
ANXA6	up	2	1.0	1.2407	2.33903e-13	2.4814
CD72	up	2	1.0	1.23957	6.58214e-13	2.47914
SLC43A3	up	2	1.0	1.23883	1.49977e-15	2.47767
LILRB1	up	2	1.0	1.23678	4.12885e-13	2.47356
FCGR2B	up	2	1.0	1.23658	1.87815e-06	2.47316
GPR176	up	2	1.0	1.23578	5.604e-14	2.47155
ART3	up	2	1.0	1.23529	1.04781e-17	2.47059
ETNK1	down	2	1.0	-1.2336	6.77162e-06	2.46719
MYO1D	down	2	1.0	-1.23251	1.23061e-17	2.46503
MCTP1	up	2	1.0	1.23114	1.79722e-06	2.46227
LIPG	up	2	1.0	1.23099	6.22584e-08	2.46198
IKZF3	up	2	1.0	1.22897	1.4966e-11	2.45794
CALU	up	2	1.0	1.22896	1.75347e-10	2.45792
CTHRC1	up	2	1.0	1.22895	7.60346e-09	2.4579
GIMAP4	up	2	1.0	1.22863	1.76593e-06	2.45725
SCNN1B	down	2	1.0	-1.22802	3.94138e-06	2.45604
SRPX2	up	2	1.0	1.22789	9.49732e-08	2.45578
HLA-DRB1	up	2	1.0	1.22767	2.86803e-06	2.45535
CCR6	up	2	1.0	1.22753	1.43163e-06	2.45507
CHN2	down	2	1.0	-1.22744	1.19248e-16	2.45488
PTGDS	up	2	1.0	1.22554	2.00748e-12	2.45107
RASSF5	up	2	1.0	1.22456	1.13447e-16	2.44911
SLA	up	2	1.0	1.22352	1.00683e-16	2.44704
KMO	up	2	1.0	1.22273	2.74495e-10	2.44545
CST7	up	2	1.0	1.22261	2.28166e-13	2.44522
ST8SIA4	up	2	1.0	1.22183	2.05354e-07	2.44366
MPP7	down	2	1.0	-1.22173	2.68472e-09	2.44346
LCP2	up	2	1.0	1.21886	1.10981e-13	2.43772
SH3PXD2B	up	2	1.0	1.21877	1.38402e-13	2.43755
PIK3R3	up	2	1.0	1.21672	3.55903e-12	2.43345
CIPC	down	2	1.0	-1.21519	2.02771e-14	2.43038
BICC1	up	2	1.0	1.21486	3.65708e-14	2.42972
XBP1	up	2	1.0	1.21443	1.956e-09	2.42886
GMFG	up	2	1.0	1.21416	1.3223e-07	2.42832
FKBP11	up	2	1.0	1.21326	6.29515e-12	2.42651
ADGRG6	up	2	1.0	1.21269	6.18687e-10	2.42537
ARHGDIB	up	2	1.0	1.21244	2.40981e-09	2.42487
OLFML2B	up	2	1.0	1.2106	9.3573e-23	2.42119
NIPAL1	down	2	1.0	-1.21057	3.56593e-12	2.42114
PARP9	up	2	1.0	1.21042	1.28971e-09	2.42084
PALMD	up	2	1.0	1.20991	6.57383e-15	2.41982
RFTN1	up	2	1.0	1.20944	1.92572e-09	2.41888
RASGRP1	up	2	1.0	1.2093	8.93827e-09	2.4186
CCR7	up	2	1.0	1.20906	8.9449e-08	2.41813
CMBL	down	2	1.0	-1.20856	2.7113600000000003e-18	2.41712
POU2AF1	up	2	1.0	1.20831	1.41305e-07	2.41662
RAB8B	up	2	1.0	1.208	1.5185e-07	2.416
SYTL2	down	2	1.0	-1.2077	4.01023e-08	2.4154
MUC1	up	2	1.0	1.20725	1.5175e-06	2.41451
RASSF2	up	2	1.0	1.20705	6.59847e-06	2.41411
F2R	up	2	1.0	1.2069	4.20132e-09	2.4138
CSGALNACT1	up	2	1.0	1.20643	1.45939e-11	2.41287
CYTH4	up	2	1.0	1.20572	2.86453e-12	2.41145
S100A7	up	2	1.0	1.20553	2.36241e-11	2.41106
ANKRD22	up	2	1.0	1.20518	3.09434e-06	2.41036
DENND5A	up	2	1.0	1.20513	1.87309e-13	2.41026
IRAK2	up	2	1.0	1.2048	2.6843e-13	2.40959
CLEC1A	up	2	1.0	1.20393	2.16731e-12	2.40786
TNFSF13B	up	2	1.0	1.2034	1.48597e-12	2.4068
TNFRSF11B	up	2	1.0	1.20265	3.44784e-12	2.40531
ENPP2	up	2	1.0	1.20184	2.44813e-06	2.40367
P2RY10	up	2	1.0	1.20182	1.20995e-08	2.40364
NXPE1	down	2	1.0	-1.20101	7.90889e-08	2.40203
NPY	down	2	1.0	-1.20064	6.02627e-06	2.40127
STX11	up	2	1.0	1.20063	2.32741e-09	2.40126
TAP2	up	2	1.0	1.19972	1.27833e-09	2.39944
BDH1	down	2	1.0	-1.1996	8.42026e-14	2.3992
GPR65	up	2	1.0	1.19928	1.39211e-05	2.39855
RNF152	down	2	1.0	-1.19893	6.90819e-07	2.39787
CCDC69	up	2	1.0	1.19842	2.4571e-10	2.39685
IFITM3	up	2	1.0	1.19834	1.08263e-09	2.39668
GFPT2	up	2	1.0	1.19825	3.23571e-10	2.3965
APPL2	down	2	1.0	-1.19673	1.27528e-15	2.39346
GPR160	down	2	1.0	-1.19606	1.81346e-07	2.39213
ADGRA3	down	2	1.0	-1.19565	4.14556e-12	2.39129
ADGRF1	up	2	1.0	1.19381	4.48669e-06	2.38762
PRR16	up	2	1.0	1.19344	9.29939e-12	2.38688
DERL3	up	2	1.0	1.19335	1.66353e-15	2.38671
CD83	up	2	1.0	1.19335	2.8568e-08	2.3867
CNTFR	down	2	1.0	-1.19326	3.56278e-05	2.38651
VIM	up	2	1.0	1.1931	2.41076e-14	2.38619
SEC14L1	up	2	1.0	1.19255	2.18605e-12	2.3851
LYZ	up	2	1.0	1.19148	8.81864e-05	2.38296
TSPAN11	up	2	1.0	1.19121	1.84736e-11	2.38241
CAV1	up	2	1.0	1.19095	1.62661e-07	2.38191
SNX30	down	2	1.0	-1.19028	9.14462e-14	2.38057
ATP23	down	2	1.0	-1.18988	1.06573e-11	2.37977
TNFAIP2	up	2	1.0	1.18961	1.78588e-10	2.37923
CEP170	up	2	1.0	1.18924	2.1689e-08	2.37847
HOXA2	down	2	1.0	-1.18877	2.6085900000000004e-18	2.37754
EMB	up	2	1.0	1.18874	2.41495e-06	2.37747
PRAC1	up	2	1.0	1.1885	0.0162246	2.37699
CYP3A4	down	2	1.0	-1.18725	0.000111971	2.3745
SLC2A14	up	2	1.0	1.18552	2.99704e-14	2.37103
MYO1A	down	2	1.0	-1.18535	2.74178e-18	2.37071
BASP1	up	2	1.0	1.18528	1.78347e-09	2.37056
MT1X	down	2	1.0	-1.18527	2.52358e-08	2.37054
NEDD4L	down	2	1.0	-1.1851	6.60931e-09	2.3702
ADIRF	down	2	1.0	-1.18403	1.63532e-11	2.36807
EYA2	down	2	1.0	-1.18361	2.4963e-05	2.36721
GIPC2	down	2	1.0	-1.18351	2.02432e-15	2.36702
CPA6	down	2	1.0	-1.18344	0.000814863	2.36688
TCEA3	down	2	1.0	-1.18282	3.11668e-17	2.36565
MOCS1	down	2	1.0	-1.18116	2.34126e-08	2.36232
ERO1A	up	2	1.0	1.18044	3.39783e-08	2.36089
OSBPL3	up	2	1.0	1.17827	5.604e-14	2.35655
CES3	down	2	1.0	-1.17782	4.7433e-16	2.35565
TM4SF1	up	2	1.0	1.1778	6.25935e-05	2.35559
KIRREL	up	2	1.0	1.17729	3.96147e-08	2.35459
STS	up	2	1.0	1.17725	1.55015e-13	2.35449
CD74	up	2	1.0	1.17369	6.55541e-08	2.34738
PSMB9	up	2	1.0	1.17356	1.80753e-06	2.34712
CEP128	up	2	1.0	1.17354	9.64604e-14	2.34708
SMOX	up	2	1.0	1.17223	1.68681e-13	2.34447
FMNL3	up	2	1.0	1.17071	3.22474e-10	2.34143
EPHA2	up	2	1.0	1.16958	7.92945e-08	2.33915
GLB1L2	down	2	1.0	-1.16958	0.00013707	2.33915
VSTM2A	down	2	1.0	-1.16923	7.88282e-08	2.33847
NCOA7	up	2	1.0	1.16725	6.62776e-10	2.3345
SEMA4D	up	2	1.0	1.16715	1.50032e-09	2.33429
RIPK2	up	2	1.0	1.16672	1.90121e-09	2.33344
HLA-DQA1	up	2	1.0	1.16666	0.00584524	2.33332
RSPO3	up	2	1.0	1.16506	9.44783e-13	2.33012
GPR84	up	2	1.0	1.1627	3.27399e-15	2.32539
YBX2	down	2	1.0	-1.16054	1.2104e-09	2.32109
SLC41A1	up	2	1.0	1.15952	1.13614e-09	2.31905
FLT1	up	2	1.0	1.15835	9.17128e-10	2.31671
CES2	down	2	1.0	-1.15824	1.79545e-15	2.31648
IFITM1	up	2	1.0	1.15823	3.61885e-07	2.31646
PSD3	down	2	1.0	-1.15778	1.07257e-07	2.31557
IFIT3	up	2	1.0	1.15617	3.31358e-10	2.31233
IFI44L	up	2	1.0	1.154	1.51167e-10	2.30799
PLK2	up	2	1.0	1.15374	1.05378e-07	2.30748
GLT1D1	up	2	1.0	1.15312	4.73902e-13	2.30624
RNF213	up	2	1.0	1.15218	2.34904e-17	2.30435
UNC5CL	up	2	1.0	1.15177	3.01767e-16	2.30353
ANO6	up	2	1.0	1.15159	7.19063e-06	2.30318
AHCYL2	down	2	1.0	-1.15141	3.6420399999999995e-20	2.30282
FXYD5	up	2	1.0	1.15026	2.88263e-09	2.30051
TDP2	down	2	1.0	-1.1488	2.8017099999999995e-20	2.2976
VIL1	down	2	1.0	-1.14826	8.004929999999999e-20	2.29651
S1PR1	up	2	1.0	1.14784	3.42334e-16	2.29568
ACKR1	up	2	1.0	1.14783	4.48893e-16	2.29567
LOX	up	2	1.0	1.14774	2.01167e-06	2.29547
STOM	up	2	1.0	1.14772	2.51003e-07	2.29544
ALDH1L2	up	2	1.0	1.14761	4.70403e-13	2.29522
CA4	down	2	1.0	-1.1474	6.62906e-10	2.2948
DOCK2	up	2	1.0	1.14734	3.77496e-07	2.29467
ADM	up	2	1.0	1.14696	6.5967e-13	2.29392
ARHGAP42	down	2	1.0	-1.14527	1.74033e-08	2.29054
ENPP3	down	2	1.0	-1.1439	3.03612e-10	2.2878
HRCT1	down	2	1.0	-1.14355	8.54591e-06	2.2871
LRRC75A	down	2	1.0	-1.14173	3.0136100000000004e-18	2.28346
SPNS2	up	2	1.0	1.14167	4.37819e-06	2.28333
C5AR1	up	2	1.0	1.14099	1.14224e-14	2.28198
TMTC1	up	2	1.0	1.14077	1.48597e-12	2.28154
ORAI2	up	2	1.0	1.14041	1.67e-09	2.28082
CLEC4A	up	2	1.0	1.14011	6.42031e-08	2.28022
ELMO1	up	2	1.0	1.13839	1.31726e-11	2.27678
CCR1	up	2	1.0	1.13765	1.63375e-06	2.2753
STAP2	down	2	1.0	-1.13758	1.97212e-13	2.27515
NCKAP1L	up	2	1.0	1.13743	3.43539e-08	2.27486
ICAM2	up	2	1.0	1.13742	2.84055e-11	2.27483
STAP1	up	2	1.0	1.13731	1.03519e-05	2.27461
CD19	up	2	1.0	1.13702	2.82187e-07	2.27405
IL10RA	up	2	1.0	1.13662	7.0205e-09	2.27325
CHPT1	down	2	1.0	-1.13634	2.33197e-12	2.27268
C1orf115	down	2	1.0	-1.13535	6.71928e-10	2.2707
HOXA5	down	2	1.0	-1.13527	8.0824e-09	2.27055
IGFBP7	up	2	1.0	1.13509	2.50738e-13	2.27018
DOCK8	up	2	1.0	1.13488	3.08289e-07	2.26977
TEX11	down	2	1.0	-1.13358	9.86315e-09	2.26716
AZGP1	up	2	1.0	1.13266	7.90889e-08	2.26532
USP30	down	2	1.0	-1.1323	1.82728e-13	2.2646
ALOX5	up	2	1.0	1.13117	3.04502e-09	2.26234
PCSK5	down	2	1.0	-1.13046	2.69116e-12	2.26091
SSTR1	down	2	1.0	-1.12959	1.97378e-09	2.25918
ASRGL1	up	2	1.0	1.12957	3.76047e-10	2.25915
SLC25A23	down	2	1.0	-1.12938	1.26099e-13	2.25875
ZBTB7C	down	2	1.0	-1.12845	1.55763e-11	2.2569
HSD11B1	up	2	1.0	1.12734	3.5628e-15	2.25469
GJC1	up	2	1.0	1.12607	5.34389e-11	2.25214
TEK	up	2	1.0	1.12536	1.31857e-13	2.25071
CYBB	up	2	1.0	1.12436	1.24143e-08	2.24872
CAPN9	down	2	1.0	-1.1242	4.25267e-06	2.2484
COL4A2	up	2	1.0	1.12412	3.20643e-19	2.24824
SLC17A9	up	2	1.0	1.12371	1.7402e-06	2.24743
ASAP1	up	2	1.0	1.12357	2.18661e-13	2.24714
ABAT	down	2	1.0	-1.12336	6.03856e-09	2.24671
PLAUR	up	2	1.0	1.12311	1.43489e-09	2.24621
BST2	up	2	1.0	1.12176	1.0615e-06	2.24353
SLC22A23	down	2	1.0	-1.12147	2.76811e-18	2.24295
APOL3	up	2	1.0	1.12144	3.26326e-12	2.24287
ARHGAP15	up	2	1.0	1.12105	4.55534e-10	2.24209
PEX11A	down	2	1.0	-1.12071	7.73394e-16	2.24143
DSE	up	2	1.0	1.11993	4.88623e-06	2.23987
SLC22A18AS	down	2	1.0	-1.11935	2.00377e-11	2.2387
FYB	up	2	1.0	1.11896	6.20266e-11	2.23793
TLR2	up	2	1.0	1.1189	3.25805e-12	2.23779
TMEM156	up	2	1.0	1.11834	1.02703e-10	2.23669
LANCL3	down	2	1.0	-1.11806	1.40581e-08	2.23612
FZD5	down	2	1.0	-1.11791	3.11668e-17	2.23583
CSGALNACT2	up	2	1.0	1.11786	2.17832e-09	2.23572
BNIP3	up	2	1.0	1.11771	3.93874e-11	2.23542
LPIN1	up	2	1.0	1.11735	2.91146e-15	2.23469
OSBPL1A	down	2	1.0	-1.11704	1.7692e-11	2.23407
CD28	up	2	1.0	1.11698	1.76415e-05	2.23396
FCER1G	up	2	1.0	1.11692	0.00044349	2.23384
TSPAN6	down	2	1.0	-1.11627	2.45514e-09	2.23255
CASP5	up	2	1.0	1.11599	1.08587e-07	2.23198
ZNF575	down	2	1.0	-1.1156	2.45337e-09	2.2312
SP110	up	2	1.0	1.11543	2.49805e-11	2.23086
PMP22	up	2	1.0	1.11537	1.90613e-07	2.23075
F3	up	2	1.0	1.1149	2.15047e-13	2.2298
DOK3	up	2	1.0	1.114	1.19627e-08	2.22801
GRHL1	up	2	1.0	1.11252	2.65209e-21	2.22504
IGDCC4	up	2	1.0	1.11199	4.37946e-14	2.22398
SH3BGRL2	down	2	1.0	-1.11179	1.41301e-14	2.22357
S100A11	up	2	1.0	1.11172	2.96755e-07	2.22343
FMNL1	up	2	1.0	1.11099	1.68634e-13	2.22199
CDX2	down	2	1.0	-1.11063	3.18754e-12	2.22126
CEBPB	up	2	1.0	1.10977	1.11354e-13	2.21954
ABCC13	down	2	1.0	-1.1097	5.593e-06	2.21939
SLC13A2	down	2	1.0	-1.10948	1.68852e-05	2.21896
SELPLG	up	2	1.0	1.10932	2.59328e-09	2.21864
FBXO16	up	2	1.0	1.109	3.47313e-07	2.218
HIF1A	up	2	1.0	1.10814	4.5923e-13	2.21629
APBB1IP	up	2	1.0	1.10806	8.22324e-07	2.21613
IGHA1	up	2	1.0	1.10649	0.000229066	2.21298
NHEJ1	down	2	1.0	-1.10554	1.33395e-09	2.21108
ENKUR	up	2	1.0	1.10541	3.97239e-10	2.21082
FCN3	up	2	1.0	1.10495	1.9867e-19	2.2099
KIAA0922	up	2	1.0	1.10474	1.28131e-08	2.20947
SGMS1	up	2	1.0	1.10424	2.70142e-05	2.20849
HPGDS	down	2	1.0	-1.1041	0.000404458	2.20819
TRABD2A	down	2	1.0	-1.10334	1.90104e-16	2.20668
SYT11	up	2	1.0	1.10315	3.3616e-12	2.2063
MB21D1	up	2	1.0	1.10245	5.07872e-13	2.20489
EHD3	up	2	1.0	1.10239	4.54726e-16	2.20478
PLCG2	up	2	1.0	1.10144	1.31439e-10	2.20288
SERPINF1	up	2	1.0	1.1014	6.71552e-06	2.20281
MLKL	up	2	1.0	1.10137	7.428989999999999e-20	2.20275
KCNK5	down	2	1.0	-1.10119	3.33347e-12	2.20238
GLT8D2	up	2	1.0	1.10001	1.54105e-08	2.20001
GPD1L	down	2	1.0	-1.09992	9.42485e-12	2.19983
SPON2	up	2	1.0	1.09969	7.7954e-13	2.19938
FERMT2	up	2	1.0	1.09921	1.06103e-09	2.19842
TNFRSF9	up	2	1.0	1.09895	2.34951e-11	2.19789
TGFB1	up	2	1.0	1.09882	6.33981e-10	2.19764
PAPLN	up	2	1.0	1.09875	8.92302e-12	2.1975
AKT3	up	2	1.0	1.09793	1.30874e-07	2.19585
RETNLB	down	2	1.0	-1.09787	0.00634277	2.19574
FXYD3	down	2	1.0	-1.0976	1.65316e-17	2.19519
INSC	up	2	1.0	1.09739	4.4416200000000006e-18	2.19479
ANKRD36BP2	up	2	1.0	1.09683	9.33883e-07	2.19365
CD86	up	2	1.0	1.09579	8.92707e-08	2.19157
TPK1	up	2	1.0	1.09572	1.62621e-11	2.19144
PANK1	down	2	1.0	-1.09435	9.22405e-11	2.1887
CCDC88A	up	2	1.0	1.09383	5.72271e-08	2.18765
LDB2	up	2	1.0	1.09379	1.84378e-09	2.18758
MCUB	up	2	1.0	1.09361	2.03267e-08	2.18722
IGSF6	up	2	1.0	1.09356	0.000411121	2.18711
SLC25A20	down	2	1.0	-1.09349	1.16047e-08	2.18698
SCN9A	down	2	1.0	-1.09247	1.45048e-08	2.18494
SACS	up	2	1.0	1.09206	5.84435e-07	2.18412
LEAP2	down	2	1.0	-1.09197	0.000105137	2.18394
PTPN13	up	2	1.0	1.09084	4.82328e-11	2.18168
PNOC	up	2	1.0	1.09041	1.66457e-09	2.18083
UBE2L6	up	2	1.0	1.08995	6.10323e-10	2.1799
LILRA2	up	2	1.0	1.08928	1.0194e-15	2.17856
SLC39A2	down	2	1.0	-1.08752	5.12135e-07	2.17505
SPRR1B	up	2	1.0	1.08606	9.61026e-10	2.17213
SPAG4	up	2	1.0	1.08583	8.41129e-12	2.17167
CA12	down	2	1.0	-1.08464	1.86877e-16	2.16928
FAM129A	up	2	1.0	1.0842	9.68763e-10	2.16841
GRAMD3	down	2	1.0	-1.08413	2.74576e-10	2.16825
IFI30	up	2	1.0	1.08342	3.0435e-08	2.16684
XAF1	up	2	1.0	1.08308	1.79857e-06	2.16615
SLC9B2	up	2	1.0	1.08267	3.11691e-07	2.16533
IYD	down	2	1.0	-1.08264	1.20107e-14	2.16528
ETS1	up	2	1.0	1.08247	1.78588e-10	2.16494
HBEGF	up	2	1.0	1.08213	0.000138868	2.16426
FKBP10	up	2	1.0	1.082	3.73679e-09	2.164
ZG16B	up	2	1.0	1.08083	1.36072e-07	2.16165
FAM213A	down	2	1.0	-1.07839	1.71344e-11	2.15678
TNFSF8	up	2	1.0	1.07838	2.39977e-16	2.15677
ACSL1	up	2	1.0	1.07838	1.48828e-07	2.15676
MAGI1	down	2	1.0	-1.07775	1.30969e-11	2.1555
CH25H	up	2	1.0	1.07676	3.22075e-09	2.15352
PPP1R36	down	2	1.0	-1.07648	5.35397e-10	2.15296
COL14A1	up	2	1.0	1.07575	5.62212e-13	2.15151
HNF1B	down	2	1.0	-1.07482	1.91334e-16	2.14965
LILRB4	up	2	1.0	1.07438	1.56773e-13	2.14876
ARL4C	up	2	1.0	1.07361	3.36638e-10	2.14723
COBL	down	2	1.0	-1.07334	3.5064e-13	2.14667
TLR10	up	2	1.0	1.07228	1.89833e-08	2.14456
OTC	down	2	1.0	-1.07224	4.22437e-05	2.14447
XK	down	2	1.0	-1.07211	7.45194e-12	2.14423
PRKCB	up	2	1.0	1.07198	1.30806e-09	2.14395
TFAP2C	up	2	1.0	1.07181	3.63095e-09	2.14361
SEMA4A	up	2	1.0	1.07162	1.1067e-08	2.14325
TSPAN18	up	2	1.0	1.0715	6.38855e-11	2.143
LSAMP	up	2	1.0	1.07084	3.10508e-19	2.14168
EDN1	down	2	1.0	-1.07024	2.79875e-06	2.14049
CDHR5	down	2	1.0	-1.06968	1.23062e-11	2.13936
DDIT4	up	2	1.0	1.06809	4.5487e-06	2.13618
ARHGAP25	up	2	1.0	1.0674	5.05654e-11	2.1348
SLC1A1	down	2	1.0	-1.06732	1.74105e-05	2.13464
ACADM	down	2	1.0	-1.06721	1.31121e-06	2.13443
DKK1	up	2	1.0	1.0672	8.67917e-11	2.13441
MUC5B	up	2	1.0	1.06658	0.000205616	2.13316
ADGRG3	up	2	1.0	1.06637	1.76828e-15	2.13275
KLK1	down	2	1.0	-1.0655	1.91275e-10	2.13101
SLC16A6	up	2	1.0	1.06351	6.53127e-11	2.12702
RMND5A	down	2	1.0	-1.06326	1.18672e-19	2.12653
ME3	down	2	1.0	-1.06194	2.32091e-09	2.12388
CCDC80	up	2	1.0	1.06149	8.11588e-12	2.12297
IFNAR2	up	2	1.0	1.06137	1.0038e-09	2.12275
IRS1	up	2	1.0	1.06133	4.48797e-05	2.12265
FSIP2	down	2	1.0	-1.0609	4.58251e-05	2.1218
RNF128	down	2	1.0	-1.06074	3.19443e-12	2.12148
ARHGEF37	down	2	1.0	-1.06036	4.12106e-08	2.12072
CD82	up	2	1.0	1.06013	3.21593e-11	2.12027
TBXAS1	up	2	1.0	1.05997	5.02868e-10	2.11994
HOXA6	down	2	1.0	-1.05974	7.39251e-09	2.11948
KLK7	up	2	1.0	1.05936	1.93048e-09	2.11872
FGF7	up	2	1.0	1.05924	1.33372e-09	2.11847
PTPRF	down	2	1.0	-1.05913	1.42183e-14	2.11826
TMEM220	down	2	1.0	-1.05819	2.93711e-06	2.11638
GRAMD1C	down	2	1.0	-1.05754	1.26464e-08	2.11509
TMCC3	down	2	1.0	-1.05743	2.7392e-11	2.11486
RNF157	down	2	1.0	-1.05743	3.92935e-05	2.11486
HNF4G	down	2	1.0	-1.05725	2.7947e-08	2.11451
SLC4A11	up	2	1.0	1.05694	1.3688e-13	2.11388
CLEC5A	up	2	1.0	1.05677	1.00683e-16	2.11355
RASGRP3	up	2	1.0	1.05673	4.62132e-05	2.11345
PODXL	up	2	1.0	1.05624	5.43597e-08	2.11248
ASB13	down	2	1.0	-1.05617	8.62704e-09	2.11233
TRIM36	down	2	1.0	-1.05597	9.59064e-11	2.11193
MAST2	down	2	1.0	-1.05585	2.4198e-10	2.1117
HLA-DQB1	up	2	1.0	1.05553	3.49333e-05	2.11107
SERF1B	down	2	1.0	-1.05514	1.11479e-10	2.11028
MUC20	down	2	1.0	-1.05341	5.52155e-09	2.10682
CFP	up	2	1.0	1.05322	1.94247e-11	2.10643
PAG1	down	2	1.0	-1.05318	3.82983e-07	2.10636
PEA15	up	2	1.0	1.05234	4.34193e-14	2.10469
INPP5D	up	2	1.0	1.05232	2.88137e-09	2.10464
COL3A1	up	2	1.0	1.05182	2.61453e-12	2.10364
DEPDC7	down	2	1.0	-1.05099	2.24637e-08	2.10199
PREX1	up	2	1.0	1.04995	5.85947e-11	2.0999
CLCN2	down	2	1.0	-1.04957	2.0081e-08	2.09913
TLR1	up	2	1.0	1.04948	4.9575e-05	2.09896
AHNAK2	up	2	1.0	1.04936	8.61758e-11	2.09871
NETO2	down	2	1.0	-1.04921	3.31298e-05	2.09842
NUDT7	down	2	1.0	-1.04899	2.63115e-08	2.09799
CECR1	up	2	1.0	1.04865	0.000138998	2.0973
SLC20A2	down	2	1.0	-1.04763	1.2136e-09	2.09525
PTPRM	up	2	1.0	1.04751	2.24538e-08	2.09501
ERBB3	down	2	1.0	-1.04676	1.92781e-09	2.09351
HLA-DQA2	up	2	1.0	1.04651	0.0148874	2.09301
RBKS	down	2	1.0	-1.04597	2.30372e-10	2.09194
PLEKHS1	up	2	1.0	1.04554	2.68898e-08	2.09107
CREB3L2	up	2	1.0	1.04517	2.55053e-07	2.09034
ACSS2	down	2	1.0	-1.04466	3.29445e-14	2.08932
SASH3	up	2	1.0	1.04458	1.12294e-10	2.08916
NOTCH3	up	2	1.0	1.04455	2.23639e-14	2.08909
FN1	up	2	1.0	1.04446	0.000225768	2.08893
KCNA3	up	2	1.0	1.04425	7.52453e-08	2.08851
HIGD1A	down	2	1.0	-1.04406	2.28456e-13	2.08811
IL18R1	up	2	1.0	1.04349	1.06754e-08	2.08698
EML1	up	2	1.0	1.04315	1.25106e-09	2.08631
RILPL2	up	2	1.0	1.04293	1.56688e-10	2.08585
PTPN7	up	2	1.0	1.04286	8.30444e-08	2.08572
MARVELD3	down	2	1.0	-1.04226	1.05802e-10	2.08452
RPS6KA2	up	2	1.0	1.04121	6.81974e-09	2.08241
CIITA	up	2	1.0	1.04037	2.91586e-08	2.08074
CD40	up	2	1.0	1.04012	5.42303e-23	2.08024
SEPT6	up	2	1.0	1.03994	1.71255e-12	2.07988
PLXNC1	up	2	1.0	1.03955	1.29117e-05	2.0791
CDK14	up	2	1.0	1.03845	1.64159e-09	2.0769
TST	down	2	1.0	-1.0383	1.96707e-15	2.0766
MT1E	down	2	1.0	-1.03824	9.47745e-14	2.07648
NHSL1	down	2	1.0	-1.03801	1.24041e-16	2.07603
ADAM12	up	2	1.0	1.03727	4.69219e-11	2.07454
TSC22D3	up	2	1.0	1.03716	7.51163e-13	2.07433
STRADB	down	2	1.0	-1.03571	1.30634e-14	2.07142
VGLL3	up	2	1.0	1.03554	2.20593e-08	2.07108
PLCD3	down	2	1.0	-1.03548	3.40911e-14	2.07097
GPR39	down	2	1.0	-1.0352	1.4492e-09	2.07039
PAX5	up	2	1.0	1.03467	7.84913e-06	2.06933
FAM162A	down	2	1.0	-1.0341	3.19443e-12	2.06819
CNNM4	down	2	1.0	-1.03389	2.4571e-10	2.06778
PTGR1	down	2	1.0	-1.0338	7.85052e-06	2.0676
ATP11A	up	2	1.0	1.03368	2.87352e-11	2.06736
ARID5A	up	2	1.0	1.03356	1.18309e-13	2.06712
SERPINE2	up	2	1.0	1.03266	1.26276e-07	2.06533
C10orf99	down	2	1.0	-1.03216	5.57865e-09	2.06431
IL18RAP	up	2	1.0	1.03039	1.78988e-09	2.06078
PMEPA1	up	2	1.0	1.02828	1.26423e-14	2.05655
QKI	up	2	1.0	1.0274	4.43952e-08	2.05481
RAMP2	up	2	1.0	1.02708	6.47306e-14	2.05416
PRR26	down	2	1.0	-1.02693	2.00243e-15	2.05385
ATP8B2	up	2	1.0	1.02659	4.95098e-07	2.05318
GNLY	up	2	1.0	1.02657	2.09973e-05	2.05315
SLC5A1	up	2	1.0	1.02644	3.80159e-07	2.05288
ITGA2	up	2	1.0	1.02615	5.28362e-15	2.05229
ARHGEF6	up	2	1.0	1.02559	1.82052e-10	2.05118
COL8A1	up	2	1.0	1.02546	1.37547e-13	2.05091
PALM2-AKAP2	up	2	1.0	1.02523	2.94928e-14	2.05047
BTN3A3	up	2	1.0	1.0252	3.3261e-11	2.0504
DISP2	down	2	1.0	-1.02386	2.11664e-05	2.04773
ITK	up	2	1.0	1.02304	9.37247e-08	2.04608
SLAMF8	up	2	1.0	1.02235	1.00925e-08	2.0447
PLVAP	up	2	1.0	1.02162	8.19681e-10	2.04324
EAF2	up	2	1.0	1.0213	1.32651e-06	2.0426
FAM46C	up	2	1.0	1.02118	2.62834e-06	2.04236
DNAJB9	up	2	1.0	1.02053	1.65171e-08	2.04106
FBXO6	up	2	1.0	1.02035	4.98877e-07	2.0407
ARHGEF3	up	2	1.0	1.01833	1.35403e-08	2.03667
RRM2	up	2	1.0	1.0181	2.3254e-06	2.0362
F5	up	2	1.0	1.01784	8.52553e-15	2.03569
BCAT1	up	2	1.0	1.01769	1.06428e-11	2.03538
CDK20	down	2	1.0	-1.01747	2.92783e-09	2.03495
CD1C	up	2	1.0	1.01725	8.47329e-06	2.03451
IKBIP	up	2	1.0	1.01635	3.34853e-12	2.03269
TLN2	down	2	1.0	-1.01532	1.11371e-08	2.03064
CD2	up	2	1.0	1.01345	1.1803e-07	2.02689
LEF1	up	2	1.0	1.01339	1.66187e-09	2.02679
GNA11	down	2	1.0	-1.0127	8.70471e-12	2.02541
ATM	up	2	1.0	1.01218	1.23417e-06	2.02436
PARVG	up	2	1.0	1.01189	1.7252e-11	2.02379
OPN3	down	2	1.0	-1.01181	1.43253e-09	2.02361
HSPA13	up	2	1.0	1.01177	3.7474e-08	2.02354
ADH1A	down	2	1.0	-1.01157	5.6073e-10	2.02315
FOXQ1	up	2	1.0	1.01085	1.58369e-09	2.0217
EMP3	up	2	1.0	1.01081	5.43354e-07	2.02161
NIPSNAP3A	down	2	1.0	-1.01067	8.7726e-12	2.02134
NRCAM	up	2	1.0	1.01022	1.8386e-10	2.02043
FAHD1	down	2	1.0	-1.01002	4.4429300000000004e-18	2.02004
EPB41L5	down	2	1.0	-1.00966	2.62224e-12	2.01931
HECW2	up	2	1.0	1.0092	4.37509e-13	2.0184
LPGAT1	up	2	1.0	1.00894	4.33341e-09	2.01789
SLC22A4	down	2	1.0	-1.00833	1.6213e-05	2.01666
NMUR2	up	2	1.0	1.00807	3.26837e-12	2.01615
CPEB4	up	2	1.0	1.00747	2.67312e-14	2.01493
CLCA4	down	2	1.0	-1.00717	5.87037e-06	2.01434
SMPDL3A	down	2	1.0	-1.0071	3.88477e-09	2.0142
IMPA2	down	2	1.0	-1.00626	2.18713e-18	2.01252
TMEM173	up	2	1.0	1.00575	5.1211e-10	2.01149
CLEC7A	up	2	1.0	1.00435	8.96252e-11	2.0087
PACS1	up	2	1.0	1.00434	1.69386e-05	2.00869
NR3C2	down	2	1.0	-1.00404	6.01691e-13	2.00808
TIE1	up	2	1.0	1.00341	1.0257e-13	2.00683
NCF4	up	2	1.0	1.00253	8.8224e-08	2.00507
PAPPA	up	2	1.0	1.00235	8.58884e-16	2.0047
CYP2J2	down	2	1.0	-1.00188	6.27042e-15	2.00375
PTAFR	up	2	1.0	1.00067	1.81813e-14	2.00133
FFAR2	up	2	1.0	1.00041	1.09731e-15	2.00081
KLF7	up	2	1.0	0.999829	3.64174e-11	1.99966
TMEM71	up	2	1.0	0.999286	4.58219e-11	1.99857
HNF4A	down	2	1.0	-0.998756	1.36236e-18	1.99751
APOL2	up	2	1.0	0.99783	1.10069e-12	1.99566
AEBP1	up	2	1.0	0.997387	2.07628e-11	1.99477
FOXP2	down	2	1.0	-0.996829	2.43585e-09	1.99366
KCNJ8	up	2	1.0	0.996698	1.79912e-18	1.9934
ST3GAL4	up	2	1.0	0.996239	0.0051121	1.99248
EOMES	up	2	1.0	0.99564	8.06227e-16	1.99128
BSG	down	2	1.0	-0.995598	1.86094e-05	1.9912
RND1	up	2	1.0	0.995094	9.79562e-07	1.99019
DDR2	up	2	1.0	0.994999	5.22626e-10	1.99
HIP1	up	2	1.0	0.994958	2.17209e-14	1.98992
COL6A1	up	2	1.0	0.994654	2.33149e-11	1.98931
HLA-DPB1	up	2	1.0	0.994142	0.000858167	1.98828
FAM171B	up	2	1.0	0.994131	1.78388e-07	1.98826
ANKH	down	2	1.0	-0.993822	1.06017e-12	1.98764
DOCK11	up	2	1.0	0.993605	2.77306e-08	1.98721
SNX20	up	2	1.0	0.993455	7.15207e-11	1.98691
ADAMTS12	up	2	1.0	0.993243	2.07721e-13	1.98649
IGSF3	down	2	1.0	-0.993148	1.75491e-11	1.9863
GBP2	up	2	1.0	0.993123	3.32712e-14	1.98625
CXorf36	up	2	1.0	0.992389	2.94617e-21	1.98478
PLXND1	up	2	1.0	0.991704	5.79723e-12	1.98341
PDE3A	down	2	1.0	-0.990807	4.72557e-11	1.98161
ARHGAP30	up	2	1.0	0.990681	3.25884e-09	1.98136
SPOCK2	up	2	1.0	0.990431	1.2494e-09	1.98086
TAP1	up	2	1.0	0.989627	9.45445e-10	1.97925
PARP14	up	2	1.0	0.988891	1.91399e-08	1.97778
MAP4K1	up	2	1.0	0.988395	1.77532e-08	1.97679
VLDLR-AS1	down	2	1.0	-0.988297	1.59815e-05	1.97659
FABP2	down	2	1.0	-0.987139	1.27809e-06	1.97428
PDE8A	down	2	1.0	-0.987025	4.36931e-11	1.97405
HOXA3	down	2	1.0	-0.986627	2.83431e-11	1.97325
TPRG1	up	2	1.0	0.986506	2.39426e-13	1.97301
ANXA3	up	2	1.0	0.986343	1.01027e-06	1.97269
PPP1R14C	down	2	1.0	-0.986087	7.28846e-10	1.97217
CXCL17	up	2	1.0	0.985735	3.84944e-17	1.97147
ABCA8	down	2	1.0	-0.985417	4.84516e-10	1.97083
CYP4X1	up	2	1.0	0.985264	1.20534e-15	1.97053
SHCBP1	up	2	1.0	0.984075	7.76031e-11	1.96815
JAK2	up	2	1.0	0.9826	1.20063e-10	1.9652
LOC285097	down	2	1.0	-0.982463	4.08841e-06	1.96493
NR1I2	down	2	1.0	-0.982444	1.61281e-13	1.96489
ZNF57	down	2	1.0	-0.982232	3.35817e-15	1.96446
SLPI	up	2	1.0	0.982093	0.000240885	1.96419
CYP7B1	up	2	1.0	0.982026	6.51508e-11	1.96405
IQGAP2	down	2	1.0	-0.982014	7.85051e-10	1.96403
LYPD6B	up	2	1.0	0.981626	2.50332e-06	1.96325
ACVR2A	down	2	1.0	-0.981227	6.49271e-11	1.96245
SLC1A3	up	2	1.0	0.981149	1.1961e-11	1.9623
MIR4435-2HG	up	2	1.0	0.978682	5.46705e-10	1.95736
PGAP3	down	2	1.0	-0.978274	9.28773e-09	1.95655
STXBP1	up	2	1.0	0.977607	0.000105396	1.95521
CLIC2	up	2	1.0	0.976202	3.92726e-06	1.9524
FAM126A	up	2	1.0	0.975788	1.66318e-07	1.95158
OVOL1	down	2	1.0	-0.975729	1.23305e-16	1.95146
CD79B	up	2	1.0	0.975453	1.73746e-07	1.95091
IRF1	up	2	1.0	0.975302	1.25538e-09	1.9506
TNFRSF1B	up	2	1.0	0.975267	2.66297e-14	1.95053
IL21R	up	2	1.0	0.9749	1.85015e-15	1.9498
MYO1F	up	2	1.0	0.9739	4.52311e-10	1.9478
LAMA4	up	2	1.0	0.973875	7.66132e-08	1.94775
LDLRAD3	up	2	1.0	0.973117	2.2799800000000003e-18	1.94623
CHRNA1	down	2	1.0	-0.973101	1.21096e-05	1.9462
NR5A2	down	2	1.0	-0.972968	6.39988e-16	1.94594
CENPV	down	2	1.0	-0.97277	8.16348e-19	1.94554
PRDM10	down	2	1.0	-0.972586	3.77212e-12	1.94517
COL6A2	up	2	1.0	0.972187	1.02276e-12	1.94437
MAB21L3	down	2	1.0	-0.97195	8.7576e-07	1.9439
CFTR	down	2	1.0	-0.971483	2.54487e-12	1.94297
DPYSL3	up	2	1.0	0.971235	2.17046e-13	1.94247
TRAF1	up	2	1.0	0.971153	2.45538e-09	1.94231
FAM65C	up	2	1.0	0.971039	2.32396e-13	1.94208
GPR4	up	2	1.0	0.969661	1.99508e-13	1.93932
GPRC5B	up	2	1.0	0.969263	4.5865e-08	1.93853
PECAM1	up	2	1.0	0.968057	3.96349e-17	1.93611
CPT2	down	2	1.0	-0.96795	4.4312e-13	1.9359
PGM2L1	up	2	1.0	0.966781	2.06388e-06	1.93356
UCP2	up	2	1.0	0.966767	3.00157e-06	1.93353
KRT7	up	2	1.0	0.966238	1.34296e-12	1.93248
MAFF	up	2	1.0	0.96616	1.52886e-07	1.93232
FCN1	up	2	1.0	0.965921	7.73394e-16	1.93184
ABCB11	down	2	1.0	-0.965852	5.6202e-05	1.9317
FCRL3	up	2	1.0	0.964983	2.02836e-11	1.92997
MAMDC2	down	2	1.0	-0.963996	1.44966e-05	1.92799
RHOQ	up	2	1.0	0.963844	5.28968e-08	1.92769
ACSM3	down	2	1.0	-0.963691	7.30137e-13	1.92738
TSHZ2	up	2	1.0	0.962895	3.68643e-11	1.92579
TGFB3	up	2	1.0	0.962528	5.49676e-10	1.92506
LGALS1	up	2	1.0	0.962508	4.36058e-06	1.92502
BTG2	up	2	1.0	0.962023	1.25948e-15	1.92405
TTC9	up	2	1.0	0.961987	6.4611099999999994e-21	1.92397
ZFPM2	up	2	1.0	0.961796	1.09522e-08	1.92359
BHLHA15	up	2	1.0	0.961685	2.65777e-11	1.92337
CFHR1	up	2	1.0	0.961345	6.47252e-08	1.92269
ITPR1	up	2	1.0	0.961339	1.17613e-09	1.92268
ACOT8	down	2	1.0	-0.961094	3.50899e-07	1.92219
GVINP1	up	2	1.0	0.96101	5.98579e-07	1.92202
SULT1A1	down	2	1.0	-0.960899	9.85472e-11	1.9218
NMT2	down	2	1.0	-0.960775	1.59277e-11	1.92155
TM4SF5	down	2	1.0	-0.960627	7.62886e-09	1.92125
GIMAP7	up	2	1.0	0.960524	8.0847e-08	1.92105
CRYL1	down	2	1.0	-0.960278	9.06239e-09	1.92056
CMTM7	up	2	1.0	0.960093	2.32515e-06	1.92019
CTGF	up	2	1.0	0.959984	1.01823e-07	1.91997
C2CD4B	up	2	1.0	0.959946	5.19113e-09	1.91989
NOD2	up	2	1.0	0.958592	8.57254e-15	1.91718
SELM	up	2	1.0	0.958544	7.65671e-10	1.91709
INSL5	up	2	1.0	0.958445	0.0036095	1.91689
MGAT4A	down	2	1.0	-0.958002	1.73773e-12	1.916
WISP1	up	2	1.0	0.957542	1.61202e-17	1.91508
AKAP1	down	2	1.0	-0.957151	1.11468e-23	1.9143
CYP27A1	down	2	1.0	-0.956578	2.11066e-07	1.91316
TLR4	up	2	1.0	0.956376	2.67641e-05	1.91275
LAIR2	up	2	1.0	0.95634	1.11191e-07	1.91268
PPP1R16B	up	2	1.0	0.955865	3.82885e-12	1.91173
LBH	up	2	1.0	0.955461	3.42267e-09	1.91092
DQX1	down	2	1.0	-0.95543	4.28415e-10	1.91086
RASIP1	up	2	1.0	0.955018	1.96638e-08	1.91004
HLA-DMB	up	2	1.0	0.95465	0.000202217	1.9093
PLXNA2	down	2	1.0	-0.954538	2.65777e-11	1.90908
GAS1	up	2	1.0	0.954303	3.37879e-08	1.90861
HHEX	up	2	1.0	0.95399	3.56391e-12	1.90798
HS3ST3B1	up	2	1.0	0.953644	1.12817e-08	1.90729
ST3GAL5	up	2	1.0	0.95311	1.44806e-12	1.90622
ISG20	up	2	1.0	0.952074	3.78971e-09	1.90415
PRR5L	down	2	1.0	-0.952041	2.41028e-09	1.90408
ZNF91	down	2	1.0	-0.952014	3.11101e-06	1.90403
GNB4	up	2	1.0	0.951962	1.70966e-08	1.90392
GLRA2	down	2	1.0	-0.951921	0.00100881	1.90384
CRELD2	up	2	1.0	0.951892	1.4875400000000001e-18	1.90378
FNIP2	down	2	1.0	-0.951607	2.89e-07	1.90321
NUCB2	up	2	1.0	0.951289	2.79971e-06	1.90258
CLEC4D	up	2	1.0	0.951168	2.04587e-10	1.90234
CHAC1	up	2	1.0	0.951161	2.00748e-12	1.90232
ALPK2	up	2	1.0	0.9511	1.41621e-12	1.9022
CCL24	up	2	1.0	0.951026	0.000200592	1.90205
ADAM9	up	2	1.0	0.950991	7.98132e-07	1.90198
CSF2RA	up	2	1.0	0.950895	2.62361e-06	1.90179
SIRPB1	up	2	1.0	0.950854	1.27147e-11	1.90171
ACOX2	down	2	1.0	-0.950605	5.35016e-09	1.90121
TM4SF20	up	2	1.0	0.95046	0.00327636	1.90092
VAV1	up	2	1.0	0.948642	4.64087e-15	1.89728
MTM1	down	2	1.0	-0.948309	2.74903e-10	1.89662
RBP2	down	2	1.0	-0.948166	4.71751e-06	1.89633
GNG11	up	2	1.0	0.947326	9.19892e-07	1.89465
GUCY2C	down	2	1.0	-0.946538	4.50601e-11	1.89308
CPA3	up	2	1.0	0.946373	0.000676738	1.89275
TLR8	up	2	1.0	0.945484	9.68155e-07	1.89097
EHHADH	down	2	1.0	-0.945219	2.27354e-06	1.89044
PLS3	up	2	1.0	0.944389	2.95801e-08	1.88878
ISLR	up	2	1.0	0.944257	4.6635e-07	1.88851
IL11	up	2	1.0	0.944243	7.28266e-09	1.88849
MXI1	down	2	1.0	-0.944008	5.19113e-09	1.88802
ENC1	up	2	1.0	0.942827	8.21304e-09	1.88565
PRKCDBP	up	2	1.0	0.941922	9.75007e-12	1.88384
CAV2	up	2	1.0	0.941275	6.99313e-07	1.88255
CD52	up	2	1.0	0.941078	9.35584e-05	1.88216
SH3BP5	up	2	1.0	0.940638	5.85817e-16	1.88128
TNFAIP8	up	2	1.0	0.94057	2.81235e-09	1.88114
RBMS1	up	2	1.0	0.939481	3.32418e-14	1.87896
ACAA2	down	2	1.0	-0.939334	4.81817e-12	1.87867
ASS1	up	2	1.0	0.939291	1.97464e-11	1.87858
CEBPD	up	2	1.0	0.938957	1.52426e-09	1.87791
MMP28	down	2	1.0	-0.938935	1.12772e-05	1.87787
SPATS2	up	2	1.0	0.937939	1.91254e-10	1.87588
ARHGAP9	up	2	1.0	0.937923	7.74538e-11	1.87585
EFNA5	down	2	1.0	-0.937475	1.00035e-13	1.87495
DEPTOR	down	2	1.0	-0.937191	1.19086e-07	1.87438
LTBP2	up	2	1.0	0.936577	1.11426e-12	1.87315
LPCAT3	down	2	1.0	-0.936416	5.03088e-07	1.87283
RGS16	up	2	1.0	0.936171	8.4458e-15	1.87234
PCK2	down	2	1.0	-0.936098	2.06488e-16	1.8722
PRDX6	down	2	1.0	-0.935668	6.284680000000001e-18	1.87134
KRT17	up	2	1.0	0.935347	9.86292e-14	1.87069
MAML3	down	2	1.0	-0.935042	2.64749e-13	1.87008
LINC00969	down	2	1.0	-0.934746	2.30792e-05	1.86949
VSIG2	down	2	1.0	-0.934557	1.75637e-11	1.86911
LRRC8C	up	2	1.0	0.934155	3.0289e-09	1.86831
DUSP10	up	2	1.0	0.93404	1.44382e-12	1.86808
KRCC1	down	2	1.0	-0.933689	1.06943e-13	1.86738
SESTD1	up	2	1.0	0.932563	9.7633e-08	1.86513
APCDD1	up	2	1.0	0.932006	3.26835e-10	1.86401
GYPC	up	2	1.0	0.931423	1.94985e-07	1.86285
CRISPLD2	up	2	1.0	0.931061	1.11636e-08	1.86212
MMRN2	up	2	1.0	0.930844	3.45523e-13	1.86169
RARRES3	up	2	1.0	0.930741	1.0667e-06	1.86148
RIMKLA	down	2	1.0	-0.929814	7.95156e-05	1.85963
NDRG2	down	2	1.0	-0.929699	5.55279e-12	1.8594
DAO	down	2	1.0	-0.92959	0.000132173	1.85918
ESPN	down	2	1.0	-0.929005	3.66367e-09	1.85801
NFKB2	up	2	1.0	0.92883	2.46259e-09	1.85766
FLNA	up	2	1.0	0.928808	0.000609627	1.85762
TIGIT	up	2	1.0	0.928591	3.94502e-12	1.85718
BTNL3	down	2	1.0	-0.928469	1.91878e-12	1.85694
AQP3	up	2	1.0	0.928347	3.04897e-07	1.85669
ANGPTL4	up	2	1.0	0.928053	2.4825e-15	1.85611
TNFRSF17	up	2	1.0	0.927915	8.96024e-06	1.85583
PILRA	up	2	1.0	0.927143	4.24049e-08	1.85429
XDH	up	2	1.0	0.927105	4.43952e-08	1.85421
HRASLS2	down	2	1.0	-0.926837	0.000849236	1.85367
CREB3L3	down	2	1.0	-0.926748	0.000203763	1.8535
ZDHHC23	down	2	1.0	-0.925199	8.82749e-12	1.8504
SLC25A33	down	2	1.0	-0.925116	9.97901e-06	1.85023
SUCLG2	down	2	1.0	-0.925097	9.02544e-10	1.85019
BCL2L10	down	2	1.0	-0.924835	3.56593e-05	1.84967
TM6SF2	down	2	1.0	-0.924241	6.75148e-08	1.84848
H19	up	2	1.0	0.924182	2.92133e-07	1.84836
HOXB5	down	2	1.0	-0.92378	7.05248e-12	1.84756
SFMBT2	up	2	1.0	0.923516	8.384e-10	1.84703
SIRPG	up	2	1.0	0.923247	1.37611e-05	1.84649
PARP15	up	2	1.0	0.923127	9.17051e-09	1.84625
ERG	up	2	1.0	0.923018	7.13392e-12	1.84604
TESC	up	2	1.0	0.922686	1.30203e-12	1.84537
ATP13A4	down	2	1.0	-0.922368	4.3938e-07	1.84474
ZNF521	up	2	1.0	0.921149	4.21213e-15	1.8423
CD5	up	2	1.0	0.921108	3.59386e-13	1.84222
C9orf152	down	2	1.0	-0.91973	8.59373e-08	1.83946
SMAP2	up	2	1.0	0.91911	9.55025e-14	1.83822
MGC32805	down	2	1.0	-0.918445	0.000114138	1.83689
NMRAL1P1	down	2	1.0	-0.918066	7.87201e-07	1.83613
HOOK1	down	2	1.0	-0.917747	5.58026e-11	1.83549
CTDSPL	down	2	1.0	-0.91765	7.99136e-23	1.8353
TNS4	up	2	1.0	0.917078	2.8254e-09	1.83416
SERPINA6	down	2	1.0	-0.917029	2.44781e-06	1.83406
IHH	down	2	1.0	-0.916825	2.64042e-17	1.83365
IKZF1	up	2	1.0	0.916646	2.84786e-10	1.83329
OSBPL8	up	2	1.0	0.916438	3.47186e-09	1.83288
PMAIP1	up	2	1.0	0.916419	6.44311e-09	1.83284
DNAJC10	up	2	1.0	0.915606	6.45845e-07	1.83121
EIF5A2	up	2	1.0	0.915563	2.99713e-13	1.83113
PLEKHO1	up	2	1.0	0.91371	9.56276e-11	1.82742
UGP2	down	2	1.0	-0.913346	2.0566e-12	1.82669
SERPINI1	up	2	1.0	0.912973	4.14675e-14	1.82595
PIK3R5	up	2	1.0	0.912964	7.42262e-08	1.82593
PTPN21	down	2	1.0	-0.911858	1.18901e-09	1.82372
C5orf30	down	2	1.0	-0.911831	2.29532e-11	1.82366
SDK1	up	2	1.0	0.911578	1.17404e-13	1.82316
NAPEPLD	down	2	1.0	-0.911485	1.1881e-06	1.82297
MGAT4B	down	2	1.0	-0.911465	4.82249e-12	1.82293
MIR21	up	2	1.0	0.911406	1.74475e-05	1.82281
IFT74	down	2	1.0	-0.910894	1.44026e-08	1.82179
SH3RF2	down	2	1.0	-0.910397	5.61351e-14	1.82079
CRAT	down	2	1.0	-0.910335	1.94179e-06	1.82067
METTL7A	down	2	1.0	-0.909971	9.448e-19	1.81994
MICB	up	2	1.0	0.909801	3.1204e-06	1.8196
C5orf63	down	2	1.0	-0.909277	1.19043e-10	1.81855
ASAP3	down	2	1.0	-0.909156	1.14472e-06	1.81831
FGFR1	up	2	1.0	0.909067	2.47872e-10	1.81813
BTBD3	down	2	1.0	-0.908349	6.45631e-11	1.8167
PEX26	down	2	1.0	-0.908344	2.31265e-08	1.81669
ST3GAL2	up	2	1.0	0.907551	1.04716e-10	1.8151
FLVCR1	down	2	1.0	-0.907552	2.87461e-05	1.8151
PRKCH	up	2	1.0	0.907535	2.51455e-07	1.81507
SLC20A1	down	2	1.0	-0.906905	4.35745e-05	1.81381
FOSL1	up	2	1.0	0.906375	1.92133e-07	1.81275
MAP4K4	up	2	1.0	0.906031	1.58308e-16	1.81206
ANO10	down	2	1.0	-0.905905	4.91118e-11	1.81181
ADAMTS5	up	2	1.0	0.905493	7.69966e-13	1.81099
CDKL1	down	2	1.0	-0.905305	5.25126e-09	1.81061
KRT6C	up	2	1.0	0.904964	3.03125e-13	1.80993
SLC7A7	up	2	1.0	0.904766	7.53246e-06	1.80953
HNMT	down	2	1.0	-0.904743	4.75676e-05	1.80949
PTGFR	up	2	1.0	0.904447	3.55421e-13	1.80889
HSD17B11	down	2	1.0	-0.903709	1.41403e-12	1.80742
FCMR	up	2	1.0	0.903602	6.58284e-08	1.8072
DAPK2	down	2	1.0	-0.903512	1.12817e-08	1.80702
SLC9A3R1	down	2	1.0	-0.903425	9.21845e-08	1.80685
CD300A	up	2	1.0	0.903237	5.18497e-07	1.80647
DDAH2	down	2	1.0	-0.903188	1.00265e-06	1.80638
FAM20C	up	2	1.0	0.902968	3.78273e-14	1.80594
FNDC1	up	2	1.0	0.902216	8.41243e-07	1.80443
MADCAM1	up	2	1.0	0.902098	2.50515e-10	1.8042
PRDX4	up	2	1.0	0.901717	9.42733e-10	1.80343
SRD5A3	up	2	1.0	0.901038	1.25538e-09	1.80208
CNN2	up	2	1.0	0.90023	6.25626e-08	1.80046
PTRF	up	2	1.0	0.90011	9.03805e-14	1.80022
CACNA2D1	up	2	1.0	0.899538	7.3068e-07	1.79908
ADGRE3	up	2	1.0	0.898527	4.78665e-11	1.79705
GLUL	up	2	1.0	0.897829	1.53796e-07	1.79566
ADA	up	2	1.0	0.897695	2.33176e-14	1.79539
GIMAP8	up	2	1.0	0.897563	5.34236e-10	1.79513
VNN3	up	2	1.0	0.896563	4.51345e-13	1.79313
LY6E	up	2	1.0	0.895937	4.15426e-19	1.79187
ZSWIM5	down	2	1.0	-0.895925	4.27561e-13	1.79185
C6orf136	down	2	1.0	-0.895574	6.65294e-12	1.79115
HTRA1	up	2	1.0	0.895562	2.34056e-15	1.79112
ANKRD9	down	2	1.0	-0.895121	2.26718e-09	1.79024
ANXA13	down	2	1.0	-0.895023	5.00176e-05	1.79005
TIFA	up	2	1.0	0.892739	4.22023e-08	1.78548
ABCD3	down	2	1.0	-0.892673	1.72914e-11	1.78535
ZNF532	up	2	1.0	0.892651	1.00712e-05	1.7853
PIP5K1B	down	2	1.0	-0.891984	1.24208e-08	1.78397
MMRN1	up	2	1.0	0.891893	2.80195e-05	1.78379
ASPA	down	2	1.0	-0.891872	4.64648e-06	1.78374
SULT1C2	up	2	1.0	0.891626	0.000179415	1.78325
HSDL2	down	2	1.0	-0.890547	4.23918e-11	1.78109
TTYH3	up	2	1.0	0.890328	5.13123e-07	1.78066
PDHA1	down	2	1.0	-0.890273	1.32303e-14	1.78055
DNMBP	down	2	1.0	-0.889758	2.4051e-12	1.77952
MFSD2A	up	2	1.0	0.889692	0.000125144	1.77938
PFKFB2	down	2	1.0	-0.888421	6.76371e-16	1.77684
SLCO4C1	down	2	1.0	-0.887896	0.000709244	1.77579
ALDH18A1	down	2	1.0	-0.887833	1.21634e-12	1.77567
TUBB6	up	2	1.0	0.887356	5.59096e-17	1.77471
TRPM4	down	2	1.0	-0.887301	2.66215e-09	1.7746
IER3	up	2	1.0	0.886262	6.55528e-05	1.77252
RDX	up	2	1.0	0.886225	0.00129116	1.77245
SERPINB8	up	2	1.0	0.88613	7.48245e-07	1.77226
TIMP3	up	2	1.0	0.885585	2.93143e-09	1.77117
DOCK4	up	2	1.0	0.885319	1.49843e-09	1.77064
WDFY4	up	2	1.0	0.885305	6.784e-10	1.77061
TFF2	up	2	1.0	0.884635	7.55236e-09	1.76927
EHD2	up	2	1.0	0.884487	1.2888e-15	1.76897
FAM160A1	down	2	1.0	-0.884352	5.31823e-15	1.7687
EVI2A	up	2	1.0	0.884342	0.00763602	1.76868
AP1AR	down	2	1.0	-0.884028	3.74878e-06	1.76806
MTHFD2	up	2	1.0	0.883682	7.29188e-07	1.76736
TMEM144	down	2	1.0	-0.883632	7.97585e-10	1.76726
PF4	up	2	1.0	0.883499	2.26659e-09	1.767
ENDOD1	down	2	1.0	-0.883441	2.77476e-07	1.76688
STX2	up	2	1.0	0.882977	4.23773e-08	1.76595
PRKAR2B	up	2	1.0	0.882377	0.000104259	1.76475
PIK3AP1	up	2	1.0	0.882125	1.15586e-07	1.76425
CEP112	up	2	1.0	0.882005	5.17242e-12	1.76401
HOXA7	down	2	1.0	-0.881664	1.55458e-08	1.76333
ETHE1	down	2	1.0	-0.881186	1.17306e-06	1.76237
PLCB1	up	2	1.0	0.881179	6.9709e-06	1.76236
IFI6	up	2	1.0	0.881043	1.15036e-06	1.76209
ANTXR1	up	2	1.0	0.880425	2.81345e-08	1.76085
FSCN1	up	2	1.0	0.880098	7.59925e-10	1.7602
CTSV	down	2	1.0	-0.879504	0.000174256	1.75901
TRIM40	up	2	1.0	0.879497	0.000625797	1.75899
RNF144B	up	2	1.0	0.878964	9.74002e-07	1.75793
CXCR5	up	2	1.0	0.878939	2.34898e-06	1.75788
JUNB	up	2	1.0	0.87875	5.05752e-09	1.7575
SLC25A37	up	2	1.0	0.878653	5.17852e-07	1.75731
SMARCB1	up	2	1.0	0.878209	3.39783e-08	1.75642
SLITRK6	down	2	1.0	-0.877644	1.28569e-09	1.75529
PDE10A	up	2	1.0	0.87763	7.49251e-13	1.75526
AVIL	down	2	1.0	-0.877503	2.53626e-05	1.75501
SLC15A3	up	2	1.0	0.877331	7.01612e-07	1.75466
FCGRT	down	2	1.0	-0.875911	1.03904e-09	1.75182
CLDN18	up	2	1.0	0.875865	2.43542e-06	1.75173
PHC3	down	2	1.0	-0.875824	2.19458e-07	1.75165
NAPSB	up	2	1.0	0.875821	2.55777e-06	1.75164
ZAK	up	2	1.0	0.875626	2.17573e-09	1.75125
TNF	up	2	1.0	0.875552	3.49467e-09	1.7511
SFXN1	down	2	1.0	-0.875313	2.73636e-11	1.75063
POSTN	up	2	1.0	0.875161	1.1678e-07	1.75032
CLMN	down	2	1.0	-0.874919	5.76403e-13	1.74984
TMPRSS3	up	2	1.0	0.874791	2.61342e-10	1.74958
NUDT12	down	2	1.0	-0.874413	1.39485e-07	1.74883
MARCH1	up	2	1.0	0.874343	3.29379e-05	1.74869
STAT4	up	2	1.0	0.874243	2.15116e-08	1.74849
EIF4EBP2	down	2	1.0	-0.874083	2.39459e-12	1.74817
CLEC2D	up	2	1.0	0.874015	5.85322e-06	1.74803
FAM26F	up	2	1.0	0.873784	4.55117e-07	1.74757
MPP5	down	2	1.0	-0.873169	4.17219e-07	1.74634
RUNX3	up	2	1.0	0.872467	8.86282e-09	1.74493
SULT1B1	down	2	1.0	-0.871862	1.30044e-11	1.74372
SLC9A7	up	2	1.0	0.871649	2.22382e-09	1.7433
UGDH	down	2	1.0	-0.871173	3.17214e-10	1.74235
C4orf19	down	2	1.0	-0.870833	3.09356e-12	1.74167
TMEM165	up	2	1.0	0.870717	1.33591e-09	1.74143
MMP14	up	2	1.0	0.870711	4.24931e-15	1.74142
FGD5	up	2	1.0	0.870672	2.40121e-10	1.74134
TNFRSF10B	up	2	1.0	0.870158	1.17853e-11	1.74032
RAMP3	up	2	1.0	0.869959	4.83516e-13	1.73992
IQSEC1	up	2	1.0	0.869676	5.52493e-11	1.73935
PMM1	down	2	1.0	-0.869487	4.81656e-06	1.73897
TRPS1	up	2	1.0	0.86888	1.39814e-09	1.73776
KIF16B	down	2	1.0	-0.868838	1.79112e-11	1.73768
KLK11	up	2	1.0	0.868626	2.45951e-11	1.73725
CSRP2	up	2	1.0	0.868512	4.52441e-09	1.73702
GRINA	up	2	1.0	0.867819	2.12134e-07	1.73564
ARHGAP23	up	2	1.0	0.867757	2.50255e-08	1.73551
ZNF124	down	2	1.0	-0.867512	1.9606e-06	1.73502
S100B	up	2	1.0	0.867433	3.27501e-10	1.73487
MSC	up	2	1.0	0.867266	2.10944e-12	1.73453
ADGRE1	up	2	1.0	0.867223	9.97894e-08	1.73445
NQO2	up	2	1.0	0.866429	7.10024e-05	1.73286
VSNL1	up	2	1.0	0.866184	0.000187584	1.73237
B3GALT1	down	2	1.0	-0.865804	3.56401e-10	1.73161
KNG1	down	2	1.0	-0.865359	0.00133305	1.73072
PPM1K	up	2	1.0	0.865269	3.17289e-09	1.73054
GMPR	up	2	1.0	0.865202	6.41252e-08	1.7304
OAF	down	2	1.0	-0.865031	3.08094e-10	1.73006
SDR42E1	down	2	1.0	-0.86482	6.70744e-09	1.72964
MYH10	up	2	1.0	0.864804	1.18147e-07	1.72961
CHDH	down	2	1.0	-0.864621	7.58398e-08	1.72924
HCK	up	2	1.0	0.864193	2.4776e-07	1.72839
ATP8A1	down	2	1.0	-0.863839	1.1011e-06	1.72768
GLOD5	down	2	1.0	-0.863132	1.4639e-07	1.72626
AGFG2	down	2	1.0	-0.862967	2.98488e-08	1.72593
PANK3	down	2	1.0	-0.862879	2.16687e-10	1.72576
UNC13D	up	2	1.0	0.862756	4.81659e-09	1.72551
ABI3BP	up	2	1.0	0.862729	5.7654e-07	1.72546
MYO5A	up	2	1.0	0.862405	2.72407e-06	1.72481
RAB17	down	2	1.0	-0.862325	2.30824e-07	1.72465
GSTM4	down	2	1.0	-0.86136	1.72208e-08	1.72272
FGF9	down	2	1.0	-0.861325	6.13974e-07	1.72265
MAP3K13	down	2	1.0	-0.860322	0.000203547	1.72064
TNFSF15	up	2	1.0	0.860089	1.00855e-06	1.72018
MT1HL1	down	2	1.0	-0.8596	2.19689e-12	1.7192
NGEF	down	2	1.0	-0.85919	9.90568e-09	1.71838
NCKAP5	down	2	1.0	-0.859042	1.93e-07	1.71808
STARD4	up	2	1.0	0.858951	0.000100838	1.7179
TRAF3IP3	up	2	1.0	0.858251	1.17391e-07	1.7165
ABCC1	up	2	1.0	0.857892	6.68972e-08	1.71578
CEP19	up	2	1.0	0.857718	1.21539e-17	1.71544
CREB5	up	2	1.0	0.857571	5.94536e-10	1.71514
MAPRE3	down	2	1.0	-0.857428	0.000394448	1.71486
ALPI	down	2	1.0	-0.857184	1.91265e-06	1.71437
IL6ST	up	2	1.0	0.856778	2.09144e-07	1.71356
C3AR1	up	2	1.0	0.856775	0.000274544	1.71355
GRTP1	down	2	1.0	-0.856488	1.40338e-13	1.71298
PCED1B	up	2	1.0	0.856291	1.86862e-07	1.71258
CAMK1D	down	2	1.0	-0.855697	2.26045e-07	1.71139
NAALADL2	down	2	1.0	-0.855457	6.58474e-06	1.71091
TP53TG1	down	2	1.0	-0.854627	1.81874e-07	1.70925
PKM	up	2	1.0	0.854509	2.22551e-12	1.70902
PIM3	up	2	1.0	0.854428	1.95471e-10	1.70886
TWSG1	up	2	1.0	0.854164	7.83984e-07	1.70833
GPA33	down	2	1.0	-0.854124	1.38161e-09	1.70825
LRP4	down	2	1.0	-0.854088	0.000273242	1.70818
TMEM92	up	2	1.0	0.853899	4.37729e-09	1.7078
ZFP3	down	2	1.0	-0.853723	8.14259e-08	1.70745
UBASH3B	up	2	1.0	0.853544	1.86901e-08	1.70709
MPND	down	2	1.0	-0.8535	1.51019e-10	1.707
KCNE3	up	2	1.0	0.853055	1.17351e-06	1.70611
PGM3	up	2	1.0	0.853012	8.17253e-07	1.70602
PKDCC	down	2	1.0	-0.852279	6.07984e-09	1.70456
PIK3CD	up	2	1.0	0.851963	9.35914e-11	1.70393
GJA5	up	2	1.0	0.850851	9.66326e-09	1.7017
CLEC2B	up	2	1.0	0.850798	1.43045e-05	1.7016
RNF24	up	2	1.0	0.850795	4.12557e-10	1.70159
CX3CL1	up	2	1.0	0.850607	5.36504e-15	1.70121
DUSP7	up	2	1.0	0.850523	1.05625e-09	1.70105
ALDH6A1	down	2	1.0	-0.850475	2.05575e-12	1.70095
TMEM158	up	2	1.0	0.849954	1.94867e-11	1.69991
CELSR1	up	2	1.0	0.849771	1.21887e-06	1.69954
BTN3A1	up	2	1.0	0.849565	3.96007e-05	1.69913
ZFP36	up	2	1.0	0.848812	2.54494e-07	1.69762
HLA-DOA	up	2	1.0	0.848643	1.43022e-06	1.69729
ZYX	up	2	1.0	0.848513	3.12733e-09	1.69703
ACER2	down	2	1.0	-0.848443	1.03643e-09	1.69689
SETD7	up	2	1.0	0.847711	5.3918e-06	1.69542
SEC22C	up	2	1.0	0.847472	2.77885e-07	1.69494
EFEMP1	up	2	1.0	0.847419	6.49333e-06	1.69484
CHKA	down	2	1.0	-0.846458	3.22719e-09	1.69292
SNCAIP	up	2	1.0	0.846378	3.20276e-14	1.69276
NXN	up	2	1.0	0.846338	3.35908e-14	1.69268
PLEKHO2	up	2	1.0	0.846124	1.00734e-11	1.69225
P2RX4	down	2	1.0	-0.845922	5.81481e-15	1.69184
TRAT1	up	2	1.0	0.845773	0.00280025	1.69155
BPNT1	down	2	1.0	-0.845697	6.31877e-09	1.69139
TGFA	down	2	1.0	-0.845527	1.08836e-07	1.69105
BDH2	down	2	1.0	-0.845133	9.05532e-06	1.69027
BHLHE22	up	2	1.0	0.84509	9.07758e-12	1.69018
NFATC1	up	2	1.0	0.844256	5.91721e-14	1.68851
ERLEC1	up	2	1.0	0.843963	8.80878e-07	1.68793
BATF2	up	2	1.0	0.843369	1.38462e-07	1.68674
SLFN13	up	2	1.0	0.843128	6.73075e-07	1.68626
CLMP	up	2	1.0	0.842844	1.01976e-12	1.68569
MKKS	down	2	1.0	-0.842844	1.03275e-10	1.68569
HIBCH	down	2	1.0	-0.84282	1.8635e-10	1.68564
KIAA1456	down	2	1.0	-0.842719	7.48594e-09	1.68544
CMTM4	down	2	1.0	-0.842468	2.00437e-11	1.68494
RHBDF2	up	2	1.0	0.842177	1.52716e-12	1.68435
BLVRA	up	2	1.0	0.841162	1.51844e-09	1.68232
CCR2	up	2	1.0	0.840898	1.37773e-05	1.6818
CGN	down	2	1.0	-0.840181	3.25562e-09	1.68036
EPB41L3	down	2	1.0	-0.839404	4.10566e-10	1.67881
DTX4	down	2	1.0	-0.839334	5.31823e-15	1.67867
CD3D	up	2	1.0	0.839282	2.39945e-05	1.67856
LMCD1	up	2	1.0	0.838962	1.14167e-14	1.67792
TMEM98	down	2	1.0	-0.838933	5.66562e-19	1.67787
GPCPD1	up	2	1.0	0.83878	2.76773e-07	1.67756
ANXA10	up	2	1.0	0.838677	1.14417e-05	1.67735
MAP7D2	down	2	1.0	-0.838639	1.34939e-08	1.67728
RAB40B	down	2	1.0	-0.838633	4.29278e-12	1.67727
RNF135	down	2	1.0	-0.83861	1.73765e-08	1.67722
CD200	up	2	1.0	0.838406	0.000118793	1.67681
TJP3	down	2	1.0	-0.83834	9.4185e-09	1.67668
FCRL2	up	2	1.0	0.83819	1.15093e-05	1.67638
SPHK1	up	2	1.0	0.838172	4.67757e-12	1.67634
TNFRSF12A	up	2	1.0	0.838164	1.68725e-08	1.67633
HIVEP2	up	2	1.0	0.837991	6.24179e-07	1.67598
GPR137B	up	2	1.0	0.837732	4.91813e-05	1.67546
TP53INP2	down	2	1.0	-0.837604	4.17203e-08	1.67521
CYCS	down	2	1.0	-0.837464	1.11371e-08	1.67493
EGR2	up	2	1.0	0.837359	1.06225e-10	1.67472
TFCP2L1	down	2	1.0	-0.837352	9.6547e-07	1.6747
ITGAM	up	2	1.0	0.836682	1.40636e-07	1.67336
MAPKAPK2	up	2	1.0	0.836631	3.65369e-11	1.67326
NHSL2	up	2	1.0	0.836497	9.8237e-10	1.67299
FCRLA	up	2	1.0	0.836433	5.20773e-06	1.67287
ZHX2	up	2	1.0	0.836294	1.89058e-08	1.67259
SPIRE2	down	2	1.0	-0.836126	5.06425e-11	1.67225
IL16	up	2	1.0	0.835469	1.05101e-08	1.67094
TSTA3	up	2	1.0	0.835259	3.30467e-10	1.67052
SEMA7A	up	2	1.0	0.834955	1.77775e-07	1.66991
CDH6	up	2	1.0	0.834821	9.12911e-07	1.66964
PPID	down	2	1.0	-0.834733	9.13711e-10	1.66947
MGAM	up	2	1.0	0.834618	2.60447e-05	1.66924
PYHIN1	up	2	1.0	0.833483	5.85784e-11	1.66697
DPY19L1	up	2	1.0	0.833346	1.96694e-07	1.66669
SLC39A4	down	2	1.0	-0.833294	3.59239e-06	1.66659
LST1	up	2	1.0	0.833274	5.45822e-09	1.66655
FGF7P3	up	2	1.0	0.833149	1.39655e-06	1.6663
GDA	down	2	1.0	-0.833079	2.33325e-08	1.66616
IL15RA	up	2	1.0	0.833011	1.19263e-08	1.66602
MCC	up	2	1.0	0.832884	8.71172e-09	1.66577
SOSTDC1	down	2	1.0	-0.832828	0.00218871	1.66566
WWTR1	up	2	1.0	0.831997	2.77678e-11	1.66399
JAM2	up	2	1.0	0.831963	0.000111291	1.66393
CAMK2N1	down	2	1.0	-0.831665	4.98279e-17	1.66333
ETV7	up	2	1.0	0.831617	2.67726e-10	1.66323
NABP1	up	2	1.0	0.831215	1.09257e-09	1.66243
PCCA	down	2	1.0	-0.831122	8.30713e-08	1.66224
RAB29	up	2	1.0	0.829306	8.57254e-15	1.65861
NLRP3	up	2	1.0	0.828996	3.23651e-11	1.65799
SMARCA1	up	2	1.0	0.828476	4.55289e-10	1.65695
MAP3K8	up	2	1.0	0.828124	6.4515e-17	1.65625
CP	up	2	1.0	0.828101	9.57563e-07	1.6562
PRAF2	up	2	1.0	0.828086	3.45697e-15	1.65617
LAMB2	up	2	1.0	0.828016	2.56184e-12	1.65603
FABP3	down	2	1.0	-0.827721	0.0003161	1.65544
GULP1	down	2	1.0	-0.827304	1.60341e-07	1.65461
GRAMD4	down	2	1.0	-0.826672	9.93817e-09	1.65334
TUBA1A	up	2	1.0	0.826666	3.46674e-10	1.65333
SERINC2	down	2	1.0	-0.826633	8.51977e-15	1.65327
RORA	up	2	1.0	0.826393	2.37929e-06	1.65279
SUOX	down	2	1.0	-0.826321	2.83262e-08	1.65264
IFNG	up	2	1.0	0.825367	3.1848e-13	1.65073
BICD1	up	2	1.0	0.824981	1.097e-09	1.64996
PTK6	down	2	1.0	-0.824528	5.7328e-08	1.64906
NBEAL1	down	2	1.0	-0.824445	3.0136100000000004e-18	1.64889
LAMC2	up	2	1.0	0.824438	5.98055e-09	1.64888
KIAA1161	down	2	1.0	-0.824261	1.33917e-08	1.64852
NLRP7	up	2	1.0	0.82387	4.59518e-07	1.64774
GRK3	up	2	1.0	0.823645	2.05749e-11	1.64729
CD109	up	2	1.0	0.82361	1.26679e-10	1.64722
P3H1	up	2	1.0	0.823573	4.31765e-17	1.64715
MCRIP2	down	2	1.0	-0.823372	4.15399e-07	1.64674
CSTA	up	2	1.0	0.82318	9.27386e-06	1.64636
GNAI2	up	2	1.0	0.822952	2.23844e-07	1.6459
NT5DC2	up	2	1.0	0.822734	1.86006e-12	1.64547
SFRP2	up	2	1.0	0.822479	1.39461e-05	1.64496
STAT3	up	2	1.0	0.82226	4.86199e-08	1.64452
TBC1D1	up	2	1.0	0.822134	3.00131e-11	1.64427
AKR1B1	up	2	1.0	0.82207	1.86601e-05	1.64414
ADAM8	up	2	1.0	0.822059	9.08705e-12	1.64412
GRAP	up	2	1.0	0.82203	7.36455e-06	1.64406
GAREM1	down	2	1.0	-0.821827	9.47923e-07	1.64365
PPARGC1B	down	2	1.0	-0.821819	9.79137e-13	1.64364
SEMA6D	down	2	1.0	-0.821781	6.81012e-12	1.64356
DEGS1	up	2	1.0	0.821643	1.61962e-08	1.64329
ZCCHC14	down	2	1.0	-0.821416	1.45958e-09	1.64283
CREM	up	2	1.0	0.821113	2.18482e-10	1.64223
MYCT1	up	2	1.0	0.82086	3.29591e-09	1.64172
PLXDC1	up	2	1.0	0.820859	5.56886e-09	1.64172
FAAH	down	2	1.0	-0.820777	4.48139e-07	1.64155
PXDC1	up	2	1.0	0.820466	2.32846e-05	1.64093
GPSM3	up	2	1.0	0.820376	2.26389e-09	1.64075
LOC100506730	down	2	1.0	-0.820373	9.38719e-06	1.64075
ABCC6P2	down	2	1.0	-0.819754	6.01511e-09	1.63951
LRRC32	up	2	1.0	0.819638	2.86035e-09	1.63928
VEGFC	up	2	1.0	0.819619	2.67844e-11	1.63924
NRN1	up	2	1.0	0.819371	1.92345e-08	1.63874
TMEM141	down	2	1.0	-0.819051	6.12013e-09	1.6381
SRM	up	2	1.0	0.818971	6.25477e-07	1.63794
TMEM170A	down	2	1.0	-0.818667	6.94757e-09	1.63733
HADH	down	2	1.0	-0.818569	5.52383e-11	1.63714
NLN	down	2	1.0	-0.818338	1.60341e-07	1.63668
ZBTB10	down	2	1.0	-0.818149	4.81817e-12	1.6363
STARD10	down	2	1.0	-0.817873	1.43971e-06	1.63575
OVOL2	down	2	1.0	-0.817357	5.00048e-16	1.63471
CEP70	down	2	1.0	-0.817163	3.70839e-09	1.63433
OAS3	up	2	1.0	0.816841	1.34816e-13	1.63368
KCNJ2	down	2	1.0	-0.816801	5.52731e-07	1.6336
MYCBP2	up	2	1.0	0.816647	6.93028e-08	1.63329
ZEB2	up	2	1.0	0.816489	3.22744e-07	1.63298
IP6K2	down	2	1.0	-0.816451	2.89203e-11	1.6329
SEPSECS	down	2	1.0	-0.816372	7.50311e-08	1.63274
MRC2	up	2	1.0	0.81628	6.78704e-15	1.63256
MPC2	down	2	1.0	-0.816261	7.62439e-12	1.63252
PDCD1LG2	up	2	1.0	0.816229	1.07897e-05	1.63246
B3GNT8	down	2	1.0	-0.816178	2.79958e-07	1.63236
PRNP	up	2	1.0	0.815685	4.38471e-10	1.63137
SEC24A	up	2	1.0	0.815662	1.00276e-08	1.63132
ACOT13	down	2	1.0	-0.815651	8.22412e-16	1.6313
SIGLEC5	up	2	1.0	0.814705	2.33424e-09	1.62941
COL18A1	up	2	1.0	0.814133	4.24478e-07	1.62827
LGALS2	down	2	1.0	-0.814132	0.002507	1.62826
ESRP2	down	2	1.0	-0.813187	1.46384e-12	1.62637
CYP2S1	down	2	1.0	-0.813055	8.20559e-05	1.62611
ALDH5A1	down	2	1.0	-0.81279	1.43736e-07	1.62558
SH2D3C	up	2	1.0	0.812623	1.05371e-10	1.62525
PANX1	up	2	1.0	0.812528	2.4601500000000003e-18	1.62506
EPB41L1	down	2	1.0	-0.812471	1.47624e-08	1.62494
ARHGAP24	up	2	1.0	0.81228	1.47432e-08	1.62456
TMEM204	up	2	1.0	0.812234	8.3012e-12	1.62447
PAQR8	down	2	1.0	-0.811542	4.81817e-12	1.62308
HTR4	down	2	1.0	-0.811445	5.82213e-05	1.62289
KLC4	down	2	1.0	-0.811244	3.13429e-10	1.62249
SPINK2	down	2	1.0	-0.811195	0.000100836	1.62239
C11orf54	down	2	1.0	-0.810757	2.67388e-07	1.62151
HOXB13	up	2	1.0	0.810658	0.0138588	1.62132
IGF2BP3	up	2	1.0	0.81051	4.44894e-12	1.62102
ATP9A	down	2	1.0	-0.810382	3.5137e-18	1.62076
ACADSB	down	2	1.0	-0.810283	8.48385e-10	1.62057
FAR2	down	2	1.0	-0.810111	6.74357e-11	1.62022
TPH1	down	2	1.0	-0.810006	0.00359622	1.62001
PAPSS2	down	2	1.0	-0.809801	3.22751e-09	1.6196
MUC4	up	2	1.0	0.809743	0.00169228	1.61949
NPTX2	up	2	1.0	0.809666	5.68654e-07	1.61933
PAM	up	2	1.0	0.809466	6.93749e-07	1.61893
GRB10	up	2	1.0	0.809362	2.65601e-08	1.61872
STX19	down	2	1.0	-0.808767	2.60025e-06	1.61753
CXCL12	up	2	1.0	0.808688	6.27767e-08	1.61738
ESAM	up	2	1.0	0.808553	7.98006e-10	1.61711
ANKS4B	down	2	1.0	-0.807938	1.144e-07	1.61588
CD3G	up	2	1.0	0.807482	2.39589e-06	1.61496
MEST	down	2	1.0	-0.807125	1.96212e-09	1.61425
HSD17B3	down	2	1.0	-0.806851	7.88533e-06	1.6137
CD160	down	2	1.0	-0.806775	4.81938e-05	1.61355
PCLO	down	2	1.0	-0.806488	2.26659e-09	1.61298
ANKRD44	up	2	1.0	0.805545	5.02489e-08	1.61109
TSEN2	down	2	1.0	-0.80553	3.6297e-06	1.61106
KLF2	up	2	1.0	0.805501	1.98955e-11	1.611
SNX13	down	2	1.0	-0.805337	3.73979e-06	1.61067
TNFSF11	up	2	1.0	0.805049	6.15745e-09	1.6101
MUC17	up	2	1.0	0.804846	0.00116123	1.60969
MANF	up	2	1.0	0.803511	3.09983e-10	1.60702
GGT6	down	2	1.0	-0.803402	1.20164e-10	1.6068
EMCN	up	2	1.0	0.803067	7.19063e-06	1.60613
POU2F2	up	2	1.0	0.802553	1.02703e-10	1.60511
ADGRA2	up	2	1.0	0.801953	1.30379e-11	1.60391
PLOD1	up	2	1.0	0.801927	1.39105e-07	1.60385
GSAP	up	2	1.0	0.801619	4.25478e-07	1.60324
KIAA1107	down	2	1.0	-0.801618	1.53486e-06	1.60324
SLC10A2	down	2	1.0	-0.801581	0.00153556	1.60316
QSOX1	up	2	1.0	0.801378	7.64705e-10	1.60276
EAPP	down	2	1.0	-0.80075	7.50241e-13	1.6015
SEC61A1	up	2	1.0	0.800318	2.42049e-09	1.60064
NR4A1	up	2	1.0	0.799921	3.69329e-06	1.59984
TTLL6	down	2	1.0	-0.799451	8.64491e-05	1.5989
CD163	up	2	1.0	0.79943	2.78373e-06	1.59886
PLEKHH1	down	2	1.0	-0.799368	9.54324e-16	1.59874
SMIM2	down	2	1.0	-0.799334	1.05378e-07	1.59867
FAM167A	up	2	1.0	0.798452	2.02235e-11	1.5969
HOXB6	down	2	1.0	-0.798323	2.72645e-06	1.59665
CERCAM	up	2	1.0	0.797484	1.20063e-10	1.59497
DPYD	up	2	1.0	0.7972	4.77208e-06	1.5944
PFN2	down	2	1.0	-0.797117	1.40115e-14	1.59423
LOC100508226	down	2	1.0	-0.79707	7.01655e-07	1.59414
SGK223	down	2	1.0	-0.796642	3.68264e-07	1.59328
SSUH2	down	2	1.0	-0.795586	1.37483e-07	1.59117
TMC5	up	2	1.0	0.795162	4.63652e-08	1.59032
TESK2	down	2	1.0	-0.794955	4.24081e-07	1.58991
CFH	up	2	1.0	0.794922	0.00134114	1.58984
NID2	up	2	1.0	0.794847	0.000363769	1.58969
MTHFD1L	up	2	1.0	0.794598	2.64381e-13	1.5892
ZDHHC3	down	2	1.0	-0.794265	8.59083e-14	1.58853
SAMHD1	up	2	1.0	0.794151	2.00012e-05	1.5883
NUAK2	down	2	1.0	-0.793168	1.25647e-07	1.58634
MFGE8	up	2	1.0	0.793131	1.82408e-05	1.58626
VAV3	down	2	1.0	-0.7929	2.19398e-10	1.5858
MUT	down	2	1.0	-0.792415	1.44132e-09	1.58483
KLHL29	up	2	1.0	0.792309	1.96142e-11	1.58462
AAED1	up	2	1.0	0.792117	7.42431e-06	1.58423
ITPRIP	up	2	1.0	0.792001	1.35401e-10	1.584
CXorf21	up	2	1.0	0.792001	6.42486e-05	1.584
PDE7A	up	2	1.0	0.791921	6.58386e-06	1.58384
SLC45A2	down	2	1.0	-0.791642	2.86627e-07	1.58328
ZNF33B	down	2	1.0	-0.791102	2.5858e-07	1.5822
PDGFRA	up	2	1.0	0.790905	4.80348e-08	1.58181
SLC6A4	down	2	1.0	-0.790233	1.67252e-05	1.58047
SPI1	up	2	1.0	0.790007	2.63415e-08	1.58001
RAB6B	down	2	1.0	-0.789745	6.33229e-07	1.57949
HMGCL	down	2	1.0	-0.789451	1.39495e-12	1.5789
PATJ	down	2	1.0	-0.789211	8.12241e-11	1.57842
EFEMP2	up	2	1.0	0.789179	5.68251e-09	1.57836
TNIK	down	2	1.0	-0.789037	7.55343e-07	1.57807
SEPT1	up	2	1.0	0.788974	3.09817e-07	1.57795
AFG3L2	down	2	1.0	-0.788056	3.5839e-10	1.57611
TPRN	down	2	1.0	-0.787906	7.9943e-07	1.57581
PON3	down	2	1.0	-0.787806	6.41904e-05	1.57561
KLF4	down	2	1.0	-0.787635	5.4926e-06	1.57527
SDC3	up	2	1.0	0.787627	4.4577e-07	1.57525
WNK4	down	2	1.0	-0.787369	0.000221021	1.57474
EPSTI1	up	2	1.0	0.787331	4.22069e-05	1.57466
MRAS	up	2	1.0	0.787114	1.2494e-09	1.57423
KIAA2022	down	2	1.0	-0.786817	3.1277e-07	1.57363
CLIP4	up	2	1.0	0.786359	1.43964e-06	1.57272
SBNO2	up	2	1.0	0.785822	3.60091e-14	1.57164
SHROOM3	down	2	1.0	-0.785455	1.00543e-12	1.57091
CLIP2	down	2	1.0	-0.785351	0.000115675	1.5707
CLEC14A	up	2	1.0	0.785312	9.32654e-14	1.57062
NDRG1	down	2	1.0	-0.784478	2.41117e-06	1.56896
FBLN5	up	2	1.0	0.784366	8.59321e-07	1.56873
CASP10	up	2	1.0	0.783945	8.50164e-09	1.56789
S100A4	up	2	1.0	0.783626	1.39339e-08	1.56725
LOXL1	up	2	1.0	0.783465	3.9048e-14	1.56693
NCF1C	up	2	1.0	0.783389	2.14178e-07	1.56678
FCHSD2	up	2	1.0	0.782886	8.28448e-09	1.56577
DYRK2	down	2	1.0	-0.782859	1.96777e-16	1.56572
SORD	up	2	1.0	0.782856	7.93848e-08	1.56571
ITPKA	down	2	1.0	-0.782838	1.83468e-09	1.56568
IL17RB	down	2	1.0	-0.782484	0.000104736	1.56497
CCL13	down	2	1.0	-0.782418	9.78765e-07	1.56484
SPR	down	2	1.0	-0.782188	6.42381e-10	1.56438
THSD7A	up	2	1.0	0.78176	5.82972e-09	1.56352
INSR	down	2	1.0	-0.781546	6.75399e-09	1.56309
FAM13A	down	2	1.0	-0.781289	1.68196e-05	1.56258
STX3	down	2	1.0	-0.781243	2.31827e-11	1.56249
GJB3	up	2	1.0	0.780289	6.82036e-06	1.56058
ACKR2	down	2	1.0	-0.780013	7.17363e-05	1.56003
PRF1	up	2	1.0	0.779948	1.01502e-06	1.5599
SLC41A2	down	2	1.0	-0.779852	1.06394e-07	1.5597
BAG2	up	2	1.0	0.779663	1.85323e-14	1.55933
CLRN3	down	2	1.0	-0.779447	1.32112e-09	1.55889
CEACAM7	down	2	1.0	-0.779251	1.34171e-08	1.5585
SYNE1	up	2	1.0	0.778582	7.27184e-10	1.55716
ACOT4	down	2	1.0	-0.778039	9.50793e-07	1.55608
MAGI3	down	2	1.0	-0.778027	9.34589e-10	1.55605
AHR	up	2	1.0	0.777758	3.70244e-05	1.55552
BUB1	up	2	1.0	0.777273	7.57318e-05	1.55455
ARL14	down	2	1.0	-0.777187	1.49767e-06	1.55437
S100A2	up	2	1.0	0.776981	6.37866e-15	1.55396
RAB11FIP1	down	2	1.0	-0.776706	6.97692e-12	1.55341
MARVELD2	down	2	1.0	-0.776577	1.3214e-09	1.55315
SGIP1	up	2	1.0	0.776058	1.42139e-11	1.55212
GPR171	up	2	1.0	0.775834	3.262e-05	1.55167
PRR15L	down	2	1.0	-0.775716	3.20054e-08	1.55143
FCRL1	up	2	1.0	0.775645	1.15535e-07	1.55129
SPINT1	down	2	1.0	-0.774955	2.22787e-09	1.54991
AUH	down	2	1.0	-0.774935	3.96556e-08	1.54987
PLPP1	down	2	1.0	-0.774728	7.88919e-08	1.54946
TRBC1	up	2	1.0	0.774466	7.41623e-08	1.54893
C2orf54	down	2	1.0	-0.774266	7.03685e-07	1.54853
LRRC66	down	2	1.0	-0.773867	4.67839e-07	1.54773
SLC39A6	up	2	1.0	0.773339	1.14086e-11	1.54668
MBOAT1	down	2	1.0	-0.773049	1.14483e-11	1.5461
CPVL	up	2	1.0	0.772923	0.00359394	1.54585
PTPRCAP	up	2	1.0	0.772685	1.28712e-06	1.54537
MRPL35	down	2	1.0	-0.772443	1.46473e-16	1.54489
AMT	down	2	1.0	-0.772218	8.60505e-13	1.54444
RUNX2	up	2	1.0	0.771802	1.69983e-06	1.5436
AK3	down	2	1.0	-0.771787	3.45089e-09	1.54357
ZNF385D	up	2	1.0	0.771721	1.99799e-16	1.54344
ADCY6	down	2	1.0	-0.771286	1.66732e-11	1.54257
TEAD4	up	2	1.0	0.770641	6.28341e-08	1.54128
CR1L	up	2	1.0	0.770428	1.36709e-11	1.54086
LINC00526	down	2	1.0	-0.770304	5.53101e-09	1.54061
TESPA1	up	2	1.0	0.770213	2.40319e-09	1.54043
TSHZ3	up	2	1.0	0.770047	2.23444e-10	1.54009
WAS	up	2	1.0	0.769958	7.14124e-09	1.53992
NAP1L2	down	2	1.0	-0.769645	3.49333e-05	1.53929
HYOU1	up	2	1.0	0.769538	5.68081e-07	1.53908
SPHK2	down	2	1.0	-0.76908	6.10145e-06	1.53816
OR2A9P	down	2	1.0	-0.769047	0.000136974	1.53809
TMEM120A	down	2	1.0	-0.768925	2.71462e-07	1.53785
IL12RB1	up	2	1.0	0.768848	8.00986e-10	1.5377
C10orf10	up	2	1.0	0.768245	3.75903e-07	1.53649
CYB5R2	up	2	1.0	0.768215	3.96147e-08	1.53643
SCGB2A1	down	2	1.0	-0.768176	0.00162901	1.53635
MPST	down	2	1.0	-0.768113	2.4179e-05	1.53623
KIAA0040	up	2	1.0	0.767726	1.52716e-12	1.53545
CACNA1D	down	2	1.0	-0.767722	1.32827e-10	1.53544
FAM65A	up	2	1.0	0.767645	3.00382e-08	1.53529
APBA2	up	2	1.0	0.767637	7.99522e-14	1.53527
SPCS3	up	2	1.0	0.767487	1.04857e-12	1.53497
RECQL	up	2	1.0	0.767242	2.00222e-07	1.53448
CETP	up	2	1.0	0.767124	3.19982e-14	1.53425
LIMS1	up	2	1.0	0.766968	1.14027e-07	1.53394
MYO15B	down	2	1.0	-0.766801	1.36333e-08	1.5336
GIMAP6	up	2	1.0	0.766332	4.01391e-07	1.53266
TGFB2	up	2	1.0	0.766231	8.08456e-09	1.53246
COL5A3	up	2	1.0	0.766173	1.06022e-05	1.53235
PLEKHA6	down	2	1.0	-0.765971	4.33167e-08	1.53194
ARRDC4	down	2	1.0	-0.765921	4.50624e-07	1.53184
SIRPA	up	2	1.0	0.76567	2.53269e-10	1.53134
BAG3	up	2	1.0	0.765609	7.87196e-08	1.53122
CYSLTR1	up	2	1.0	0.765436	1.48175e-05	1.53087
ERRFI1	up	2	1.0	0.764782	0.000169637	1.52956
GRHL2	down	2	1.0	-0.764676	5.6301e-14	1.52935
SCRN1	up	2	1.0	0.764644	6.09708e-09	1.52929
SDC2	up	2	1.0	0.764607	6.95526e-07	1.52921
ADCYAP1	up	2	1.0	0.764336	1.27564e-05	1.52867
LLGL2	down	2	1.0	-0.764197	4.41069e-09	1.52839
CHST3	up	2	1.0	0.764191	5.27789e-14	1.52838
SAMD12	down	2	1.0	-0.764137	3.88877e-08	1.52827
MPZL2	down	2	1.0	-0.764073	9.43445e-12	1.52815
OTUB2	up	2	1.0	0.763972	1.37958e-10	1.52794
ABHD3	down	2	1.0	-0.763927	2.75376e-08	1.52785
MEOX2	up	2	1.0	0.763736	1.4064e-10	1.52747
CPNE5	up	2	1.0	0.763713	5.26875e-06	1.52743
TLE2	down	2	1.0	-0.763425	7.34816e-07	1.52685
KCNA2	up	2	1.0	0.763287	9.34254e-15	1.52657
CBR3	up	2	1.0	0.761825	1.75255e-13	1.52365
SVOPL	down	2	1.0	-0.760977	6.51208e-06	1.52195
SMIM14	down	2	1.0	-0.76065	2.17319e-14	1.5213
HOMER1	up	2	1.0	0.760601	1.74683e-06	1.5212
ANO7	down	2	1.0	-0.760514	8.109e-08	1.52103
HDHD3	down	2	1.0	-0.760313	2.86035e-09	1.52063
SLC8A1	up	2	1.0	0.759787	0.000129183	1.51957
TMEM133	down	2	1.0	-0.759586	1.68573e-07	1.51917
TAT	down	2	1.0	-0.759498	2.13895e-06	1.519
CLDN23	down	2	1.0	-0.759375	6.90892e-12	1.51875
SLC35D1	down	2	1.0	-0.759057	6.94673e-06	1.51811
DIO2	up	2	1.0	0.758913	8.85068e-08	1.51783
NDUFC1	down	2	1.0	-0.758903	4.17219e-07	1.51781
SLC44A1	down	2	1.0	-0.758885	1.0799e-17	1.51777
CEP55	up	2	1.0	0.758874	1.00685e-05	1.51775
PKIA	up	2	1.0	0.758781	1.34919e-11	1.51756
AGTRAP	up	2	1.0	0.758743	2.81385e-11	1.51749
GNPTAB	down	2	1.0	-0.758099	1.2025e-17	1.5162
PLEKHG2	up	2	1.0	0.758101	3.56566e-14	1.5162
MT2A	down	2	1.0	-0.758034	1.40398e-08	1.51607
CD4	up	2	1.0	0.757985	5.51482e-06	1.51597
MOXD1	up	2	1.0	0.757504	1.43206e-06	1.51501
PLXNA1	up	2	1.0	0.757043	1.86858e-06	1.51409
MFSD4A	down	2	1.0	-0.75704	0.0205887	1.51408
CAT	down	2	1.0	-0.75683	9.54908e-06	1.51366
HSH2D	up	2	1.0	0.756454	2.36327e-14	1.51291
BCL2L15	down	2	1.0	-0.75591	7.44945e-10	1.51182
IL1RAP	up	2	1.0	0.755622	2.95011e-19	1.51124
ACOD1	up	2	1.0	0.755592	3.12814e-06	1.51118
SPG20	up	2	1.0	0.755379	0.000141717	1.51076
JAML	up	2	1.0	0.754959	3.81681e-06	1.50992
SERPINH1	up	2	1.0	0.754893	2.33293e-07	1.50979
ANP32E	up	2	1.0	0.754868	2.67386e-07	1.50974
PGM1	down	2	1.0	-0.754743	1.61145e-09	1.50949
DCPS	up	2	1.0	0.754722	0.000119613	1.50944
ABCA5	down	2	1.0	-0.754681	1.05144e-05	1.50936
LRPPRC	down	2	1.0	-0.754492	1.80711e-15	1.50898
SLCO3A1	up	2	1.0	0.754357	5.845e-12	1.50871
FEZ1	up	2	1.0	0.753748	7.30516e-09	1.5075
MPDZ	up	2	1.0	0.753579	5.19468e-10	1.50716
VWA1	up	2	1.0	0.753231	4.98755e-10	1.50646
BAIAP2L2	down	2	1.0	-0.753197	5.10318e-06	1.50639
SH3RF3	up	2	1.0	0.752979	5.97802e-09	1.50596
GJB1	down	2	1.0	-0.752911	8.27027e-06	1.50582
CD84	up	2	1.0	0.752773	1.6522e-10	1.50555
RAP1GAP	down	2	1.0	-0.752406	1.30777e-05	1.50481
CXCL16	up	2	1.0	0.75236	8.85419e-06	1.50472
ZNF608	down	2	1.0	-0.752063	2.04002e-19	1.50413
LMAN1	up	2	1.0	0.752063	0.000110591	1.50413
SYTL3	up	2	1.0	0.752043	9.35382e-14	1.50409
NLRC5	up	2	1.0	0.751713	1.8501e-06	1.50343
S100A3	up	2	1.0	0.751298	7.57812e-14	1.5026
ITGA4	up	2	1.0	0.75107	2.16931e-05	1.50214
SLC44A3	down	2	1.0	-0.75076	3.49156e-08	1.50152
ZNF204P	down	2	1.0	-0.750691	0.000281167	1.50138
LILRA6	up	2	1.0	0.750377	1.62361e-13	1.50075
GBP1P1	up	2	1.0	0.750329	3.24571e-09	1.50066
CBFB	up	2	1.0	0.750205	5.11491e-18	1.50041
SLC26A4	up	2	1.0	0.749889	7.92626e-12	1.49978
GIMAP2	up	2	1.0	0.749856	0.000672359	1.49971
SLC28A2	up	2	1.0	0.749819	0.0161354	1.49964
MFAP4	up	2	1.0	0.749734	5.84684e-08	1.49947
GDPD1	down	2	1.0	-0.748816	1.0611e-07	1.49763
POU2F3	down	2	1.0	-0.748806	1.36547e-05	1.49761
ACOT11	down	2	1.0	-0.748498	5.31823e-15	1.497
GGT5	up	2	1.0	0.748421	1.62186e-08	1.49684
PDIA4	up	2	1.0	0.748226	2.30144e-10	1.49645
HS3ST3A1	up	2	1.0	0.748135	7.5119e-13	1.49627
TRAF3IP2	down	2	1.0	-0.747887	7.91496e-12	1.49577
NDUFS1	down	2	1.0	-0.747864	1.78852e-13	1.49573
FAM83A	up	2	1.0	0.747838	1.28373e-16	1.49568
MVB12A	up	2	1.0	0.747799	2.39619e-08	1.4956
RASGRP2	up	2	1.0	0.747203	2.77391e-07	1.49441
COL5A1	up	2	1.0	0.747143	2.97046e-14	1.49429
TPM4	up	2	1.0	0.746366	1.44363e-08	1.49273
FBXO32	down	2	1.0	-0.746308	0.000231948	1.49262
RALGPS1	down	2	1.0	-0.746148	3.6420399999999995e-20	1.4923
ZADH2	down	2	1.0	-0.746133	9.55016e-09	1.49227
FAM78A	up	2	1.0	0.74613	1.01321e-08	1.49226
TMEM255B	up	2	1.0	0.745713	2.7744e-07	1.49143
BCAT2	down	2	1.0	-0.745406	2.608e-07	1.49081
ATF3	up	2	1.0	0.745218	5.76391e-05	1.49044
BNC2	up	2	1.0	0.74519	1.24369e-10	1.49038
EDEM1	up	2	1.0	0.745146	9.23293e-15	1.49029
ZEB1	up	2	1.0	0.745143	6.19349e-08	1.49029
TMEM65	down	2	1.0	-0.745088	4.69604e-08	1.49018
TPST1	up	2	1.0	0.744467	2.82911e-11	1.48893
ADAMTSL1	down	2	1.0	-0.744229	5.55822e-09	1.48846
A2M	up	2	1.0	0.744098	0.000259186	1.4882
ATP5S	down	2	1.0	-0.74378	3.65291e-09	1.48756
PARVB	up	2	1.0	0.74373	1.01301e-08	1.48746
ADAMTS6	up	2	1.0	0.743623	1.25166e-15	1.48725
USH1C	down	2	1.0	-0.743567	5.81737e-11	1.48713
CARD16	up	2	1.0	0.743409	5.17568e-05	1.48682
ESRP1	down	2	1.0	-0.743286	2.72915e-10	1.48657
DUSP14	up	2	1.0	0.742711	1.43295e-12	1.48542
ZNF415	down	2	1.0	-0.742598	8.20559e-05	1.4852
MCFD2	up	2	1.0	0.742541	8.12059e-09	1.48508
RIDA	down	2	1.0	-0.742263	2.408e-12	1.48453
GALNT6	up	2	1.0	0.742122	7.28068e-08	1.48424
NFE2L3	up	2	1.0	0.741936	1.13742e-06	1.48387
TIMP2	up	2	1.0	0.741872	7.06391e-06	1.48374
ZNF844	down	2	1.0	-0.741791	0.000128829	1.48358
SPINK5	up	2	1.0	0.741482	7.2363e-05	1.48296
ODF3B	up	2	1.0	0.741341	5.03143e-07	1.48268
IL27RA	up	2	1.0	0.740614	1.16359e-09	1.48123
TRERF1	up	2	1.0	0.740564	1.86926e-14	1.48113
CMKLR1	up	2	1.0	0.740386	0.000238247	1.48077
PDIA5	up	2	1.0	0.740236	2.63955e-06	1.48047
HR	down	2	1.0	-0.739977	8.69151e-05	1.47995
BTN2A2	up	2	1.0	0.739958	2.79562e-09	1.47992
LRG1	up	2	1.0	0.739057	7.59456e-07	1.47811
PDP1	up	2	1.0	0.739008	9.33883e-07	1.47802
THRA	down	2	1.0	-0.738792	2.51936e-10	1.47758
PCDH18	up	2	1.0	0.738775	0.000317995	1.47755
NUP210	up	2	1.0	0.738691	2.73711e-07	1.47738
LYVE1	up	2	1.0	0.738254	5.01097e-05	1.47651
JAM3	up	2	1.0	0.738212	4.94009e-09	1.47642
PECR	down	2	1.0	-0.738098	7.57275e-08	1.4762
C16orf54	up	2	1.0	0.738098	3.78976e-06	1.4762
BIN2	up	2	1.0	0.738044	9.78097e-06	1.47609
DIO3OS	down	2	1.0	-0.737595	3.88399e-05	1.47519
GALM	down	2	1.0	-0.737476	5.47104e-14	1.47495
AGMAT	down	2	1.0	-0.737475	1.26751e-05	1.47495
SPHAR	down	2	1.0	-0.737325	2.7167e-06	1.47465
TPST2	up	2	1.0	0.737242	6.85742e-10	1.47448
KIAA1551	up	2	1.0	0.737211	5.1622e-07	1.47442
NEBL	up	2	1.0	0.737	1.10966e-05	1.474
GPC6	up	2	1.0	0.73697	2.30023e-05	1.47394
SECTM1	down	2	1.0	-0.736959	3.49876e-07	1.47392
COTL1	up	2	1.0	0.73682	1.15226e-11	1.47364
RAPGEF4	up	2	1.0	0.736659	1.25978e-13	1.47332
LOC400590	down	2	1.0	-0.735778	7.89122e-09	1.47156
CAMK2D	down	2	1.0	-0.735605	1.76328e-14	1.47121
TUSC3	up	2	1.0	0.735398	0.0141235	1.4708
PDK1	up	2	1.0	0.734985	1.57383e-07	1.46997
MARC2	down	2	1.0	-0.73481	4.50381e-09	1.46962
STMN3	up	2	1.0	0.734535	2.25649e-11	1.46907
PCSK6	down	2	1.0	-0.734283	8.11087e-14	1.46857
KLHL8	down	2	1.0	-0.734021	1.08671e-08	1.46804
CLIC4	up	2	1.0	0.733922	8.44143e-06	1.46784
ARHGEF9	down	2	1.0	-0.733845	1.37132e-10	1.46769
WNK2	down	2	1.0	-0.733821	0.000102131	1.46764
SLC35D2	down	2	1.0	-0.733493	9.06945e-16	1.46699
SH2D1A	up	2	1.0	0.733134	2.63078e-09	1.46627
NUDT16P1	down	2	1.0	-0.73255	2.07202e-14	1.4651
HSPA5	up	2	1.0	0.732486	1.86135e-09	1.46497
FAM83B	down	2	1.0	-0.732423	1.2008e-05	1.46485
FBXO34	down	2	1.0	-0.730749	5.40882e-11	1.4615
ITGA8	up	2	1.0	0.730662	0.000103022	1.46132
EREG	up	2	1.0	0.730521	0.00747926	1.46104
HM13	up	2	1.0	0.730515	1.81002e-26	1.46103
GLI3	up	2	1.0	0.730513	2.57649e-06	1.46103
LOC647115	down	2	1.0	-0.730438	2.34458e-08	1.46088
TM6SF1	up	2	1.0	0.729869	3.83414e-05	1.45974
ILDR1	down	2	1.0	-0.729836	2.5136e-10	1.45967
NAT8	down	2	1.0	-0.729797	0.00048413	1.45959
SLC16A5	down	2	1.0	-0.729711	6.66193e-05	1.45942
FAM57A	up	2	1.0	0.72958	0.000691444	1.45916
NEK3	down	2	1.0	-0.72948	5.38211e-14	1.45896
ABCC3	down	2	1.0	-0.72934	1.53285e-05	1.45868
AGRN	up	2	1.0	0.729263	9.93917e-07	1.45853
NTPCR	down	2	1.0	-0.728715	3.94675e-06	1.45743
TMEM177	down	2	1.0	-0.728649	1.24853e-13	1.4573
PRPS1	up	2	1.0	0.728609	1.16824e-08	1.45722
HSP90B1	up	2	1.0	0.72853	1.49886e-07	1.45706
MMP25	up	2	1.0	0.728519	1.17508e-11	1.45704
LOC728392	up	2	1.0	0.728168	3.24571e-09	1.45634
PDE5A	down	2	1.0	-0.727821	3.06822e-06	1.45564
TRAM2	up	2	1.0	0.727383	2.38198e-08	1.45477
RGS18	up	2	1.0	0.727299	0.0141801	1.4546
KCNJ10	up	2	1.0	0.727156	8.82827e-14	1.45431
WASL	down	2	1.0	-0.727024	4.93913e-16	1.45405
GPR18	up	2	1.0	0.727015	6.23775e-05	1.45403
CHSY1	up	2	1.0	0.726169	2.53972e-12	1.45234
SYVN1	up	2	1.0	0.725942	3.78927e-10	1.45188
BICDL2	down	2	1.0	-0.725382	2.28358e-06	1.45076
IGFLR1	up	2	1.0	0.725348	1.29812e-08	1.4507
LILRA5	up	2	1.0	0.725237	1.61928e-15	1.45047
RNASE6	up	2	1.0	0.724955	0.00483456	1.44991
ECT2	up	2	1.0	0.724832	1.96537e-08	1.44966
BATF3	up	2	1.0	0.724576	3.97749e-07	1.44915
KRT6A	up	2	1.0	0.724498	2.72415e-09	1.449
OCRL	down	2	1.0	-0.724192	5.79723e-12	1.44838
MEI1	up	2	1.0	0.72393	1.74929e-12	1.44786
LINC01123	down	2	1.0	-0.723858	2.94637e-10	1.44772
NCALD	up	2	1.0	0.72365	1.93664e-06	1.4473
KIAA1324L	down	2	1.0	-0.723463	0.00169292	1.44693
OXR1	down	2	1.0	-0.723443	8.40836e-08	1.44689
FASTKD1	down	2	1.0	-0.723029	8.46026e-11	1.44606
SKIL	up	2	1.0	0.722955	1.23802e-05	1.44591
JAZF1	up	2	1.0	0.72257	3.6244e-07	1.44514
CARD8	up	2	1.0	0.722415	1.08151e-06	1.44483
TMC4	down	2	1.0	-0.722395	8.95151e-07	1.44479
EHD1	up	2	1.0	0.722213	7.63057e-10	1.44443
SFXN3	up	2	1.0	0.722146	1.70967e-09	1.44429
PTGS1	up	2	1.0	0.721925	2.14387e-05	1.44385
DUSP6	up	2	1.0	0.72189	1.44642e-05	1.44378
GRAMD1A	up	2	1.0	0.72121	3.391e-14	1.44242
SLC27A4	down	2	1.0	-0.720656	0.000602403	1.44131
MEOX1	up	2	1.0	0.720615	3.82885e-12	1.44123
TRPA1	up	2	1.0	0.720564	0.00043995	1.44113
DDO	down	2	1.0	-0.720144	2.10418e-06	1.44029
CNIH4	down	2	1.0	-0.720092	1.82662e-08	1.44018
SEMA4G	down	2	1.0	-0.720025	6.38279e-07	1.44005
SVEP1	up	2	1.0	0.719925	1.56572e-08	1.43985
ZNF366	up	2	1.0	0.719255	8.67218e-08	1.43851
PDE9A	down	2	1.0	-0.719068	0.000328642	1.43814
CBLC	down	2	1.0	-0.718997	0.000100553	1.43799
FREM2	down	2	1.0	-0.718967	2.95042e-05	1.43793
KLB	down	2	1.0	-0.718843	3.00802e-07	1.43769
GPR155	up	2	1.0	0.718641	1.61703e-06	1.43728
BCAS1	down	2	1.0	-0.718482	1.26156e-06	1.43696
ZNF768	down	2	1.0	-0.718293	7.87196e-08	1.43659
RBMS3	up	2	1.0	0.717977	7.5184e-07	1.43595
ROBO4	up	2	1.0	0.717947	4.54192e-08	1.43589
TRPV2	up	2	1.0	0.7178	1.24227e-10	1.4356
LNX2	down	2	1.0	-0.717705	1.51532e-10	1.43541
ATP6V0D2	down	2	1.0	-0.717684	0.0061222	1.43537
TSPAN5	up	2	1.0	0.71746	1.92763e-10	1.43492
HDAC11	down	2	1.0	-0.717326	1.09667e-09	1.43465
LMTK2	down	2	1.0	-0.717216	1.93965e-10	1.43443
PLD1	down	2	1.0	-0.717023	6.29346e-09	1.43405
SENP8	down	2	1.0	-0.716905	1.27221e-05	1.43381
AAMDC	down	2	1.0	-0.71677	7.34419e-07	1.43354
CALD1	up	2	1.0	0.716651	5.30575e-08	1.4333
TYMP	up	2	1.0	0.716262	1.35469e-07	1.43252
AKAP9	down	2	1.0	-0.716101	1.25013e-06	1.4322
CLSTN3	up	2	1.0	0.716034	4.66647e-19	1.43207
SCARA3	up	2	1.0	0.715917	1.329e-12	1.43183
B3GALT5-AS1	down	2	1.0	-0.715801	0.0988587	1.4316
TUBB2A	up	2	1.0	0.715262	3.71921e-06	1.43052
TYROBP	up	2	1.0	0.714829	0.00117658	1.42966
LRRC1	down	2	1.0	-0.714589	8.28534e-11	1.42918
ATP10D	up	2	1.0	0.714227	1.92805e-07	1.42845
FHDC1	down	2	1.0	-0.714183	4.90206e-10	1.42837
ZNF439	down	2	1.0	-0.714128	6.92986e-06	1.42826
NFATC2	up	2	1.0	0.713927	1.44026e-08	1.42785
GOLT1B	up	2	1.0	0.713621	4.86754e-07	1.42724
BPHL	down	2	1.0	-0.713437	2.26368e-06	1.42687
PML	up	2	1.0	0.713346	5.20742e-11	1.42669
C17orf96	up	2	1.0	0.713128	3.95376e-17	1.42626
CTSL	up	2	1.0	0.712731	1.15535e-07	1.42546
NAP1L1	up	2	1.0	0.712732	4.0242e-06	1.42546
TMEM55A	up	2	1.0	0.71262	9.08251e-09	1.42524
EPHA3	up	2	1.0	0.712456	0.00391639	1.42491
LRP6	down	2	1.0	-0.712204	1.70599e-09	1.42441
PROM1	down	2	1.0	-0.711736	2.49402e-06	1.42347
DCHS1	up	2	1.0	0.711066	8.37115e-11	1.42213
PPP1R3B	down	2	1.0	-0.710981	3.08928e-06	1.42196
RBP5	up	2	1.0	0.710922	4.11991e-12	1.42184
SDHD	down	2	1.0	-0.710552	4.2621e-10	1.4211
RNF145	up	2	1.0	0.71055	8.17043e-07	1.4211
MARC1	down	2	1.0	-0.710488	1.30699e-06	1.42098
TFEC	up	2	1.0	0.71039	1.74747e-08	1.42078
CNST	down	2	1.0	-0.710322	3.19809e-07	1.42064
ANO9	down	2	1.0	-0.710235	8.93249e-08	1.42047
SEL1L3	up	2	1.0	0.710051	3.0331e-10	1.4201
RASAL3	up	2	1.0	0.709616	9.59437e-09	1.41923
KCNK10	down	2	1.0	-0.709499	2.47877e-08	1.419
SUCLG1	down	2	1.0	-0.709261	1.72914e-11	1.41852
NRARP	down	2	1.0	-0.709219	1.78171e-10	1.41844
HIVEP3	up	2	1.0	0.709175	2.67638e-12	1.41835
IL2RB	up	2	1.0	0.70917	2.82602e-05	1.41834
C17orf97	down	2	1.0	-0.708943	0.000339416	1.41789
GOLT1A	down	2	1.0	-0.708353	7.43338e-06	1.41671
ATPAF1	down	2	1.0	-0.707601	5.75975e-12	1.4152
LTB	up	2	1.0	0.707558	3.08951e-06	1.41512
SIAE	down	2	1.0	-0.707363	5.20341e-10	1.41473
NWD2	down	2	1.0	-0.707334	0.00185946	1.41467
RHOB	up	2	1.0	0.707217	4.91772e-06	1.41443
LAP3	up	2	1.0	0.706848	1.09592e-07	1.4137
RAB40C	down	2	1.0	-0.706623	5.63211e-06	1.41325
CHCHD10	down	2	1.0	-0.706581	5.27789e-14	1.41316
PHLDA2	up	2	1.0	0.706514	3.25402e-06	1.41303
CD3E	up	2	1.0	0.706347	6.04458e-07	1.41269
SLC27A2	down	2	1.0	-0.70605	6.8449e-05	1.4121
FBXW7	up	2	1.0	0.705636	8.03108e-07	1.41127
NSUN7	down	2	1.0	-0.70531	2.00628e-06	1.41062
SLC9A3	down	2	1.0	-0.70512	0.0559862	1.41024
RNF138	down	2	1.0	-0.704859	1.25013e-06	1.40972
HYAL2	up	2	1.0	0.704415	1.22956e-06	1.40883
NECTIN3	down	2	1.0	-0.703855	1.90365e-07	1.40771
FDX1	down	2	1.0	-0.70375	8.49254e-07	1.4075
CCDC102B	up	2	1.0	0.703742	4.25391e-06	1.40748
MS4A14	up	2	1.0	0.703698	0.00224994	1.4074
ERO1B	up	2	1.0	0.703251	1.01823e-07	1.4065
SWAP70	up	2	1.0	0.703239	2.55708e-09	1.40648
GCNT1	down	2	1.0	-0.703196	0.000509668	1.40639
HAVCR2	up	2	1.0	0.703018	2.49204e-05	1.40604
TMC8	up	2	1.0	0.702976	0.000440139	1.40595
PHTF1	up	2	1.0	0.702971	3.59845e-10	1.40594
EDIL3	down	2	1.0	-0.702626	0.000236448	1.40525
MGLL	down	2	1.0	-0.702576	7.70329e-06	1.40515
MOBP	down	2	1.0	-0.702454	8.27467e-09	1.40491
NRIP1	down	2	1.0	-0.702165	1.37552e-10	1.40433
NCBP2-AS2	down	2	1.0	-0.702158	3.48267e-13	1.40432
STAT2	up	2	1.0	0.702015	1.76346e-14	1.40403
BCL2L14	down	2	1.0	-0.701988	2.32749e-07	1.40398
BMP7	up	2	1.0	0.701823	6.56025e-11	1.40365
PLCB4	down	2	1.0	-0.701435	7.0731e-05	1.40287
LAYN	up	2	1.0	0.70114	1.46831e-09	1.40228
TNNC2	down	2	1.0	-0.700861	1.41406e-06	1.40172
IL3RA	up	2	1.0	0.700779	0.000125947	1.40156
PDXP	down	2	1.0	-0.700722	5.78285e-06	1.40144
ISCA1	down	2	1.0	-0.70057	3.17839e-08	1.40114
FJX1	up	2	1.0	0.700514	1.73303e-11	1.40103
LIPH	down	2	1.0	-0.700494	2.18327e-06	1.40099
PSMB2	up	2	1.0	0.700484	1.00086e-06	1.40097
ARMCX2	up	2	1.0	0.700465	1.22725e-07	1.40093
RRAS2	down	2	1.0	-0.700439	2.20319e-08	1.40088
TOX2	up	2	1.0	0.70023	1.7382e-09	1.40046
EPHA10	down	2	1.0	-0.700107	1.20298e-09	1.40021
CRIP2	up	2	1.0	0.700067	3.20643e-19	1.40013
MARCH8	down	2	1.0	-0.699877	5.14463e-10	1.39975
TMEM263	up	2	1.0	0.699817	5.18527e-05	1.39963
CXorf23	down	2	1.0	-0.699537	2.33036e-06	1.39907
TNFAIP3	up	2	1.0	0.69936	1.19063e-09	1.39872
PTPN14	up	2	1.0	0.698981	4.22837e-07	1.39796
GRK5	up	2	1.0	0.698808	4.14827e-06	1.39762
STPG1	down	2	1.0	-0.69847	6.40485e-06	1.39694
ATP8B1	down	2	1.0	-0.698413	5.36693e-14	1.39683
CNTRL	up	2	1.0	0.698283	2.17708e-11	1.39657
ADARB1	up	2	1.0	0.697199	2.74903e-10	1.3944
ZNF350	down	2	1.0	-0.697142	3.27895e-06	1.39428
HEBP1	down	2	1.0	-0.696694	7.88447e-05	1.39339
BACH2	up	2	1.0	0.696483	6.39774e-06	1.39297
ARID5B	up	2	1.0	0.696442	1.8493e-06	1.39288
TRIM69	up	2	1.0	0.69578	5.60867e-10	1.39156
SLC1A4	up	2	1.0	0.695546	1.95619e-07	1.39109
CCDC112	down	2	1.0	-0.695356	1.85605e-07	1.39071
ATP2B4	up	2	1.0	0.695242	9.03163e-08	1.39048
CD248	up	2	1.0	0.695188	1.9571e-08	1.39038
NRP1	up	2	1.0	0.695055	0.00040287	1.39011
MATN2	down	2	1.0	-0.694868	4.66354e-08	1.38974
LZIC	down	2	1.0	-0.694683	2.24341e-08	1.38937
LCK	up	2	1.0	0.694072	1.24739e-09	1.38814
ST6GAL2	down	2	1.0	-0.693988	0.0437333	1.38798
WDR72	down	2	1.0	-0.693927	0.00159677	1.38785
PSME2	up	2	1.0	0.693847	5.4692e-08	1.38769
PBX1	down	2	1.0	-0.69379	1.802e-08	1.38758
LETM1	down	2	1.0	-0.693752	1.74802e-05	1.3875
GAS2L3	down	2	1.0	-0.693618	2.39022e-05	1.38724
DNAH7	down	2	1.0	-0.693464	3.91621e-07	1.38693
CTPS1	up	2	1.0	0.693289	5.74371e-05	1.38658
IL23A	up	2	1.0	0.693258	8.03971e-11	1.38652
KIAA0895	up	2	1.0	0.693086	4.43438e-17	1.38617
EDN2	down	2	1.0	-0.693074	2.5583e-06	1.38615
FMOD	up	2	1.0	0.692967	0.00157791	1.38593
ZNF681	down	2	1.0	-0.692762	5.23002e-05	1.38552
TBC1D10C	up	2	1.0	0.692737	8.66251e-06	1.38547
PEAR1	up	2	1.0	0.692597	1.82525e-09	1.38519
ATP2B1	down	2	1.0	-0.6924	7.08893e-07	1.3848
SRGAP2C	up	2	1.0	0.692372	1.30263e-08	1.38474
ECH1	down	2	1.0	-0.692249	8.48713e-09	1.3845
LAIR1	up	2	1.0	0.691994	0.000454905	1.38399
GJA4	up	2	1.0	0.691838	3.23589e-11	1.38368
TPRG1L	down	2	1.0	-0.691687	1.8881e-11	1.38337
DNAJB11	up	2	1.0	0.691332	3.4494e-12	1.38266
GABRA2	down	2	1.0	-0.691216	0.00443116	1.38243
PHF21A	up	2	1.0	0.690856	1.76256e-10	1.38171
RASSF8	up	2	1.0	0.690554	1.66299e-07	1.38111
TSHZ1	down	2	1.0	-0.690549	5.67369e-07	1.3811
MLLT11	up	2	1.0	0.690183	2.62319e-07	1.38037
ZSCAN31	down	2	1.0	-0.690068	0.00281066	1.38014
SLC52A3	down	2	1.0	-0.689981	0.000200492	1.37996
KIAA1804	down	2	1.0	-0.689877	2.21659e-10	1.37975
GM2A	up	2	1.0	0.689789	1.08396e-06	1.37958
DAZAP2	down	2	1.0	-0.689773	1.49271e-07	1.37955
FMN1	down	2	1.0	-0.689387	9.47861e-08	1.37877
SLCO5A1	up	2	1.0	0.689086	6.38056e-09	1.37817
AGPAT4-IT1	up	2	1.0	0.688797	6.99041e-08	1.37759
GAB3	up	2	1.0	0.688365	2.95509e-10	1.37673
ACAA1	down	2	1.0	-0.688052	8.185e-08	1.3761
TRPV1	down	2	1.0	-0.687909	3.16779e-05	1.37582
GABRB2	down	2	1.0	-0.687855	4.64109e-06	1.37571
KIAA1211	down	2	1.0	-0.687642	9.81272e-06	1.37528
HSPA6	up	2	1.0	0.687481	3.22415e-08	1.37496
TTC22	down	2	1.0	-0.687256	6.76356e-07	1.37451
CPNE2	down	2	1.0	-0.686987	1.66756e-10	1.37397
RERG	up	2	1.0	0.686824	7.18518e-05	1.37365
LIX1L	up	2	1.0	0.686703	8.24095e-09	1.37341
CASP6	down	2	1.0	-0.686695	3.27493e-12	1.37339
AFAP1L2	up	2	1.0	0.686692	3.70769e-06	1.37338
GZMH	up	2	1.0	0.686492	1.25504e-07	1.37298
S100A6	up	2	1.0	0.686458	9.72881e-08	1.37292
CSF3	up	2	1.0	0.686364	4.80714e-08	1.37273
C11orf96	up	2	1.0	0.68606	1.69431e-10	1.37212
IL17A	up	2	1.0	0.686042	1.55196e-09	1.37208
SEC11C	up	2	1.0	0.685885	4.64787e-10	1.37177
RFX5	up	2	1.0	0.685873	3.5538e-07	1.37175
PLK3	up	2	1.0	0.68587	7.54551e-08	1.37174
CD81	up	2	1.0	0.685545	5.46448e-09	1.37109
SOS2	down	2	1.0	-0.684743	8.92462e-09	1.36949
PLIN2	down	2	1.0	-0.68407	3.38467e-06	1.36814
KCTD4	down	2	1.0	-0.683914	2.56562e-06	1.36783
CEP85L	up	2	1.0	0.683727	1.88278e-05	1.36745
ACVR1B	down	2	1.0	-0.68369	2.33197e-12	1.36738
MX1	up	2	1.0	0.683248	2.33038e-05	1.3665
IRF9	up	2	1.0	0.683237	7.03747e-08	1.36647
ERAP2	up	2	1.0	0.68277	0.00282372	1.36554
NRG4	down	2	1.0	-0.681541	2.14457e-05	1.36308
PRELID2	down	2	1.0	-0.681536	1.02278e-08	1.36307
NFKBIA	up	2	1.0	0.681453	7.32505e-10	1.36291
NMNAT3	down	2	1.0	-0.681372	2.1374e-05	1.36274
PCDH7	up	2	1.0	0.68127	4.95962e-15	1.36254
CDC42EP2	up	2	1.0	0.681218	1.67602e-08	1.36244
TTPA	down	2	1.0	-0.681069	2.90022e-10	1.36214
UGT8	down	2	1.0	-0.681016	1.15127e-07	1.36203
NSUN3	down	2	1.0	-0.680899	4.41867e-07	1.3618
GLRX	up	2	1.0	0.680726	2.1096e-05	1.36145
IFIT5	up	2	1.0	0.680613	0.000170944	1.36123
ARV1	down	2	1.0	-0.680443	1.39747e-07	1.36089
PHF7	down	2	1.0	-0.680346	1.14843e-07	1.36069
APOH	down	2	1.0	-0.680013	1.04842e-05	1.36003
SPTLC3	down	2	1.0	-0.679753	6.31175e-07	1.35951
MACROD1	down	2	1.0	-0.679526	6.70744e-09	1.35905
CTSC	up	2	1.0	0.679314	2.27243e-05	1.35863
CBX4	up	2	1.0	0.679177	1.30128e-06	1.35835
APIP	up	2	1.0	0.679021	0.000305285	1.35804
PPP1R1B	down	2	1.0	-0.678926	1.1905e-11	1.35785
FAM13C	up	2	1.0	0.678742	6.50937e-05	1.35748
TMEM39A	up	2	1.0	0.678705	5.54953e-05	1.35741
MIF	up	2	1.0	0.678699	4.55472e-08	1.3574
DENND1B	down	2	1.0	-0.678408	2.79281e-08	1.35682
MIGA2	down	2	1.0	-0.678404	1.36623e-05	1.35681
TLR6	up	2	1.0	0.678391	5.57711e-05	1.35678
DENND1C	up	2	1.0	0.678243	1.14952e-07	1.35649
DGKD	down	2	1.0	-0.678044	2.05345e-12	1.35609
RASGRF2	up	2	1.0	0.678028	4.7691e-07	1.35606
TXNDC15	up	2	1.0	0.677898	2.58802e-08	1.3558
TBC1D12	down	2	1.0	-0.677711	7.78234e-06	1.35542
LOC100506990	down	2	1.0	-0.677503	9.88678e-07	1.35501
RNF125	down	2	1.0	-0.677071	2.50914e-05	1.35414
LSP1	up	2	1.0	0.676903	4.35138e-07	1.35381
KLHL14	up	2	1.0	0.676774	1.34683e-07	1.35355
BMS1P20	up	2	1.0	0.675614	2.77456e-07	1.35123
ADD3	down	2	1.0	-0.675599	4.18903e-11	1.3512
FAM110C	down	2	1.0	-0.675539	2.90918e-09	1.35108
PPM1A	down	2	1.0	-0.675516	1.85565e-09	1.35103
MPV17L	down	2	1.0	-0.675358	0.000142256	1.35072
IFI35	up	2	1.0	0.675342	3.30876e-10	1.35068
PROM2	down	2	1.0	-0.675243	9.44431e-07	1.35049
ANKRD29	up	2	1.0	0.675179	6.38588e-08	1.35036
EMILIN2	up	2	1.0	0.67515	3.50131e-08	1.3503
CYLD	up	2	1.0	0.675092	2.47568e-07	1.35018
RAB23	up	2	1.0	0.674164	2.89401e-07	1.34833
SHH	up	2	1.0	0.673378	1.76644e-06	1.34676
CPS1	up	2	1.0	0.673361	0.00165707	1.34672
NAT1	down	2	1.0	-0.673315	0.000179643	1.34663
ANLN	up	2	1.0	0.673177	0.000164638	1.34635
DUSP16	down	2	1.0	-0.673048	2.83953e-07	1.3461
SERINC5	down	2	1.0	-0.672867	2.23639e-14	1.34573
SYTL4	down	2	1.0	-0.672425	1.27069e-06	1.34485
COL7A1	up	2	1.0	0.672397	2.26659e-09	1.34479
DPT	up	2	1.0	0.671878	3.54874e-05	1.34376
BACE1	up	2	1.0	0.671633	1.79904e-11	1.34327
SLC2A6	up	2	1.0	0.671409	1.37507e-08	1.34282
MKRN1	down	2	1.0	-0.671268	1.12157e-10	1.34254
HOXA4	down	2	1.0	-0.67125	5.1737e-06	1.3425
ACKR3	up	2	1.0	0.671172	5.78717e-07	1.34234
AOX1	up	2	1.0	0.671129	2.95453e-07	1.34226
PPP1R14D	down	2	1.0	-0.671024	1.86692e-09	1.34205
HCCS	down	2	1.0	-0.670767	4.14296e-06	1.34153
ADAMTS3	up	2	1.0	0.67074	6.90018e-12	1.34148
SPRYD7	down	2	1.0	-0.670613	4.48398e-13	1.34123
NLRC3	up	2	1.0	0.670235	1.30735e-07	1.34047
VTI1B	down	2	1.0	-0.670198	2.61073e-08	1.3404
GLTP	down	2	1.0	-0.669918	7.65679e-09	1.33984
GPRIN2	down	2	1.0	-0.669914	0.000119962	1.33983
ZNRF3	down	2	1.0	-0.669822	2.99281e-07	1.33964
LIF	up	2	1.0	0.669802	7.90957e-07	1.3396
HCST	up	2	1.0	0.669463	6.29113e-06	1.33893
CEP135	up	2	1.0	0.669461	1.67587e-05	1.33892
MRPL34	down	2	1.0	-0.669152	4.83768e-08	1.3383
TUFT1	down	2	1.0	-0.669072	9.54584e-08	1.33814
LTK	down	2	1.0	-0.668606	1.23353e-05	1.33721
MINPP1	down	2	1.0	-0.668459	1.818e-11	1.33692
MYRFL	up	2	1.0	0.668354	0.00984661	1.33671
NEO1	down	2	1.0	-0.66821	1.144e-05	1.33642
AP5M1	down	2	1.0	-0.668181	2.37636e-07	1.33636
UQCR10	down	2	1.0	-0.667946	1.26182e-05	1.33589
TRIB1	up	2	1.0	0.667475	4.62425e-06	1.33495
LIMK1	up	2	1.0	0.667372	2.88692e-11	1.33474
APH1B	up	2	1.0	0.66719	8.66866e-06	1.33438
ACTN1	up	2	1.0	0.667128	4.49064e-07	1.33426
TGFBR2	up	2	1.0	0.667092	7.06021e-06	1.33418
TRAK2	down	2	1.0	-0.666901	1.29967e-08	1.3338
LYST	up	2	1.0	0.666641	1.7302e-08	1.33328
IL1R2	down	2	1.0	-0.666631	9.02926e-06	1.33326
TSPYL5	up	2	1.0	0.666582	4.53445e-05	1.33316
RNF183	up	2	1.0	0.666453	6.73079e-10	1.33291
ICAM3	up	2	1.0	0.666385	9.09221e-11	1.33277
MGC24103	up	2	1.0	0.666326	2.4739e-07	1.33265
PUS10	down	2	1.0	-0.665173	6.25509e-05	1.33035
LOC648987	up	2	1.0	0.665123	4.73728e-07	1.33025
CD9	down	2	1.0	-0.664959	2.96756e-05	1.32992
TMEM116	down	2	1.0	-0.66492	0.000190997	1.32984
AMPD1	down	2	1.0	-0.664785	4.95324e-12	1.32957
KIT	up	2	1.0	0.664654	0.000262862	1.32931
NTRK2	down	2	1.0	-0.664367	0.00238202	1.32873
MFNG	up	2	1.0	0.664324	5.95056e-06	1.32865
CASD1	down	2	1.0	-0.664309	0.000240598	1.32862
SLC35G2	up	2	1.0	0.663923	2.40488e-09	1.32785
BATF	up	2	1.0	0.663721	3.7348e-09	1.32744
RNASE2	up	2	1.0	0.663643	7.28757e-07	1.32729
PLA2G10	down	2	1.0	-0.663245	0.00077204	1.32649
SGTB	up	2	1.0	0.663186	1.11066e-06	1.32637
SHANK2	down	2	1.0	-0.662979	9.73937e-06	1.32596
HYAL1	up	2	1.0	0.662945	0.00285707	1.32589
MYO5B	down	2	1.0	-0.662633	9.99226e-09	1.32527
SEPHS2	down	2	1.0	-0.662271	1.48003e-11	1.32454
LAG3	up	2	1.0	0.661691	2.34257e-08	1.32338
F2RL1	down	2	1.0	-0.66159	1.56047e-05	1.32318
CLCN4	up	2	1.0	0.660997	1.06225e-10	1.32199
HVCN1	up	2	1.0	0.660889	6.75399e-09	1.32178
FAM110B	up	2	1.0	0.6603	2.54108e-05	1.3206
SRPRB	up	2	1.0	0.659768	3.80347e-06	1.31954
CDC27	up	2	1.0	0.6597	4.37665e-07	1.3194
LCMT1	down	2	1.0	-0.65939	1.92173e-07	1.31878
DOCK1	down	2	1.0	-0.659138	8.43702e-07	1.31828
RBM47	down	2	1.0	-0.659016	1.24399e-09	1.31803
IRF6	down	2	1.0	-0.658994	3.87574e-12	1.31799
CSRNP1	up	2	1.0	0.658957	8.90753e-07	1.31791
CLDN15	down	2	1.0	-0.658852	4.62835e-09	1.3177
SIGLEC12	up	2	1.0	0.658794	1.18915e-07	1.31759
SLC7A1	up	2	1.0	0.658503	1.7233e-08	1.31701
ECM1	up	2	1.0	0.658441	4.10963e-10	1.31688
UBE2S	up	2	1.0	0.658319	7.12798e-07	1.31664
FGD3	up	2	1.0	0.658198	4.4236e-08	1.3164
SAMD4A	up	2	1.0	0.658097	8.58009e-06	1.31619
LRFN5	up	2	1.0	0.658057	8.40242e-10	1.31611
MAP3K5	up	2	1.0	0.658011	7.6734e-06	1.31602
SMPDL3B	down	2	1.0	-0.657775	5.43299e-09	1.31555
FKBP5	up	2	1.0	0.65735	1.71392e-07	1.3147
ENO2	up	2	1.0	0.657272	8.3294e-07	1.31454
HADHA	down	2	1.0	-0.65706	1.64298e-08	1.31412
LAT2	up	2	1.0	0.657042	2.46032e-08	1.31408
BMP5	down	2	1.0	-0.656921	9.99462e-08	1.31384
NOL4L	down	2	1.0	-0.656761	4.40044e-09	1.31352
MIER1	down	2	1.0	-0.656757	8.58541e-08	1.31351
GDPD3	down	2	1.0	-0.65639	6.54644e-06	1.31278
PTPN3	down	2	1.0	-0.65637	1.69431e-10	1.31274
FRK	down	2	1.0	-0.656203	2.28339e-07	1.31241
ASTE1	down	2	1.0	-0.655745	1.06552e-05	1.31149
FAM150B	down	2	1.0	-0.655635	1.588e-08	1.31127
C2CD5	down	2	1.0	-0.655563	4.83873e-05	1.31113
B9D1	up	2	1.0	0.654551	1.01213e-05	1.3091
CCL15-CCL14	down	2	1.0	-0.654531	9.10424e-07	1.30906
PRKACB	down	2	1.0	-0.654463	3.1128e-10	1.30893
WDR54	up	2	1.0	0.654381	9.57083e-08	1.30876
HPSE	up	2	1.0	0.654375	1.35092e-07	1.30875
FKBP14	up	2	1.0	0.654288	0.000251338	1.30858
AQP1	up	2	1.0	0.654161	1.44026e-08	1.30832
MET	up	2	1.0	0.653914	5.24787e-05	1.30783
CXADR	down	2	1.0	-0.653869	1.22098e-05	1.30774
CXorf65	up	2	1.0	0.653737	3.86115e-06	1.30747
CD8A	up	2	1.0	0.65332	1.76645e-05	1.30664
KCNG3	down	2	1.0	-0.653304	5.62523e-05	1.30661
EGFLAM	up	2	1.0	0.653126	1.32033e-10	1.30625
RGMB	down	2	1.0	-0.65275	4.38086e-10	1.3055
DNAJC3	up	2	1.0	0.652503	1.55009e-07	1.30501
DUSP1	up	2	1.0	0.652326	0.000455989	1.30465
RASA3	up	2	1.0	0.652315	6.36674e-07	1.30463
MAP2K6	down	2	1.0	-0.652119	1.10448e-11	1.30424
TCP11L2	down	2	1.0	-0.65188	6.42335e-06	1.30376
EEF2K	down	2	1.0	-0.651746	1.68883e-06	1.30349
PDLIM4	up	2	1.0	0.651496	6.62776e-10	1.30299
MGST1	down	2	1.0	-0.65135	0.000476782	1.3027
KCNG1	down	2	1.0	-0.651317	4.83796e-06	1.30263
TSTD1	down	2	1.0	-0.651281	2.15557e-09	1.30256
TM4SF4	up	2	1.0	0.650914	6.57788e-05	1.30183
ACO2	down	2	1.0	-0.650727	3.79585e-10	1.30145
ZNF326	down	2	1.0	-0.650668	2.43575e-05	1.30134
NDFIP2	down	2	1.0	-0.650286	3.13338e-08	1.30057
LGALSL	down	2	1.0	-0.649926	1.15869e-05	1.29985
PIAS3	up	2	1.0	0.6498	4.9107e-08	1.2996
CSF1R	up	2	1.0	0.649645	2.26169e-05	1.29929
GLYCTK	down	2	1.0	-0.64963	1.12861e-05	1.29926
LYRM7	down	2	1.0	-0.649417	1.50475e-08	1.29883
RPL10L	down	2	1.0	-0.649407	3.90143e-08	1.29881
PELO	up	2	1.0	0.649344	1.67565e-05	1.29869
CMTM3	up	2	1.0	0.649232	1.4135e-05	1.29846
BTN3A2	up	2	1.0	0.649032	2.02927e-05	1.29806
NFAM1	up	2	1.0	0.648995	1.08991e-07	1.29799
LATS2	up	2	1.0	0.648816	3.22151e-13	1.29763
BLM	up	2	1.0	0.648578	9.53465e-05	1.29716
MOGAT3	down	2	1.0	-0.648536	1.41082e-05	1.29707
TMEM119	up	2	1.0	0.648251	2.43585e-09	1.2965
MAGED4	up	2	1.0	0.648159	1.20534e-15	1.29632
ALCAM	up	2	1.0	0.647967	0.000840741	1.29593
SNN	up	2	1.0	0.647674	7.21439e-07	1.29535
ABCC6	down	2	1.0	-0.647668	4.78051e-05	1.29534
ENGASE	down	2	1.0	-0.647566	1.1853e-06	1.29513
ABHD17C	down	2	1.0	-0.647299	4.07883e-08	1.2946
E2F5	up	2	1.0	0.64662	9.38178e-05	1.29324
TMEM106A	up	2	1.0	0.646209	1.06255e-08	1.29242
COQ9	down	2	1.0	-0.646184	1.99017e-07	1.29237
PFKP	up	2	1.0	0.646091	8.5918e-08	1.29218
ZNF267	up	2	1.0	0.646086	6.9548e-08	1.29217
LRRCC1	down	2	1.0	-0.645937	1.0234e-06	1.29187
RCN1	up	2	1.0	0.645907	6.77434e-08	1.29181
ULK3	down	2	1.0	-0.645861	3.09993e-06	1.29172
TMEM184B	up	2	1.0	0.645528	7.24266e-09	1.29106
IL26	up	2	1.0	0.645486	5.95456e-09	1.29097
PAPSS1	up	2	1.0	0.645373	4.49982e-05	1.29075
BMP8B	down	2	1.0	-0.64521	1.43425e-05	1.29042
SYTL1	up	2	1.0	0.645203	1.47142e-08	1.29041
NVL	down	2	1.0	-0.645169	1.31572e-06	1.29034
CFLAR	up	2	1.0	0.645166	1.38282e-12	1.29033
AKIRIN2	up	2	1.0	0.644812	9.40237e-10	1.28962
ATP2C2	down	2	1.0	-0.644587	0.000169626	1.28917
RNPC3	down	2	1.0	-0.644462	1.63714e-08	1.28892
MRPS36	down	2	1.0	-0.644457	6.70359e-07	1.28891
KCNAB2	up	2	1.0	0.64441	0.000591602	1.28882
SLC7A2	up	2	1.0	0.644074	0.00110846	1.28815
CELA3A	down	2	1.0	-0.643991	0.00012186	1.28798
MRPS25	down	2	1.0	-0.643724	6.81577e-09	1.28745
PLA2R1	down	2	1.0	-0.64367	3.56093e-05	1.28734
TAGLN	up	2	1.0	0.643219	0.00123445	1.28644
ARHGAP28	up	2	1.0	0.643175	3.69595e-06	1.28635
MAP1B	up	2	1.0	0.643176	0.000224125	1.28635
ALOX5AP	up	2	1.0	0.643159	0.0104506	1.28632
PLA2G16	up	2	1.0	0.6431	1.78811e-05	1.2862
CHP1	down	2	1.0	-0.642902	2.40319e-09	1.2858
PNPLA4	down	2	1.0	-0.642565	4.352e-05	1.28513
BCL6B	up	2	1.0	0.642346	2.57982e-09	1.28469
ARSD	down	2	1.0	-0.642226	5.65282e-05	1.28445
CAPN5	down	2	1.0	-0.642183	6.27378e-09	1.28437
C9orf40	down	2	1.0	-0.642149	1.92168e-07	1.2843
WNT2	up	2	1.0	0.642151	2.53944e-07	1.2843
FRY	up	2	1.0	0.641769	3.87894e-06	1.28354
LDHB	up	2	1.0	0.641749	1.10081e-05	1.2835
TTC38	down	2	1.0	-0.641643	5.29136e-08	1.28329
HYKK	down	2	1.0	-0.641616	1.95557e-08	1.28323
ZBED2	up	2	1.0	0.64159	2.59146e-13	1.28318
SOD3	up	2	1.0	0.641539	0.00242191	1.28308
EPHX1	down	2	1.0	-0.641449	3.28206e-07	1.2829
AOC1	down	2	1.0	-0.641233	5.00549e-06	1.28247
CHPF	up	2	1.0	0.641121	9.65247e-09	1.28224
ACP5	up	2	1.0	0.640999	0.0005958	1.282
NRP2	up	2	1.0	0.640961	1.42904e-06	1.28192
WFS1	up	2	1.0	0.640912	1.13463e-09	1.28182
SGCE	up	2	1.0	0.64062	0.00274019	1.28124
SHROOM2	down	2	1.0	-0.640359	4.42369e-05	1.28072
CLDN12	up	2	1.0	0.640123	2.39998e-08	1.28025
ZNF275	up	2	1.0	0.640119	3.4606e-06	1.28024
CPEB3	down	2	1.0	-0.640095	1.40828e-06	1.28019
TIGAR	up	2	1.0	0.640015	0.000157257	1.28003
CTSA	down	2	1.0	-0.639963	1.35597e-08	1.27993
CELF2	up	2	1.0	0.639901	3.31146e-09	1.2798
CPZ	up	2	1.0	0.639691	6.94693e-12	1.27938
GGH	down	2	1.0	-0.639649	4.25455e-05	1.2793
HOOK2	down	2	1.0	-0.639556	4.22589e-09	1.27911
PPM1M	up	2	1.0	0.639027	6.93487e-10	1.27805
HADHB	down	2	1.0	-0.638605	3.75741e-07	1.27721
ERMP1	down	2	1.0	-0.638586	5.22916e-10	1.27717
GSTT1	down	2	1.0	-0.638043	0.149532	1.27609
RAB30	up	2	1.0	0.637966	5.04718e-07	1.27593
AKR1C3	down	2	1.0	-0.637927	1.81836e-06	1.27585
LGR4	down	2	1.0	-0.637852	3.92889e-08	1.2757
TMEM192	down	2	1.0	-0.637571	1.04256e-05	1.27514
HINFP	down	2	1.0	-0.63749	5.79912e-06	1.27498
TGIF2	up	2	1.0	0.637215	6.9678e-11	1.27443
BRPF3	down	2	1.0	-0.636861	2.41626e-13	1.27372
UNC5B	down	2	1.0	-0.636842	1.15455e-05	1.27368
FAT4	up	2	1.0	0.636549	8.16669e-06	1.2731
CTH	down	2	1.0	-0.636491	1.8341e-06	1.27298
STRBP	down	2	1.0	-0.636437	1.71776e-09	1.27287
NDUFA6	down	2	1.0	-0.636423	7.19192e-13	1.27285
EPS8L2	down	2	1.0	-0.636261	1.11484e-07	1.27252
ADCY7	up	2	1.0	0.636172	2.17904e-06	1.27234
PPARA	down	2	1.0	-0.635309	8.13341e-11	1.27062
LIMD2	up	2	1.0	0.635306	4.24298e-10	1.27061
KRT20	down	2	1.0	-0.635247	9.63255e-08	1.27049
HTR3C	down	2	1.0	-0.63519	3.29745e-06	1.27038
CPM	down	2	1.0	-0.635015	1.49876e-05	1.27003
SCP2	down	2	1.0	-0.634961	1.16123e-15	1.26992
SCNN1A	down	2	1.0	-0.634769	2.10002e-05	1.26954
MPZL3	down	2	1.0	-0.634642	9.09828e-07	1.26928
SRGAP2	up	2	1.0	0.634356	4.44559e-10	1.26871
NDUFA5	down	2	1.0	-0.633976	7.90528e-06	1.26795
CD276	up	2	1.0	0.633938	2.19044e-06	1.26788
RFTN2	up	2	1.0	0.633276	9.18619e-06	1.26655
RUNX1	up	2	1.0	0.633251	7.51622e-13	1.2665
SDF2L1	up	2	1.0	0.633187	1.525e-08	1.26637
TMEM209	down	2	1.0	-0.633062	9.54453e-07	1.26612
GK3P	up	2	1.0	0.632845	4.51616e-06	1.26569
CCDC68	down	2	1.0	-0.632615	5.68821e-05	1.26523
SEC13	up	2	1.0	0.632584	4.73169e-12	1.26517
SSR3	up	2	1.0	0.632537	7.13211e-06	1.26507
NEXN	up	2	1.0	0.632485	4.84532e-05	1.26497
VDR	down	2	1.0	-0.632197	1.12057e-10	1.26439
AIF1	up	2	1.0	0.632081	0.000622654	1.26416
UBE2J1	up	2	1.0	0.631712	7.19063e-06	1.26342
EVL	up	2	1.0	0.631672	7.9926e-08	1.26334
MYLIP	down	2	1.0	-0.631668	3.75578e-07	1.26334
FAM19A2	down	2	1.0	-0.631522	1.57098e-06	1.26304
GALNT2	up	2	1.0	0.631503	2.32297e-10	1.26301
DPF3	down	2	1.0	-0.631391	7.90371e-09	1.26278
MAGED2	up	2	1.0	0.630741	6.26644e-05	1.26148
MARS	up	2	1.0	0.630027	5.22385e-08	1.26005
FICD	up	2	1.0	0.62978	1.32972e-08	1.25956
NCS1	up	2	1.0	0.629656	4.41721e-06	1.25931
DDHD1	up	2	1.0	0.629479	4.55236e-08	1.25896
EDNRB	up	2	1.0	0.629287	0.00548004	1.25857
PPT1	up	2	1.0	0.6292	3.91835e-07	1.2584
GSTO2	down	2	1.0	-0.629064	1.31e-05	1.25813
TMPRSS4	down	2	1.0	-0.628788	9.22771e-07	1.25758
CDS1	down	2	1.0	-0.628682	2.51443e-08	1.25736
TTC7B	up	2	1.0	0.628547	1.32048e-05	1.25709
KIAA1522	down	2	1.0	-0.628537	1.16927e-10	1.25707
ME2	down	2	1.0	-0.628244	0.000113807	1.25649
TMLHE	down	2	1.0	-0.628009	6.50864e-06	1.25602
WDR19	up	2	1.0	0.627972	3.52391e-05	1.25594
HDAC7	up	2	1.0	0.627887	1.21753e-16	1.25577
ADCY9	down	2	1.0	-0.627832	2.00835e-07	1.25566
COQ5	down	2	1.0	-0.627521	3.00286e-05	1.25504
GPAT3	down	2	1.0	-0.627491	0.000686069	1.25498
ALAD	down	2	1.0	-0.627405	1.48618e-08	1.25481
MSI2	up	2	1.0	0.627314	1.1793e-10	1.25463
ZNF823	down	2	1.0	-0.627317	7.17786e-08	1.25463
CARMN	up	2	1.0	0.626905	0.0020353	1.25381
TMEM206	up	2	1.0	0.626572	6.68254e-09	1.25314
SFXN5	down	2	1.0	-0.626449	9.32211e-06	1.2529
ZSWIM3	down	2	1.0	-0.626375	2.66774e-05	1.25275
SLC38A5	up	2	1.0	0.625942	1.33902e-09	1.25188
WIPF2	down	2	1.0	-0.625942	1.76375e-06	1.25188
PINK1	down	2	1.0	-0.625935	7.33542e-07	1.25187
MYDGF	up	2	1.0	0.625804	1.47929e-06	1.25161
MYL5	down	2	1.0	-0.625638	1.45414e-05	1.25128
SEMG1	up	2	1.0	0.625622	1.40675e-07	1.25124
PHGDH	up	2	1.0	0.625413	1.12915e-07	1.25083
CPA2	down	2	1.0	-0.625341	9.66737e-06	1.25068
MALT1	up	2	1.0	0.625202	1.45307e-05	1.2504
STAT5A	up	2	1.0	0.625161	9.83161e-09	1.25032
BTLA	up	2	1.0	0.625108	0.000319916	1.25022
HMGCR	down	2	1.0	-0.625041	8.48986e-07	1.25008
DENND4C	down	2	1.0	-0.625029	2.04736e-09	1.25006
MAD2L2	up	2	1.0	0.624977	1.14483e-11	1.24995
POF1B	down	2	1.0	-0.624806	1.47696e-06	1.24961
GON7	down	2	1.0	-0.624657	1.49876e-05	1.24931
PPDPF	down	2	1.0	-0.624408	1.51822e-06	1.24882
NEDD4	up	2	1.0	0.623571	0.000248925	1.24714
ERI1	up	2	1.0	0.6231	2.31043e-09	1.2462
PPP1R14A	down	2	1.0	-0.622981	0.000114205	1.24596
CFL2	up	2	1.0	0.622739	2.77047e-05	1.24548
CMTM2	up	2	1.0	0.622545	4.66796e-08	1.24509
MAGEH1	up	2	1.0	0.62234	7.03389e-07	1.24468
SLC15A2	up	2	1.0	0.622043	6.6372e-08	1.24409
ETFA	down	2	1.0	-0.621914	7.50481e-05	1.24383
INPP4A	up	2	1.0	0.62186	2.29732e-06	1.24372
GDE1	down	2	1.0	-0.621668	2.17911e-12	1.24334
TMEM94	down	2	1.0	-0.621497	2.4831700000000004e-18	1.24299
PDCD6IP	down	2	1.0	-0.621475	3.61047e-07	1.24295
MOB3B	down	2	1.0	-0.620864	1.59877e-13	1.24173
PTPRO	down	2	1.0	-0.62075	0.0151417	1.2415
LIAS	down	2	1.0	-0.620483	3.4058e-07	1.24097
SPATA2	down	2	1.0	-0.619712	5.28546e-09	1.23942
NOCT	up	2	1.0	0.61966	0.000166605	1.23932
ARPC1B	up	2	1.0	0.619639	1.16442e-07	1.23928
PHLDB2	up	2	1.0	0.619617	6.4433e-05	1.23923
GBA2	down	2	1.0	-0.619474	1.13405e-09	1.23895
GATA6	down	2	1.0	-0.619356	2.22716e-10	1.23871
PXMP4	down	2	1.0	-0.619282	5.0355e-08	1.23856
DOLPP1	down	2	1.0	-0.619235	8.85068e-08	1.23847
LPXN	up	2	1.0	0.618914	2.13389e-08	1.23783
TMC6	up	2	1.0	0.618915	1.10425e-07	1.23783
NECAB3	down	2	1.0	-0.618846	5.01486e-11	1.23769
NBN	up	2	1.0	0.618748	3.35258e-12	1.2375
SNED1	up	2	1.0	0.618739	5.26861e-11	1.23748
STYK1	down	2	1.0	-0.618588	0.000126071	1.23718
ABO	down	2	1.0	-0.618482	0.00013539	1.23696
PEX19	down	2	1.0	-0.618329	4.22858e-08	1.23666
LGI2	up	2	1.0	0.618314	7.96438e-10	1.23663
CRLS1	down	2	1.0	-0.618079	2.8022e-07	1.23616
KDELC1	up	2	1.0	0.617976	4.32186e-05	1.23595
RARRES2	up	2	1.0	0.617961	7.23097e-06	1.23592
DLGAP1-AS1	up	2	1.0	0.617936	5.63576e-10	1.23587
SNX24	down	2	1.0	-0.617916	7.14993e-09	1.23583
GPRC5C	down	2	1.0	-0.617727	1.26973e-07	1.23545
CTNNAL1	up	2	1.0	0.617699	0.000248977	1.2354
AKAP7	down	2	1.0	-0.617556	0.000268773	1.23511
TRIP13	up	2	1.0	0.617486	1.41744e-06	1.23497
EPB41L2	up	2	1.0	0.617382	1.56811e-05	1.23476
MICALCL	down	2	1.0	-0.61734	1.1672e-06	1.23468
CXCR6	up	2	1.0	0.617119	4.8412e-06	1.23424
ZNF252P	down	2	1.0	-0.617107	1.63248e-05	1.23421
RWDD2A	up	2	1.0	0.617091	1.83455e-07	1.23418
DENND3	up	2	1.0	0.616839	8.64042e-12	1.23368
DSP	down	2	1.0	-0.616842	4.2524e-07	1.23368
TIFAB	up	2	1.0	0.616824	4.00487e-05	1.23365
EFCAB5	down	2	1.0	-0.616761	3.41362e-05	1.23352
LOC280665	down	2	1.0	-0.616358	1.20619e-05	1.23272
MFSD9	down	2	1.0	-0.616173	4.48723e-11	1.23235
SNAI2	up	2	1.0	0.615877	0.018102	1.23175
COQ3	down	2	1.0	-0.615807	5.47418e-10	1.23161
ZNF564	down	2	1.0	-0.615717	7.59142e-07	1.23143
MAP9	up	2	1.0	0.615708	1.07029e-06	1.23142
PLEKHA2	up	2	1.0	0.615461	2.67385e-06	1.23092
GMNN	down	2	1.0	-0.615355	4.19247e-05	1.23071
MAML2	down	2	1.0	-0.615319	1.3021e-06	1.23064
FERMT3	up	2	1.0	0.615273	3.50185e-06	1.23055
GNG2	up	2	1.0	0.615151	0.00190451	1.2303
FADS3	up	2	1.0	0.614919	3.07669e-06	1.22984
NLRC4	up	2	1.0	0.61478	3.85399e-06	1.22956
STEAP3	down	2	1.0	-0.614202	0.000259496	1.2284
RPL39L	up	2	1.0	0.613615	4.40592e-07	1.22723
MRC1	up	2	1.0	0.613395	0.0014666	1.22679
DBN1	up	2	1.0	0.613071	3.25095e-05	1.22614
MYO1B	up	2	1.0	0.613016	2.16708e-07	1.22603
ACOT9	up	2	1.0	0.612942	1.51721e-14	1.22588
CD6	up	2	1.0	0.612737	9.17985e-08	1.22547
LPL	up	2	1.0	0.61262	7.14362e-08	1.22524
KLK15	down	2	1.0	-0.612578	0.000486858	1.22516
KIF21B	up	2	1.0	0.612498	0.000129097	1.225
ERBB2	down	2	1.0	-0.61237	6.65294e-12	1.22474
LAMB1	up	2	1.0	0.612299	1.92805e-07	1.2246
DZIP1	up	2	1.0	0.612297	1.55417e-08	1.22459
ACY1	down	2	1.0	-0.612235	2.03269e-09	1.22447
SHISA5	up	2	1.0	0.612208	2.03539e-12	1.22442
PIEZO1	up	2	1.0	0.612032	0.000144532	1.22406
CARD11	up	2	1.0	0.611956	2.68015e-10	1.22391
EXOC6B	down	2	1.0	-0.611514	8.66444e-05	1.22303
SCPEP1	up	2	1.0	0.611261	8.37821e-05	1.22252
FMN2	down	2	1.0	-0.611045	0.0171957	1.22209
DOCK10	up	2	1.0	0.610959	0.00189446	1.22192
UGGT1	up	2	1.0	0.610918	1.0644e-07	1.22184
ZNFX1	up	2	1.0	0.610855	3.96502e-11	1.22171
ZNF215	up	2	1.0	0.610814	2.21449e-06	1.22163
HSPG2	up	2	1.0	0.610566	1.0114e-07	1.22113
APOC1	up	2	1.0	0.61049	0.000179475	1.22098
ARRB1	down	2	1.0	-0.610467	1.16313e-05	1.22093
SORBS3	down	2	1.0	-0.610349	2.24397e-06	1.2207
LY9	up	2	1.0	0.610197	2.50787e-06	1.22039
PLEKHJ1	down	2	1.0	-0.609855	1.09774e-11	1.21971
NKG7	up	2	1.0	0.609829	4.10098e-05	1.21966
KIAA1958	down	2	1.0	-0.609747	1.00008e-05	1.21949
NPY6R	down	2	1.0	-0.609702	0.0156439	1.2194
ADCY4	up	2	1.0	0.609691	1.13682e-05	1.21938
FRRS1	down	2	1.0	-0.609326	0.000139438	1.21865
TMEM53	down	2	1.0	-0.609292	6.07675e-06	1.21858
ATP2C1	up	2	1.0	0.609226	4.01499e-07	1.21845
HOXD13	up	2	1.0	0.609019	0.000211606	1.21804
SLC25A13	down	2	1.0	-0.608993	2.75081e-12	1.21799
ABHD5	down	2	1.0	-0.608903	1.69479e-05	1.21781
GBAS	down	2	1.0	-0.608854	7.11565e-10	1.21771
MORF4L2	up	2	1.0	0.608733	1.97556e-09	1.21747
FBLN1	up	2	1.0	0.608689	0.000147956	1.21738
HAPLN1	down	2	1.0	-0.608078	4.17131e-05	1.21616
KPNA2	up	2	1.0	0.607973	9.00735e-06	1.21595
DUOX1	up	2	1.0	0.607966	2.40121e-10	1.21593
PIP4K2A	up	2	1.0	0.607912	1.35893e-08	1.21582
NAGS	down	2	1.0	-0.60779	8.34742e-07	1.21558
MYOF	up	2	1.0	0.607751	0.000202431	1.2155
MYBL2	up	2	1.0	0.60747	2.79447e-05	1.21494
SMAD7	down	2	1.0	-0.607025	0.000171995	1.21405
GABRE	up	2	1.0	0.606748	0.00576329	1.2135
SRPRA	up	2	1.0	0.6065	9.09436e-09	1.213
GALNT18	up	2	1.0	0.606479	3.82885e-12	1.21296
TXLNB	up	2	1.0	0.606125	8.14796e-09	1.21225
CDC6	up	2	1.0	0.605773	0.000392576	1.21155
BCL3	up	2	1.0	0.605565	1.26081e-05	1.21113
NOX4	up	2	1.0	0.605508	1.332e-13	1.21102
UBL3	down	2	1.0	-0.605262	1.03135e-06	1.21052
SPRED2	down	2	1.0	-0.605225	2.52022e-10	1.21045
MMP13	up	2	1.0	0.605164	0.000123886	1.21033
PDLIM7	up	2	1.0	0.604928	1.94758e-16	1.20986
SLC16A2	up	2	1.0	0.604758	4.29843e-09	1.20952
PGRMC1	down	2	1.0	-0.604761	5.3796e-07	1.20952
KCNV1	down	2	1.0	-0.604614	5.84469e-05	1.20923
KDF1	down	2	1.0	-0.604274	4.06732e-09	1.20855
GLG1	up	2	1.0	0.603989	1.86559e-05	1.20798
MAPKAPK5-AS1	down	2	1.0	-0.603897	1.16378e-05	1.20779
CIB2	down	2	1.0	-0.603863	0.00039811	1.20773
RCSD1	up	2	1.0	0.603862	1.22951e-05	1.20772
DHRS1	down	2	1.0	-0.603777	1.06444e-07	1.20755
PNP	up	2	1.0	0.603699	3.55725e-08	1.2074
DUSP22	up	2	1.0	0.603493	1.04891e-09	1.20699
CEBPA	down	2	1.0	-0.603452	3.63406e-07	1.2069
SDHB	down	2	1.0	-0.603239	1.01286e-06	1.20648
TNFSF9	up	2	1.0	0.602871	3.35919e-07	1.20574
NCR3LG1	down	2	1.0	-0.602755	1.73622e-05	1.20551
ARSB	up	2	1.0	0.602659	8.61458e-07	1.20532
ABR	down	2	1.0	-0.602064	5.07634e-08	1.20413
ATP5G3	down	2	1.0	-0.601875	5.5279e-06	1.20375
FOXA1	down	2	1.0	-0.601629	1.51901e-08	1.20326
ARHGAP31	up	2	1.0	0.601535	1.29705e-05	1.20307
KIFAP3	down	2	1.0	-0.601203	0.000112761	1.20241
NR2F6	down	2	1.0	-0.601162	3.48182e-10	1.20232
CDH17	down	2	1.0	-0.60088	4.56871e-08	1.20176
PTGR2	down	2	1.0	-0.600846	2.02989e-05	1.20169
PTPRS	up	2	1.0	0.600803	1.04217e-12	1.20161
CYP27B1	up	2	1.0	0.600704	3.22237e-09	1.20141
DERA	down	2	1.0	-0.600579	1.01618e-06	1.20116
ARMCX3	up	2	1.0	0.600383	9.64779e-08	1.20077
ATOH1	down	2	1.0	-0.600091	1.28431e-06	1.20018
SPATA20	down	2	1.0	-0.599795	2.86231e-05	1.19959
SLC30A1	down	2	1.0	-0.5997	0.000216776	1.1994
AGBL2	down	2	1.0	-0.599394	3.57483e-07	1.19879
POLR3G	up	2	1.0	0.599306	3.71921e-06	1.19861
NUDT6	down	2	1.0	-0.599159	1.6293e-06	1.19832
KCNIP4	down	2	1.0	-0.598981	2.46902e-05	1.19796
DNM1	up	2	1.0	0.59862	9.92473e-10	1.19724
GOT1	down	2	1.0	-0.598602	3.37308e-09	1.1972
SCO1	down	2	1.0	-0.598461	0.00013178	1.19692
ARHGAP35	down	2	1.0	-0.598251	8.93421e-16	1.1965
CYGB	up	2	1.0	0.598245	1.39657e-05	1.19649
IFT57	down	2	1.0	-0.598162	6.50721e-07	1.19632
STON2	down	2	1.0	-0.598059	9.59584e-06	1.19612
C1orf216	up	2	1.0	0.597946	2.33868e-08	1.19589
TSPAN4	up	2	1.0	0.597919	6.01021e-09	1.19584
MPEG1	up	2	1.0	0.597843	0.00144363	1.19569
TOM1L1	down	2	1.0	-0.597656	6.66919e-08	1.19531
ATP1B3	down	2	1.0	-0.597529	2.26757e-08	1.19506
NR6A1	down	2	1.0	-0.597322	1.05899e-08	1.19464
ADPRHL1	down	2	1.0	-0.597116	8.16912e-10	1.19423
BCKDHB	down	2	1.0	-0.597012	4.19088e-05	1.19402
CD226	up	2	1.0	0.596888	0.000336239	1.19378
DLEU2	up	2	1.0	0.596747	0.00369688	1.19349
PGD	up	2	1.0	0.596726	2.1369e-06	1.19345
PROCR	up	2	1.0	0.596644	5.83713e-06	1.19329
CHMP4B	down	2	1.0	-0.596577	1.93355e-13	1.19315
SLC26A6	down	2	1.0	-0.596448	3.02965e-07	1.1929
CCDC167	up	2	1.0	0.596445	8.85187e-09	1.19289
CLIP3	up	2	1.0	0.596423	2.23549e-06	1.19285
STK38	down	2	1.0	-0.596011	5.83472e-06	1.19202
MRGPRF	up	2	1.0	0.595754	3.74053e-07	1.19151
PELI2	down	2	1.0	-0.595542	1.17498e-05	1.19108
TMCO1	down	2	1.0	-0.595473	1.49815e-05	1.19095
MACF1	up	2	1.0	0.595353	5.28271e-06	1.19071
TCIRG1	up	2	1.0	0.595276	1.39852e-08	1.19055
NRROS	up	2	1.0	0.595203	1.38754e-09	1.19041
PSMG4	down	2	1.0	-0.594687	0.000638429	1.18937
MEF2C	up	2	1.0	0.594631	0.000350973	1.18926
C6orf223	up	2	1.0	0.59438	6.45443e-07	1.18876
RAB13	up	2	1.0	0.593865	8.59632e-07	1.18773
TMEM30B	down	2	1.0	-0.59385	3.70565e-06	1.1877
CCNO	up	2	1.0	0.593726	1.12006e-07	1.18745
PHC1	up	2	1.0	0.593474	3.65799e-09	1.18695
USP54	down	2	1.0	-0.593454	2.81375e-05	1.18691
AMOTL1	up	2	1.0	0.593445	5.09125e-07	1.18689
NEURL3	down	2	1.0	-0.593362	0.000186566	1.18672
CCDC17	down	2	1.0	-0.592923	1.28465e-07	1.18585
ERBIN	down	2	1.0	-0.592838	4.98425e-06	1.18568
FRZB	down	2	1.0	-0.592799	0.00175712	1.1856
PBX2	up	2	1.0	0.592683	6.98571e-10	1.18537
CDHR2	down	2	1.0	-0.592531	0.00241798	1.18506
C15orf48	down	2	1.0	-0.592332	4.77013e-12	1.18466
CENPE	up	2	1.0	0.592232	0.000208108	1.18446
TNMD	down	2	1.0	-0.59212	7.04659e-06	1.18424
RFK	down	2	1.0	-0.592085	1.45307e-05	1.18417
ARRDC3	up	2	1.0	0.59208	0.0145801	1.18416
NR2F1	up	2	1.0	0.592057	1.62419e-09	1.18411
ITM2A	up	2	1.0	0.591916	0.0105243	1.18383
SLC35F2	down	2	1.0	-0.591864	1.23254e-09	1.18373
HMGB3	down	2	1.0	-0.591857	6.60204e-06	1.18371
KLKB1	down	2	1.0	-0.591843	0.000108102	1.18369
GARS	up	2	1.0	0.591835	1.24479e-08	1.18367
CBL	up	2	1.0	0.591519	7.8554e-05	1.18304
LRCH1	up	2	1.0	0.591234	1.62612e-05	1.18247
LY86	up	2	1.0	0.591131	0.00731811	1.18226
TMEM252	down	2	1.0	-0.59106	0.000624058	1.18212
KLK12	up	2	1.0	0.590971	9.12196e-06	1.18194
PLAT	up	2	1.0	0.590736	0.00694093	1.18147
KATNAL1	up	2	1.0	0.590714	1.23754e-06	1.18143
MRPS30	down	2	1.0	-0.590609	1.95471e-10	1.18122
ZC2HC1C	down	2	1.0	-0.590435	2.27547e-09	1.18087
CRTC3	up	2	1.0	0.590297	3.4166e-07	1.18059
FRYL	down	2	1.0	-0.590256	7.24821e-09	1.18051
FGD2	up	2	1.0	0.590072	5.65174e-07	1.18014
PKD2	up	2	1.0	0.589875	0.000482186	1.17975
TMOD2	up	2	1.0	0.589684	0.00175668	1.17937
XYLB	down	2	1.0	-0.589657	1.05375e-10	1.17931
KLF5	down	2	1.0	-0.58956	1.12653e-12	1.17912
SMPD3	down	2	1.0	-0.589498	2.79346e-06	1.179
ENTPD7	up	2	1.0	0.589371	3.90978e-05	1.17874
SSR1	up	2	1.0	0.588946	8.96378e-11	1.17789
PLTP	up	2	1.0	0.588909	0.0077537	1.17782
ARHGEF34P	down	2	1.0	-0.588544	0.00207526	1.17709
DNAJC5B	up	2	1.0	0.588533	0.000751777	1.17707
ATG4D	down	2	1.0	-0.588292	0.000116241	1.17658
ADPRH	up	2	1.0	0.588107	8.63288e-07	1.17621
LDLR	up	2	1.0	0.587966	0.000577941	1.17593
PNPO	down	2	1.0	-0.587506	6.28612e-06	1.17501
LAMTOR4	down	2	1.0	-0.587457	3.79897e-08	1.17491
PTP4A1	down	2	1.0	-0.587344	1.44529e-07	1.17469
CYC1	down	2	1.0	-0.587344	2.1104e-05	1.17469
ACSL5	down	2	1.0	-0.587209	3.17004e-10	1.17442
ROGDI	down	2	1.0	-0.587146	1.31506e-07	1.17429
EGFR	down	2	1.0	-0.586941	2.22326e-07	1.17388
CRTAM	up	2	1.0	0.586915	3.22842e-05	1.17383
CERS6	down	2	1.0	-0.586878	4.64536e-06	1.17376
PDE1C	up	2	1.0	0.586791	4.32925e-06	1.17358
MR1	up	2	1.0	0.586626	6.55127e-08	1.17325
SLC16A7	up	2	1.0	0.586532	6.98144e-05	1.17306
SSTR2	down	2	1.0	-0.586418	0.000581819	1.17284
TTC30A	down	2	1.0	-0.58641	1.2062e-05	1.17282
ATP5F1	down	2	1.0	-0.585892	9.20653e-08	1.17178
LRRN3	down	2	1.0	-0.585085	0.00068139	1.17017
PKN1	up	2	1.0	0.585069	6.96917e-10	1.17014
CCDC13	down	2	1.0	-0.584996	3.00565e-06	1.16999
PTHLH	up	2	1.0	0.584962	7.52453e-08	1.16992
C1QTNF1	up	2	1.0	0.584941	5.12581e-08	1.16988
TBCEL	up	2	1.0	0.584781	2.73087e-06	1.16956
HECTD3	down	2	1.0	-0.584708	2.47836e-12	1.16942
SLC29A1	up	2	1.0	0.584637	1.05126e-07	1.16927
SYT17	down	2	1.0	-0.584612	1.415e-05	1.16922
TRPV3	down	2	1.0	-0.584534	0.00527581	1.16907
ASB12	down	2	1.0	-0.584194	3.14799e-05	1.16839
IL4I1	up	2	1.0	0.584191	2.34178e-09	1.16838
ADGRG5	up	2	1.0	0.583848	7.77718e-07	1.1677
MSTO2P	up	2	1.0	0.583806	4.29472e-12	1.16761
AIF1L	up	2	1.0	0.583774	0.00117211	1.16755
INS-IGF2	up	2	1.0	0.583678	5.26288e-07	1.16736
RPN2	up	2	1.0	0.583677	1.63669e-10	1.16735
P2RY14	up	2	1.0	0.58366	0.0162837	1.16732
HSD3B1	down	2	1.0	-0.583579	0.000204465	1.16716
C17orf62	up	2	1.0	0.583159	5.24516e-16	1.16632
TMEM45B	down	2	1.0	-0.58297	4.84427e-09	1.16594
FAM117B	down	2	1.0	-0.582846	3.68041e-10	1.16569
PIK3CG	up	2	1.0	0.582744	7.94909e-07	1.16549
MPC1	down	2	1.0	-0.582686	2.60796e-09	1.16537
HCN3	down	2	1.0	-0.582612	7.52592e-06	1.16522
FUCA1	down	2	1.0	-0.582372	2.39422e-12	1.16474
GJD3	up	2	1.0	0.582314	4.65287e-10	1.16463
C1QA	up	2	1.0	0.582283	0.00268195	1.16457
HELB	up	2	1.0	0.582182	1.49976e-06	1.16436
PPBP	up	2	1.0	0.582171	3.57407e-06	1.16434
OSBPL11	down	2	1.0	-0.582152	0.000823008	1.1643
SIPA1L2	down	2	1.0	-0.582054	2.80892e-08	1.16411
C4orf32	up	2	1.0	0.581963	3.96092e-06	1.16393
MBNL3	down	2	1.0	-0.581883	2.64753e-08	1.16377
COX5B	down	2	1.0	-0.581778	1.07738e-14	1.16356
EDA	down	2	1.0	-0.581403	2.97495e-07	1.16281
SLC35A3	down	2	1.0	-0.58122	1.09351e-06	1.16244
KITLG	down	2	1.0	-0.580891	4.1382e-05	1.16178
CCDC71L	up	2	1.0	0.580596	2.68532e-08	1.16119
PSTPIP1	up	2	1.0	0.580242	6.00977e-13	1.16048
NCDN	up	2	1.0	0.580075	1.03702e-06	1.16015
ABHD2	up	2	1.0	0.579959	5.15978e-06	1.15992
AVPI1	down	2	1.0	-0.579611	3.26893e-07	1.15922
LAMA5	up	2	1.0	0.579511	1.44688e-10	1.15902
APOLD1	up	2	1.0	0.579345	7.41528e-07	1.15869
CAMK2G	down	2	1.0	-0.579292	2.10064e-08	1.15858
FOXO4	down	2	1.0	-0.578974	3.84633e-07	1.15795
ZNF469	up	2	1.0	0.57889	1.31995e-08	1.15778
ITGAV	up	2	1.0	0.578804	1.07318e-09	1.15761
UCA1	up	2	1.0	0.578786	0.129035	1.15757
ADAM28	up	2	1.0	0.578515	0.00874241	1.15703
SERPINB9P1	up	2	1.0	0.578278	0.00381056	1.15656
CD300LF	up	2	1.0	0.578202	1.5175e-06	1.1564
FNDC3B	up	2	1.0	0.57775	1.63905e-14	1.1555
SLC25A10	down	2	1.0	-0.577713	1.29999e-05	1.15543
PPP1R9A	down	2	1.0	-0.577684	2.25032e-05	1.15537
ABI3	up	2	1.0	0.577641	6.17828e-07	1.15528
IQCG	up	2	1.0	0.577627	2.73933e-09	1.15525
GPR180	up	2	1.0	0.577342	1.06829e-06	1.15468
MYO1G	up	2	1.0	0.577147	2.27316e-06	1.15429
RNF103	down	2	1.0	-0.577034	4.34627e-09	1.15407
TOX3	down	2	1.0	-0.576938	3.52252e-06	1.15388
SLC46A1	down	2	1.0	-0.576732	0.00259305	1.15346
PARD3B	down	2	1.0	-0.576715	3.98827e-09	1.15343
TMEM261	down	2	1.0	-0.576618	5.57051e-06	1.15324
PKP2	down	2	1.0	-0.576537	0.000138301	1.15307
FTH1	down	2	1.0	-0.576221	1.00749e-09	1.15244
VAMP1	up	2	1.0	0.57613	5.85041e-09	1.15226
DFNA5	up	2	1.0	0.57597	1.08011e-06	1.15194
PAK3	up	2	1.0	0.575952	2.8987e-09	1.1519
KCNE2	down	2	1.0	-0.57595	2.35686e-05	1.1519
PRKAR1A	up	2	1.0	0.575829	8.78652e-05	1.15166
PSEN1	down	2	1.0	-0.575708	2.10944e-12	1.15142
PLCL2	down	2	1.0	-0.575408	5.95271e-05	1.15082
ASAP2	down	2	1.0	-0.575157	2.26971e-05	1.15031
C3orf80	up	2	1.0	0.574833	7.74067e-08	1.14967
SHANK3	up	2	1.0	0.574585	8.11314e-09	1.14917
PANK2	up	2	1.0	0.57453	0.000109825	1.14906
APOD	up	2	1.0	0.574466	0.000248963	1.14893
GRAMD2	up	2	1.0	0.574394	7.0096e-06	1.14879
ANKMY2	down	2	1.0	-0.574381	1.86858e-06	1.14876
PDK3	down	2	1.0	-0.574317	9.80718e-05	1.14863
STK3	up	2	1.0	0.574186	9.80841e-06	1.14837
SPPL3	down	2	1.0	-0.574167	6.27025e-14	1.14833
SLC5A11	down	2	1.0	-0.574155	0.000206464	1.14831
PTPRH	down	2	1.0	-0.574143	5.5376e-06	1.14829
HOXD10	down	2	1.0	-0.573921	0.149085	1.14784
ESRRA	down	2	1.0	-0.573905	2.56112e-10	1.14781
CYP27C1	up	2	1.0	0.573721	0.000396527	1.14744
FOXD2	down	2	1.0	-0.573588	2.98632e-07	1.14718
TMEM164	down	2	1.0	-0.573022	4.41678e-08	1.14604
LINC01558	down	2	1.0	-0.572859	0.000162432	1.14572
FLRT2	up	2	1.0	0.572842	1.68364e-09	1.14568
PSMB10	up	2	1.0	0.57243	8.16034e-07	1.14486
IDH2	up	2	1.0	0.572385	1.31178e-06	1.14477
CYBA	up	2	1.0	0.572279	0.000112338	1.14456
TMEM136	up	2	1.0	0.571643	1.1745e-06	1.14329
CLCF1	up	2	1.0	0.571349	2.27677e-08	1.1427
UBE2A	down	2	1.0	-0.571275	4.74634e-05	1.14255
MILR1	up	2	1.0	0.571198	5.7587e-05	1.1424
SEC14L2	up	2	1.0	0.571153	3.05178e-13	1.14231
CFDP1	down	2	1.0	-0.571121	5.64976e-07	1.14224
RAD52	down	2	1.0	-0.571015	4.75159e-06	1.14203
C1orf106	down	2	1.0	-0.57097	1.39997e-06	1.14194
FAM134A	down	2	1.0	-0.570952	2.91558e-10	1.1419
ZDHHC13	down	2	1.0	-0.570614	7.73591e-08	1.14123
NEU4	down	2	1.0	-0.570581	6.96021e-07	1.14116
ZCCHC24	up	2	1.0	0.570258	8.43063e-09	1.14052
ZNF137P	down	2	1.0	-0.570207	8.95939e-07	1.14041
TRNP1	up	2	1.0	0.569589	4.38246e-07	1.13918
PIWIL4	down	2	1.0	-0.569291	5.59769e-13	1.13858
C1orf21	down	2	1.0	-0.569106	7.67333e-09	1.13821
DDR1	down	2	1.0	-0.569051	7.64845e-09	1.1381
SORL1	down	2	1.0	-0.568869	5.47491e-06	1.13774
PRKAB2	down	2	1.0	-0.568542	2.44197e-06	1.13708
ACVR1	up	2	1.0	0.568507	1.51371e-10	1.13701
PIWIL2	down	2	1.0	-0.568394	7.43749e-07	1.13679
ZNF219	down	2	1.0	-0.568065	3.91485e-07	1.13613
SIPA1L3	down	2	1.0	-0.567809	2.8022e-07	1.13562
ST6GAL1	up	2	1.0	0.567458	0.000430218	1.13492
MTMR8	down	2	1.0	-0.567438	4.33741e-09	1.13488
RPL22L1	up	2	1.0	0.5674	0.00026668	1.1348
CD48	up	2	1.0	0.567393	3.89082e-06	1.13479
PACSIN2	down	2	1.0	-0.567225	1.51277e-07	1.13445
CMAS	down	2	1.0	-0.567061	1.90232e-06	1.13412
FAM151A	down	2	1.0	-0.566881	6.18842e-06	1.13376
PLPP5	up	2	1.0	0.566567	1.82262e-07	1.13313
TREH	down	2	1.0	-0.56623	0.0010164	1.13246
SLFN12	up	2	1.0	0.566009	8.31343e-08	1.13202
RASA4B	up	2	1.0	0.5655	3.88955e-07	1.131
PPM1L	down	2	1.0	-0.565405	2.86539e-05	1.13081
TSHR	up	2	1.0	0.56524	9.36099e-11	1.13048
TMEM254	down	2	1.0	-0.565195	1.4232e-05	1.13039
KBTBD11	down	2	1.0	-0.56506	1.80857e-13	1.13012
IFIT2	up	2	1.0	0.564604	0.000425517	1.12921
UQCRC1	down	2	1.0	-0.564349	2.06301e-06	1.1287
HIST2H2AA4	up	2	1.0	0.564332	4.77644e-05	1.12866
CCP110	up	2	1.0	0.564264	0.000121175	1.12853
HEATR5A	down	2	1.0	-0.564257	7.14078e-06	1.12851
ABHD11	down	2	1.0	-0.563954	2.21659e-10	1.12791
OAZ2	up	2	1.0	0.563848	2.56687e-06	1.1277
KCNE4	up	2	1.0	0.563644	7.02807e-10	1.12729
KNTC1	up	2	1.0	0.563252	0.000472115	1.1265
VAMP5	up	2	1.0	0.563217	6.26547e-06	1.12643
ZNF763	down	2	1.0	-0.563217	2.19815e-05	1.12643
COA1	up	2	1.0	0.563057	0.000536787	1.12611
REL	up	2	1.0	0.562555	2.05426e-05	1.12511
IER2	up	2	1.0	0.562501	1.3137e-05	1.125
RPP25	down	2	1.0	-0.562307	0.000196584	1.12461
PCNX1	up	2	1.0	0.562249	2.26949e-09	1.1245
ELF3	down	2	1.0	-0.562141	4.72419e-10	1.12428
C1orf162	up	2	1.0	0.561941	0.00136749	1.12388
HDGFRP3	up	2	1.0	0.561562	0.000200574	1.12312
DNAJC19	down	2	1.0	-0.56153	6.04095e-08	1.12306
TNFAIP8L2	up	2	1.0	0.561511	2.79157e-05	1.12302
TFDP2	down	2	1.0	-0.561367	5.39824e-08	1.12273
POLR2H	down	2	1.0	-0.561008	5.53664e-12	1.12202
TMEM125	down	2	1.0	-0.560945	1.694e-08	1.12189
TOR3A	up	2	1.0	0.560832	3.76551e-12	1.12166
PGGHG	up	2	1.0	0.560814	1.39825e-05	1.12163
RELL1	down	2	1.0	-0.560804	3.85399e-06	1.12161
MDFIC	up	2	1.0	0.560665	6.10809e-06	1.12133
HMGN2P46	down	2	1.0	-0.560334	7.5496e-06	1.12067
CYB5B	down	2	1.0	-0.560164	4.61676e-07	1.12033
ZNF462	down	2	1.0	-0.558878	3.37487e-09	1.11776
NBR2	down	2	1.0	-0.558875	4.09229e-05	1.11775
SHD	down	2	1.0	-0.558809	1.60477e-08	1.11762
ZNF254	down	2	1.0	-0.558601	1.921e-05	1.1172
CYP2R1	down	2	1.0	-0.55852	1.42512e-05	1.11704
PYROXD1	down	2	1.0	-0.558026	7.74098e-08	1.11605
GDF15	up	2	1.0	0.557805	0.00821402	1.11561
SORBS1	down	2	1.0	-0.557734	0.000629017	1.11547
LINC00094	up	2	1.0	0.557268	4.24023e-06	1.11454
ZNF675	down	2	1.0	-0.557265	0.000120689	1.11453
SMIM8	down	2	1.0	-0.557038	5.67042e-05	1.11408
GAL3ST4	down	2	1.0	-0.556926	1.09496e-06	1.11385
COX10	down	2	1.0	-0.556787	1.95015e-07	1.11357
OXCT1	up	2	1.0	0.556683	0.00314281	1.11337
SCAP	down	2	1.0	-0.55665	0.000150436	1.1133
PRKD1	up	2	1.0	0.556631	2.73164e-05	1.11326
SPIB	down	2	1.0	-0.556487	0.000168158	1.11297
PER1	up	2	1.0	0.556324	3.01778e-05	1.11265
EOGT	up	2	1.0	0.556264	3.79925e-05	1.11253
ROR2	up	2	1.0	0.5558	1.68303e-06	1.1116
SH3TC2	up	2	1.0	0.555733	1.05766e-14	1.11147
GNB5	up	2	1.0	0.555424	1.22186e-10	1.11085
MYL9	up	2	1.0	0.555424	0.00384606	1.11085
NMNAT1	down	2	1.0	-0.555405	5.6478e-08	1.11081
SNX4	down	2	1.0	-0.555173	1.20481e-08	1.11035
GAPT	up	2	1.0	0.555078	0.00115566	1.11016
ZNF813	down	2	1.0	-0.554979	3.82172e-06	1.10996
ARHGEF10	up	2	1.0	0.554959	7.67723e-07	1.10992
SH3TC1	up	2	1.0	0.554953	1.09452e-06	1.10991
CD68	up	2	1.0	0.554949	0.000817057	1.1099
CENPW	up	2	1.0	0.554943	1.16333e-07	1.10989
GNG12	down	2	1.0	-0.554891	3.66853e-09	1.10978
C9orf3	up	2	1.0	0.554643	4.58376e-08	1.10929
PMFBP1	down	2	1.0	-0.554623	1.27613e-05	1.10925
TMEM251	down	2	1.0	-0.554434	2.74694e-08	1.10887
CKMT2	down	2	1.0	-0.55421	2.62028e-06	1.10842
SLC17A8	down	2	1.0	-0.554175	0.00107369	1.10835
IL1RL1	up	2	1.0	0.554144	4.97911e-09	1.10829
LRRFIP2	down	2	1.0	-0.553999	7.87677e-12	1.108
ESR1	up	2	1.0	0.553683	1.59856e-07	1.10737
DNAH3	down	2	1.0	-0.553574	2.90687e-07	1.10715
LRRC28	down	2	1.0	-0.553559	5.37475e-05	1.10712
FOLH1B	up	2	1.0	0.553535	2.54817e-07	1.10707
COLCA1	down	2	1.0	-0.553523	0.00424989	1.10705
KLHDC7B	up	2	1.0	0.553451	1.2605e-07	1.1069
BDKRB1	down	2	1.0	-0.553402	0.00498692	1.1068
SLC35B4	up	2	1.0	0.553334	7.08893e-07	1.10667
TDRD7	down	2	1.0	-0.553256	1.22427e-05	1.10651
PTPN12	up	2	1.0	0.553156	3.45652e-06	1.10631
PTPN1	up	2	1.0	0.553054	1.44111e-13	1.10611
DDX21	up	2	1.0	0.553016	6.03924e-06	1.10603
CABLES1	down	2	1.0	-0.55259	0.000353755	1.10518
PDSS1	down	2	1.0	-0.552529	2.43913e-07	1.10506
C9orf24	down	2	1.0	-0.552416	1.96577e-06	1.10483
ACACB	down	2	1.0	-0.552355	8.60202e-08	1.10471
RIMKLB	up	2	1.0	0.552267	0.000221203	1.10453
C15orf52	down	2	1.0	-0.552214	0.00115048	1.10443
GOLIM4	down	2	1.0	-0.552078	7.22207e-22	1.10416
CSF1	up	2	1.0	0.552069	1.58248e-05	1.10414
SH3RF1	down	2	1.0	-0.551893	5.2909e-12	1.10379
PHF1	up	2	1.0	0.551887	1.82186e-05	1.10377
TPM2	up	2	1.0	0.551807	4.6637e-05	1.10361
SLC30A4	down	2	1.0	-0.551779	5.08288e-08	1.10356
KLHDC2	down	2	1.0	-0.551679	4.83443e-09	1.10336
SLA2	up	2	1.0	0.551507	6.20882e-07	1.10301
C11orf71	down	2	1.0	-0.551455	1.67587e-05	1.10291
STK10	up	2	1.0	0.551401	3.64884e-08	1.1028
SSR4	up	2	1.0	0.551392	5.82962e-11	1.10278
TMEM246	down	2	1.0	-0.551016	1.48897e-09	1.10203
CACFD1	down	2	1.0	-0.550844	2.35445e-07	1.10169
HTRA3	up	2	1.0	0.550721	1.4989e-07	1.10144
SLC14A2	down	2	1.0	-0.550687	0.0642983	1.10137
TMEM9B	down	2	1.0	-0.550493	6.45963e-11	1.10099
PPP6R1	up	2	1.0	0.550462	1.36777e-09	1.10092
DLD	down	2	1.0	-0.550357	2.86035e-09	1.10071
GRSF1	down	2	1.0	-0.55027	2.8203e-08	1.10054
HACD4	up	2	1.0	0.549972	0.0809509	1.09994
DECR2	down	2	1.0	-0.549861	4.75122e-08	1.09972
CACNB2	down	2	1.0	-0.549585	5.67473e-07	1.09917
TMEM80	down	2	1.0	-0.549313	7.8554e-05	1.09863
PLEKHG1	up	2	1.0	0.549256	2.31707e-08	1.09851
PRSS1	up	2	1.0	0.549169	2.96605e-06	1.09834
IGF2BP2	down	2	1.0	-0.549085	4.00651e-08	1.09817
FOXF1	up	2	1.0	0.548944	7.25755e-07	1.09789
CLDN7	down	2	1.0	-0.548879	3.84182e-05	1.09776
KLRC2	down	2	1.0	-0.548773	0.000241258	1.09755
CD59	up	2	1.0	0.548764	7.35905e-07	1.09753
COPZ2	up	2	1.0	0.548682	5.56886e-09	1.09736
PROC	down	2	1.0	-0.548573	0.000122291	1.09715
HIGD2A	down	2	1.0	-0.548298	1.25442e-07	1.0966
DLEU1	down	2	1.0	-0.548214	4.91469e-05	1.09643
C6orf203	down	2	1.0	-0.547999	3.46484e-11	1.096
ASXL1	up	2	1.0	0.547975	3.02532e-08	1.09595
OGFRL1	up	2	1.0	0.547831	0.000157461	1.09566
ARHGEF15	up	2	1.0	0.547798	3.72405e-06	1.0956
AARS	up	2	1.0	0.547739	8.42809e-09	1.09548
MFSD12	up	2	1.0	0.547701	1.21826e-07	1.0954
ST5	up	2	1.0	0.547651	2.01648e-05	1.0953
BCAR3	down	2	1.0	-0.547624	0.000130989	1.09525
RNF14	down	2	1.0	-0.547608	6.4104e-09	1.09522
RBM24	down	2	1.0	-0.547492	0.031544	1.09498
FOXN3	down	2	1.0	-0.547091	1.67471e-10	1.09418
LGALS4	down	2	1.0	-0.547033	6.85684e-11	1.09407
VILL	down	2	1.0	-0.54703	3.49524e-06	1.09406
SP140L	up	2	1.0	0.546978	2.20882e-05	1.09396
SNAP29	down	2	1.0	-0.546597	4.88602e-05	1.09319
LOC101928673	down	2	1.0	-0.546391	6.98713e-05	1.09278
FCER2	up	2	1.0	0.546202	8.31196e-05	1.0924
DUSP21	down	2	1.0	-0.546151	0.00233879	1.0923
C19orf33	down	2	1.0	-0.546134	4.1547e-05	1.09227
USP18	up	2	1.0	0.546115	3.73783e-06	1.09223
CDH13	up	2	1.0	0.546109	4.08695e-05	1.09222
TTL	up	2	1.0	0.546021	2.19314e-07	1.09204
NDP	up	2	1.0	0.545983	6.91374e-09	1.09197
HMOX1	down	2	1.0	-0.545592	0.00184561	1.09118
RAPGEF3	up	2	1.0	0.545359	6.11043e-06	1.09072
CD2AP	down	2	1.0	-0.545312	6.76679e-07	1.09062
FBXL3	down	2	1.0	-0.545248	0.000491827	1.0905
SMOC2	up	2	1.0	0.545208	0.000138102	1.09042
MYO10	down	2	1.0	-0.545142	7.10263e-10	1.09028
COL27A1	up	2	1.0	0.545009	0.000232591	1.09002
ANKDD1A	up	2	1.0	0.5446	2.53168e-07	1.0892
PTPRD	down	2	1.0	-0.544334	6.15713e-05	1.08867
FAM177A1	down	2	1.0	-0.544291	1.63342e-05	1.08858
SNCA	up	2	1.0	0.54426	2.4478e-05	1.08852
ADAL	down	2	1.0	-0.544153	7.63785e-06	1.08831
STT3A	up	2	1.0	0.544151	1.5666e-10	1.0883
DNAJC22	down	2	1.0	-0.544118	4.73131e-06	1.08824
SORBS2	down	2	1.0	-0.544063	4.14978e-06	1.08813
SLAIN1	up	2	1.0	0.544017	0.0038801	1.08803
RAB3IP	down	2	1.0	-0.543907	4.78468e-08	1.08781
ECHDC2	down	2	1.0	-0.543773	4.59572e-11	1.08755
HDC	up	2	1.0	0.543674	9.50201e-06	1.08735
TMEM47	up	2	1.0	0.543616	0.00134406	1.08723
CKAP4	up	2	1.0	0.543253	0.00013226	1.08651
FAM3C	up	2	1.0	0.542895	1.2916e-05	1.08579
WASF1	up	2	1.0	0.542613	7.13408e-05	1.08523
KTN1	down	2	1.0	-0.542461	3.92889e-08	1.08492
RELT	up	2	1.0	0.542449	2.09959e-06	1.0849
APOBEC3F	up	2	1.0	0.542404	2.47127e-05	1.08481
EPB41L4A	up	2	1.0	0.542388	0.00305711	1.08478
MOCOS	up	2	1.0	0.542364	0.00737689	1.08473
FMO1	up	2	1.0	0.542188	9.86384e-07	1.08438
FAM200B	down	2	1.0	-0.542115	0.000436038	1.08423
RASEF	down	2	1.0	-0.542007	2.59002e-05	1.08401
ZNF112	down	2	1.0	-0.541951	1.52772e-05	1.0839
TFAP2A	up	2	1.0	0.541912	2.28037e-06	1.08382
CDC42BPG	down	2	1.0	-0.541782	4.33159e-09	1.08356
DHRS3	down	2	1.0	-0.541698	1.37965e-05	1.0834
SEPN1	up	2	1.0	0.541675	0.000162432	1.08335
TMED7-TICAM2	up	2	1.0	0.541643	5.08052e-05	1.08329
SCNN1G	up	2	1.0	0.54152	0.0410414	1.08304
CDR2L	up	2	1.0	0.541391	7.4672e-10	1.08278
EPS8	down	2	1.0	-0.54138	5.16813e-08	1.08276
SOX17	up	2	1.0	0.541323	1.06997e-07	1.08265
AKAP5	down	2	1.0	-0.541295	0.00240695	1.08259
ECI1	down	2	1.0	-0.541164	3.62996e-08	1.08233
SHROOM4	up	2	1.0	0.54114	2.75454e-08	1.08228
CEBPA-AS1	down	2	1.0	-0.540678	5.27684e-08	1.08136
PLPP6	down	2	1.0	-0.540636	3.68259e-06	1.08127
OTUD7B	down	2	1.0	-0.54048	1.44778e-06	1.08096
NBR1	down	2	1.0	-0.540409	1.44274e-05	1.08082
GPNMB	up	2	1.0	0.540412	0.0447086	1.08082
HELZ2	up	2	1.0	0.540273	6.05512e-07	1.08055
ELF4	down	2	1.0	-0.540063	8.11995e-06	1.08013
COL4A4	up	2	1.0	0.539892	9.58655e-05	1.07978
PHKA2	down	2	1.0	-0.539853	9.29763e-05	1.07971
TMEM14C	down	2	1.0	-0.539728	4.44283e-12	1.07946
DSC2	down	2	1.0	-0.53965	1.35482e-07	1.0793
STC2	up	2	1.0	0.539377	1.22782e-11	1.07875
HMGN5	down	2	1.0	-0.539029	0.000443775	1.07806
ENO1	up	2	1.0	0.539008	7.6935e-09	1.07802
DPP7	up	2	1.0	0.538911	2.93539e-06	1.07782
HS3ST1	up	2	1.0	0.538822	2.58103e-08	1.07764
MUC12	up	2	1.0	0.538754	0.14514	1.07751
FLVCR2	down	2	1.0	-0.538746	0.00132157	1.07749
SMIM19	down	2	1.0	-0.538642	3.57462e-08	1.07728
SLC25A24	down	2	1.0	-0.53861	9.40738e-09	1.07722
ERP27	up	2	1.0	0.538594	3.50592e-05	1.07719
TDRD3	down	2	1.0	-0.538045	2.50871e-07	1.07609
EID3	up	2	1.0	0.537965	8.88191e-10	1.07593
PRO2012	down	2	1.0	-0.537738	1.56262e-07	1.07548
MAGED1	up	2	1.0	0.537586	4.77394e-09	1.07517
PMPCB	down	2	1.0	-0.537566	3.33167e-12	1.07513
COA7	down	2	1.0	-0.537559	0.000164549	1.07512
SLC5A12	down	2	1.0	-0.537482	5.80415e-07	1.07496
HTRA4	up	2	1.0	0.537452	5.56467e-08	1.0749
ELMO3	down	2	1.0	-0.537068	9.16798e-05	1.07414
LMBRD2	down	2	1.0	-0.537023	1.16293e-06	1.07405
AFDN-AS1	down	2	1.0	-0.536529	5.25783e-05	1.07306
OVOS	up	2	1.0	0.536481	0.000653654	1.07296
ACAD10	down	2	1.0	-0.536404	3.26505e-06	1.07281
ILVBL	down	2	1.0	-0.536391	4.71561e-06	1.07278
ADCY5	down	2	1.0	-0.536229	3.4604e-05	1.07246
LYSMD2	up	2	1.0	0.536064	9.53003e-07	1.07213
PARD3	down	2	1.0	-0.536042	3.26952e-13	1.07208
ELMO2	up	2	1.0	0.53591	6.82747e-11	1.07182
PRKD3	up	2	1.0	0.535888	9.43578e-06	1.07178
SYCP3	down	2	1.0	-0.535834	1.76152e-09	1.07167
RGS19	up	2	1.0	0.53578	5.32609e-06	1.07156
SEC61B	up	2	1.0	0.535645	9.09828e-07	1.07129
FAM26E	up	2	1.0	0.535534	0.000155432	1.07107
HTATSF1P2	up	2	1.0	0.535326	4.01181e-05	1.07065
SYT13	down	2	1.0	-0.535165	1.61587e-07	1.07033
C11orf53	down	2	1.0	-0.535134	1.20063e-06	1.07027
NEU1	down	2	1.0	-0.534915	3.06295e-05	1.06983
GTSF1	up	2	1.0	0.534826	0.00252852	1.06965
TENM4	up	2	1.0	0.534816	1.64322e-09	1.06963
DCC	up	2	1.0	0.534667	2.49625e-12	1.06933
SERTAD4	down	2	1.0	-0.534593	1.21961e-06	1.06919
TRAPPC6A	down	2	1.0	-0.53454	4.96231e-06	1.06908
CAMSAP3	down	2	1.0	-0.534512	0.000501476	1.06902
SNX7	down	2	1.0	-0.534347	2.8823e-06	1.06869
RASGRP4	up	2	1.0	0.53433	1.03529e-09	1.06866
ENTPD3	up	2	1.0	0.534265	0.000145093	1.06853
CLIC5	down	2	1.0	-0.534192	3.34439e-06	1.06838
CEACAM6	up	2	1.0	0.534114	2.51485e-09	1.06823
FFAR4	up	2	1.0	0.534063	0.0129468	1.06813
PTER	down	2	1.0	-0.534004	0.00417717	1.06801
TMX4	up	2	1.0	0.533883	0.00178854	1.06777
C1orf53	down	2	1.0	-0.533384	1.94985e-07	1.06677
KIAA1683	down	2	1.0	-0.533366	2.01516e-06	1.06673
LRRC8B	up	2	1.0	0.533325	0.000155352	1.06665
OLFML3	up	2	1.0	0.533176	4.10114e-05	1.06635
GAL3ST1	down	2	1.0	-0.532976	0.000189812	1.06595
IL6R	down	2	1.0	-0.532887	0.000362965	1.06577
CDKN2AIPNL	down	2	1.0	-0.53278	1.57665e-06	1.06556
NEURL1	down	2	1.0	-0.532634	2.76854e-06	1.06527
LRP12	down	2	1.0	-0.532455	8.55303e-05	1.06491
LAMP5	up	2	1.0	0.532409	1.32651e-06	1.06482
CHMP4C	down	2	1.0	-0.532241	0.000695233	1.06448
DGKQ	down	2	1.0	-0.531905	0.000130311	1.06381
SNX29	up	2	1.0	0.531832	5.62028e-10	1.06366
ADHFE1	down	2	1.0	-0.531749	3.70841e-05	1.0635
AFAP1L1	up	2	1.0	0.531262	4.09966e-12	1.06252
LYPD5	up	2	1.0	0.531119	3.17922e-08	1.06224
BAG1	down	2	1.0	-0.531077	7.08335e-06	1.06215
NCK2	down	2	1.0	-0.530784	1.24941e-08	1.06157
LRMP	up	2	1.0	0.530694	0.0181906	1.06139
STRA6	up	2	1.0	0.530579	3.04498e-10	1.06116
PDHX	down	2	1.0	-0.530449	4.79474e-07	1.0609
VPREB3	up	2	1.0	0.530405	0.000399247	1.06081
AKR7A3	down	2	1.0	-0.530214	0.000139338	1.06043
PARK2	down	2	1.0	-0.529894	2.63528e-06	1.05979
DSCR3	down	2	1.0	-0.529735	3.82983e-07	1.05947
IL23R	down	2	1.0	-0.529722	0.000423137	1.05944
OPA1	down	2	1.0	-0.529713	1.22632e-08	1.05943
TSPAN3	down	2	1.0	-0.529651	5.10557e-09	1.0593
CRYAB	up	2	1.0	0.52952	0.000550645	1.05904
HSPB1	down	2	1.0	-0.529473	7.2052e-05	1.05895
PITPNB	up	2	1.0	0.529323	2.03267e-08	1.05865
TPSB2	up	2	1.0	0.529259	0.00247354	1.05852
SIT1	up	2	1.0	0.529131	4.54009e-06	1.05826
MBOAT2	down	2	1.0	-0.52898	0.00010767	1.05796
ZNF43	down	2	1.0	-0.528938	0.000133744	1.05788
TK1	up	2	1.0	0.528755	1.10567e-05	1.05751
FAM89A	up	2	1.0	0.528604	8.36349e-08	1.05721
ABHD12B	down	2	1.0	-0.528514	0.0048696	1.05703
GRB7	down	2	1.0	-0.528485	1.5917e-05	1.05697
P4HA1	up	2	1.0	0.528141	0.0103814	1.05628
SIRT6	down	2	1.0	-0.528042	8.68302e-05	1.05608
ZBTB7B	down	2	1.0	-0.527734	4.36061e-05	1.05547
VWA8	down	2	1.0	-0.527552	3.04119e-12	1.0551
CCNB1	up	2	1.0	0.527496	0.00776542	1.05499
FAM124A	up	2	1.0	0.527339	1.65956e-09	1.05468
APOL4	up	2	1.0	0.526941	1.06231e-07	1.05388
IFT22	up	2	1.0	0.526918	5.24253e-10	1.05384
LINC00528	up	2	1.0	0.526907	2.00318e-08	1.05381
ZNF831	up	2	1.0	0.526884	1.71254e-07	1.05377
EBI3	up	2	1.0	0.526757	1.46975e-06	1.05351
AP1M2	down	2	1.0	-0.526643	5.23812e-07	1.05329
HIST1H2BD	down	2	1.0	-0.526627	0.00039008	1.05325
GMFB	down	2	1.0	-0.526617	2.36753e-06	1.05323
ALDH1B1	down	2	1.0	-0.526492	0.000136872	1.05298
OASL	down	2	1.0	-0.526427	0.0162741	1.05285
PPP1R12B	up	2	1.0	0.526218	5.11464e-06	1.05244
XPOT	up	2	1.0	0.525837	5.98141e-10	1.05167
OLFML1	up	2	1.0	0.525653	0.00974632	1.05131
SIRT5	down	2	1.0	-0.525419	9.47721e-06	1.05084
SH3BP1	down	2	1.0	-0.525282	1.72432e-05	1.05056
DEF6	up	2	1.0	0.525204	4.23101e-06	1.05041
TCP11L1	down	2	1.0	-0.525081	1.21719e-05	1.05016
METAP1	down	2	1.0	-0.524845	2.27598e-10	1.04969
SFTPA2	up	2	1.0	0.52472	0.00586018	1.04944
GUCY1A2	up	2	1.0	0.524529	3.1748e-06	1.04906
LARGE1	down	2	1.0	-0.524456	8.5466e-06	1.04891
MED14	down	2	1.0	-0.524124	1.6352e-08	1.04825
ACTA2	up	2	1.0	0.523931	5.63006e-05	1.04786
HES2	down	2	1.0	-0.523758	0.000812246	1.04752
TRIM8	up	2	1.0	0.523625	2.81159e-08	1.04725
GREM2	down	2	1.0	-0.523599	0.0236172	1.0472
QSOX2	up	2	1.0	0.52344	5.6427e-06	1.04688
ALDH1A1	down	2	1.0	-0.523381	0.0236039	1.04676
SDHC	down	2	1.0	-0.523362	7.8431e-09	1.04672
TSPAN2	up	2	1.0	0.523347	3.33202e-08	1.04669
ZNF443	down	2	1.0	-0.523249	0.000106634	1.0465
CTSB	up	2	1.0	0.522683	6.79062e-07	1.04537
DCXR	down	2	1.0	-0.522186	2.41184e-07	1.04437
ASB7	down	2	1.0	-0.522047	5.85087e-09	1.04409
ETS2	up	2	1.0	0.521976	2.99124e-07	1.04395
BCL9L	up	2	1.0	0.521788	0.000218744	1.04358
AMPD3	up	2	1.0	0.521496	3.55064e-09	1.04299
PSORS1C3	down	2	1.0	-0.521452	0.0402239	1.0429
RNLS	down	2	1.0	-0.521121	7.35775e-07	1.04224
ZNF395	down	2	1.0	-0.520911	1.22139e-06	1.04182
SETX	up	2	1.0	0.520868	3.47446e-07	1.04174
ARHGAP32	down	2	1.0	-0.520814	4.85348e-09	1.04163
KALRN	down	2	1.0	-0.520766	1.20535e-07	1.04153
ZNF600	down	2	1.0	-0.520697	1.01519e-06	1.04139
TMEM258	up	2	1.0	0.520585	2.91786e-11	1.04117
OLR1	up	2	1.0	0.520537	7.01358e-08	1.04107
HUS1	down	2	1.0	-0.520195	3.00251e-06	1.04039
GPR132	up	2	1.0	0.520167	1.62866e-06	1.04033
SH3D19	down	2	1.0	-0.520138	8.05061e-11	1.04028
DAGLA	down	2	1.0	-0.520043	2.76836e-06	1.04009
SH3YL1	down	2	1.0	-0.519973	5.65009e-05	1.03995
APLP2	down	2	1.0	-0.51978	9.92178e-07	1.03956
FST	up	2	1.0	0.519709	2.0871e-09	1.03942
PPA1	up	2	1.0	0.519664	6.77331e-06	1.03933
BCO1	down	2	1.0	-0.51951	0.000663596	1.03902
RTP4	up	2	1.0	0.519479	1.50351e-05	1.03896
TTC39C	up	2	1.0	0.519327	2.41883e-05	1.03865
EBF3	up	2	1.0	0.519267	7.45461e-11	1.03853
TRIL	down	2	1.0	-0.519257	5.29121e-05	1.03851
PPIL1	up	2	1.0	0.519153	6.38143e-07	1.03831
MAP3K3	up	2	1.0	0.519021	1.99205e-08	1.03804
BTD	down	2	1.0	-0.518647	3.76767e-05	1.03729
NDUFB9	down	2	1.0	-0.518379	1.40313e-07	1.03676
ABLIM2	down	2	1.0	-0.518363	9.54561e-11	1.03673
CCDC115	down	2	1.0	-0.51818	2.1617e-06	1.03636
SH2D2A	up	2	1.0	0.518037	8.13362e-06	1.03607
PLIN1	down	2	1.0	-0.517694	9.27152e-12	1.03539
EMP1	down	2	1.0	-0.517495	0.000648968	1.03499
CACNA2D4	down	2	1.0	-0.517388	1.51225e-07	1.03478
DLGAP5	up	2	1.0	0.5173	0.00872118	1.0346
CBLN3	up	2	1.0	0.517265	8.84067e-07	1.03453
TSR1	up	2	1.0	0.517125	5.00206e-06	1.03425
TC2N	up	2	1.0	0.516876	0.000269648	1.03375
ILDR2	down	2	1.0	-0.5168	0.000199399	1.0336
NUDCD1	up	2	1.0	0.516749	1.28731e-05	1.0335
RAB33A	up	2	1.0	0.516695	1.10922e-05	1.03339
RSBN1	down	2	1.0	-0.516522	7.02485e-11	1.03304
HOXB9	down	2	1.0	-0.516489	0.000296067	1.03298
APOM	down	2	1.0	-0.516428	0.00184059	1.03286
ZFP36L1	up	2	1.0	0.516319	0.000210738	1.03264
UBE2H	up	2	1.0	0.516155	1.11516e-05	1.03231
EFHC2	down	2	1.0	-0.516075	0.000528924	1.03215
PSME4	up	2	1.0	0.515909	2.51077e-06	1.03182
TMEM129	down	2	1.0	-0.515745	9.90877e-09	1.03149
RDH11	up	2	1.0	0.515733	7.35534e-06	1.03147
ANKRD20A8P	down	2	1.0	-0.515734	5.07097e-05	1.03147
JADE1	up	2	1.0	0.515528	1.1888e-10	1.03106
SULF2	up	2	1.0	0.515251	1.2259e-06	1.0305
ID2	down	2	1.0	-0.515187	1.84449e-09	1.03037
TUBB	up	2	1.0	0.514949	1.24891e-05	1.0299
FBXL2	up	2	1.0	0.514704	4.23527e-11	1.02941
TSTD2	down	2	1.0	-0.514466	6.31024e-07	1.02893
BBX	up	2	1.0	0.514282	0.00121123	1.02856
SLC9A9	up	2	1.0	0.514193	0.00455624	1.02839
CFD	down	2	1.0	-0.514145	0.000124334	1.02829
LARP6	up	2	1.0	0.51401	8.43393e-07	1.02802
TRAK1	down	2	1.0	-0.51398	2.93139e-07	1.02796
ATF7IP2	up	2	1.0	0.513979	0.00264379	1.02796
DNALI1	up	2	1.0	0.51385	0.000481021	1.0277
C20orf194	up	2	1.0	0.513819	0.000176433	1.02764
TSPYL2	up	2	1.0	0.513197	1.55767e-05	1.02639
DNM3OS	up	2	1.0	0.513156	4.88738e-07	1.02631
ETV5	up	2	1.0	0.512895	0.000420017	1.02579
CALCOCO2	down	2	1.0	-0.512828	4.50875e-13	1.02566
GAB1	down	2	1.0	-0.512822	2.72362e-10	1.02564
SPPL2A	down	2	1.0	-0.512569	1.51912e-11	1.02514
AGO2	up	2	1.0	0.512521	1.71254e-07	1.02504
CNTNAP2	down	2	1.0	-0.51236	9.48568e-11	1.02472
PDIA6	up	2	1.0	0.512355	1.62552e-06	1.02471
IPCEF1	up	2	1.0	0.512081	8.31226e-05	1.02416
MROH6	up	2	1.0	0.512042	0.000545545	1.02408
C1orf54	up	2	1.0	0.511999	8.29683e-05	1.024
RNF166	up	2	1.0	0.511969	1.48535e-11	1.02394
LOC101928068	down	2	1.0	-0.511894	0.000287054	1.02379
NUP188	up	2	1.0	0.511873	5.43786e-08	1.02375
LMO4	up	2	1.0	0.511871	5.66091e-08	1.02374
KIAA1644	up	2	1.0	0.511777	8.66179e-09	1.02355
MRPS33	down	2	1.0	-0.511744	5.89111e-07	1.02349
BCHE	down	2	1.0	-0.511595	0.00091383	1.02319
PPFIA3	down	2	1.0	-0.511462	3.71119e-07	1.02292
ECI2	down	2	1.0	-0.511424	3.76054e-05	1.02285
PPP1R15A	up	2	1.0	0.511292	5.15253e-06	1.02258
CALR	up	2	1.0	0.511104	6.67021e-08	1.02221
PRELP	up	2	1.0	0.510919	0.000257598	1.02184
MKI67	up	2	1.0	0.510824	0.00140315	1.02165
CALHM2	up	2	1.0	0.510781	2.07261e-08	1.02156
TCTN1	up	2	1.0	0.510763	4.11388e-05	1.02153
LONRF3	down	2	1.0	-0.510502	2.67131e-07	1.021
GLYATL1	up	2	1.0	0.510482	1.17142e-11	1.02096
MINOS1	down	2	1.0	-0.510379	1.90121e-09	1.02076
LRRFIP1	up	2	1.0	0.510228	2.6029e-10	1.02046
SKAP1	up	2	1.0	0.510225	1.52212e-05	1.02045
PPIL6	down	2	1.0	-0.51014	5.07356e-08	1.02028
SLC25A43	down	2	1.0	-0.510128	3.47702e-08	1.02026
RIOK3	down	2	1.0	-0.510088	3.70993e-06	1.02018
ADORA2B	down	2	1.0	-0.509829	0.00787469	1.01966
EFL1	down	2	1.0	-0.509659	1.86699e-06	1.01932
KCTD11	up	2	1.0	0.509606	3.7321e-09	1.01921
ASPH	up	2	1.0	0.509518	1.45989e-06	1.01904
FPR3	up	2	1.0	0.509506	0.0878873	1.01901
SLC35B1	up	2	1.0	0.509487	8.46087e-13	1.01897
SLC24A3	up	2	1.0	0.509208	9.11451e-08	1.01842
FNDC4	up	2	1.0	0.5092	8.13341e-11	1.0184
PHACTR1	up	2	1.0	0.508906	7.19683e-09	1.01781
MLLT3	down	2	1.0	-0.508896	7.09914e-05	1.01779
TM9SF1	up	2	1.0	0.50858	2.17735e-07	1.01716
ROPN1L	up	2	1.0	0.508498	4.36079e-13	1.017
CACNB3	down	2	1.0	-0.508431	1.26839e-05	1.01686
HEXIM1	down	2	1.0	-0.507644	0.000217687	1.01529
CHMP1B	down	2	1.0	-0.507636	3.70833e-06	1.01527
FAM98C	down	2	1.0	-0.507241	1.89069e-07	1.01448
AGR2	up	2	1.0	0.506981	0.00139035	1.01396
PHF3	down	2	1.0	-0.506959	1.13125e-06	1.01392
MAP1A	up	2	1.0	0.506799	8.55855e-05	1.0136
AFAP1-AS1	up	2	1.0	0.506633	7.81308e-06	1.01327
DTX1	up	2	1.0	0.506603	7.73591e-08	1.01321
RAB39B	up	2	1.0	0.506252	2.90358e-10	1.0125
LTA	up	2	1.0	0.506138	2.07261e-08	1.01228
NFKBIE	up	2	1.0	0.506134	5.97614e-08	1.01227
TRAFD1	up	2	1.0	0.50595	3.71142e-06	1.0119
WDR35	up	2	1.0	0.50593	6.76931e-07	1.01186
ZSCAN16	down	2	1.0	-0.505675	9.24948e-05	1.01135
FARP2	down	2	1.0	-0.505498	4.13553e-09	1.011
PTPRG	up	2	1.0	0.505405	1.25501e-06	1.01081
MNX1	down	2	1.0	-0.505315	4.6338e-05	1.01063
MID2	up	2	1.0	0.505269	0.000126411	1.01054
MIR10B	down	2	1.0	-0.505171	1.05355e-05	1.01034
SDSL	down	2	1.0	-0.50502	6.80793e-07	1.01004
APOO	down	2	1.0	-0.504922	2.17958e-07	1.00984
HBA2	up	2	1.0	0.504872	0.0457543	1.00974
CDK18	down	2	1.0	-0.504863	3.76729e-07	1.00973
TWIST2	up	2	1.0	0.504684	1.2699e-06	1.00937
DLC1	up	2	1.0	0.504557	6.72923e-06	1.00911
KIAA1109	down	2	1.0	-0.504413	8.24196e-09	1.00883
CBFA2T2	down	2	1.0	-0.504388	1.83415e-12	1.00878
SCAPER	down	2	1.0	-0.504331	0.000121897	1.00866
HYI	down	2	1.0	-0.504189	2.54438e-07	1.00838
MTX2	down	2	1.0	-0.504087	4.99038e-07	1.00817
STAG3L4	down	2	1.0	-0.504057	0.000229066	1.00811
DOK2	up	2	1.0	0.503991	8.97477e-06	1.00798
PHKA1	up	2	1.0	0.50397	1.86184e-05	1.00794
BTBD9	down	2	1.0	-0.50391	4.03167e-10	1.00782
P4HB	up	2	1.0	0.503888	8.34242e-13	1.00778
C2CD2	up	2	1.0	0.503828	9.77061e-07	1.00766
TLN1	up	2	1.0	0.503639	1.98421e-06	1.00728
CLDN11	up	2	1.0	0.50363	5.3924e-13	1.00726
HIST1H3H	down	2	1.0	-0.503483	0.000660375	1.00697
HHIP	down	2	1.0	-0.503447	0.000159335	1.00689
BOC	up	2	1.0	0.503301	1.40776e-06	1.0066
MOB3A	up	2	1.0	0.502945	2.76519e-06	1.00589
TRIM24	down	2	1.0	-0.502683	3.25419e-05	1.00537
DCLK1	up	2	1.0	0.502637	0.000165456	1.00527
MLXIP	down	2	1.0	-0.50259	1.96694e-07	1.00518
ZNF281	up	2	1.0	0.50249	3.68402e-08	1.00498
SLC12A4	up	2	1.0	0.502428	6.79229e-10	1.00486
LIPA	up	2	1.0	0.502329	0.000257734	1.00466
SLC36A4	up	2	1.0	0.502251	0.0019591	1.0045
REC8	up	2	1.0	0.501897	2.01555e-07	1.00379
AGPAT2	down	2	1.0	-0.501891	0.00128786	1.00378
ALKBH7	down	2	1.0	-0.501777	0.000296118	1.00355
SORCS2	up	2	1.0	0.501671	8.55074e-12	1.00334
MT3	down	2	1.0	-0.501641	1.92685e-06	1.00328
KDM4A	down	2	1.0	-0.501518	4.06949e-05	1.00304
NECTIN2	up	2	1.0	0.501308	6.46571e-05	1.00262
ZC3H12B	down	2	1.0	-0.501251	3.03369e-13	1.0025
RAB32	down	2	1.0	-0.501167	1.13291e-05	1.00233
THNSL1	down	2	1.0	-0.501119	3.15801e-08	1.00224
PPP4R1	up	2	1.0	0.500929	0.000138203	1.00186
B4GALT4	down	2	1.0	-0.500759	1.54694e-07	1.00152
ALDH1A3	up	2	1.0	0.50068	0.00158864	1.00136
TMEM38A	down	2	1.0	-0.500546	0.000132471	1.00109
GCA	up	2	1.0	0.500507	0.000269443	1.00101
RNF122	up	2	1.0	0.500483	7.58398e-08	1.00097
ETFB	down	2	1.0	-0.500204	0.000138203	1.00041
COX6C	down	2	1.0	-0.499842	7.98006e-10	0.999684
NDUFB10	down	2	1.0	-0.499664	5.90151e-11	0.999328
RUBCN	up	2	1.0	0.49941	3.1189e-10	0.998819
FAM101B	up	2	1.0	0.499324	0.0021503	0.998648
LAD1	down	2	1.0	-0.499296	6.11043e-06	0.998592
PLSCR4	down	2	1.0	-0.49926	8.95844e-07	0.998521
KLF3	down	2	1.0	-0.499166	1.31446e-06	0.998332
ZNF593	up	2	1.0	0.49911	3.41406e-06	0.99822
AMOTL2	up	2	1.0	0.499067	1.45758e-05	0.998134
RILP	down	2	1.0	-0.499007	0.000204593	0.998013
ICA1	down	2	1.0	-0.49897	3.92766e-05	0.99794
OCEL1	down	2	1.0	-0.498812	6.0631e-05	0.997624
PLLP	up	2	1.0	0.498518	0.0011703	0.997035
WWC2	up	2	1.0	0.498461	2.09803e-05	0.996922
TOMM40L	down	2	1.0	-0.498377	1.13741e-08	0.996755
SMIM5	down	2	1.0	-0.498143	0.00523947	0.996286
KIAA1211L	down	2	1.0	-0.498134	4.92288e-06	0.996267
NET1	down	2	1.0	-0.498131	6.02083e-10	0.996262
SEMA3A	up	2	1.0	0.498101	0.000518837	0.996201
NAA60	down	2	1.0	-0.498089	1.81597e-06	0.996179
ARRB2	up	2	1.0	0.49784	4.62945e-05	0.99568
THSD4	down	2	1.0	-0.497715	0.000176316	0.995431
BCL2L11	down	2	1.0	-0.497629	1.37313e-05	0.995258
ANK1	up	2	1.0	0.497387	5.66962e-08	0.994773
ERN1	up	2	1.0	0.497266	1.70268e-11	0.994531
CCNG1	down	2	1.0	-0.497222	2.38079e-05	0.994444
TLDC2	down	2	1.0	-0.497167	1.46602e-11	0.994334
HOXA-AS2	down	2	1.0	-0.497029	1.45174e-09	0.994058
PSMB8	up	2	1.0	0.497028	1.46609e-07	0.994055
CPTP	down	2	1.0	-0.496944	8.60639e-06	0.993888
TMEM87B	down	2	1.0	-0.496932	1.9562e-07	0.993865
PPIB	up	2	1.0	0.496545	0.000191559	0.99309
ZNF711	down	2	1.0	-0.496518	0.0011955	0.993035
TNS2	up	2	1.0	0.496458	7.05911e-09	0.992916
PFKL	down	2	1.0	-0.496253	7.4919e-08	0.992506
MICU2	down	2	1.0	-0.496171	2.44073e-07	0.992342
CDX1	down	2	1.0	-0.496086	6.77579e-08	0.992173
CRBN	down	2	1.0	-0.496067	5.99433e-08	0.992134
DLG3	down	2	1.0	-0.495894	3.92782e-06	0.991788
GPR68	up	2	1.0	0.495858	9.85592e-08	0.991716
ZNF814	down	2	1.0	-0.495765	0.000207843	0.991531
SLC39A10	up	2	1.0	0.495719	0.00398694	0.991438
VPS13C	up	2	1.0	0.495718	7.17112e-05	0.991437
CLN5	down	2	1.0	-0.495662	8.29663e-07	0.991324
FAM149A	down	2	1.0	-0.495642	4.55369e-05	0.991283
ATF1	down	2	1.0	-0.49552	1.05538e-07	0.99104
KIAA1324	down	2	1.0	-0.495508	3.79616e-05	0.991016
FAM72A	up	2	1.0	0.495348	5.07166e-06	0.990696
CBR4	down	2	1.0	-0.495301	1.63755e-05	0.990601
CNRIP1	up	2	1.0	0.495283	4.9257e-06	0.990567
LNPK	down	2	1.0	-0.495121	3.46528e-06	0.990242
ELMSAN1	down	2	1.0	-0.494863	4.27795e-09	0.989726
SND1	up	2	1.0	0.494831	4.58725e-09	0.989663
IFFO1	up	2	1.0	0.494816	5.7489e-09	0.989633
MGAT3	up	2	1.0	0.494795	1.03182e-06	0.989591
MPI	down	2	1.0	-0.4946	3.04143e-05	0.9892
MLYCD	down	2	1.0	-0.494314	1.22797e-07	0.988628
TRPM7	down	2	1.0	-0.494113	2.93969e-06	0.988227
KIF14	up	2	1.0	0.493783	0.000887948	0.987567
CHST13	down	2	1.0	-0.493781	7.00409e-05	0.987561
ZNF382	up	2	1.0	0.493604	0.000276468	0.987207
NUBPL	down	2	1.0	-0.493497	1.0878e-05	0.986994
FAM118B	down	2	1.0	-0.493457	1.53126e-10	0.986914
LGI4	down	2	1.0	-0.493422	5.4674e-05	0.986845
PHLPP1	down	2	1.0	-0.493278	2.51207e-06	0.986556
VPS13A	down	2	1.0	-0.493246	5.42298e-07	0.986493
NTS	down	2	1.0	-0.49318	0.050602	0.98636
MCEMP1	up	2	1.0	0.493174	2.37261e-07	0.986348
MARCKS	down	2	1.0	-0.493014	6.3282e-08	0.986028
PACRG	down	2	1.0	-0.492996	5.32502e-06	0.985992
C1QB	up	2	1.0	0.492983	0.0723974	0.985966
APOL6	up	2	1.0	0.492899	6.41428e-06	0.985798
TMEM109	up	2	1.0	0.49288	1.06041e-06	0.985761
TMEM132A	up	2	1.0	0.492843	2.06522e-06	0.985687
COA3	down	2	1.0	-0.492822	1.13854e-08	0.985643
COQ7	down	2	1.0	-0.492803	8.51073e-09	0.985607
ZNRF2	down	2	1.0	-0.492748	4.24289e-07	0.985496
FLNC	up	2	1.0	0.492271	9.48087e-05	0.984542
LIMA1	down	2	1.0	-0.492226	6.7563e-17	0.984452
TEAD2	up	2	1.0	0.492173	1.75696e-06	0.984346
PCTP	down	2	1.0	-0.491781	5.52493e-11	0.983561
MANEA	up	2	1.0	0.491661	0.00288104	0.983322
MVB12B	down	2	1.0	-0.491509	5.02642e-08	0.983018
MITF	up	2	1.0	0.491479	0.000177633	0.982959
RIPK4	down	2	1.0	-0.491413	5.67177e-07	0.982826
SCOC	down	2	1.0	-0.491171	8.48585e-05	0.982341
IDH3A	down	2	1.0	-0.491036	6.62776e-10	0.982072
RSAD2	down	2	1.0	-0.491027	0.100619	0.982054
SUCLA2	down	2	1.0	-0.491026	1.25379e-05	0.982052
MXRA8	up	2	1.0	0.490892	1.49876e-05	0.981784
USP11	up	2	1.0	0.490885	1.09254e-05	0.981771
KIAA0226L	up	2	1.0	0.490756	1.21051e-07	0.981512
STK39	down	2	1.0	-0.490708	2.52727e-06	0.981416
SMIM7	down	2	1.0	-0.490606	5.71591e-08	0.981212
GSS	down	2	1.0	-0.49053	1.94662e-06	0.981061
TTLL4	up	2	1.0	0.490393	6.41428e-06	0.980785
MIR600HG	down	2	1.0	-0.490334	6.70359e-07	0.980668
MAFB	up	2	1.0	0.490291	0.000164331	0.980583
CD1B	up	2	1.0	0.490026	4.73217e-08	0.980051
GRM8	down	2	1.0	-0.490024	4.65383e-06	0.980049
RXRA	down	2	1.0	-0.48992	8.14882e-06	0.979841
GLIS3	up	2	1.0	0.489888	0.00411418	0.979775
ALG14	down	2	1.0	-0.489613	0.000345215	0.979225
UGT2B28	down	2	1.0	-0.489486	6.66898e-10	0.978971
ASPN	up	2	1.0	0.489253	0.00808093	0.978506
GALNT14	up	2	1.0	0.489202	2.16175e-06	0.978404
GLOD4	down	2	1.0	-0.48908	1.81326e-05	0.97816
CITED2	down	2	1.0	-0.488965	1.71582e-05	0.977931
QPCT	up	2	1.0	0.488777	0.000506499	0.977555
PPFIBP2	down	2	1.0	-0.488768	2.18069e-06	0.977536
PGAP2	down	2	1.0	-0.488735	1.42927e-07	0.977471
RASSF6	down	2	1.0	-0.488649	1.32954e-05	0.977298
ELOVL2	up	2	1.0	0.488447	1.16637e-06	0.976894
CNPY2	up	2	1.0	0.488322	4.04272e-08	0.976644
LRRC70	up	2	1.0	0.488294	1.38103e-06	0.976588
TMEM168	down	2	1.0	-0.488266	9.75824e-10	0.976533
FTSJ1	up	2	1.0	0.488216	1.13683e-13	0.976433
PHYKPL	down	2	1.0	-0.488198	3.00917e-07	0.976397
RAI1	up	2	1.0	0.487901	1.24454e-07	0.975801
TANK	up	2	1.0	0.487812	1.79334e-05	0.975625
MRPL15	down	2	1.0	-0.487751	4.3334e-11	0.975502
ABCA13	up	2	1.0	0.487088	7.22784e-12	0.974177
ITIH4	up	2	1.0	0.486915	0.000187891	0.97383
IMMP1L	down	2	1.0	-0.48677	0.00126287	0.973541
ARHGAP18	down	2	1.0	-0.486716	0.000252138	0.973432
CYFIP2	up	2	1.0	0.486686	0.000338843	0.973372
ITPKB	up	2	1.0	0.486598	3.57575e-08	0.973195
VASH1	up	2	1.0	0.48658	3.24571e-09	0.97316
GALNT5	up	2	1.0	0.486578	0.00217755	0.973156
KIAA0930	up	2	1.0	0.486365	2.4296e-05	0.97273
ARHGEF10L	down	2	1.0	-0.486322	2.56469e-07	0.972644
DNAJC15	down	2	1.0	-0.48621	0.000126006	0.97242
TMEM131	down	2	1.0	-0.486035	4.01499e-07	0.972069
TRIM16	up	2	1.0	0.485847	8.79338e-10	0.971693
DDX58	up	2	1.0	0.485828	0.0832209	0.971656
AKAP12	up	2	1.0	0.485525	1.11715e-05	0.97105
F13A1	down	2	1.0	-0.485239	0.0087156	0.970479
SH2D6	down	2	1.0	-0.485215	3.33857e-05	0.970431
MTIF2	down	2	1.0	-0.485162	9.27165e-07	0.970323
TUBG2	up	2	1.0	0.485063	2.01726e-05	0.970127
PYGB	down	2	1.0	-0.485052	1.39375e-05	0.970105
TOM1L2	down	2	1.0	-0.485031	0.000166182	0.970062
SLC25A5	down	2	1.0	-0.485002	1.60353e-05	0.970004
ABLIM3	up	2	1.0	0.484932	3.31158e-05	0.969864
HSD17B8	down	2	1.0	-0.484796	1.60664e-06	0.969591
FBLIM1	down	2	1.0	-0.484689	0.000798178	0.969379
CUL5	down	2	1.0	-0.484675	1.16134e-05	0.969351
STK38L	down	2	1.0	-0.484664	5.2222e-07	0.969327
TAPBP	up	2	1.0	0.484592	3.1949e-12	0.969185
GPT	down	2	1.0	-0.484445	0.00171621	0.968891
BLOC1S6	up	2	1.0	0.484372	3.19607e-05	0.968744
DOPEY2	down	2	1.0	-0.484167	0.00451259	0.968334
KIF20A	up	2	1.0	0.483995	0.00304117	0.96799
FAM83G	down	2	1.0	-0.483851	0.00342669	0.967703
HTR1D	up	2	1.0	0.483777	4.32167e-11	0.967554
NDUFB3	down	2	1.0	-0.483754	8.14085e-05	0.967508
PGGT1B	down	2	1.0	-0.483519	4.31834e-06	0.967037
HNF1A	down	2	1.0	-0.483479	5.1671e-05	0.966957
SLC22A18	down	2	1.0	-0.483431	0.000261879	0.966862
FAM120AOS	down	2	1.0	-0.483426	2.54012e-14	0.966851
NPL	up	2	1.0	0.483004	0.00210163	0.966008
ZNF492	down	2	1.0	-0.482981	8.18493e-05	0.965961
SAMD9	up	2	1.0	0.482969	5.23042e-05	0.965938
VTA1	down	2	1.0	-0.48266	7.14061e-07	0.96532
FKBP7	up	2	1.0	0.482643	2.19657e-05	0.965286
UBE2E2	up	2	1.0	0.482494	0.00396533	0.964987
ZCCHC10	down	2	1.0	-0.482316	5.62591e-08	0.964633
MYO9A	down	2	1.0	-0.482247	7.64567e-06	0.964494
TTC30B	down	2	1.0	-0.482244	0.0010171	0.964487
NNT	down	2	1.0	-0.482243	5.93805e-06	0.964486
FAM117A	up	2	1.0	0.482205	1.98667e-07	0.96441
HOXD1	down	2	1.0	-0.48219	0.00035659	0.96438
TMED9	up	2	1.0	0.482022	8.61241e-07	0.964044
BID	up	2	1.0	0.481767	0.00137178	0.963534
SLC40A1	up	2	1.0	0.48163	0.00302626	0.963259
AKR1C2	down	2	1.0	-0.481601	0.0090241	0.963202
CELA3B	down	2	1.0	-0.481544	3.4072e-06	0.963087
AGAP1	down	2	1.0	-0.48144	6.7546e-08	0.962879
FHIT	down	2	1.0	-0.481429	8.40637e-07	0.962858
MCOLN3	down	2	1.0	-0.481384	1.50274e-05	0.962767
ABHD12	down	2	1.0	-0.481235	4.09857e-05	0.96247
PRDM15	up	2	1.0	0.481223	4.19693e-08	0.962446
ZNF518A	down	2	1.0	-0.481002	2.15647e-07	0.962003
TACR1	up	2	1.0	0.480954	5.08248e-08	0.961909
NDE1	up	2	1.0	0.480936	6.41428e-06	0.961873
TPMT	down	2	1.0	-0.48088	1.62973e-05	0.961759
GYG1	up	2	1.0	0.480792	0.000137843	0.961584
SH3GL2	down	2	1.0	-0.480644	0.00114079	0.961287
DNMT1	up	2	1.0	0.480568	5.28761e-06	0.961137
TRIM10	down	2	1.0	-0.480495	3.22677e-05	0.96099
NIPAL3	down	2	1.0	-0.480472	1.66172e-05	0.960945
ZNF577	down	2	1.0	-0.480113	6.40485e-06	0.960226
CYP3A5	down	2	1.0	-0.48009	0.000113276	0.960179
PPRC1	up	2	1.0	0.480016	2.63732e-08	0.960033
H1F0	down	2	1.0	-0.479847	0.000128402	0.959695
LHX6	up	2	1.0	0.479806	2.12472e-05	0.959612
LAMTOR3	down	2	1.0	-0.479695	3.02333e-09	0.959389
ASCC3	up	2	1.0	0.479648	2.41089e-05	0.959295
EMILIN3	down	2	1.0	-0.479574	0.000221886	0.959148
NDUFB5	down	2	1.0	-0.479564	2.17911e-12	0.959128
TACO1	down	2	1.0	-0.479464	5.60388e-06	0.958928
FZD3	up	2	1.0	0.47943	1.01848e-05	0.95886
PLEKHA7	down	2	1.0	-0.479198	4.53782e-06	0.958397
C4orf3	up	2	1.0	0.479148	0.000254023	0.958296
DDAH1	down	2	1.0	-0.479146	1.24123e-12	0.958293
FAM69A	up	2	1.0	0.47909	0.00015666	0.95818
BMX	down	2	1.0	-0.479083	0.00505379	0.958166
KIF18A	up	2	1.0	0.479009	0.00139955	0.958019
CDK5R1	up	2	1.0	0.478911	3.70487e-07	0.957821
DEF8	up	2	1.0	0.478895	8.61615e-08	0.95779
MAP3K6	up	2	1.0	0.478882	4.22385e-09	0.957764
ELAVL2	down	2	1.0	-0.47873	5.74846e-05	0.95746
CAAP1	down	2	1.0	-0.478668	2.24798e-07	0.957336
ZKSCAN7	up	2	1.0	0.478611	0.000136633	0.957222
FLNB	down	2	1.0	-0.478564	1.10221e-05	0.957128
GNA12	up	2	1.0	0.478532	3.93297e-05	0.957064
SLC23A2	up	2	1.0	0.478276	1.09792e-05	0.956552
RLIM	up	2	1.0	0.478265	2.0466e-05	0.95653
ARF4	up	2	1.0	0.478213	0.00164409	0.956426
SNX32	down	2	1.0	-0.478152	0.000175125	0.956303
FAM171A1	down	2	1.0	-0.478132	2.77307e-10	0.956265
KCTD9	down	2	1.0	-0.478113	2.4816e-05	0.956226
SPA17	down	2	1.0	-0.478056	1.96522e-05	0.956112
HACD2	down	2	1.0	-0.477855	8.43216e-10	0.955709
DCUN1D4	down	2	1.0	-0.477697	2.782e-07	0.955395
ATE1	down	2	1.0	-0.47765	1.76405e-06	0.955301
ZNF493	down	2	1.0	-0.477587	0.00042706	0.955174
AIM1L	down	2	1.0	-0.47755	0.00475302	0.9551
TP73-AS1	up	2	1.0	0.477515	1.01291e-05	0.955029
SHMT2	up	2	1.0	0.477514	1.33585e-08	0.955027
PLOD2	down	2	1.0	-0.477481	0.000824218	0.954962
SREBF2	down	2	1.0	-0.47743	0.000190504	0.954859
INTS6L	down	2	1.0	-0.477375	6.58436e-07	0.95475
HLA-F	up	2	1.0	0.477279	9.48811e-05	0.954558
FH	down	2	1.0	-0.477133	8.63822e-09	0.954265
SLC22A15	up	2	1.0	0.477058	2.58579e-11	0.954116
ATF5	up	2	1.0	0.476969	2.59031e-06	0.953937
HOXD3	down	2	1.0	-0.476935	9.8725e-07	0.95387
NUAK1	up	2	1.0	0.476885	8.30748e-05	0.95377
MYADM	up	2	1.0	0.476876	0.000807799	0.953751
EXOC3	down	2	1.0	-0.476621	0.00309216	0.953242
VPS37B	down	2	1.0	-0.476616	1.73072e-05	0.953232
CDH1	down	2	1.0	-0.476578	6.23524e-05	0.953156
DKK3	up	2	1.0	0.476492	1.24748e-06	0.952985
ZZEF1	down	2	1.0	-0.476388	6.70171e-08	0.952777
MFAP2	up	2	1.0	0.476369	9.4233e-08	0.952738
PREB	up	2	1.0	0.476361	3.78602e-11	0.952723
RNASEL	down	2	1.0	-0.476299	7.26357e-05	0.952599
MAPK3	down	2	1.0	-0.47615	4.09034e-08	0.952299
ARL3	up	2	1.0	0.476012	6.33756e-07	0.952023
GYG2	up	2	1.0	0.475983	0.00111395	0.951966
ST6GALNAC5	up	2	1.0	0.475938	4.10043e-08	0.951876
B2M	up	2	1.0	0.475934	0.00031458	0.951867
ZNF512B	up	2	1.0	0.475502	6.0178e-06	0.951004
ISG15	up	2	1.0	0.475463	0.000173748	0.950927
CHL1	up	2	1.0	0.475334	0.00555963	0.950669
HOXB3	down	2	1.0	-0.475154	8.34737e-06	0.950307
OGT	up	2	1.0	0.475153	5.94521e-05	0.950306
LOC153684	up	2	1.0	0.475092	6.66748e-09	0.950184
AUTS2	down	2	1.0	-0.474927	1.33407e-05	0.949854
TNFSF12-TNFSF13	up	2	1.0	0.474878	5.54027e-08	0.949757
ZKSCAN1	down	2	1.0	-0.474246	4.0944e-06	0.948492
NDUFS3	down	2	1.0	-0.474123	6.15137e-06	0.948246
THNSL2	down	2	1.0	-0.473776	0.00508488	0.947551
DIO3	down	2	1.0	-0.473746	1.85101e-05	0.947492
GFM1	down	2	1.0	-0.473627	2.7743e-06	0.947254
AATBC	down	2	1.0	-0.473625	0.0287678	0.947251
CDC42SE1	up	2	1.0	0.473624	6.55528e-05	0.947248
SKP1	down	2	1.0	-0.473588	7.25903e-06	0.947176
SAP30L	down	2	1.0	-0.473553	4.54564e-07	0.947106
RASL12	up	2	1.0	0.473507	1.02586e-08	0.947015
MYB	down	2	1.0	-0.473349	1.80335e-08	0.946699
LOC254896	up	2	1.0	0.473271	2.11521e-12	0.946541
ARF3	down	2	1.0	-0.473203	1.91592e-06	0.946407
RHBDD1	up	2	1.0	0.473016	5.08766e-07	0.946032
ATP5L	down	2	1.0	-0.472959	4.29076e-06	0.945918
FAM92A1	up	2	1.0	0.472867	1.14188e-08	0.945734
HSPB8	up	2	1.0	0.472767	1.63009e-05	0.945533
ANKRD36B	up	2	1.0	0.472677	0.000913411	0.945354
DOK4	down	2	1.0	-0.472643	7.41417e-06	0.945287
AGL	down	2	1.0	-0.472537	1.45958e-09	0.945073
PNRC1	up	2	1.0	0.472453	9.35906e-09	0.944906
ATP5SL	down	2	1.0	-0.47236	9.51182e-10	0.94472
ERN2	down	2	1.0	-0.472173	4.33239e-05	0.944346
ZNF37BP	up	2	1.0	0.472171	0.000459546	0.944342
SLC25A4	down	2	1.0	-0.472002	4.63068e-11	0.944005
GTF2E2	up	2	1.0	0.472002	1.56013e-10	0.944004
NDUFV1	down	2	1.0	-0.471954	0.000370214	0.943907
ATP5G1	down	2	1.0	-0.471911	3.94474e-09	0.943823
SLC35B3	down	2	1.0	-0.471827	1.81972e-06	0.943654
SEMA4C	up	2	1.0	0.471673	0.000224768	0.943346
KLHL24	down	2	1.0	-0.471646	2.69073e-11	0.943292
CLUH	down	2	1.0	-0.471596	4.99869e-05	0.943192
IL17RE	down	2	1.0	-0.471524	2.47946e-05	0.943048
HERPUD1	up	2	1.0	0.471394	8.84026e-06	0.942788
TCEAL7	up	2	1.0	0.471373	4.73987e-05	0.942745
CX3CR1	up	2	1.0	0.471316	0.000382941	0.942632
PPIP5K1	down	2	1.0	-0.471229	4.2621e-10	0.942458
APPL1	down	2	1.0	-0.471216	1.41143e-06	0.942432
CLEC12B	up	2	1.0	0.471141	5.50319e-07	0.942281
OPLAH	down	2	1.0	-0.471058	4.93716e-06	0.942116
PRSS8	down	2	1.0	-0.470894	0.00280161	0.941789
ACR	down	2	1.0	-0.470836	4.5045e-06	0.941673
ZFAND2B	down	2	1.0	-0.470815	3.08127e-05	0.941631
PET117	down	2	1.0	-0.470747	4.076e-14	0.941494
WNK1	up	2	1.0	0.470713	2.92554e-05	0.941426
CDC42BPA	down	2	1.0	-0.470496	3.02748e-07	0.940992
SEL1L	up	2	1.0	0.470453	3.22204e-10	0.940906
PROSC	down	2	1.0	-0.470347	1.10417e-08	0.940694
C21orf33	down	2	1.0	-0.470338	6.93487e-10	0.940677
TRMT112	up	2	1.0	0.470083	4.62573e-07	0.940165
MTCH2	down	2	1.0	-0.470066	1.10368e-05	0.940132
ERI2	down	2	1.0	-0.469986	7.56185e-05	0.939972
NCEH1	down	2	1.0	-0.46989	0.00162357	0.939781
FRMD6	up	2	1.0	0.469885	0.000104865	0.939771
MYPN	down	2	1.0	-0.469867	0.00720287	0.939734
CISD1	down	2	1.0	-0.469818	6.23291e-05	0.939636
RPIA	down	2	1.0	-0.469566	3.47446e-07	0.939132
FZD4	up	2	1.0	0.469299	1.4069e-07	0.938598
IVD	down	2	1.0	-0.469224	1.12882e-05	0.938448
TBC1D2B	up	2	1.0	0.468883	2.68788e-06	0.937766
PNKD	down	2	1.0	-0.46885	5.48625e-07	0.9377
SHB	up	2	1.0	0.468788	3.06849e-07	0.937576
E2F2	down	2	1.0	-0.468787	0.000120365	0.937574
G6PD	up	2	1.0	0.46868	1.77524e-06	0.937359
ABI2	up	2	1.0	0.468405	0.000610498	0.936809
AFF3	up	2	1.0	0.468216	0.00119588	0.936433
TSFM	down	2	1.0	-0.468175	3.31426e-07	0.936349
SGCD	up	2	1.0	0.468075	4.41023e-06	0.93615
ITGA6	up	2	1.0	0.468039	2.76005e-06	0.936077
XKR6	up	2	1.0	0.467968	5.11464e-06	0.935936
ZNF682	down	2	1.0	-0.467886	0.00167626	0.935772
NFE2	up	2	1.0	0.467867	1.90792e-05	0.935733
PPARD	down	2	1.0	-0.46783	0.000708767	0.93566
FAM234A	down	2	1.0	-0.4677	0.000205284	0.9354
TYRP1	up	2	1.0	0.467551	0.00899597	0.935102
RPL31	down	2	1.0	-0.46751	0.0143017	0.935019
HEY2	up	2	1.0	0.467464	1.91399e-08	0.934928
GPR35	down	2	1.0	-0.467356	3.19187e-06	0.934713
SEPP1	down	2	1.0	-0.467332	0.0900653	0.934664
PPP1R16A	down	2	1.0	-0.467297	9.20838e-06	0.934594
CDHR3	down	2	1.0	-0.467227	8.44929e-08	0.934454
CPB1	up	2	1.0	0.46722	0.00096223	0.934441
HELLS	up	2	1.0	0.467205	0.00337313	0.934409
SLMO2-ATP5E	down	2	1.0	-0.467111	5.57711e-05	0.934222
LINC00238	down	2	1.0	-0.466968	0.00134868	0.933936
C19orf66	up	2	1.0	0.466963	3.07545e-07	0.933925
RNF19B	up	2	1.0	0.466884	1.53452e-05	0.933769
NAP1L5	up	2	1.0	0.466859	7.50862e-09	0.933717
DDIAS	up	2	1.0	0.466751	4.96957e-06	0.933501
N6AMT1	down	2	1.0	-0.466679	0.000174371	0.933358
SNX2	down	2	1.0	-0.466595	6.33637e-05	0.933191
ZNF585A	down	2	1.0	-0.466585	1.03107e-05	0.933171
DPEP2	up	2	1.0	0.466523	1.93623e-06	0.933045
PARP1	up	2	1.0	0.466425	3.90498e-11	0.932849
POFUT1	down	2	1.0	-0.466191	2.06683e-05	0.932382
CCND2	up	2	1.0	0.466019	0.000103321	0.932038
FMNL2	up	2	1.0	0.465985	0.000313134	0.931969
ABCD2	up	2	1.0	0.465931	1.51834e-05	0.931862
SHE	up	2	1.0	0.465831	5.11973e-05	0.931661
CD247	up	2	1.0	0.46577	1.34177e-07	0.93154
KCNN4	up	2	1.0	0.465612	0.000197032	0.931224
CDV3	up	2	1.0	0.465371	3.58583e-09	0.930742
SORT1	down	2	1.0	-0.465077	4.79386e-09	0.930154
AKNA	up	2	1.0	0.465	8.95939e-07	0.93
TMEM161B	down	2	1.0	-0.464872	3.98872e-12	0.929744
PAIP2B	down	2	1.0	-0.46479	0.000131547	0.92958
PLS1	down	2	1.0	-0.464748	0.00166525	0.929496
MRPL48	down	2	1.0	-0.464392	4.21149e-11	0.928784
LRRC75B	down	2	1.0	-0.464313	1.055e-06	0.928626
CYP4V2	down	2	1.0	-0.46423	0.000257189	0.928461
AP2B1	up	2	1.0	0.464197	2.284e-05	0.928395
REEP4	down	2	1.0	-0.464098	0.000316632	0.928197
SHROOM1	down	2	1.0	-0.463662	4.20189e-07	0.927324
PLEKHG3	down	2	1.0	-0.463639	4.45117e-05	0.927278
USF3	down	2	1.0	-0.463621	7.76287e-07	0.927242
DCSTAMP	up	2	1.0	0.463476	5.08237e-11	0.926952
ADTRP	down	2	1.0	-0.463476	0.000362912	0.926952
CEACAM19	down	2	1.0	-0.463423	0.00443716	0.926847
FAM167B	up	2	1.0	0.463379	5.2786e-07	0.926758
LIN7C	down	2	1.0	-0.463354	9.38904e-07	0.926708
TMEM242	down	2	1.0	-0.463321	1.59156e-06	0.926643
NIN	up	2	1.0	0.463283	1.90716e-05	0.926566
DLAT	down	2	1.0	-0.463228	1.02457e-05	0.926456
MTSS1	down	2	1.0	-0.463209	9.87782e-07	0.926418
FCER1A	down	2	1.0	-0.46312	0.0292344	0.926239
C1RL	up	2	1.0	0.46298	6.20529e-06	0.92596
SRD5A1	down	2	1.0	-0.462678	0.000301754	0.925356
ZNF239	up	2	1.0	0.462462	3.10831e-05	0.924924
MISP3	down	2	1.0	-0.462437	0.00175191	0.924874
MESP1	down	2	1.0	-0.462431	5.24487e-05	0.924862
SCG5	up	2	1.0	0.462342	0.000175854	0.924685
CNPPD1	down	2	1.0	-0.462269	1.63179e-05	0.924538
TRAM1	up	2	1.0	0.462075	1.65385e-09	0.924151
DCST2	down	2	1.0	-0.462051	0.000217418	0.924101
TSKU	down	2	1.0	-0.461761	6.13224e-05	0.923521
LMF2	up	2	1.0	0.461414	2.64289e-06	0.922828
SLC38A2	up	2	1.0	0.461291	2.46259e-09	0.922582
VCP	up	2	1.0	0.461172	4.29132e-05	0.922344
EPS8L3	down	2	1.0	-0.461066	0.000104853	0.922131
SESN1	down	2	1.0	-0.461013	7.2648e-07	0.922027
NUDT15	down	2	1.0	-0.461005	2.94869e-06	0.92201
MUCL1	up	2	1.0	0.460991	1.48261e-06	0.921983
SP100	up	2	1.0	0.460745	1.43291e-06	0.921489
FAM129C	up	2	1.0	0.460534	0.000571417	0.921068
MAPK9	down	2	1.0	-0.460534	1.35597e-08	0.921067
RGL1	up	2	1.0	0.460462	0.00152146	0.920924
GPR161	up	2	1.0	0.460346	8.29419e-06	0.920691
CCDC50	up	2	1.0	0.460247	8.53787e-05	0.920494
OSBPL10	up	2	1.0	0.45994	1.70416e-07	0.91988
TRIM47	up	2	1.0	0.459771	0.000543991	0.919543
LMO2	up	2	1.0	0.45974	2.00428e-05	0.919481
SNAI1	up	2	1.0	0.459727	1.99583e-09	0.919453
EPHX4	up	2	1.0	0.459723	1.70445e-08	0.919445
BZW2	down	2	1.0	-0.459684	1.19947e-07	0.919367
MARCH3	down	2	1.0	-0.45963	0.000138241	0.919261
GPR82	up	2	1.0	0.459622	0.00028959	0.919245
BTBD2	down	2	1.0	-0.45958	1.62168e-11	0.919159
GRHL3	up	2	1.0	0.459387	4.1874e-09	0.918774
RPP25L	down	2	1.0	-0.459218	3.32296e-05	0.918437
PGPEP1	down	2	1.0	-0.459194	3.92376e-08	0.918388
IDO2	up	2	1.0	0.459073	2.64461e-06	0.918146
THEMIS	up	2	1.0	0.459033	0.000578021	0.918067
MEFV	up	2	1.0	0.459033	4.2331e-09	0.918065
PRKXP1	down	2	1.0	-0.458782	0.0505488	0.917564
IL5RA	up	2	1.0	0.458622	0.000729982	0.917245
C1orf198	up	2	1.0	0.458495	0.000572261	0.91699
C2CD2L	down	2	1.0	-0.458395	2.64289e-06	0.916791
CEP97	up	2	1.0	0.458232	0.00020213	0.916463
C8orf82	down	2	1.0	-0.458116	8.29016e-06	0.916232
SYNPO	down	2	1.0	-0.458076	7.25557e-05	0.916152
DMTN	down	2	1.0	-0.457987	4.9982e-10	0.915974
KIF1B	down	2	1.0	-0.457762	4.38868e-07	0.915523
SLC30A7	up	2	1.0	0.457751	1.2482e-05	0.915501
MAP7D3	up	2	1.0	0.457711	1.84815e-06	0.915421
PAFAH2	down	2	1.0	-0.457631	2.20959e-08	0.915262
BAD	down	2	1.0	-0.457537	0.000152563	0.915073
TTN	up	2	1.0	0.457433	1.05625e-09	0.914865
KRTAP4-1	down	2	1.0	-0.457415	1.49298e-05	0.91483
SPINT2	down	2	1.0	-0.457067	4.50146e-05	0.914135
SYNJ2	down	2	1.0	-0.457055	5.73058e-08	0.91411
SIGLEC7	up	2	1.0	0.456988	0.000407426	0.913976
TMEM54	down	2	1.0	-0.456672	7.95849e-06	0.913343
MAP1LC3A	down	2	1.0	-0.456402	7.85633e-06	0.912805
DNAJC28	down	2	1.0	-0.456176	9.76573e-06	0.912351
GMCL1	down	2	1.0	-0.456085	1.39047e-05	0.91217
USP53	down	2	1.0	-0.456066	5.03203e-06	0.912131
NDUFS4	down	2	1.0	-0.456031	2.69007e-06	0.912062
TPBG	up	2	1.0	0.455972	1.6356e-06	0.911944
DPY19L3	up	2	1.0	0.455961	0.000351349	0.911922
CXorf56	down	2	1.0	-0.455941	1.07156e-06	0.911882
DPP4	down	2	1.0	-0.455817	0.0275621	0.911635
ATP6V1F	up	2	1.0	0.455607	1.91193e-07	0.911214
LSM11	down	2	1.0	-0.45552	4.14751e-09	0.91104
SMOC1	up	2	1.0	0.455499	5.37832e-08	0.910998
CCDC85C	down	2	1.0	-0.455419	1.73102e-05	0.910839
LRCH2	up	2	1.0	0.455176	1.75904e-08	0.910352
GTF2A2	down	2	1.0	-0.455153	0.000182913	0.910307
SLC29A2	down	2	1.0	-0.455029	1.42064e-06	0.910059
GOLGA2P5	down	2	1.0	-0.455009	0.00014397	0.910019
SF3B4	down	2	1.0	-0.4548	2.94724e-07	0.909599
NUP58	up	2	1.0	0.454732	7.47624e-05	0.909465
PLAGL1	down	2	1.0	-0.454698	0.000242001	0.909396
TMEM184A	down	2	1.0	-0.454493	9.92091e-07	0.908985
AP1S3	up	2	1.0	0.454492	6.63786e-06	0.908984
FITM2	down	2	1.0	-0.454463	1.90232e-06	0.908926
CHMP5	down	2	1.0	-0.45432	7.71791e-05	0.90864
DNAJA1	up	2	1.0	0.454309	0.000229579	0.908617
TMTC4	down	2	1.0	-0.454017	2.61765e-05	0.908034
HAS3	down	2	1.0	-0.453792	0.037315	0.907584
INPP5A	down	2	1.0	-0.45379	1.98229e-07	0.907579
RASGEF1B	up	2	1.0	0.453597	1.44378e-05	0.907195
HSPA12B	up	2	1.0	0.453228	0.000146327	0.906456
TCF7L2	down	2	1.0	-0.453176	0.00027503	0.906352
OSTC	up	2	1.0	0.453109	8.89526e-08	0.906218
ZNF311	down	2	1.0	-0.453091	4.13337e-05	0.906182
IL22	up	2	1.0	0.453004	1.01706e-06	0.906008
MORC4	up	2	1.0	0.452967	0.000404103	0.905935
CBLN2	down	2	1.0	-0.452823	0.000254602	0.905646
TRIM27	up	2	1.0	0.452798	2.79981e-06	0.905595
LNX1	down	2	1.0	-0.452769	2.43956e-09	0.905538
TIPARP	up	2	1.0	0.452678	2.11064e-13	0.905357
TMEM139	down	2	1.0	-0.45262	0.000546819	0.905239
EPN3	down	2	1.0	-0.452569	4.11936e-09	0.905137
ASCC1	up	2	1.0	0.452333	1.82186e-05	0.904667
ZSCAN25	down	2	1.0	-0.452141	7.19382e-05	0.904281
C14orf93	down	2	1.0	-0.451999	7.03755e-05	0.903999
HS6ST2	up	2	1.0	0.451914	2.39944e-07	0.903827
CD36	down	2	1.0	-0.451815	0.000349097	0.903629
MYH14	down	2	1.0	-0.451492	0.00176687	0.902984
CTDSP2	down	2	1.0	-0.451306	1.9836e-07	0.902612
VAV2	down	2	1.0	-0.451291	1.10202e-05	0.902582
KAZN	up	2	1.0	0.4512	2.34019e-05	0.902399
MRRF	down	2	1.0	-0.451049	3.51145e-07	0.902098
FN3K	down	2	1.0	-0.451029	1.45223e-06	0.902059
TEF	down	2	1.0	-0.450928	2.43159e-07	0.901857
RNF7	down	2	1.0	-0.450873	2.26971e-05	0.901746
TGFBR1	up	2	1.0	0.45078	5.33155e-05	0.90156
NDUFAF5	down	2	1.0	-0.450638	6.63786e-06	0.901277
KLRC3	down	2	1.0	-0.450609	0.00158211	0.901218
PIK3R1	down	2	1.0	-0.450489	5.68678e-05	0.900979
KIF1C	down	2	1.0	-0.45039	4.30135e-07	0.90078
TMEM135	down	2	1.0	-0.450317	0.00089051	0.900633
CREBRF	down	2	1.0	-0.449921	3.35164e-07	0.899841
RANBP2	up	2	1.0	0.449894	0.000511908	0.899789
MISP	down	2	1.0	-0.449879	0.0010744	0.899757
ECHS1	down	2	1.0	-0.449782	1.86148e-07	0.899563
SFT2D3	down	2	1.0	-0.449554	6.74398e-10	0.899109
IL18BP	up	2	1.0	0.449467	1.68713e-05	0.898934
ODF2	up	2	1.0	0.449053	5.49971e-06	0.898106
DNM2	down	2	1.0	-0.449015	1.41599e-08	0.89803
RARRES1	up	2	1.0	0.448694	9.66113e-05	0.897388
CACNB1	down	2	1.0	-0.448625	0.000625285	0.89725
FLVCR1-AS1	down	2	1.0	-0.44847	0.00625439	0.89694
ITCH	down	2	1.0	-0.448327	8.34185e-08	0.896653
MYOM1	down	2	1.0	-0.448316	2.25918e-06	0.896632
FURIN	up	2	1.0	0.448303	2.93454e-06	0.896606
SERPINB1	up	2	1.0	0.44828	0.000264014	0.89656
NES	up	2	1.0	0.44819	0.00365056	0.896381
HIST1H3I	down	2	1.0	-0.448089	1.97952e-05	0.896178
MAL2	down	2	1.0	-0.447972	2.70713e-05	0.895944
FMO3	up	2	1.0	0.447859	2.7006e-07	0.895719
GABBR1	up	2	1.0	0.447726	0.0355217	0.895452
HID1	up	2	1.0	0.447685	1.33729e-05	0.89537
IDH3B	down	2	1.0	-0.447619	5.02614e-07	0.895238
ZNF789	down	2	1.0	-0.447612	4.8114e-09	0.895225
TAF4B	up	2	1.0	0.44754	0.000612569	0.89508
RDH13	down	2	1.0	-0.44749	4.03882e-05	0.89498
BAMBI	down	2	1.0	-0.447479	0.0111694	0.894959
USP48	up	2	1.0	0.447342	9.20714e-08	0.894683
CCDC89	down	2	1.0	-0.447085	3.217e-07	0.894171
FGFR1OP2	up	2	1.0	0.44708	0.000956307	0.89416
CATSPER2	down	2	1.0	-0.447014	2.10726e-05	0.894028
SNAPC1	up	2	1.0	0.446716	1.48369e-05	0.893432
REPS2	down	2	1.0	-0.446607	6.95527e-07	0.893213
TMEM64	up	2	1.0	0.446601	4.14978e-06	0.893203
SLC25A32	up	2	1.0	0.446578	0.00744034	0.893157
SCARB2	down	2	1.0	-0.446572	2.38079e-05	0.893143
PPP3R1	up	2	1.0	0.446503	2.22057e-05	0.893006
BMP6	up	2	1.0	0.445981	3.16648e-06	0.891961
NOMO3	up	2	1.0	0.445677	6.0178e-06	0.891355
LETMD1	down	2	1.0	-0.445657	5.24626e-07	0.891314
FZD10	up	2	1.0	0.445485	1.97374e-10	0.890971
RAI2	up	2	1.0	0.44548	7.80145e-08	0.890959
PDP2	down	2	1.0	-0.445399	5.49777e-06	0.890797
SPATA25	down	2	1.0	-0.4453	2.74232e-08	0.8906
HOOK3	up	2	1.0	0.445157	0.00115134	0.890314
DCTPP1	down	2	1.0	-0.445135	1.42444e-06	0.89027
SYDE2	down	2	1.0	-0.445026	5.9043e-09	0.890053
KAT2B	up	2	1.0	0.444957	0.000277257	0.889914
NPC1	up	2	1.0	0.444723	9.56487e-06	0.889445
KIAA1462	up	2	1.0	0.444681	1.54015e-10	0.889362
NMI	up	2	1.0	0.444661	9.90894e-05	0.889321
DCAF11	down	2	1.0	-0.444472	5.35088e-08	0.888944
MRPS28	down	2	1.0	-0.444468	0.0307693	0.888936
ABRACL	down	2	1.0	-0.444457	4.33676e-05	0.888914
FAM20B	down	2	1.0	-0.444364	0.000444185	0.888727
TJP1	down	2	1.0	-0.444205	4.7813e-05	0.888409
ATAD1	down	2	1.0	-0.444099	0.000318609	0.888199
BNIP2	up	2	1.0	0.44403	0.000626806	0.888061
EGLN1	down	2	1.0	-0.4437	1.19285e-06	0.887399
ST14	down	2	1.0	-0.443637	0.000138488	0.887274
EFR3B	down	2	1.0	-0.443601	8.44431e-07	0.887203
DUSP5	up	2	1.0	0.443538	0.0229622	0.887075
TULP3	up	2	1.0	0.443527	5.41221e-09	0.887053
SERPINB6	up	2	1.0	0.443491	0.000266524	0.886981
NCOA3	up	2	1.0	0.443101	1.08899e-07	0.886202
NR3C1	up	2	1.0	0.443076	0.00185316	0.886151
NINJ1	up	2	1.0	0.443041	9.58473e-07	0.886082
ARSJ	up	2	1.0	0.442883	0.0546631	0.885767
VASN	up	2	1.0	0.442589	7.92785e-07	0.885179
IRF8	up	2	1.0	0.442491	0.00242725	0.884981
LRRC8E	up	2	1.0	0.442357	0.000780807	0.884715
TNFRSF10A	up	2	1.0	0.442275	9.18465e-06	0.884549
SCML1	down	2	1.0	-0.442268	0.0015786	0.884536
PGAP1	down	2	1.0	-0.442219	0.000976632	0.884438
S1PR2	up	2	1.0	0.442114	1.60908e-11	0.884229
PLGRKT	down	2	1.0	-0.442067	0.00298972	0.884133
MSX2	up	2	1.0	0.442	1.91753e-07	0.884
NIPAL2	down	2	1.0	-0.441813	2.68399e-05	0.883626
ZNF808	down	2	1.0	-0.441754	2.8302e-06	0.883508
JPH1	up	2	1.0	0.44174	1.8774e-06	0.883479
MICAL3	down	2	1.0	-0.44172	1.38682e-07	0.88344
TRAPPC10	down	2	1.0	-0.441705	4.58376e-08	0.88341
TACC2	down	2	1.0	-0.441283	8.1898e-07	0.882566
DAP	up	2	1.0	0.441198	1.86427e-06	0.882397
ITSN1	down	2	1.0	-0.441191	3.33031e-07	0.882382
ARMC9	up	2	1.0	0.440926	2.68887e-05	0.881852
MDH2	down	2	1.0	-0.440924	1.2569e-12	0.881847
CLPTM1L	up	2	1.0	0.440829	2.75887e-11	0.881657
UBA6	up	2	1.0	0.440597	2.34008e-10	0.881193
MIR503HG	up	2	1.0	0.440548	1.99077e-09	0.881096
TXNDC16	down	2	1.0	-0.440536	0.000102188	0.881073
MEG3	up	2	1.0	0.440471	1.3437e-05	0.880942
OTUD4	up	2	1.0	0.440447	0.0020721	0.880895
LRRC25	up	2	1.0	0.440309	4.99303e-09	0.880618
ALPK3	up	2	1.0	0.4402	1.7539e-05	0.8804
ZNF480	down	2	1.0	-0.440063	8.55982e-07	0.880126
ADAMDEC1	down	2	1.0	-0.440005	0.0267489	0.880009
THADA	up	2	1.0	0.439895	2.71491e-05	0.87979
VWA5A	down	2	1.0	-0.43971	0.000116354	0.87942
SLC35A1	down	2	1.0	-0.439677	0.000157382	0.879355
SLC16A3	up	2	1.0	0.439649	1.28483e-07	0.879298
FAM160B1	up	2	1.0	0.439573	9.66734e-06	0.879146
PLSCR1	up	2	1.0	0.439511	3.61858e-06	0.879022
TACC3	up	2	1.0	0.439419	0.000128758	0.878838
PGK1	up	2	1.0	0.439392	2.01374e-08	0.878784
CASP8	up	2	1.0	0.43912	4.6237e-07	0.87824
SEMA3F	up	2	1.0	0.439022	0.00194183	0.878044
PKLR	down	2	1.0	-0.438877	0.000112982	0.877753
PIGU	down	2	1.0	-0.438787	1.81346e-07	0.877575
ZNF383	down	2	1.0	-0.438787	0.000104971	0.877575
PCBP3	up	2	1.0	0.438771	5.08704e-15	0.877542
SPATS2L	down	2	1.0	-0.438764	9.17037e-07	0.877528
CD164	down	2	1.0	-0.438647	3.43582e-05	0.877294
FBXO3	down	2	1.0	-0.438629	5.8525e-10	0.877258
CNPY3	up	2	1.0	0.438431	0.000904725	0.876861
PRDX5	down	2	1.0	-0.438347	0.000325831	0.876694
LINC01138	up	2	1.0	0.438216	1.2073e-05	0.876432
GPC3	down	2	1.0	-0.438119	0.035258	0.876238
ACAP2	down	2	1.0	-0.438113	2.67038e-06	0.876226
TMEM88	up	2	1.0	0.438111	2.54089e-06	0.876222
QPRT	down	2	1.0	-0.43788	0.00541461	0.87576
GALNT15	up	2	1.0	0.437856	4.52588e-07	0.875712
HMMR	up	2	1.0	0.437841	0.00496381	0.875682
CYP2C19	down	2	1.0	-0.437759	0.0349085	0.875518
TTC39B	down	2	1.0	-0.437662	0.00061528	0.875324
NMT1	up	2	1.0	0.437569	6.71552e-06	0.875138
ERLIN2	down	2	1.0	-0.437331	7.22212e-12	0.874663
CLECL1	up	2	1.0	0.437305	0.020675	0.87461
INIP	down	2	1.0	-0.437157	0.000124624	0.874313
SMIM20	down	2	1.0	-0.437088	5.12625e-06	0.874177
PALLD	up	2	1.0	0.437058	7.3068e-07	0.874116
PDE4DIP	up	2	1.0	0.437014	6.80776e-06	0.874028
C1GALT1	up	2	1.0	0.436864	6.32303e-05	0.873729
GNL3	up	2	1.0	0.436715	0.000137319	0.87343
ZNF217	down	2	1.0	-0.436558	0.000219577	0.873115
TSPAN33	up	2	1.0	0.436482	0.000685879	0.872964
ASPG	down	2	1.0	-0.436416	5.34073e-05	0.872832
CFAP36	up	2	1.0	0.436383	9.22879e-06	0.872767
SURF4	up	2	1.0	0.436235	7.52832e-07	0.872469
CDC20	up	2	1.0	0.436164	0.00110746	0.872328
CCDC146	down	2	1.0	-0.436141	3.57407e-06	0.872281
SCAMP2	down	2	1.0	-0.436119	9.38865e-07	0.872238
GABPB1	up	2	1.0	0.436103	1.22091e-07	0.872206
FRAT2	down	2	1.0	-0.436032	0.000152381	0.872064
B3GALNT1	up	2	1.0	0.43593	1.6094e-05	0.871861
NLGN2	up	2	1.0	0.435895	3.0293e-05	0.87179
KCTD20	up	2	1.0	0.435827	2.56469e-07	0.871654
USP7	down	2	1.0	-0.435771	1.46941e-07	0.871541
BMP2K	down	2	1.0	-0.435748	6.63786e-06	0.871495
ZC2HC1A	up	2	1.0	0.435727	7.01545e-05	0.871454
ZNF107	up	2	1.0	0.435708	9.1019e-07	0.871416
FAM114A2	up	2	1.0	0.435704	0.000438919	0.871408
RFC4	up	2	1.0	0.435702	1.74325e-05	0.871404
KIAA1671	down	2	1.0	-0.435677	3.74075e-05	0.871353
GCSAM	up	2	1.0	0.435609	0.0027145	0.871219
CD33	up	2	1.0	0.435474	0.00414273	0.870948
RAB36	up	2	1.0	0.435447	8.26826e-08	0.870893
CNTNAP1	up	2	1.0	0.435401	4.24758e-09	0.870802
ZNF552	down	2	1.0	-0.435323	5.35851e-05	0.870646
TTR	down	2	1.0	-0.435192	8.29549e-05	0.870385
TRIM7	up	2	1.0	0.435042	0.000104885	0.870085
ACADVL	down	2	1.0	-0.435036	0.000393064	0.870072
EFNA4	down	2	1.0	-0.43499	4.91317e-06	0.86998
MKNK2	down	2	1.0	-0.434987	0.000258526	0.869975
CELP	down	2	1.0	-0.434981	0.000422379	0.869962
HK2	up	2	1.0	0.434951	1.02001e-05	0.869903
ZBTB3	down	2	1.0	-0.434908	0.000208327	0.869816
OLFML2A	up	2	1.0	0.434836	2.53084e-06	0.869673
ZDBF2	up	2	1.0	0.434617	1.71857e-07	0.869233
SLC9A1	down	2	1.0	-0.434607	9.7113e-05	0.869214
CDC45	up	2	1.0	0.434358	0.00202101	0.868717
MDM2	up	2	1.0	0.434316	8.01279e-06	0.868633
GAL	up	2	1.0	0.434284	1.13155e-06	0.868569
AK2	down	2	1.0	-0.434109	3.11909e-08	0.868218
SYNGR1	up	2	1.0	0.434042	0.000115325	0.868085
ZNF331	up	2	1.0	0.433997	2.8784e-07	0.867993
SDCBP	up	2	1.0	0.433796	3.68921e-05	0.867591
S100A13	up	2	1.0	0.43377	5.57799e-06	0.867541
TMEM51-AS1	down	2	1.0	-0.433558	0.000258074	0.867116
TMEM178A	down	2	1.0	-0.433461	0.00324528	0.866922
TMEM214	up	2	1.0	0.433344	4.76081e-08	0.866688
RGPD2	up	2	1.0	0.433287	1.26668e-07	0.866573
MPPE1	down	2	1.0	-0.433174	3.48173e-05	0.866348
UQCRFS1	down	2	1.0	-0.433148	1.15037e-06	0.866296
C16orf45	up	2	1.0	0.433096	4.67411e-07	0.866193
MKL1	up	2	1.0	0.432984	9.19077e-10	0.865968
IFNGR1	up	2	1.0	0.432951	7.25202e-07	0.865902
HSPA4L	up	2	1.0	0.432878	6.30585e-05	0.865756
SLC37A4	down	2	1.0	-0.432445	4.45657e-08	0.86489
HPS5	up	2	1.0	0.432412	1.02337e-06	0.864823
ZAP70	up	2	1.0	0.432224	5.63949e-07	0.864448
PSKH1	down	2	1.0	-0.432221	4.06779e-12	0.864442
MDK	up	2	1.0	0.432009	0.000294968	0.864018
TNKS1BP1	up	2	1.0	0.431902	2.85868e-06	0.863804
CSTF2	down	2	1.0	-0.431886	5.26474e-05	0.863772
TRANK1	down	2	1.0	-0.431664	4.60323e-06	0.863328
ACOXL	up	2	1.0	0.431606	6.94128e-09	0.863212
LRRC57	down	2	1.0	-0.43135	2.22846e-05	0.862701
UQCRC2	down	2	1.0	-0.431338	6.81577e-09	0.862676
LYAR	up	2	1.0	0.43133	4.10748e-05	0.86266
DCAF4	down	2	1.0	-0.431293	9.71024e-06	0.862587
ARHGAP5-AS1	down	2	1.0	-0.431244	5.28878e-06	0.862488
ATP5C1	down	2	1.0	-0.431064	8.04956e-10	0.862128
TRUB2	down	2	1.0	-0.430898	5.43095e-07	0.861796
TSPAN9	up	2	1.0	0.430828	6.73214e-12	0.861655
TRIM2	down	2	1.0	-0.430787	8.4292e-06	0.861574
PLEKHF2	down	2	1.0	-0.430677	4.45392e-05	0.861354
VOPP1	up	2	1.0	0.430674	5.14463e-10	0.861348
JOSD1	down	2	1.0	-0.430629	0.000112517	0.861258
IARS	up	2	1.0	0.430625	1.93502e-05	0.86125
POLD3	up	2	1.0	0.430611	4.32678e-07	0.861222
SIL1	up	2	1.0	0.430611	8.44072e-09	0.861221
SEMA3B	down	2	1.0	-0.430608	0.000216354	0.861216
TTC7A	up	2	1.0	0.430512	1.17881e-05	0.861025
PRKAR2A	down	2	1.0	-0.430426	1.33602e-13	0.860852
CAPN2	down	2	1.0	-0.430403	4.04068e-06	0.860807
EIF5B	up	2	1.0	0.430237	0.000567284	0.860474
HERC5	up	2	1.0	0.430102	2.82328e-05	0.860204
MTMR3	down	2	1.0	-0.430024	5.08288e-08	0.860047
CDCA2	up	2	1.0	0.429986	0.00422943	0.859971
SGSM1	down	2	1.0	-0.4297	0.0121409	0.859401
SND1-IT1	up	2	1.0	0.42953	2.4478e-05	0.85906
NPAS2	down	2	1.0	-0.429526	0.000618213	0.859052
CSMD2	up	2	1.0	0.429492	7.83032e-05	0.858983
PGRMC2	down	2	1.0	-0.429449	4.88722e-07	0.858898
ENPEP	down	2	1.0	-0.429441	0.000632977	0.858882
SGMS2	up	2	1.0	0.4293	3.06595e-05	0.858599
FBXO41	up	2	1.0	0.429233	0.000334253	0.858465
GPX2	up	2	1.0	0.4292	6.85851e-05	0.858401
FSTL3	up	2	1.0	0.429175	6.63195e-07	0.858351
SLC6A9	down	2	1.0	-0.42905	0.000742712	0.858099
ATPIF1	down	2	1.0	-0.428907	5.35574e-08	0.857815
PAMR1	up	2	1.0	0.428777	1.51195e-05	0.857554
PHB	down	2	1.0	-0.428658	1.19222e-09	0.857315
CLDN3	down	2	1.0	-0.428557	0.000902342	0.857113
MAP7	down	2	1.0	-0.428387	5.14847e-06	0.856773
C21orf91	up	2	1.0	0.428358	0.00110497	0.856715
CYB561A3	down	2	1.0	-0.42828	3.4628e-06	0.856559
LAMA2	up	2	1.0	0.428194	5.00018e-06	0.856388
BTBD11	up	2	1.0	0.428143	1.53224e-09	0.856286
SH2B3	up	2	1.0	0.428118	0.00111448	0.856236
ANKRD36	up	2	1.0	0.428091	6.67002e-05	0.856182
SPIRE1	up	2	1.0	0.427814	4.26759e-05	0.855629
PWWP2A	down	2	1.0	-0.427762	1.39646e-06	0.855524
GNA14	up	2	1.0	0.427738	0.0241625	0.855476
FLT4	up	2	1.0	0.427713	2.41133e-05	0.855426
DHDDS	down	2	1.0	-0.427611	1.73259e-08	0.855221
PTK7	up	2	1.0	0.427538	4.65874e-06	0.855076
CKAP2L	up	2	1.0	0.427389	0.000207078	0.854779
KANK4	down	2	1.0	-0.427291	2.52384e-07	0.854582
BDNF	up	2	1.0	0.427185	6.60054e-08	0.85437
C6orf120	down	2	1.0	-0.427099	5.163e-10	0.854199
CCSER1	down	2	1.0	-0.427037	1.19394e-06	0.854075
UNG	down	2	1.0	-0.426922	6.79605e-06	0.853844
KIAA0101	up	2	1.0	0.426903	0.0124616	0.853807
BRAP	down	2	1.0	-0.426631	7.59333e-09	0.853263
LINC00955	down	2	1.0	-0.426559	0.00367071	0.853119
ABCB9	down	2	1.0	-0.426477	0.00103181	0.852955
MPLKIP	down	2	1.0	-0.42637	0.00023126	0.852741
ERCC4	up	2	1.0	0.426351	0.000102224	0.852702
ATAD2	up	2	1.0	0.426211	0.000862674	0.852423
AGPAT5	down	2	1.0	-0.426099	0.000988869	0.852197
IDH1	down	2	1.0	-0.426003	4.47572e-05	0.852005
OSCAR	up	2	1.0	0.425763	2.99567e-09	0.851526
BCL2L13	down	2	1.0	-0.42572	1.70938e-06	0.851439
PQLC2L	up	2	1.0	0.425675	3.60378e-08	0.851349
C6orf163	down	2	1.0	-0.425666	0.00100431	0.851331
PPP1CB	down	2	1.0	-0.425589	2.99975e-10	0.851179
TXLNA	up	2	1.0	0.425437	3.42098e-11	0.850874
TTC19	down	2	1.0	-0.425434	0.000333808	0.850868
TFE3	up	2	1.0	0.425432	4.96503e-07	0.850865
STAU2	down	2	1.0	-0.425393	5.49656e-06	0.850786
ZNF3	down	2	1.0	-0.425315	2.82143e-08	0.85063
MCL1	up	2	1.0	0.425152	3.82437e-07	0.850304
ATP5H	down	2	1.0	-0.425043	4.41069e-09	0.850086
LIMCH1	up	2	1.0	0.425005	0.000108277	0.85001
PHF19	up	2	1.0	0.424984	2.90421e-06	0.849967
ZNF606	down	2	1.0	-0.424974	9.11799e-07	0.849948
CDKN2A	up	2	1.0	0.424871	1.35968e-06	0.849741
HTATIP2	down	2	1.0	-0.424794	4.91619e-05	0.849588
AZIN2	down	2	1.0	-0.424638	1.8457e-05	0.849275
WWC3	up	2	1.0	0.424379	0.00124411	0.848758
SRGAP1	down	2	1.0	-0.42434	1.06831e-05	0.84868
UBR7	down	2	1.0	-0.424263	2.6535e-05	0.848526
DTWD2	down	2	1.0	-0.424215	5.25783e-05	0.848431
MRVI1	up	2	1.0	0.42389	0.000947457	0.847779
WDFY2	up	2	1.0	0.42379	2.49326e-08	0.847579
NOC3L	up	2	1.0	0.42359	7.7416e-05	0.84718
NCAPH	up	2	1.0	0.423556	0.00383336	0.847112
TTYH2	up	2	1.0	0.42355	1.48625e-05	0.8471
CHRM3	up	2	1.0	0.42351	0.00015438	0.84702
PRUNE2	up	2	1.0	0.42332	0.0278435	0.846641
PLEKHF1	up	2	1.0	0.423108	1.82109e-14	0.846216
LOC642980	down	2	1.0	-0.422823	4.17927e-07	0.845646
DERL1	up	2	1.0	0.422711	3.02532e-08	0.845422
ZNF385A	up	2	1.0	0.422384	0.00200861	0.844768
GPBP1L1	down	2	1.0	-0.422359	3.57709e-13	0.844719
GAS6-AS1	up	2	1.0	0.422312	0.00225142	0.844624
PTPN6	up	2	1.0	0.422297	6.35127e-06	0.844595
C1QC	up	2	1.0	0.422231	0.104585	0.844463
GLRX5	down	2	1.0	-0.422187	2.07235e-09	0.844373
CD1A	up	2	1.0	0.422153	1.03616e-06	0.844306
OXSM	down	2	1.0	-0.422074	4.21826e-05	0.844148
MRPL46	down	2	1.0	-0.421996	7.71441e-09	0.843991
MIEN1	down	2	1.0	-0.421875	9.55018e-05	0.84375
MPP3	up	2	1.0	0.4218	0.000190588	0.8436
RCHY1	down	2	1.0	-0.421791	0.000478703	0.843581
GLIS2	up	2	1.0	0.421665	3.95643e-05	0.843331
RRN3	down	2	1.0	-0.421492	0.000578455	0.842983
NUSAP1	up	2	1.0	0.421453	0.00203268	0.842906
FAM81A	down	2	1.0	-0.42138	4.87201e-06	0.842759
ZNF717	down	2	1.0	-0.421284	0.000436496	0.842568
LINC01560	down	2	1.0	-0.421249	8.51013e-05	0.842498
LCN15	down	2	1.0	-0.421128	0.000444055	0.842256
PCDH12	up	2	1.0	0.421044	2.35445e-08	0.842087
NRIP2	up	2	1.0	0.420972	4.90606e-07	0.841944
ZNF37A	up	2	1.0	0.420698	0.00833968	0.841396
DAB2	up	2	1.0	0.420685	0.00368222	0.841369
ANXA2	up	2	1.0	0.42058	2.18696e-06	0.84116
DDX60	down	2	1.0	-0.420571	0.00063768	0.841143
MYOCD	up	2	1.0	0.42036	0.000122644	0.84072
CD163L1	down	2	1.0	-0.420292	0.000419206	0.840584
GLS	down	2	1.0	-0.420259	0.00326182	0.840518
CHPF2	up	2	1.0	0.420258	3.34083e-05	0.840516
ADPGK	up	2	1.0	0.420108	7.16319e-07	0.840216
LDOC1	up	2	1.0	0.420026	8.49334e-05	0.840052
HBD	up	2	1.0	0.420003	0.000273291	0.840006
R3HDM4	up	2	1.0	0.419984	4.74136e-06	0.839968
SPAG9	down	2	1.0	-0.419956	0.000136633	0.839912
TPRKB	down	2	1.0	-0.419952	0.000285864	0.839905
OSR1	down	2	1.0	-0.419862	0.00180751	0.839724
GRIN2A	down	2	1.0	-0.419841	0.000463233	0.839682
GPR174	up	2	1.0	0.419782	0.00742091	0.839563
KLHDC9	down	2	1.0	-0.419664	8.34034e-05	0.839328
FNDC3A	up	2	1.0	0.419631	4.34681e-05	0.839262
DNAJA2	down	2	1.0	-0.419435	4.17696e-05	0.838871
PRSS3	down	2	1.0	-0.419384	1.40002e-07	0.838768
GOLPH3L	down	2	1.0	-0.419332	1.26317e-08	0.838664
UQCC3	down	2	1.0	-0.419311	0.00018086	0.838622
FOXJ3	down	2	1.0	-0.419123	4.66481e-09	0.838245
FAM219B	down	2	1.0	-0.419034	0.000482837	0.838068
FCRL4	up	2	1.0	0.419022	0.00092638	0.838044
KDM6B	up	2	1.0	0.418964	0.000111561	0.837929
PLCB2	up	2	1.0	0.418907	0.00110295	0.837815
ATF7IP	up	2	1.0	0.41889	4.44785e-08	0.83778
MDC1	up	2	1.0	0.418881	6.53263e-06	0.837762
GAS5	down	2	1.0	-0.418807	0.00244135	0.837615
TBC1D32	down	2	1.0	-0.4187	0.000449271	0.837399
TEX101	down	2	1.0	-0.418686	2.02332e-05	0.837371
IL22RA1	down	2	1.0	-0.418684	0.00556306	0.837368
DTHD1	up	2	1.0	0.418556	2.88176e-12	0.837113
GHITM	down	2	1.0	-0.418464	2.33611e-06	0.836928
MSH6	up	2	1.0	0.418463	8.48697e-05	0.836926
UQCRB	down	2	1.0	-0.418261	0.000153763	0.836522
PRICKLE1	up	2	1.0	0.418172	0.000296118	0.836345
EHF	down	2	1.0	-0.418114	0.00399734	0.836227
OGDHL	down	2	1.0	-0.418107	3.69546e-05	0.836215
ATG14	down	2	1.0	-0.418029	2.85273e-06	0.836058
PHACTR4	down	2	1.0	-0.417851	1.27556e-05	0.835702
NIT1	down	2	1.0	-0.417821	3.88696e-06	0.835642
CACNA2D2	down	2	1.0	-0.417777	1.09467e-05	0.835554
GJB2	down	2	1.0	-0.417718	1.57155e-05	0.835437
ZNF607	down	2	1.0	-0.417633	0.000223839	0.835266
SPRED1	up	2	1.0	0.41758	0.00124683	0.83516
CHMP2B	down	2	1.0	-0.417521	0.00832032	0.835043
C11orf84	up	2	1.0	0.417447	4.9855e-06	0.834894
GSTP1	up	2	1.0	0.41737	9.2367e-05	0.834739
ADCK1	down	2	1.0	-0.417366	0.00431472	0.834732
TRIM3	down	2	1.0	-0.417346	1.27476e-09	0.834692
TUSC1	down	2	1.0	-0.417341	8.3207e-08	0.834681
INPP1	up	2	1.0	0.417261	9.2393e-06	0.834523
KLHL21	up	2	1.0	0.417234	1.57645e-07	0.834469
KNL1	up	2	1.0	0.417208	4.44013e-05	0.834416
JAK1	up	2	1.0	0.416918	6.97609e-08	0.833835
AAK1	down	2	1.0	-0.416772	1.74325e-05	0.833545
ARL4A	down	2	1.0	-0.416682	6.63684e-05	0.833364
BACH1	up	2	1.0	0.416679	2.89172e-06	0.833357
CACNA1C	up	2	1.0	0.416233	5.37253e-08	0.832465
CERS5	up	2	1.0	0.415986	1.26124e-05	0.831972
STAT5B	up	2	1.0	0.415907	1.62827e-08	0.831814
TK2	up	2	1.0	0.415859	9.81726e-05	0.831717
SHC3	up	2	1.0	0.415824	2.07433e-10	0.831648
AICDA	up	2	1.0	0.415818	3.85571e-05	0.831635
KIF13B	down	2	1.0	-0.415816	0.00037823	0.831632
SPOPL	down	2	1.0	-0.415683	0.0028065	0.831366
RSPH3	down	2	1.0	-0.415651	1.92397e-06	0.831302
ADAM15	up	2	1.0	0.415457	6.2361e-08	0.830914
RAB3C	up	2	1.0	0.415451	1.81982e-05	0.830901
MTDH	up	2	1.0	0.415299	8.9879e-13	0.830598
LRP5	down	2	1.0	-0.415071	1.19934e-06	0.830143
STOX1	down	2	1.0	-0.414825	0.000240235	0.82965
RALGPS2	up	2	1.0	0.414766	1.75514e-05	0.829531
RPL23AP32	up	2	1.0	0.414702	0.000688472	0.829403
UBE2D2	down	2	1.0	-0.414662	1.2992e-08	0.829324
PAX8-AS1	down	2	1.0	-0.414651	0.104092	0.829302
ZNF540	down	2	1.0	-0.414573	2.24747e-05	0.829145
C11orf86	down	2	1.0	-0.414567	0.0112138	0.829133
ARHGEF2	up	2	1.0	0.414408	0.000459603	0.828816
SRP19	up	2	1.0	0.414338	5.92751e-07	0.828676
COL28A1	up	2	1.0	0.414291	0.00551112	0.828581
TGFB1I1	up	2	1.0	0.414249	7.5949e-10	0.828497
CKMT1A	down	2	1.0	-0.414218	3.55659e-07	0.828435
TMEM243	up	2	1.0	0.414027	0.00305814	0.828055
TCF7	up	2	1.0	0.41386	1.38806e-05	0.82772
KIF12	down	2	1.0	-0.413825	0.000133807	0.82765
DHRS7C	down	2	1.0	-0.413764	0.00513424	0.827529
ICAM4	up	2	1.0	0.413745	0.00113184	0.827491
TDRP	up	2	1.0	0.413728	7.25357e-06	0.827457
DOK5	up	2	1.0	0.413672	2.66302e-05	0.827344
GPAM	down	2	1.0	-0.413608	5.9444e-05	0.827217
IPP	down	2	1.0	-0.413463	9.32675e-05	0.826927
ZBTB46	up	2	1.0	0.413415	3.22332e-05	0.826829
DHX36	up	2	1.0	0.413318	0.000366517	0.826635
CCNYL1	down	2	1.0	-0.413235	6.72618e-05	0.826469
RAB24	up	2	1.0	0.413134	0.000815454	0.826267
P2RY6	up	2	1.0	0.413058	0.000167763	0.826116
SCYL3	down	2	1.0	-0.413057	3.41972e-06	0.826113
PDPK1	down	2	1.0	-0.412981	1.14583e-07	0.825961
MID1IP1	up	2	1.0	0.412822	2.78166e-05	0.825644
FABP4	down	2	1.0	-0.412699	0.00411507	0.825398
MAP2K3	up	2	1.0	0.412614	3.26918e-10	0.825229
DPY19L4	down	2	1.0	-0.4126	3.05944e-06	0.825201
CETN3	down	2	1.0	-0.412413	0.00195614	0.824827
SPINK1	up	2	1.0	0.412324	0.013741	0.824647
KCNRG	down	2	1.0	-0.412195	1.16758e-05	0.82439
TTC23	down	2	1.0	-0.41218	3.57494e-07	0.82436
BBS2	down	2	1.0	-0.412126	5.81258e-06	0.824251
LINC00173	up	2	1.0	0.412084	3.06415e-10	0.824168
GP1BA	up	2	1.0	0.411761	2.65727e-08	0.823522
NTNG2	up	2	1.0	0.411727	6.52237e-06	0.823454
TET3	down	2	1.0	-0.41171	0.000147949	0.823421
AIMP2	down	2	1.0	-0.411658	2.60299e-07	0.823316
ATXN7L1	down	2	1.0	-0.411504	0.000357817	0.823008
LOC440173	down	2	1.0	-0.411483	0.000231764	0.822965
KBTBD12	down	2	1.0	-0.411473	0.00597214	0.822947
ALYREF	up	2	1.0	0.411452	1.71168e-06	0.822905
ZNF44	down	2	1.0	-0.411369	1.26158e-06	0.822737
UCHL1	up	2	1.0	0.411177	0.000334685	0.822355
RND3	down	2	1.0	-0.411136	0.00032024	0.822272
PRRG2	down	2	1.0	-0.411042	1.54798e-06	0.822085
SEMA4B	up	2	1.0	0.411036	8.84861e-05	0.822072
TIMM8A	down	2	1.0	-0.410632	0.000403394	0.821264
KANSL1L	up	2	1.0	0.410608	0.00025064	0.821216
NUDT16	down	2	1.0	-0.410572	3.62158e-07	0.821144
PAK1	down	2	1.0	-0.410556	4.72301e-09	0.821111
OLFM2	up	2	1.0	0.410442	2.51213e-06	0.820884
ADGRE5	up	2	1.0	0.410385	0.000569965	0.820769
SEMA3E	down	2	1.0	-0.410189	6.21676e-06	0.820378
HEPH	down	2	1.0	-0.409868	5.51807e-05	0.819737
NT5DC4	up	2	1.0	0.409851	6.45609e-06	0.819701
PLXDC2	down	2	1.0	-0.409772	0.000845028	0.819545
SAMD8	up	2	1.0	0.40967	0.000266741	0.81934
DHX32	down	2	1.0	-0.409641	0.000856428	0.819283
H2AFJ	down	2	1.0	-0.409409	2.41924e-05	0.818818
FAM186A	down	2	1.0	-0.40928	0.000985559	0.81856
KLHL3	up	2	1.0	0.409261	0.000188502	0.818521
CYP1B1-AS1	down	2	1.0	-0.409255	1.00703e-05	0.81851
MEIS1	up	2	1.0	0.408916	2.21153e-08	0.817832
CLIP1	up	2	1.0	0.408807	3.5419e-05	0.817613
FAM45A	down	2	1.0	-0.408365	0.0028446	0.816729
PNMA1	up	2	1.0	0.408062	0.00102248	0.816125
DACH1	up	2	1.0	0.40801	0.010944	0.81602
SYNC	down	2	1.0	-0.407934	9.92931e-06	0.815869
GRIN3A	up	2	1.0	0.407908	0.000887663	0.815816
MRPL41	down	2	1.0	-0.407844	6.75363e-09	0.815689
TBL1XR1	down	2	1.0	-0.407784	0.00308124	0.815569
BAIAP2L1	up	2	1.0	0.407776	0.000586824	0.815553
CCR5	up	2	1.0	0.407524	1.473e-05	0.815047
COQ10A	up	2	1.0	0.407511	5.38961e-06	0.815022
TSPAN12	down	2	1.0	-0.407451	0.00427129	0.814901
SLC2A1	up	2	1.0	0.407422	0.000810158	0.814844
ZFHX3	down	2	1.0	-0.4074	1.10986e-06	0.814801
FHL3	up	2	1.0	0.407361	2.76203e-11	0.814721
ZMYND12	down	2	1.0	-0.407342	0.00094336	0.814685
UBAC1	down	2	1.0	-0.407312	1.51141e-08	0.814625
MRPS16	down	2	1.0	-0.407203	9.14357e-07	0.814406
ZNF702P	down	2	1.0	-0.407198	5.95225e-05	0.814396
SYBU	down	2	1.0	-0.407188	0.000128914	0.814376
BEST1	up	2	1.0	0.407116	9.03163e-08	0.814233
EPS8L1	up	2	1.0	0.407073	0.00992539	0.814145
ABL2	up	2	1.0	0.406895	3.68662e-08	0.81379
RRNAD1	down	2	1.0	-0.406774	1.37419e-08	0.813548
TPM1	down	2	1.0	-0.406637	0.000566204	0.813273
NFS1	down	2	1.0	-0.406612	3.94486e-09	0.813225
SAMD4B	up	2	1.0	0.406575	5.35072e-06	0.81315
FKTN	down	2	1.0	-0.406479	0.000138203	0.812959
LRIG2	down	2	1.0	-0.406365	2.33479e-07	0.812731
SLC9A3R2	up	2	1.0	0.40635	0.00966677	0.8127
COX11	down	2	1.0	-0.406317	9.68145e-06	0.812635
RPS6KA5	down	2	1.0	-0.4063	0.00164084	0.8126
ISCA2	down	2	1.0	-0.406288	6.84297e-09	0.812576
SERPINB2	up	2	1.0	0.40618	1.25709e-05	0.812361
DAB2IP	down	2	1.0	-0.406175	4.03044e-09	0.81235
NCAPG	up	2	1.0	0.406141	0.00825425	0.812281
FBXL14	down	2	1.0	-0.40606	2.91672e-05	0.81212
PRUNE1	down	2	1.0	-0.40603	2.20287e-05	0.81206
FAM219A	up	2	1.0	0.405919	9.24066e-07	0.811838
UBLCP1	up	2	1.0	0.405887	9.54822e-05	0.811773
BLK	up	2	1.0	0.405825	0.000221657	0.811649
ZFAS1	up	2	1.0	0.405792	0.00597014	0.811584
TSPAN15	down	2	1.0	-0.40568	1.27307e-08	0.811361
SNURF	up	2	1.0	0.405665	2.01835e-08	0.81133
ZFAT	up	2	1.0	0.405366	1.07573e-07	0.810733
PRADC1	down	2	1.0	-0.405327	0.00257996	0.810654
BRCC3	down	2	1.0	-0.40523	7.13331e-09	0.81046
NEURL2	down	2	1.0	-0.405203	4.68774e-05	0.810407
IPMK	down	2	1.0	-0.405145	3.76637e-06	0.81029
SIRPB2	up	2	1.0	0.405061	1.12772e-05	0.810123
PIGN	down	2	1.0	-0.404996	0.0179131	0.809992
PEG10	up	2	1.0	0.404937	7.82753e-05	0.809874
ZNF320	down	2	1.0	-0.404793	0.000242384	0.809586
FANCD2	up	2	1.0	0.404725	1.91237e-05	0.809449
TMEM60	down	2	1.0	-0.404633	3.63222e-05	0.809266
SOX6	down	2	1.0	-0.404569	3.02468e-06	0.809138
ZC3H14	down	2	1.0	-0.404539	2.88059e-06	0.809078
TXNDC11	up	2	1.0	0.404521	2.79162e-05	0.809041
NOA1	down	2	1.0	-0.404465	4.87328e-05	0.80893
NPM1	up	2	1.0	0.404402	9.97468e-07	0.808805
SH3GLB2	down	2	1.0	-0.404322	0.000845151	0.808643
C9orf85	down	2	1.0	-0.404282	2.88041e-05	0.808565
MAPK1IP1L	up	2	1.0	0.404183	8.10221e-15	0.808366
SEC24C	up	2	1.0	0.404068	7.09482e-09	0.808137
MCMDC2	down	2	1.0	-0.404023	2.38489e-05	0.808046
GNG13	down	2	1.0	-0.404004	2.38079e-05	0.808008
CHGA	down	2	1.0	-0.40387	0.000798381	0.807739
RNASE1	down	2	1.0	-0.403864	0.0343327	0.807729
DYNC2H1	up	2	1.0	0.403768	6.25935e-05	0.807536
MAPK13	down	2	1.0	-0.403732	1.4191e-08	0.807464
PRKAB1	down	2	1.0	-0.40372	1.47407e-05	0.807439
RECK	up	2	1.0	0.403694	0.000700131	0.807388
ANKRD27	down	2	1.0	-0.403606	6.3745e-08	0.807213
C1QTNF6	up	2	1.0	0.403574	0.000362912	0.807149
COX6B2	down	2	1.0	-0.403513	0.00209029	0.807027
PWWP2B	down	2	1.0	-0.403482	1.402e-05	0.806965
CYP2D6	down	2	1.0	-0.40342	0.00463672	0.80684
PLEKHA5	down	2	1.0	-0.403274	0.000467273	0.806549
JCHAIN	up	2	1.0	0.403271	0.0657829	0.806541
PARD6B	down	2	1.0	-0.40298	1.37017e-05	0.805959
DCBLD1	up	2	1.0	0.402886	6.54311e-06	0.805772
XYLT1	down	2	1.0	-0.402878	4.09268e-07	0.805756
SLC37A1	up	2	1.0	0.402846	4.89102e-05	0.805691
SPAG1	down	2	1.0	-0.402671	3.33664e-06	0.805342
GFRA2	down	2	1.0	-0.402581	0.000124503	0.805161
AJUBA	up	2	1.0	0.402373	7.0053e-07	0.804745
DECR1	down	2	1.0	-0.402265	0.000234013	0.804531
SV2A	up	2	1.0	0.402225	1.83127e-08	0.80445
ADAM32	down	2	1.0	-0.402198	0.000272644	0.804396
MCM10	up	2	1.0	0.402194	0.00424989	0.804388
LIN7A	up	2	1.0	0.40216	0.0167015	0.804319
PYCR1	up	2	1.0	0.401961	0.00141878	0.803922
CRIPT	down	2	1.0	-0.401917	0.00143772	0.803833
SPIN1	down	2	1.0	-0.401792	1.87123e-06	0.803585
DNAJC18	up	2	1.0	0.401776	2.35653e-05	0.803552
CNTD1	down	2	1.0	-0.401571	0.00248247	0.803143
RNF175	up	2	1.0	0.401545	3.21051e-07	0.803091
P3H2	up	2	1.0	0.401534	0.00263827	0.803068
UHRF1	up	2	1.0	0.401388	0.000656747	0.802775
NUDT14	down	2	1.0	-0.401297	0.00128072	0.802594
TRIM59	up	2	1.0	0.401281	7.81039e-05	0.802561
AVL9	down	2	1.0	-0.401228	7.39847e-06	0.802456
MCU	down	2	1.0	-0.401175	6.22967e-05	0.80235
KLK3	down	2	1.0	-0.400962	4.07883e-08	0.801925
GMDS	up	2	1.0	0.400897	0.000589168	0.801794
PLEKHG4	down	2	1.0	-0.40087	0.000942755	0.80174
LHX4	down	2	1.0	-0.400575	0.000229715	0.801149
MDGA1	up	2	1.0	0.400474	1.60078e-05	0.800949
PDLIM3	up	2	1.0	0.40037	4.31792e-05	0.80074
NDST2	up	2	1.0	0.400187	1.99971e-07	0.800374
GTF3A	up	2	1.0	0.400129	0.000100215	0.800258
ITIH5	up	2	1.0	0.400081	0.00246246	0.800162
NLGN4X	up	2	1.0	0.400069	0.00209142	0.800139
PLPPR2	up	2	1.0	0.400045	1.3214e-09	0.800089
FILIP1	up	2	1.0	0.399985	3.56787e-05	0.79997
NDUFAB1	down	2	1.0	-0.399764	3.48147e-06	0.799528
PPP2R2A	up	2	1.0	0.399673	0.000237216	0.799345
FAM134B	down	2	1.0	-0.399647	0.0305596	0.799293
SLIRP	down	2	1.0	-0.399599	1.94797e-12	0.799198
MSL3	up	2	1.0	0.39947	4.41023e-06	0.798939
DDX5	up	2	1.0	0.399448	1.3331e-07	0.798895
USP14	up	2	1.0	0.399371	8.76997e-05	0.798742
CLCA2	down	2	1.0	-0.399316	0.000130413	0.798632
ZNF214	down	2	1.0	-0.39914	0.00477676	0.79828
HINT3	down	2	1.0	-0.399119	1.01941e-05	0.798238
VPS51	down	2	1.0	-0.398966	7.66555e-05	0.797932
GSTZ1	down	2	1.0	-0.398946	0.000834588	0.797891
SYNE2	down	2	1.0	-0.39873	2.36719e-05	0.797459
ZNF688	down	2	1.0	-0.398622	3.37205e-06	0.797243
FAM111B	up	2	1.0	0.398606	0.0196612	0.797211
ROR1	up	2	1.0	0.398521	3.01787e-05	0.797043
CAMSAP2	up	2	1.0	0.39834	0.000474853	0.79668
CCDC58	down	2	1.0	-0.398174	0.000180471	0.796348
CARMIL2	up	2	1.0	0.398103	6.45339e-07	0.796206
UQCR11	down	2	1.0	-0.398057	1.05032e-07	0.796113
ZNF615	down	2	1.0	-0.397944	0.00455115	0.795888
KCNK6	up	2	1.0	0.397905	0.000381746	0.79581
DNAJB5	up	2	1.0	0.397722	6.61037e-12	0.795444
FAM43A	up	2	1.0	0.397675	4.44558e-05	0.79535
ALDH7A1	down	2	1.0	-0.397652	0.000266543	0.795305
ADAMTS14	up	2	1.0	0.397582	0.000132414	0.795165
ZNF440	down	2	1.0	-0.397505	9.78097e-06	0.795009
FAM98A	up	2	1.0	0.397471	2.76936e-05	0.794941
TESMIN	down	2	1.0	-0.397405	1.73046e-05	0.79481
TMEM268	up	2	1.0	0.397381	0.000193739	0.794761
PLA2G4C	up	2	1.0	0.397311	0.000513008	0.794622
AXL	up	2	1.0	0.397196	0.0201711	0.794392
ABHD4	down	2	1.0	-0.397143	0.00164741	0.794285
SAYSD1	down	2	1.0	-0.397066	0.000120302	0.794133
NTN4	down	2	1.0	-0.396965	0.0042612	0.79393
FUT11	up	2	1.0	0.396918	2.57649e-06	0.793837
FAM105A	down	2	1.0	-0.396852	7.58677e-06	0.793704
LINC01089	down	2	1.0	-0.396765	3.49161e-07	0.79353
ZFP69B	up	2	1.0	0.396746	0.000300964	0.793491
ABHD18	down	2	1.0	-0.396559	6.55744e-07	0.793119
KCTD3	down	2	1.0	-0.396425	2.45773e-06	0.79285
MSANTD4	up	2	1.0	0.396392	0.00390637	0.792783
SYNGR2	up	2	1.0	0.396306	2.98096e-06	0.792612
SMG9	up	2	1.0	0.396276	9.52591e-06	0.792552
RAB3D	up	2	1.0	0.396202	0.0031406	0.792404
C14orf180	down	2	1.0	-0.396148	6.20647e-06	0.792296
ERBB4	down	2	1.0	-0.396126	0.00438366	0.792252
CRYBB3	down	2	1.0	-0.395927	0.00013418	0.791855
PTX3	up	2	1.0	0.395814	6.88886e-05	0.791629
HOXD8	down	2	1.0	-0.395713	0.0103473	0.791426
TNS1	up	2	1.0	0.395583	0.000118009	0.791165
DNAJC11	down	2	1.0	-0.395532	1.24703e-11	0.791064
IFT81	up	2	1.0	0.395369	4.96393e-07	0.790739
SRXN1	up	2	1.0	0.395345	0.000162026	0.79069
AMPD2	up	2	1.0	0.394984	2.3853e-08	0.789969
HOXA10	down	2	1.0	-0.394683	7.11416e-07	0.789366
PDLIM1	down	2	1.0	-0.394679	4.16261e-05	0.789358
NSMCE4A	down	2	1.0	-0.394661	2.31578e-06	0.789323
SPRY4	up	2	1.0	0.394572	0.00346805	0.789144
DUSP23	down	2	1.0	-0.394569	6.84191e-06	0.789138
PGBD3	down	2	1.0	-0.39454	1.50885e-06	0.78908
ADCY3	up	2	1.0	0.394536	2.83445e-06	0.789072
BTBD8	down	2	1.0	-0.394514	2.7126e-05	0.789027
STIP1	up	2	1.0	0.394415	0.000586845	0.78883
LOC643406	down	2	1.0	-0.39434	9.48111e-06	0.788679
DLGAP4	up	2	1.0	0.394328	1.54128e-06	0.788657
KIF3A	up	2	1.0	0.394311	1.47319e-05	0.788621
HSPC102	up	2	1.0	0.394243	2.23042e-08	0.788487
CC2D2B	up	2	1.0	0.394242	0.000625993	0.788485
GDPD5	up	2	1.0	0.39422	6.00034e-05	0.788439
KLC2	up	2	1.0	0.394158	1.43688e-06	0.788316
BEND7	down	2	1.0	-0.394029	0.0045542	0.788058
ENPP5	down	2	1.0	-0.393879	0.000773805	0.787757
DET1	down	2	1.0	-0.393866	3.60702e-05	0.787732
DUSP2	up	2	1.0	0.393852	3.63647e-06	0.787703
COX4I1	down	2	1.0	-0.393715	3.70672e-12	0.787431
RFX6	down	2	1.0	-0.393614	0.0684461	0.787228
C16orf46	up	2	1.0	0.393554	1.47129e-07	0.787107
SYDE1	up	2	1.0	0.393488	5.54842e-10	0.786976
PPAT	up	2	1.0	0.393462	0.0243351	0.786924
FEN1	up	2	1.0	0.393238	1.98185e-05	0.786476
GPRC5A	up	2	1.0	0.393157	0.000382435	0.786314
LOC339803	up	2	1.0	0.393115	0.000135677	0.78623
ADAMTS17	down	2	1.0	-0.393016	1.40762e-05	0.786031
PRR11	up	2	1.0	0.392902	0.000232834	0.785803
GPR143	down	2	1.0	-0.392875	0.000116635	0.785751
FLT3LG	up	2	1.0	0.392841	3.52103e-05	0.785682
RELN	up	2	1.0	0.39279	0.00288153	0.785581
MAMDC4	down	2	1.0	-0.392738	0.00911633	0.785476
RAD51C	up	2	1.0	0.392698	0.00366149	0.785396
FBXL20	down	2	1.0	-0.392673	0.000107903	0.785345
AIFM1	down	2	1.0	-0.392656	2.662e-05	0.785312
PHC2	up	2	1.0	0.392609	9.76851e-10	0.785217
FOXM1	up	2	1.0	0.392607	0.000439713	0.785215
PATL2	up	2	1.0	0.392542	3.18292e-05	0.785083
DSG2	down	2	1.0	-0.392446	4.6841e-05	0.784891
CHD3	up	2	1.0	0.392402	6.58511e-06	0.784803
ARSE	down	2	1.0	-0.392398	0.00233843	0.784796
COQ8A	down	2	1.0	-0.392386	1.96019e-05	0.784772
CRYZL1	down	2	1.0	-0.392123	2.71986e-06	0.784246
GLP2R	down	2	1.0	-0.391875	0.00178075	0.783751
ZFP64	down	2	1.0	-0.391873	7.08435e-05	0.783747
KBTBD8	up	2	1.0	0.391723	0.00420911	0.783446
CREB3L1	up	2	1.0	0.39157	0.0230485	0.783139
KRTCAP3	down	2	1.0	-0.391471	2.17238e-09	0.782942
ARHGAP5	down	2	1.0	-0.391246	8.23745e-06	0.782493
ITGB7	up	2	1.0	0.391179	0.0124413	0.782358
MGST3	down	2	1.0	-0.391165	3.19304e-05	0.78233
GPAT4	up	2	1.0	0.391113	2.66042e-05	0.782226
LINC00341	up	2	1.0	0.390959	0.000159988	0.781918
PPIP5K2	down	2	1.0	-0.390907	1.59519e-05	0.781815
UBR1	up	2	1.0	0.390885	3.72451e-06	0.78177
SYNCRIP	up	2	1.0	0.390726	1.71824e-07	0.781451
SLC39A14	down	2	1.0	-0.390718	7.10853e-06	0.781436
PPP3CC	up	2	1.0	0.390618	1.48751e-07	0.781237
CREBL2	down	2	1.0	-0.390607	4.26577e-05	0.781215
ZNF613	down	2	1.0	-0.390424	0.00165707	0.780848
KNSTRN	up	2	1.0	0.390175	6.54668e-05	0.78035
CRACR2A	down	2	1.0	-0.390124	2.77384e-05	0.780249
SOBP	up	2	1.0	0.390115	0.00241599	0.780229
SNORA21	up	2	1.0	0.390087	0.0566693	0.780174
DEFA1B	up	2	1.0	0.390043	2.56687e-06	0.780086
DSCAML1	down	2	1.0	-0.390041	0.00332923	0.780082
ADAMTSL4	up	2	1.0	0.389764	0.000153217	0.779529
STXBP3	down	2	1.0	-0.389698	7.73004e-08	0.779395
TEP1	down	2	1.0	-0.389694	7.38728e-06	0.779387
PRKD2	up	2	1.0	0.38964	3.76769e-07	0.779279
PHF20	up	2	1.0	0.389567	0.000388741	0.779134
KRTAP5-AS1	down	2	1.0	-0.389556	0.000467956	0.779112
APC	down	2	1.0	-0.389527	0.000291428	0.779054
ERMAP	down	2	1.0	-0.389406	0.00214742	0.778812
MAVS	down	2	1.0	-0.3894	1.10942e-05	0.7788
PRSS12	down	2	1.0	-0.389217	0.001026	0.778435
SH3BGR	down	2	1.0	-0.389187	3.44687e-06	0.778374
MINA	up	2	1.0	0.389099	0.00121588	0.778198
NDUFS2	down	2	1.0	-0.388954	6.56938e-06	0.777909
PLK1	up	2	1.0	0.388909	0.0017152	0.777818
ANXA2P2	up	2	1.0	0.388904	1.06889e-05	0.777807
UFM1	up	2	1.0	0.388883	4.00036e-06	0.777765
PPP1R13B	down	2	1.0	-0.388833	5.49203e-13	0.777666
UBFD1	up	2	1.0	0.388797	0.000840741	0.777594
SEC16A	up	2	1.0	0.388735	4.54559e-08	0.77747
IFNLR1	down	2	1.0	-0.388398	0.00185389	0.776796
RTKN	down	2	1.0	-0.388336	4.12577e-07	0.776672
FEM1C	down	2	1.0	-0.388212	1.00131e-07	0.776423
RILPL1	up	2	1.0	0.387981	2.27849e-05	0.775962
SLC44A5	down	2	1.0	-0.387887	0.00214038	0.775774
FOXP3	up	2	1.0	0.387883	2.83565e-05	0.775766
TMEM237	up	2	1.0	0.387857	0.000216284	0.775714
LGALS3	down	2	1.0	-0.387794	1.40728e-08	0.775588
FANK1	down	2	1.0	-0.387765	0.00146539	0.77553
CAPG	up	2	1.0	0.387758	0.00353709	0.775516
GTPBP4	up	2	1.0	0.387749	1.95841e-06	0.775498
VSIG10L	down	2	1.0	-0.387738	0.00988116	0.775476
LINC01128	up	2	1.0	0.387709	2.63331e-05	0.775417
BMPR1A	down	2	1.0	-0.387623	6.45863e-05	0.775246
ACAT2	down	2	1.0	-0.387555	0.0141165	0.775111
UCN2	up	2	1.0	0.387525	0.000130532	0.77505
FAM196A	down	2	1.0	-0.387512	0.00131394	0.775023
CDK19	down	2	1.0	-0.387497	0.00014163	0.774994
KIAA1033	up	2	1.0	0.386975	2.39584e-05	0.77395
CA5B	up	2	1.0	0.386883	0.000326363	0.773765
STAM2	down	2	1.0	-0.386848	7.44882e-07	0.773697
MESDC1	up	2	1.0	0.386844	0.000121944	0.773688
IGBP1	down	2	1.0	-0.38678	5.08243e-06	0.773561
DEPDC5	down	2	1.0	-0.386698	1.35561e-07	0.773397
FAM214B	up	2	1.0	0.386593	8.08175e-05	0.773186
FAM216A	up	2	1.0	0.386528	8.60643e-06	0.773057
TMEM97	down	2	1.0	-0.386439	0.00172683	0.772878
PIGS	down	2	1.0	-0.386336	2.29565e-08	0.772672
SLC25A36	down	2	1.0	-0.386227	0.000238693	0.772453
WDR66	up	2	1.0	0.386223	5.34738e-07	0.772446
ATP5B	down	2	1.0	-0.386169	4.20492e-11	0.772339
CTPS2	down	2	1.0	-0.386155	7.64911e-07	0.772311
SLC38A11	down	2	1.0	-0.38605	0.00944257	0.7721
MOSPD1	down	2	1.0	-0.385956	0.000845024	0.771911
RPN1	up	2	1.0	0.385883	4.59481e-07	0.771766
ROBO2	up	2	1.0	0.385866	7.11835e-06	0.771732
CHSY3	up	2	1.0	0.385823	3.53311e-06	0.771645
PSMA5	up	2	1.0	0.38578	8.03619e-05	0.771561
RUVBL1	up	2	1.0	0.385667	0.000656118	0.771334
RPP14	down	2	1.0	-0.385535	0.000157467	0.771069
C14orf28	down	2	1.0	-0.385442	0.000677747	0.770884
EXT1	down	2	1.0	-0.385363	8.74428e-05	0.770726
AKR1E2	down	2	1.0	-0.385265	0.000691444	0.77053
DBT	down	2	1.0	-0.385195	9.50835e-05	0.77039
TXN2	down	2	1.0	-0.385111	2.98488e-08	0.770221
ADGRL1	down	2	1.0	-0.385083	1.71857e-07	0.770166
DOC2A	down	2	1.0	-0.385073	2.78248e-05	0.770147
COX5A	down	2	1.0	-0.385012	8.51884e-11	0.770024
DONSON	up	2	1.0	0.384882	3.26746e-05	0.769764
HIST2H2BE	up	2	1.0	0.384815	0.000820816	0.769629
RPF1	down	2	1.0	-0.384696	0.000290509	0.769392
GMPPB	up	2	1.0	0.384537	2.91363e-05	0.769074
RAB3A	down	2	1.0	-0.384497	1.28699e-05	0.768994
HLX	up	2	1.0	0.384396	4.86536e-05	0.768791
ELFN1	up	2	1.0	0.384293	7.43408e-09	0.768586
CTAGE5	down	2	1.0	-0.384285	0.00016807	0.76857
TYSND1	down	2	1.0	-0.384239	1.53534e-05	0.768478
SKA1	up	2	1.0	0.384149	0.00489531	0.768297
NT5DC1	down	2	1.0	-0.384042	3.90712e-06	0.768083
PVRIG	up	2	1.0	0.383971	0.0119251	0.767942
VAMP4	up	2	1.0	0.383845	0.00243604	0.767689
NDUFAF6	down	2	1.0	-0.383762	0.00034546	0.767524
HDHD2	down	2	1.0	-0.383702	4.76081e-08	0.767404
AXIN1	down	2	1.0	-0.383608	0.000265341	0.767216
MGAT1	up	2	1.0	0.383588	3.48556e-08	0.767175
TKT	up	2	1.0	0.383536	0.000240598	0.767072
LPAR5	down	2	1.0	-0.383432	1.46225e-06	0.766864
SSH3	down	2	1.0	-0.383387	1.14702e-08	0.766775
FANCI	up	2	1.0	0.383273	0.000240955	0.766546
TAB3	down	2	1.0	-0.383119	1.94177e-07	0.766238
ELK4	up	2	1.0	0.383073	0.000144036	0.766146
OSGIN2	up	2	1.0	0.383063	8.06817e-06	0.766126
WNK3	up	2	1.0	0.382994	4.85137e-05	0.765988
ID3	down	2	1.0	-0.382947	0.00973105	0.765895
RPGRIP1L	up	2	1.0	0.382765	1.43228e-05	0.765529
DPYSL2	up	2	1.0	0.38276	0.00257349	0.765519
CRLF3	up	2	1.0	0.382703	8.25372e-05	0.765406
NRM	up	2	1.0	0.382533	0.000536598	0.765066
PRC1	up	2	1.0	0.382498	0.00463021	0.764996
CDK1	up	2	1.0	0.382488	0.00735743	0.764976
PAWR	down	2	1.0	-0.382147	1.37546e-05	0.764295
IL37	down	2	1.0	-0.382033	0.000732641	0.764066
NEK6	up	2	1.0	0.38193	0.000326506	0.76386
PPP1CC	down	2	1.0	-0.381918	0.000680144	0.763836
CDKN3	up	2	1.0	0.381866	0.0127926	0.763732
TXNIP	down	2	1.0	-0.381687	0.000108826	0.763375
HES5	down	2	1.0	-0.381603	1.72901e-08	0.763207
CDK2AP1	up	2	1.0	0.381574	1.27924e-05	0.763148
TSGA10	down	2	1.0	-0.381518	9.25316e-05	0.763036
ADIPOR2	down	2	1.0	-0.381444	9.23696e-11	0.762888
ABHD14B	down	2	1.0	-0.381427	2.17861e-05	0.762854
CLDN4	down	2	1.0	-0.381363	0.000208438	0.762725
GTF2IRD2B	down	2	1.0	-0.381326	2.37159e-05	0.762652
C4orf33	down	2	1.0	-0.3813	0.00394889	0.7626
ZNF846	down	2	1.0	-0.381193	4.73045e-06	0.762386
SEPT12	down	2	1.0	-0.381105	0.000112645	0.76221
ANXA8L1	up	2	1.0	0.381099	1.13248e-06	0.762197
PELI1	up	2	1.0	0.381094	0.000885097	0.762188
MFSD3	down	2	1.0	-0.381046	0.000342169	0.762091
ADAP1	down	2	1.0	-0.380973	7.55828e-05	0.761947
FCGBP	down	2	1.0	-0.380958	8.99232e-06	0.761917
NMU	up	2	1.0	0.380955	0.0143031	0.76191
GPX4	down	2	1.0	-0.380892	5.13728e-05	0.761783
KIF22	down	2	1.0	-0.380846	6.06162e-06	0.761693
ITGA9	up	2	1.0	0.380628	0.0039063	0.761255
PADI4	up	2	1.0	0.380627	5.84684e-08	0.761254
TMEM8B	down	2	1.0	-0.380552	1.3569e-07	0.761104
GFER	down	2	1.0	-0.380541	0.000239696	0.761082
MLX	down	2	1.0	-0.380541	4.3226e-05	0.761081
SASH1	up	2	1.0	0.380379	1.0943e-06	0.760758
ENDOG	down	2	1.0	-0.38035	0.000461267	0.7607
DACT2	down	2	1.0	-0.380331	2.92326e-06	0.760662
FAM127A	up	2	1.0	0.380286	4.83297e-07	0.760572
LRRC8D	down	2	1.0	-0.380278	2.69129e-05	0.760555
GPHN	down	2	1.0	-0.379995	9.74889e-07	0.75999
SLC38A10	up	2	1.0	0.37998	0.000433178	0.75996
APBA1	down	2	1.0	-0.379791	0.000241955	0.759581
GRAPL	up	2	1.0	0.379617	0.00171475	0.759235
FOXN2	up	2	1.0	0.379582	0.000173701	0.759163
MAGI2	down	2	1.0	-0.379435	4.10438e-08	0.758871
HSPH1	up	2	1.0	0.379323	0.000190588	0.758645
WDSUB1	down	2	1.0	-0.379302	9.16232e-05	0.758603
SAR1A	up	2	1.0	0.379292	8.11529e-06	0.758583
TREML2	up	2	1.0	0.379224	6.90932e-06	0.758449
FEZ2	down	2	1.0	-0.379153	3.40963e-06	0.758306
TMEM59	down	2	1.0	-0.379115	4.8437e-09	0.758231
TIPRL	down	2	1.0	-0.37895	8.83546e-05	0.7579
SLC25A12	down	2	1.0	-0.37886	3.01656e-05	0.757719
RHOBTB2	up	2	1.0	0.378738	0.000865495	0.757476
ZNF706	down	2	1.0	-0.378708	1.88146e-05	0.757416
PRR13	down	2	1.0	-0.378579	4.2241e-06	0.757157
ZNF618	up	2	1.0	0.378577	0.000108708	0.757154
MVP	down	2	1.0	-0.378489	0.00260026	0.756977
DHDH	down	2	1.0	-0.378451	8.84561e-08	0.756901
GUF1	down	2	1.0	-0.378421	1.54048e-06	0.756843
ZNF701	down	2	1.0	-0.37837	4.88729e-05	0.756741
KCNMA1	down	2	1.0	-0.37825	0.00144421	0.756501
PARS2	down	2	1.0	-0.378151	2.76754e-07	0.756301
YEATS2	up	2	1.0	0.378132	1.93626e-06	0.756263
IL10RB	down	2	1.0	-0.378019	1.05809e-06	0.756039
IFFO2	up	2	1.0	0.377947	0.00307358	0.755893
ZFYVE9	down	2	1.0	-0.377941	0.000952056	0.755882
SEPT9	up	2	1.0	0.377922	1.94508e-07	0.755845
EPN1	down	2	1.0	-0.377745	0.000138488	0.75549
FGGY	down	2	1.0	-0.37758	3.79016e-05	0.755159
CCDC125	down	2	1.0	-0.377235	0.00363352	0.75447
ABHD6	down	2	1.0	-0.377197	0.000251221	0.754394
ARFIP1	down	2	1.0	-0.37715	0.000299478	0.7543
HPX	down	2	1.0	-0.377114	0.002327	0.754228
NAGK	up	2	1.0	0.377086	2.86657e-05	0.754172
ZBTB47	up	2	1.0	0.377054	3.65243e-06	0.754108
POLR3B	down	2	1.0	-0.377018	0.000383583	0.754035
C11orf1	down	2	1.0	-0.376965	0.0026093	0.753929
PLCXD1	up	2	1.0	0.376888	0.000674382	0.753775
TUBG1	up	2	1.0	0.37676	2.38079e-05	0.75352
VWDE	down	2	1.0	-0.376696	0.00362061	0.753393
GPR37L1	down	2	1.0	-0.376667	0.000154953	0.753334
ROS1	down	2	1.0	-0.376649	0.000489396	0.753298
NUDT17	up	2	1.0	0.376622	1.06574e-06	0.753244
CC2D1A	down	2	1.0	-0.376594	0.00201969	0.753187
C12orf56	down	2	1.0	-0.376294	0.00265728	0.752589
SDHAP2	down	2	1.0	-0.376197	4.23996e-05	0.752393
PGF	up	2	1.0	0.375953	3.50304e-05	0.751906
TMCO6	down	2	1.0	-0.375893	1.3075e-05	0.751785
HMGCS1	down	2	1.0	-0.375853	0.0105059	0.751705
G3BP1	up	2	1.0	0.375752	1.63248e-05	0.751503
CPSF2	up	2	1.0	0.375593	7.3164e-05	0.751186
COX6A1	down	2	1.0	-0.375357	2.5192e-06	0.750714
GNRH1	down	2	1.0	-0.375297	3.69747e-05	0.750593
NUDT4P1	down	2	1.0	-0.375281	1.15037e-06	0.750562
TOR1AIP2	down	2	1.0	-0.374953	0.000125458	0.749906
COX20	down	2	1.0	-0.37492	7.9837e-06	0.749841
FBLN2	up	2	1.0	0.374895	0.000468094	0.74979
BRCA2	up	2	1.0	0.3748	4.71772e-05	0.7496
NUF2	up	2	1.0	0.374775	0.00244368	0.749551
MUTYH	down	2	1.0	-0.374725	8.20559e-05	0.74945
NCKIPSD	down	2	1.0	-0.374569	0.000360391	0.749137
MANSC1	down	2	1.0	-0.374507	0.000204672	0.749013
LINC00910	down	2	1.0	-0.374452	7.78234e-06	0.748904
POR	down	2	1.0	-0.374437	0.000566537	0.748873
DBP	down	2	1.0	-0.374378	2.86878e-06	0.748755
LOC202181	down	2	1.0	-0.374373	1.13663e-07	0.748746
PTPRB	down	2	1.0	-0.374344	0.0061486	0.748688
TPP1	up	2	1.0	0.374294	0.0130204	0.748587
IMPDH1	up	2	1.0	0.374288	2.72537e-05	0.748576
ETV1	up	2	1.0	0.374256	0.00124662	0.748513
CAB39	down	2	1.0	-0.374199	2.92655e-05	0.748398
CDC42EP1	up	2	1.0	0.374101	7.57607e-06	0.748203
ARHGAP27	down	2	1.0	-0.374072	3.01546e-06	0.748144
FAM102A	down	2	1.0	-0.374034	7.7377e-05	0.748069
DHX35	down	2	1.0	-0.373928	0.000147416	0.747856
UTP20	up	2	1.0	0.373791	0.0114243	0.747583
ABCA2	down	2	1.0	-0.373686	0.000431709	0.747372
CDC7	up	2	1.0	0.373313	0.00202957	0.746626
ZNF671	up	2	1.0	0.373225	0.000669068	0.746451
UEVLD	down	2	1.0	-0.373218	1.82408e-05	0.746436
APOOL	down	2	1.0	-0.373141	0.00117544	0.746282
NDUFB7	down	2	1.0	-0.372909	9.71516e-05	0.745818
FAM126B	down	2	1.0	-0.372903	0.000161213	0.745805
SV2B	up	2	1.0	0.372769	0.00079431	0.745538
GGCX	up	2	1.0	0.372743	6.945e-06	0.745486
CYP39A1	up	2	1.0	0.372741	0.0101627	0.745482
ECSIT	down	2	1.0	-0.372534	0.000297953	0.745068
PRRC1	up	2	1.0	0.372277	0.00114079	0.744554
ERVK13-1	down	2	1.0	-0.372205	5.64743e-05	0.74441
UBXN4	up	2	1.0	0.372036	3.11101e-06	0.744072
PLEKHB2	down	2	1.0	-0.371867	1.54801e-06	0.743734
TMEM63B	down	2	1.0	-0.371783	1.39122e-05	0.743566
ATG5	down	2	1.0	-0.371629	4.61772e-06	0.743258
ITGB1BP1	up	2	1.0	0.371625	0.000347874	0.743249
CREB3	up	2	1.0	0.371597	0.000127541	0.743194
ZNF345	down	2	1.0	-0.371497	0.000300401	0.742995
ZNF33A	down	2	1.0	-0.371435	9.71823e-05	0.74287
LSM5	down	2	1.0	-0.371304	0.0243434	0.742609
SLC7A6	up	2	1.0	0.371227	0.000970053	0.742455
MINK1	down	2	1.0	-0.3711	6.12752e-07	0.7422
RCCD1	down	2	1.0	-0.371079	0.00191676	0.742158
GPATCH1	down	2	1.0	-0.371047	2.88316e-06	0.742094
AASS	up	2	1.0	0.371019	0.00107369	0.742037
TMEM19	down	2	1.0	-0.370906	0.00390597	0.741812
CSNK1G3	down	2	1.0	-0.370896	1.12675e-06	0.741793
GOSR2	up	2	1.0	0.370893	0.00585896	0.741787
JUP	down	2	1.0	-0.370891	0.0042981	0.741782
CYS1	down	2	1.0	-0.370867	0.000395784	0.741733
CALM1	down	2	1.0	-0.37081	2.73471e-07	0.741619
ANXA2R	up	2	1.0	0.37078	9.90704e-07	0.741561
ADPRM	down	2	1.0	-0.370735	4.60992e-05	0.74147
SMC4	up	2	1.0	0.370636	0.000899958	0.741272
ERC1	up	2	1.0	0.370498	4.59477e-05	0.740995
REN	down	2	1.0	-0.370439	0.00134029	0.740878
TRIM21	up	2	1.0	0.370344	7.28538e-05	0.740688
YARS	up	2	1.0	0.370282	5.70187e-05	0.740563
GNL2	up	2	1.0	0.370276	1.6726e-07	0.740552
NUDT16L1	down	2	1.0	-0.370202	1.24891e-05	0.740405
CPNE8	down	2	1.0	-0.370195	0.00874475	0.74039
GLIPR2	down	2	1.0	-0.370186	2.94389e-05	0.740372
IFIH1	up	2	1.0	0.370065	0.00222573	0.74013
CFHR2	up	2	1.0	0.36991	1.67853e-07	0.739821
CFAP54	up	2	1.0	0.369884	1.11915e-07	0.739767
SRP54	up	2	1.0	0.369865	7.93184e-05	0.739731
ZSWIM1	down	2	1.0	-0.369843	4.86038e-05	0.739687
CASK	down	2	1.0	-0.369842	1.57332e-05	0.739685
AEN	up	2	1.0	0.369772	4.06424e-05	0.739543
SLC39A11	down	2	1.0	-0.369724	0.000349288	0.739448
TRIM38	up	2	1.0	0.369605	0.000108599	0.73921
ITGB4	up	2	1.0	0.369491	1.66101e-05	0.738981
MRPL2	down	2	1.0	-0.369476	6.36041e-05	0.738952
PTPN9	down	2	1.0	-0.369442	2.53316e-05	0.738884
HARS2	down	2	1.0	-0.369254	8.24076e-06	0.738508
TPX2	up	2	1.0	0.369237	0.009828	0.738474
MPHOSPH9	up	2	1.0	0.369236	0.00772592	0.738473
RCN3	down	2	1.0	-0.36912	0.00130055	0.73824
UBE2O	up	2	1.0	0.368942	1.62943e-06	0.737883
FN3KRP	down	2	1.0	-0.368762	1.82666e-05	0.737524
GATM	down	2	1.0	-0.36872	0.0159069	0.73744
CENPI	up	2	1.0	0.368702	0.0349134	0.737404
UGGT2	up	2	1.0	0.368662	0.000425713	0.737324
STARD8	up	2	1.0	0.36861	2.18593e-07	0.737219
AFMID	up	2	1.0	0.368372	4.70362e-07	0.736744
PPA2	down	2	1.0	-0.368318	3.03783e-05	0.736637
RASA2	up	2	1.0	0.368225	0.000384333	0.736449
CD207	down	2	1.0	-0.368196	0.000759245	0.736391
KIF26B	up	2	1.0	0.368157	1.10988e-05	0.736315
PPP2R5C	up	2	1.0	0.368145	2.6754e-06	0.73629
SLC5A3	down	2	1.0	-0.36812	0.00806253	0.736239
STAMBP	down	2	1.0	-0.368103	2.25381e-06	0.736206
LOC100505549	up	2	1.0	0.368086	0.000118397	0.736173
ARHGEF40	down	2	1.0	-0.368051	0.000768139	0.736102
PS1TP4	down	2	1.0	-0.368034	2.06139e-05	0.736068
TMEM185B	up	2	1.0	0.367873	7.34206e-05	0.735746
MRPL21	down	2	1.0	-0.367864	0.00215592	0.735728
ING4	down	2	1.0	-0.36785	0.000165505	0.7357
AIFM2	down	2	1.0	-0.367784	0.00295844	0.735568
UTRN	up	2	1.0	0.367696	8.7002e-05	0.735393
LOC642846	up	2	1.0	0.367669	0.020494	0.735339
FAM120C	up	2	1.0	0.367622	0.00122507	0.735243
ALDH3A2	down	2	1.0	-0.36758	0.00404564	0.735161
PRKCZ	down	2	1.0	-0.367555	2.54183e-16	0.735109
GIPC1	down	2	1.0	-0.367505	0.00117194	0.73501
SNX22	up	2	1.0	0.367377	9.44299e-06	0.734755
ZNF629	down	2	1.0	-0.367315	5.00206e-06	0.73463
YTHDF3	down	2	1.0	-0.367213	3.75528e-06	0.734426
FRG1BP	down	2	1.0	-0.367146	0.000397762	0.734291
PDSS2	down	2	1.0	-0.367099	1.62927e-11	0.734198
HSP90AB1	up	2	1.0	0.367072	0.000268028	0.734144
PDGFA	down	2	1.0	-0.367056	1.79334e-05	0.734112
SMDT1	down	2	1.0	-0.36703	0.000312055	0.734061
SEC14L5	down	2	1.0	-0.366986	0.00278341	0.733971
FIGN	up	2	1.0	0.366945	0.00146	0.733889
FAM21A	down	2	1.0	-0.3669	2.67681e-05	0.7338
RERE	down	2	1.0	-0.366845	1.72574e-07	0.733689
MAL	up	2	1.0	0.366839	0.000123343	0.733678
TSC22D1	down	2	1.0	-0.366808	1.62072e-07	0.733615
FCRLB	up	2	1.0	0.366764	2.939e-06	0.733529
C19orf18	down	2	1.0	-0.366591	3.26151e-05	0.733183
SPRY3	down	2	1.0	-0.366536	4.44851e-05	0.733073
KDM6A	down	2	1.0	-0.366442	1.47929e-06	0.732884
CACHD1	up	2	1.0	0.366433	0.00118017	0.732867
RRM2B	down	2	1.0	-0.36619	0.00078774	0.73238
BAHD1	down	2	1.0	-0.366181	9.3428e-05	0.732362
NOSIP	down	2	1.0	-0.366033	0.000799751	0.732066
NDUFA9	down	2	1.0	-0.365927	2.35474e-06	0.731854
CAD	up	2	1.0	0.365912	0.000570344	0.731823
ECM2	up	2	1.0	0.365879	1.09628e-05	0.731758
HIST1H2BC	up	2	1.0	0.365835	0.0140802	0.731671
MAP3K2	down	2	1.0	-0.365692	1.01306e-06	0.731384
NUP50	up	2	1.0	0.365681	0.000779974	0.731362
MST1	down	2	1.0	-0.365658	0.00199981	0.731316
CEACAM1	down	2	1.0	-0.365159	0.00100504	0.730318
SEC23A	down	2	1.0	-0.365073	0.000445974	0.730145
ZNF233	down	2	1.0	-0.364838	2.66832e-05	0.729676
WIPF3	down	2	1.0	-0.364767	0.0157875	0.729534
ZNF468	down	2	1.0	-0.364755	3.08008e-06	0.72951
NDUFB6	down	2	1.0	-0.364703	1.76688e-05	0.729406
PDLIM2	down	2	1.0	-0.364702	0.000256083	0.729405
SUSD3	up	2	1.0	0.364677	3.44394e-05	0.729354
TMED3	up	2	1.0	0.364621	7.51273e-05	0.729241
EID1	up	2	1.0	0.364592	9.8955e-06	0.729183
ZC4H2	down	2	1.0	-0.36456	1.30699e-06	0.72912
SMAD4	down	2	1.0	-0.364559	7.63988e-09	0.729118
METTL18	down	2	1.0	-0.364397	0.00286015	0.728794
MESP2	down	2	1.0	-0.364326	1.6592e-05	0.728653
AMN	down	2	1.0	-0.364321	0.000108624	0.728641
MYLK	down	2	1.0	-0.364275	0.00655272	0.72855
ANKRD46	down	2	1.0	-0.364102	0.00139607	0.728204
DCAKD	down	2	1.0	-0.36403	9.33537e-06	0.728061
KDELR2	up	2	1.0	0.363918	0.00406834	0.727835
MMEL1	down	2	1.0	-0.363867	5.93352e-05	0.727734
FAM198B	up	2	1.0	0.363857	0.0756344	0.727714
DYNC1LI2	down	2	1.0	-0.363657	1.05809e-06	0.727313
SLC25A25	down	2	1.0	-0.363637	0.000122748	0.727273
MTA3	down	2	1.0	-0.36353	8.92894e-07	0.727061
MAN1A1	down	2	1.0	-0.363472	0.00289296	0.726945
COPB2	up	2	1.0	0.363461	2.17149e-05	0.726922
ERMN	up	2	1.0	0.363456	4.71857e-05	0.726911
RNF149	up	2	1.0	0.36336	4.56616e-06	0.72672
PPP1R9B	up	2	1.0	0.363333	1.26555e-05	0.726666
PSMD12	up	2	1.0	0.363328	1.0639e-05	0.726657
ZDHHC7	down	2	1.0	-0.363278	1.17351e-06	0.726556
TNFRSF4	up	2	1.0	0.363244	2.66115e-07	0.726489
MRM1	down	2	1.0	-0.363239	3.56035e-05	0.726479
IMMT	down	2	1.0	-0.36323	9.0086e-07	0.72646
TYRO3	up	2	1.0	0.363211	3.16779e-05	0.726422
SHF	up	2	1.0	0.362602	3.01365e-05	0.725205
TMEM14B	down	2	1.0	-0.362505	4.59481e-07	0.72501
DHRS7B	down	2	1.0	-0.36249	0.000245914	0.724981
ARHGEF1	up	2	1.0	0.362461	1.5252e-06	0.724922
EVC	up	2	1.0	0.362395	0.000310693	0.724791
EPHB1	up	2	1.0	0.362344	3.24792e-06	0.724688
D2HGDH	down	2	1.0	-0.362332	0.00378853	0.724664
MGC70870	down	2	1.0	-0.362237	0.000112484	0.724475
XPNPEP1	down	2	1.0	-0.362185	5.99129e-05	0.724371
FBXO31	down	2	1.0	-0.362101	0.000251848	0.724203
ZC3HAV1	up	2	1.0	0.362092	3.25316e-06	0.724183
CTAGE8	down	2	1.0	-0.362022	0.0307189	0.724044
MMACHC	down	2	1.0	-0.361971	5.4647e-05	0.723942
NOP2	up	2	1.0	0.361937	6.08052e-06	0.723874
PQLC1	down	2	1.0	-0.361858	0.000544135	0.723716
FNBP1	up	2	1.0	0.361784	0.00114495	0.723567
CRLF2	up	2	1.0	0.361696	0.000151571	0.723391
SAG	down	2	1.0	-0.361645	7.94909e-07	0.72329
GAL3ST2	down	2	1.0	-0.361636	0.00379544	0.723273
IFI27L2	up	2	1.0	0.361619	8.55982e-07	0.723238
GRAMD1B	up	2	1.0	0.361613	4.38375e-05	0.723226
ZYG11A	up	2	1.0	0.361455	0.000485934	0.722911
EIF4E3	down	2	1.0	-0.361395	2.98197e-05	0.722791
ACHE	up	2	1.0	0.36133	0.00530155	0.72266
ARHGEF17	up	2	1.0	0.361229	0.000148933	0.722458
PEX1	down	2	1.0	-0.361201	5.92915e-09	0.722401
LGR6	down	2	1.0	-0.361186	0.0034798	0.722373
CEP164	up	2	1.0	0.361162	0.00251777	0.722325
ZNF697	up	2	1.0	0.361129	0.003349	0.722258
TOB1	down	2	1.0	-0.360827	0.00105808	0.721655
NTAN1	down	2	1.0	-0.36081	0.000573828	0.72162
ARAP3	up	2	1.0	0.360618	2.06038e-05	0.721236
BVES	up	2	1.0	0.360591	0.000873727	0.721182
CDIPT	down	2	1.0	-0.360548	0.000103628	0.721097
MAN1A2	up	2	1.0	0.360513	0.00040674	0.721025
PRPF4	up	2	1.0	0.360502	1.28351e-06	0.721004
RNF115	up	2	1.0	0.360464	0.000938555	0.720929
TMEM68	down	2	1.0	-0.360371	4.0509e-05	0.720741
CCNL1	up	2	1.0	0.360352	0.000251848	0.720704
YBEY	down	2	1.0	-0.360297	0.000253214	0.720594
BLVRB	down	2	1.0	-0.360262	0.00138255	0.720524
ACYP1	down	2	1.0	-0.360203	0.000998868	0.720406
GALK1	up	2	1.0	0.360139	5.17053e-05	0.720278
PDE7B	up	2	1.0	0.360135	0.0148538	0.720269
MAPK10	up	2	1.0	0.359876	0.0001507	0.719752
MRPL50	up	2	1.0	0.359823	6.0133e-12	0.719646
PSTK	down	2	1.0	-0.359822	0.00142695	0.719644
TRAF6	down	2	1.0	-0.359815	2.15072e-05	0.719629
NCBP1	down	2	1.0	-0.359608	2.98847e-05	0.719216
ITGA11	up	2	1.0	0.35958	8.00006e-05	0.719161
AKTIP	down	2	1.0	-0.359375	0.0137263	0.71875
ATOX1	up	2	1.0	0.359318	2.29776e-07	0.718637
DDX3X	up	2	1.0	0.359267	2.4579e-05	0.718535
ARHGEF28	down	2	1.0	-0.359252	0.0204079	0.718505
NDUFAF4	down	2	1.0	-0.359056	0.00397097	0.718112
COX15	down	2	1.0	-0.35903	5.627e-06	0.71806
C15orf40	down	2	1.0	-0.358955	6.24138e-05	0.71791
HMGB3P1	down	2	1.0	-0.358954	0.00697478	0.717907
LETM2	up	2	1.0	0.358908	3.25402e-06	0.717816
ALS2CR12	down	2	1.0	-0.358886	0.0132157	0.717771
BMS1	up	2	1.0	0.358879	0.00162479	0.717758
CALML4	down	2	1.0	-0.358831	0.000267816	0.717662
CRYBA2	down	2	1.0	-0.358796	0.00249504	0.717593
IMPA1	down	2	1.0	-0.358739	0.00324243	0.717478
NIPA2	down	2	1.0	-0.35873	1.06082e-05	0.71746
DDB2	up	2	1.0	0.358693	1.00381e-07	0.717387
CGRRF1	down	2	1.0	-0.358619	0.000132223	0.717238
SLC10A1	down	2	1.0	-0.358359	1.19256e-05	0.716718
C3orf52	down	2	1.0	-0.358264	0.0011435	0.716528
SRP72	up	2	1.0	0.358238	5.08715e-05	0.716476
SUPV3L1	down	2	1.0	-0.3582	2.45302e-06	0.716399
ESRRG	down	2	1.0	-0.358171	0.0137062	0.716343
USP13	up	2	1.0	0.357953	2.96399e-05	0.715907
ULK4	up	2	1.0	0.357935	0.00823776	0.71587
NDUFA8	down	2	1.0	-0.357909	0.000647221	0.715817
ZNF28	down	2	1.0	-0.357907	2.76289e-05	0.715814
TRPC1	up	2	1.0	0.357778	0.0201558	0.715557
NDUFA10	down	2	1.0	-0.357774	3.74166e-09	0.715549
COG1	down	2	1.0	-0.357739	3.55266e-08	0.715478
KIF11	up	2	1.0	0.357697	0.00804785	0.715394
GLA	up	2	1.0	0.357679	0.000200415	0.715357
BTN2A1	up	2	1.0	0.35765	1.21487e-05	0.7153
RNF185	down	2	1.0	-0.357629	6.90446e-07	0.715258
FAM159A	up	2	1.0	0.357626	0.000223205	0.715252
HAL	up	2	1.0	0.357426	0.000283084	0.714851
SLC44A4	down	2	1.0	-0.357412	0.00164178	0.714824
PASK	up	2	1.0	0.357384	3.90271e-05	0.714767
BCL11A	down	2	1.0	-0.357347	1.29728e-05	0.714693
RGL2	up	2	1.0	0.357219	0.000230896	0.714438
SCTR	down	2	1.0	-0.357109	5.16382e-05	0.714219
FLJ42627	down	2	1.0	-0.357101	0.00721656	0.714203
LIN7B	down	2	1.0	-0.357013	3.72451e-06	0.714027
NRXN3	up	2	1.0	0.357005	9.33289e-05	0.71401
ICK	down	2	1.0	-0.356952	2.52361e-06	0.713904
HK3	up	2	1.0	0.356882	1.96681e-06	0.713764
CD14	up	2	1.0	0.356865	0.000122861	0.71373
ZNF703	down	2	1.0	-0.356769	0.000570005	0.713538
ARF1	up	2	1.0	0.356761	0.0166159	0.713523
SLC6A16	up	2	1.0	0.356751	0.000200935	0.713501
GATB	down	2	1.0	-0.356659	8.11696e-06	0.713318
SLC12A9	up	2	1.0	0.356623	0.00232207	0.713245
EP400NL	up	2	1.0	0.356564	6.19481e-07	0.713128
MXRA7	up	2	1.0	0.356332	3.1451e-05	0.712663
DENND4B	up	2	1.0	0.356289	0.000190962	0.712577
RASL11B	up	2	1.0	0.356177	1.68872e-06	0.712355
TNFAIP8L1	up	2	1.0	0.356156	0.00303618	0.712311
CD24	down	2	1.0	-0.355955	0.000110388	0.711909
SMUG1	down	2	1.0	-0.355874	0.000315552	0.711749
DHRS12	down	2	1.0	-0.355825	3.79139e-06	0.71165
ST7	up	2	1.0	0.355766	7.2466e-06	0.711531
RPS24	up	2	1.0	0.355665	0.00127672	0.71133
PURA	down	2	1.0	-0.355621	2.82239e-05	0.711243
TPD52L2	up	2	1.0	0.355614	2.72656e-05	0.711227
FES	up	2	1.0	0.355596	2.15195e-05	0.711192
ARHGEF12	down	2	1.0	-0.355594	2.09056e-05	0.711188
ZFYVE19	down	2	1.0	-0.35554	0.00263526	0.71108
DTX3L	up	2	1.0	0.355522	3.7212e-05	0.711045
CASP7	down	2	1.0	-0.355457	0.0209672	0.710914
PRSS2	up	2	1.0	0.355415	0.00123409	0.710829
DLG1	down	2	1.0	-0.355386	5.99433e-08	0.710773
PRORSD1P	down	2	1.0	-0.355384	8.33028e-06	0.710769
TMEM67	up	2	1.0	0.355356	0.000532792	0.710712
MIB2	down	2	1.0	-0.355309	6.15077e-06	0.710618
PEX7	down	2	1.0	-0.355157	1.5764e-05	0.710314
CELF5	down	2	1.0	-0.355081	3.6365e-06	0.710162
DOCK5	down	2	1.0	-0.354925	0.000256396	0.70985
CRACR2B	down	2	1.0	-0.354899	0.00818726	0.709798
KIF21A	down	2	1.0	-0.354825	0.00131615	0.70965
STRN	down	2	1.0	-0.354818	6.53937e-09	0.709636
B4GALT3	up	2	1.0	0.354694	7.07474e-05	0.709388
TRAF4	down	2	1.0	-0.354653	0.00179129	0.709306
SAP30	up	2	1.0	0.354605	4.73431e-07	0.70921
FAM49B	up	2	1.0	0.354568	6.35632e-05	0.709136
ANKRD18A	down	2	1.0	-0.354517	7.51131e-05	0.709033
OPTN	down	2	1.0	-0.354488	0.00832036	0.708975
LGI1	down	2	1.0	-0.354433	0.0112529	0.708866
HDDC3	down	2	1.0	-0.354236	0.000188607	0.708471
MELK	up	2	1.0	0.354101	0.00211406	0.708202
EIF4G1	up	2	1.0	0.35397	0.0007227	0.70794
SYPL1	up	2	1.0	0.353951	1.54797e-08	0.707903
HPS1	down	2	1.0	-0.353914	0.00112236	0.707828
FSD1L	down	2	1.0	-0.353903	0.000774223	0.707805
PXK	up	2	1.0	0.353897	2.00038e-05	0.707794
C14orf2	down	2	1.0	-0.353874	3.13021e-06	0.707748
ARID4B	up	2	1.0	0.353865	0.0121451	0.707731
RNF186	down	2	1.0	-0.353816	0.000136633	0.707632
SNAPC3	down	2	1.0	-0.3538	0.000129022	0.7076
URI1	down	2	1.0	-0.353685	4.97283e-05	0.707371
PTCH1	down	2	1.0	-0.353487	0.00258492	0.706973
UQCC1	down	2	1.0	-0.353409	1.32463e-05	0.706818
NDRG3	down	2	1.0	-0.353308	0.000582594	0.706616
ABCA11P	down	2	1.0	-0.353243	0.00216926	0.706485
TMEM260	down	2	1.0	-0.353226	8.28296e-06	0.706452
LINC00312	up	2	1.0	0.353034	3.11805e-05	0.706067
MECOM	down	2	1.0	-0.353029	0.000117766	0.706059
HYLS1	down	2	1.0	-0.353028	0.00125695	0.706056
PYY	down	2	1.0	-0.353021	0.129638	0.706041
SVIP	down	2	1.0	-0.353011	0.00429033	0.706023
NAA35	down	2	1.0	-0.352948	1.40158e-05	0.705897
CLINT1	up	2	1.0	0.352882	0.00252462	0.705764
VASH2	up	2	1.0	0.352615	0.000350603	0.70523
USP9X	down	2	1.0	-0.352544	0.000137791	0.705088
ATP6V0D1	down	2	1.0	-0.352542	2.85955e-06	0.705085
DIAPH1	up	2	1.0	0.352507	0.00079808	0.705015
SLC33A1	up	2	1.0	0.352463	9.40964e-05	0.704925
MIR186	down	2	1.0	-0.352361	0.00251491	0.704721
PRMT1	up	2	1.0	0.352282	4.87012e-05	0.704564
ZNF572	down	2	1.0	-0.352174	0.000230273	0.704348
SEMA6B	up	2	1.0	0.352117	2.11101e-06	0.704235
PER3	down	2	1.0	-0.352106	0.0147827	0.704212
PCYOX1L	up	2	1.0	0.351999	3.4692e-05	0.703998
ATP11C	up	2	1.0	0.351907	1.84371e-05	0.703814
ING2	down	2	1.0	-0.351741	0.000762003	0.703482
FAM210A	down	2	1.0	-0.351704	0.0010856	0.703408
CDH2	up	2	1.0	0.3517	4.65861e-05	0.703401
IGFBP4	up	2	1.0	0.351627	0.00164909	0.703253
TAS2R4	down	2	1.0	-0.351506	0.00205863	0.703011
UBASH3A	up	2	1.0	0.351441	2.41351e-06	0.702882
CCDC171	down	2	1.0	-0.351421	0.000249503	0.702843
SLC26A11	up	2	1.0	0.351349	0.000722197	0.702699
DIRC2	up	2	1.0	0.351313	0.0266855	0.702626
ZNF816	down	2	1.0	-0.351258	0.000248505	0.702516
ZNF596	down	2	1.0	-0.351139	1.00475e-08	0.702277
SPCS2	up	2	1.0	0.351102	1.66018e-05	0.702205
ZNF438	up	2	1.0	0.351078	1.15654e-06	0.702156
RTN4IP1	down	2	1.0	-0.351027	3.35801e-05	0.702054
LYSMD4	down	2	1.0	-0.350996	0.000744757	0.701992
EIF4G3	down	2	1.0	-0.350892	1.93976e-07	0.701784
BCL2L1	up	2	1.0	0.350814	3.03174e-10	0.701627
CTTNBP2	down	2	1.0	-0.350804	0.0214119	0.701608
URB1-AS1	down	2	1.0	-0.350796	0.00171606	0.701591
HP	up	2	1.0	0.350735	0.00195886	0.701471
ANKRD13D	up	2	1.0	0.3507	5.56467e-08	0.701401
ZNF253	down	2	1.0	-0.350684	0.00143603	0.701368
HNRNPDL	up	2	1.0	0.350657	6.55535e-05	0.701314
MED9	down	2	1.0	-0.350573	2.47335e-06	0.701146
STEAP1B	up	2	1.0	0.350398	1.10067e-05	0.700796
SPDL1	up	2	1.0	0.35029	0.0205094	0.70058
GINM1	down	2	1.0	-0.350289	4.6598e-05	0.700577
DMRTA1	down	2	1.0	-0.350243	5.03264e-05	0.700485
MAD2L1BP	down	2	1.0	-0.350036	0.00148405	0.700072
HPCA	down	2	1.0	-0.349891	9.19452e-07	0.699782
SDCCAG8	up	2	1.0	0.349833	1.27159e-05	0.699666
KIAA1191	down	2	1.0	-0.349799	9.06273e-06	0.699597
UQCRQ	down	2	1.0	-0.349756	9.11193e-08	0.699512
GPD2	down	2	1.0	-0.349695	0.000368467	0.699391
CHST10	up	2	1.0	0.349634	6.10221e-07	0.699269
CD47	up	2	1.0	0.349625	4.73367e-06	0.699249
GLT8D1	up	2	1.0	0.349597	4.79175e-06	0.699193
DNAJC13	down	2	1.0	-0.349577	9.13231e-07	0.699154
FKBP4	down	2	1.0	-0.349565	9.41815e-14	0.699129
RAD50	down	2	1.0	-0.349363	0.000125656	0.698727
MDH1	down	2	1.0	-0.349344	0.00284189	0.698688
DNAH1	down	2	1.0	-0.349295	1.39873e-07	0.698589
CCNT2	down	2	1.0	-0.349258	0.000497129	0.698516
E2F3	up	2	1.0	0.349232	1.25245e-05	0.698464
ANKRD13C	down	2	1.0	-0.348924	0.000231485	0.697848
LZTS1	up	2	1.0	0.348832	3.96918e-08	0.697663
FAM111A	up	2	1.0	0.348571	0.000817057	0.697142
ANKLE2	up	2	1.0	0.348437	1.59118e-07	0.696875
NOLC1	up	2	1.0	0.348396	1.93e-07	0.696792
ADAR	up	2	1.0	0.348278	2.56282e-09	0.696555
MSRB2	down	2	1.0	-0.348249	6.75525e-06	0.696498
BYSL	up	2	1.0	0.34811	1.13854e-05	0.69622
PDE4A	up	2	1.0	0.348032	0.00132047	0.696064
LGALS9	down	2	1.0	-0.347976	0.00520836	0.695952
TRIP6	up	2	1.0	0.3479	8.08488e-05	0.6958
ANK2	up	2	1.0	0.347869	0.00065685	0.695739
CYP2C18	down	2	1.0	-0.347846	0.0937116	0.695692
C2orf82	down	2	1.0	-0.347757	3.38168e-05	0.695513
ZNF385C	down	2	1.0	-0.347724	0.000487994	0.695449
METRNL	down	2	1.0	-0.347689	0.00116272	0.695378
GOLM1	down	2	1.0	-0.347668	3.83614e-08	0.695335
SLC2A13	down	2	1.0	-0.347638	0.000449687	0.695275
LPIN3	down	2	1.0	-0.347612	3.93579e-11	0.695225
UCKL1	down	2	1.0	-0.347475	6.83557e-06	0.694949
DHFR2	down	2	1.0	-0.347417	0.00144537	0.694834
MCM6	up	2	1.0	0.347391	0.000433178	0.694783
RAB11FIP4	down	2	1.0	-0.34728	9.40021e-08	0.69456
DPH6	down	2	1.0	-0.347235	0.000520943	0.69447
ZYG11B	down	2	1.0	-0.347137	1.8422e-07	0.694273
PIGV	down	2	1.0	-0.347132	0.000384337	0.694264
NCL	up	2	1.0	0.347127	0.00110304	0.694254
ZNF554	down	2	1.0	-0.347081	0.00177438	0.694163
SLC12A8	up	2	1.0	0.34706	0.0121338	0.694121
AP1S2	up	2	1.0	0.347056	0.000281535	0.694113
GNA13	down	2	1.0	-0.347054	0.000316009	0.694109
ARHGAP39	down	2	1.0	-0.346988	0.000946602	0.693975
PRRT1	down	2	1.0	-0.34695	0.000358659	0.6939
BNIP3L	up	2	1.0	0.346823	0.00459613	0.693647
ZRANB2	down	2	1.0	-0.3468	0.00298187	0.693599
PARP4	down	2	1.0	-0.346787	4.95035e-08	0.693574
IQSEC2	down	2	1.0	-0.346765	0.000970146	0.69353
SEPT4	up	2	1.0	0.34673	6.13148e-07	0.69346
CCM2L	up	2	1.0	0.346724	4.59257e-06	0.693448
LBP	up	2	1.0	0.34669	6.59499e-05	0.69338
FAM160A2	down	2	1.0	-0.346575	1.70531e-06	0.69315
SLC47A2	down	2	1.0	-0.346411	8.03345e-06	0.692822
USO1	up	2	1.0	0.346272	0.00155543	0.692543
GRIK2	down	2	1.0	-0.346252	2.55408e-05	0.692505
TRAF5	up	2	1.0	0.346011	0.00849114	0.692022
FSIP1	down	2	1.0	-0.34599	1.54016e-06	0.691979
CTNNB1	up	2	1.0	0.345988	0.00101492	0.691975
PUM2	down	2	1.0	-0.345938	4.52311e-10	0.691877
SUN1	down	2	1.0	-0.345924	5.00549e-06	0.691848
NUDT9	down	2	1.0	-0.345869	1.38181e-05	0.691737
TOP1	up	2	1.0	0.345863	2.45965e-05	0.691726
TOE1	down	2	1.0	-0.345856	8.24927e-06	0.691712
NRDC	up	2	1.0	0.345847	5.26688e-09	0.691695
ANKRD49	down	2	1.0	-0.345773	0.00380908	0.691547
FRS2	down	2	1.0	-0.34577	0.000285125	0.691541
ZNF358	down	2	1.0	-0.34576	0.000358891	0.69152
SLC4A8	up	2	1.0	0.345708	5.05058e-06	0.691416
CALM3	up	2	1.0	0.345687	0.00033305	0.691375
KIAA0141	down	2	1.0	-0.345654	1.17498e-05	0.691309
TCF3	up	2	1.0	0.345649	1.99107e-08	0.691299
RGS7BP	up	2	1.0	0.34558	3.57242e-08	0.69116
ARHGAP11A	up	2	1.0	0.34547	0.00168978	0.690939
BAIAP3	down	2	1.0	-0.345462	0.000129518	0.690924
PHF11	up	2	1.0	0.345319	0.00102476	0.690638
MANBA	up	2	1.0	0.345313	1.13978e-08	0.690626
HCP5	up	2	1.0	0.345215	0.012671	0.69043
KCTD12	up	2	1.0	0.345135	0.0138088	0.69027
SLC25A42	down	2	1.0	-0.345062	0.0251909	0.690125
SPPL2B	down	2	1.0	-0.345	8.71198e-05	0.69
AKR7A2	down	2	1.0	-0.344982	8.32905e-06	0.689965
C1orf228	up	2	1.0	0.344953	5.18665e-05	0.689905
MARK4	up	2	1.0	0.344878	0.00174193	0.689757
CHST12	up	2	1.0	0.344833	7.53864e-07	0.689666
S100A14	down	2	1.0	-0.344728	0.0181985	0.689456
ATR	up	2	1.0	0.344724	0.0064058	0.689449
LHPP	down	2	1.0	-0.344657	5.73982e-05	0.689315
ATXN2L	up	2	1.0	0.344597	0.000396448	0.689194
CEL	down	2	1.0	-0.344597	0.0180558	0.689194
PSME1	up	2	1.0	0.344511	1.10963e-05	0.689022
GK5	down	2	1.0	-0.344455	0.000385958	0.68891
ADH5	down	2	1.0	-0.344348	0.000431321	0.688696
MOV10	up	2	1.0	0.344166	2.33479e-07	0.688333
KIF5C	down	2	1.0	-0.344145	0.106491	0.68829
CENPN	up	2	1.0	0.34414	0.000552726	0.68828
MRS2	down	2	1.0	-0.344133	1.10413e-05	0.688266
CLN8	down	2	1.0	-0.344108	2.47386e-07	0.688216
NUS1	up	2	1.0	0.343841	1.30552e-06	0.687682
DMXL1	down	2	1.0	-0.343838	7.95819e-05	0.687676
EEA1	down	2	1.0	-0.343807	0.000217373	0.687614
USP8	down	2	1.0	-0.343738	0.000255807	0.687476
BRINP2	down	2	1.0	-0.34369	0.000374139	0.68738
CCSER2	up	2	1.0	0.343614	0.00493818	0.687228
MYCL	down	2	1.0	-0.343581	3.30867e-07	0.687162
EDEM2	up	2	1.0	0.343546	0.00591697	0.687091
NME5	up	2	1.0	0.343498	3.6416e-06	0.686995
IGSF8	down	2	1.0	-0.343433	3.11572e-07	0.686865
SUCO	up	2	1.0	0.3434	0.00140295	0.6868
LIN52	up	2	1.0	0.343368	0.000595099	0.686736
ABTB1	up	2	1.0	0.343344	1.03012e-06	0.686689
BEAN1	up	2	1.0	0.343311	0.000337379	0.686623
STK11	down	2	1.0	-0.343251	0.000309077	0.686503
FOXC1	up	2	1.0	0.343113	5.2886e-05	0.686226
N4BP2	up	2	1.0	0.343066	0.00438019	0.686133
MTRF1L	down	2	1.0	-0.343016	0.000202518	0.686032
CHCHD4	down	2	1.0	-0.343013	0.000252068	0.686026
NCOA4	down	2	1.0	-0.342936	0.000117568	0.685873
SLC39A13	up	2	1.0	0.342924	2.43486e-12	0.685848
PEX11G	down	2	1.0	-0.342751	3.10106e-05	0.685502
RNGTT	up	2	1.0	0.342672	6.74215e-05	0.685344
LACE1	down	2	1.0	-0.342631	0.0012711	0.685263
HOXA1	down	2	1.0	-0.342563	0.00795149	0.685126
WDR20	down	2	1.0	-0.342561	2.37786e-07	0.685123
STIM2	up	2	1.0	0.342504	5.65323e-05	0.685008
KIR3DL2	down	2	1.0	-0.342259	0.00117725	0.684517
AGPAT3	down	2	1.0	-0.342205	2.33927e-07	0.684411
BCR	up	2	1.0	0.342159	1.09078e-05	0.684318
SNX12	down	2	1.0	-0.342144	0.000225193	0.684288
FBXL7	up	2	1.0	0.342029	3.38277e-05	0.684058
FPGS	up	2	1.0	0.342	3.82711e-07	0.684
MAP2K5	down	2	1.0	-0.341978	4.53782e-06	0.683956
TLR3	down	2	1.0	-0.341956	0.10059	0.683913
BCL11B	up	2	1.0	0.34174	0.00285475	0.68348
C11orf24	up	2	1.0	0.341676	3.6651e-05	0.683352
SIGLEC9	up	2	1.0	0.341618	1.43688e-06	0.683235
ZNF630	down	2	1.0	-0.341324	2.40128e-06	0.682647
PAK4	down	2	1.0	-0.341305	2.70426e-05	0.682611
PBX3	up	2	1.0	0.341209	0.000207165	0.682417
TMEM30A	up	2	1.0	0.341187	0.00290119	0.682373
SHPK	down	2	1.0	-0.341181	8.05106e-09	0.682362
RASGEF1A	up	2	1.0	0.34117	0.00112614	0.682341
TMEM183B	down	2	1.0	-0.34096	0.000162432	0.681921
ADCK2	down	2	1.0	-0.34096	0.000496695	0.681921
EPDR1	down	2	1.0	-0.340958	0.00708537	0.681915
RMND1	down	2	1.0	-0.340888	4.31524e-05	0.681776
PSAP	up	2	1.0	0.340882	0.00292599	0.681764
PARP16	down	2	1.0	-0.340797	5.37161e-05	0.681595
C14orf132	up	2	1.0	0.340764	9.03573e-06	0.681528
MMP8	up	2	1.0	0.340712	0.000450719	0.681423
PNPLA7	down	2	1.0	-0.34062	2.61389e-06	0.68124
ATG7	up	2	1.0	0.34061	8.05222e-05	0.681221
COL4A3	up	2	1.0	0.340504	0.000383899	0.681008
RAB9A	down	2	1.0	-0.340455	8.3408e-05	0.68091
ZER1	down	2	1.0	-0.340454	2.08691e-07	0.680907
MYO7B	down	2	1.0	-0.340338	0.0233036	0.680676
THG1L	down	2	1.0	-0.340289	7.30281e-07	0.680578
CBX6	up	2	1.0	0.340155	0.000238419	0.680311
DNAAF2	down	2	1.0	-0.340112	3.61083e-05	0.680224
RHBDF1	up	2	1.0	0.340097	5.25741e-05	0.680195
FBP1	down	2	1.0	-0.340063	3.85777e-05	0.680126
CUL3	down	2	1.0	-0.340002	6.42335e-06	0.680003
DDOST	up	2	1.0	0.339994	4.28793e-09	0.679988
PNO1	up	2	1.0	0.339912	0.0117026	0.679823
ZFP14	down	2	1.0	-0.339857	0.00155507	0.679714
POLB	up	2	1.0	0.339759	0.000195943	0.679518
APEX2	down	2	1.0	-0.339755	9.89141e-06	0.679511
DNPH1	down	2	1.0	-0.339689	0.000574564	0.679378
VEPH1	down	2	1.0	-0.339585	0.0262544	0.67917
TCTN3	down	2	1.0	-0.339548	0.000519617	0.679096
GUCD1	down	2	1.0	-0.339429	4.56871e-08	0.678858
ARL13B	up	2	1.0	0.339406	0.000317287	0.678812
NARS2	down	2	1.0	-0.339329	1.08064e-06	0.678657
AK1	down	2	1.0	-0.339278	0.00589466	0.678556
KBTBD2	up	2	1.0	0.339263	1.61111e-06	0.678526
CYP2C8	down	2	1.0	-0.339255	0.000123141	0.678509
XCL1	down	2	1.0	-0.339253	0.00307042	0.678506
SLC25A5-AS1	down	2	1.0	-0.339196	0.000209317	0.678393
ZNF818P	down	2	1.0	-0.339141	0.00046832	0.678283
STIM1	down	2	1.0	-0.339045	5.70917e-09	0.678091
SH2B1	down	2	1.0	-0.33902	0.000214896	0.678041
MGAT2	up	2	1.0	0.338751	0.00114437	0.677501
FAM192A	down	2	1.0	-0.338637	5.69576e-07	0.677274
DNASE1L3	up	2	1.0	0.338622	0.0328385	0.677245
KREMEN1	down	2	1.0	-0.338607	0.000551453	0.677214
TAPT1-AS1	down	2	1.0	-0.338537	4.32834e-08	0.677075
RCOR3	down	2	1.0	-0.338194	0.000364133	0.676388
TINAGL1	down	2	1.0	-0.338124	2.61878e-05	0.676247
ACOT1	down	2	1.0	-0.338052	0.0136653	0.676105
ZCCHC11	up	2	1.0	0.338039	0.00442441	0.676079
SCRN3	down	2	1.0	-0.338036	0.00211997	0.676073
FAM83F	down	2	1.0	-0.338021	0.000460094	0.676043
NLRP12	up	2	1.0	0.337804	9.87759e-08	0.675608
PRPF38B	up	2	1.0	0.33772	0.052697	0.675441
SLC2A4RG	up	2	1.0	0.337712	2.08146e-05	0.675425
CRIPAK	down	2	1.0	-0.337699	0.00211384	0.675398
MLF1	down	2	1.0	-0.337695	0.0018815	0.675389
GRB14	down	2	1.0	-0.337492	0.00785408	0.674984
ZNF551	down	2	1.0	-0.337424	0.000546626	0.674848
SOCS6	down	2	1.0	-0.337321	0.000159935	0.674641
ANKRD20A11P	down	2	1.0	-0.337313	0.00135896	0.674626
PRCP	up	2	1.0	0.33731	0.000718273	0.674621
DNAH6	down	2	1.0	-0.337226	4.06346e-05	0.674452
ID1	up	2	1.0	0.337207	0.000869931	0.674413
GJB5	up	2	1.0	0.337126	0.00231261	0.674252
FAH	down	2	1.0	-0.33711	4.13498e-06	0.67422
COPS4	down	2	1.0	-0.33694	0.000188607	0.67388
EPHB4	up	2	1.0	0.336815	5.73928e-07	0.67363
FBN2	up	2	1.0	0.336773	0.000119207	0.673545
PLA2G4F	down	2	1.0	-0.33665	0.00149353	0.6733
DYNC1LI1	up	2	1.0	0.336564	0.00252521	0.673128
ADGB	down	2	1.0	-0.336529	3.33725e-05	0.673059
KIAA1524	up	2	1.0	0.336512	0.00242422	0.673024
CCDC88B	up	2	1.0	0.336466	0.00696161	0.672932
LINC01000	up	2	1.0	0.336419	0.00434928	0.672837
PACRGL	down	2	1.0	-0.336355	0.000526306	0.672709
EPHX3	up	2	1.0	0.336267	4.09679e-08	0.672533
SPTSSA	down	2	1.0	-0.33614	0.000311963	0.67228
C9orf78	down	2	1.0	-0.336014	7.9063e-09	0.672029
MAPRE1	up	2	1.0	0.336006	0.00122964	0.672012
PLA2G4A	up	2	1.0	0.33583	0.0358353	0.67166
COX7B	down	2	1.0	-0.335823	1.11901e-07	0.671647
SQRDL	down	2	1.0	-0.335823	0.00220605	0.671646
CDC37	up	2	1.0	0.335793	0.000218791	0.671587
KAT6B	down	2	1.0	-0.335751	2.69503e-07	0.671501
ZDHHC11	down	2	1.0	-0.335745	0.0265134	0.671489
PCGF2	down	2	1.0	-0.335735	0.000872891	0.67147
PIKFYVE	up	2	1.0	0.335676	0.0109863	0.671352
VMO1	up	2	1.0	0.335672	0.000295491	0.671344
LSM10	up	2	1.0	0.335649	8.90962e-08	0.671297
NFYC	down	2	1.0	-0.335643	5.39385e-05	0.671287
CPD	up	2	1.0	0.335635	0.000967052	0.67127
MAGT1	up	2	1.0	0.335631	3.69537e-07	0.671263
VDAC1	down	2	1.0	-0.335582	0.000584315	0.671164
ZNF605	down	2	1.0	-0.335516	2.07021e-05	0.671032
KLHL2	up	2	1.0	0.335456	0.00103541	0.670913
HSD3B7	up	2	1.0	0.335449	6.85808e-07	0.670898
METTL25	down	2	1.0	-0.335442	0.00123981	0.670885
HOXB2	up	2	1.0	0.335359	0.0033975	0.670718
TMTC2	up	2	1.0	0.33529	0.00234396	0.67058
AAMP	down	2	1.0	-0.335168	4.80946e-05	0.670337
MBD4	up	2	1.0	0.335159	9.60661e-05	0.670318
CLSTN2	down	2	1.0	-0.335156	0.00425217	0.670312
A4GALT	up	2	1.0	0.335037	2.01717e-07	0.670074
KRT80	up	2	1.0	0.334946	1.1373e-09	0.669891
CCNDBP1	down	2	1.0	-0.334897	0.000320585	0.669794
TBCC	down	2	1.0	-0.334765	0.0221532	0.669531
MFN2	down	2	1.0	-0.33462	2.9095e-05	0.669241
MAP7D1	up	2	1.0	0.334601	8.455e-06	0.669202
PARP2	up	2	1.0	0.33457	0.000137465	0.669139
LOC283588	down	2	1.0	-0.334486	0.00508691	0.668972
C10orf82	down	2	1.0	-0.334446	0.00142998	0.668892
FAR1	down	2	1.0	-0.334413	7.75698e-06	0.668826
NDEL1	up	2	1.0	0.334385	0.000224811	0.66877
SLC15A4	up	2	1.0	0.334327	0.00284221	0.668654
ADGRV1	down	2	1.0	-0.334286	1.50767e-05	0.668573
C1orf131	down	2	1.0	-0.334098	0.0120266	0.668197
CEACAM4	up	2	1.0	0.33407	1.71273e-09	0.66814
RBFOX2	up	2	1.0	0.334052	0.000552726	0.668105
ATP5O	down	2	1.0	-0.334029	1.66685e-08	0.668059
KCNT2	up	2	1.0	0.334011	0.00211959	0.668022
URB1	up	2	1.0	0.333987	0.00110925	0.667975
MMD	up	2	1.0	0.333978	0.0145427	0.667956
OGFOD1	up	2	1.0	0.333928	0.000612286	0.667856
LOC100287896	down	2	1.0	-0.333896	0.000328707	0.667793
TAF1A	up	2	1.0	0.333771	0.00300695	0.667543
PCYT2	down	2	1.0	-0.333762	0.00124925	0.667523
DESI1	up	2	1.0	0.333742	3.25365e-07	0.667485
RASSF4	up	2	1.0	0.333675	0.000688667	0.667349
DENND2D	up	2	1.0	0.333666	5.96059e-08	0.667332
CHAC2	up	2	1.0	0.333607	0.0112519	0.667214
TRPM5	down	2	1.0	-0.333418	3.03296e-05	0.666837
SOX7	up	2	1.0	0.333372	0.00217755	0.666743
TTC1	down	2	1.0	-0.333358	0.00176386	0.666716
GOLGA2	up	2	1.0	0.333215	3.56672e-05	0.666431
NOTCH4	up	2	1.0	0.333091	4.60992e-05	0.666181
ANAPC15	down	2	1.0	-0.333081	0.000159619	0.666161
MAP4	up	2	1.0	0.332898	6.64666e-05	0.665797
GAS7	up	2	1.0	0.332888	5.10645e-07	0.665775
HNRNPA2B1	up	2	1.0	0.332809	0.000392677	0.665618
PEX13	down	2	1.0	-0.332699	0.00112364	0.665398
FBXL4	down	2	1.0	-0.332627	0.00133751	0.665255
CASS4	up	2	1.0	0.332537	1.03311e-05	0.665075
GGA2	up	2	1.0	0.332449	1.53583e-06	0.664898
BCAP29	up	2	1.0	0.332291	0.00442426	0.664582
ATP7B	down	2	1.0	-0.332275	0.00010375	0.664549
TRIM39-RPP21	down	2	1.0	-0.332258	1.38181e-05	0.664516
LRR1	down	2	1.0	-0.332177	0.00777619	0.664354
PNPLA2	down	2	1.0	-0.332067	0.00481534	0.664135
NMNAT2	up	2	1.0	0.332013	4.48629e-06	0.664026
MARCH5	down	2	1.0	-0.331813	2.61183e-06	0.663625
DENND5B	up	2	1.0	0.33173	0.000800279	0.663459
SFXN4	down	2	1.0	-0.331643	0.000217791	0.663287
RHOBTB3	down	2	1.0	-0.331573	0.0381257	0.663146
CHST6	down	2	1.0	-0.33154	0.0234996	0.66308
SLC13A1	down	2	1.0	-0.331526	0.000364748	0.663053
DARS	up	2	1.0	0.33152	0.000426538	0.66304
DNPEP	down	2	1.0	-0.331361	2.868e-07	0.662721
HSPA1B	down	2	1.0	-0.331314	0.000981585	0.662628
ASPM	up	2	1.0	0.331262	0.00624363	0.662524
IL17RA	up	2	1.0	0.330998	2.33195e-06	0.661995
HERC3	down	2	1.0	-0.330908	7.88867e-07	0.661816
MAPKAPK5	down	2	1.0	-0.330569	9.41669e-10	0.661138
ZRSR1	up	2	1.0	0.330487	0.0010979	0.660973
CYB5R3	up	2	1.0	0.3304	1.3389e-06	0.660799
ATRX	up	2	1.0	0.330292	0.000113304	0.660583
ST8SIA1	up	2	1.0	0.330272	4.8775e-07	0.660544
DRD5	down	2	1.0	-0.330233	0.000481171	0.660467
VPS26B	down	2	1.0	-0.330171	2.02363e-08	0.660343
GFPT1	down	2	1.0	-0.330079	0.00421175	0.660158
SLC25A11	down	2	1.0	-0.329961	2.52699e-05	0.659922
AVPR1A	up	2	1.0	0.329809	8.07914e-06	0.659617
FAM3B	down	2	1.0	-0.329743	0.466859	0.659487
ATL2	down	2	1.0	-0.329583	8.86062e-05	0.659165
C5orf15	up	2	1.0	0.329556	4.61006e-06	0.659111
PM20D2	down	2	1.0	-0.329541	0.0209191	0.659081
C11orf80	up	2	1.0	0.32947	6.26547e-06	0.658941
GPR19	up	2	1.0	0.329462	0.000639291	0.658925
LINC00525	up	2	1.0	0.329335	0.00389985	0.65867
PLXNB1	down	2	1.0	-0.329166	2.38338e-11	0.658332
LARP1	up	2	1.0	0.329133	5.65323e-05	0.658267
HDLBP	up	2	1.0	0.329088	1.11365e-07	0.658176
ZNF169	down	2	1.0	-0.329062	0.0067425	0.658124
PCMT1	down	2	1.0	-0.329056	1.23853e-07	0.658112
L2HGDH	down	2	1.0	-0.328979	3.02512e-06	0.657959
UCK1	down	2	1.0	-0.328969	1.37232e-09	0.657938
RASSF3	down	2	1.0	-0.32896	0.000239676	0.657921
ZNF850	down	2	1.0	-0.328892	0.000159348	0.657783
MCCC1	down	2	1.0	-0.328779	4.59319e-09	0.657559
PRR5-ARHGAP8	down	2	1.0	-0.32867	0.00515366	0.65734
MSI1	down	2	1.0	-0.328643	0.00304067	0.657285
MAP3K1	up	2	1.0	0.328595	0.00444234	0.657189
CENPO	up	2	1.0	0.328546	1.6293e-06	0.657091
ATF6	up	2	1.0	0.328433	0.000119167	0.656867
EXTL3	up	2	1.0	0.328429	3.08521e-06	0.656859
ABCG5	up	2	1.0	0.328282	0.00057018	0.656563
SOCS2	down	2	1.0	-0.328271	4.31334e-06	0.656543
WEE1	down	2	1.0	-0.32824	0.000603784	0.656479
DDX19A	up	2	1.0	0.328213	0.000141279	0.656425
HDAC9	up	2	1.0	0.328169	0.000840436	0.656338
ACER3	down	2	1.0	-0.328095	7.26416e-06	0.65619
INTS3	up	2	1.0	0.328031	1.25443e-05	0.656063
VPS13D	down	2	1.0	-0.327939	0.00201949	0.655879
DERL2	up	2	1.0	0.327848	1.72853e-08	0.655697
ARHGAP12	down	2	1.0	-0.327816	4.06078e-08	0.655632
ABCB7	down	2	1.0	-0.32781	3.59859e-07	0.65562
TRPC4	up	2	1.0	0.327708	4.03598e-06	0.655416
HABP4	up	2	1.0	0.327638	0.000869033	0.655277
CXorf38	up	2	1.0	0.327487	4.42573e-07	0.654974
RBP7	up	2	1.0	0.327449	0.00130658	0.654897
PTPN20	down	2	1.0	-0.327402	0.0151265	0.654803
EFHC1	up	2	1.0	0.327396	0.0133255	0.654792
PSTPIP2	up	2	1.0	0.327389	0.0259034	0.654779
MIEF2	down	2	1.0	-0.327229	0.000860695	0.654458
ZNF624	down	2	1.0	-0.327142	0.00180669	0.654284
CCDC34	down	2	1.0	-0.327141	0.00781558	0.654283
TTLL1	down	2	1.0	-0.327129	7.97529e-05	0.654258
UTP3	up	2	1.0	0.327081	0.000464257	0.654162
MBTD1	down	2	1.0	-0.327031	5.25184e-06	0.654061
PTBP2	up	2	1.0	0.327026	0.0130735	0.654052
P4HA3	up	2	1.0	0.327014	7.90034e-05	0.654029
HHAT	down	2	1.0	-0.326946	0.00143159	0.653891
DST	down	2	1.0	-0.326939	0.00144947	0.653879
UNC13B	down	2	1.0	-0.32683	1.48599e-05	0.65366
FKBP2	up	2	1.0	0.326674	9.85978e-07	0.653349
CRISPLD1	up	2	1.0	0.326672	2.5135e-07	0.653343
CHST14	up	2	1.0	0.326578	0.000221603	0.653155
NOTCH2	up	2	1.0	0.32652	0.0118511	0.653041
LUZP2	down	2	1.0	-0.326508	0.000361415	0.653015
PHB2	down	2	1.0	-0.326449	2.04974e-06	0.652898
BEND3	down	2	1.0	-0.32644	0.00148969	0.65288
CDC42EP4	down	2	1.0	-0.326421	0.0008131	0.652842
SHMT1	down	2	1.0	-0.326412	0.00120713	0.652824
MYO5C	down	2	1.0	-0.326356	0.00191978	0.652713
C12orf42	up	2	1.0	0.326313	0.000366298	0.652626
GALC	up	2	1.0	0.326296	7.41279e-07	0.652593
PIN4	down	2	1.0	-0.326287	0.000627596	0.652574
ATOH7	down	2	1.0	-0.326133	3.73532e-05	0.652265
PSMD14	up	2	1.0	0.326132	4.51165e-05	0.652263
XPO5	up	2	1.0	0.326041	0.000786431	0.652083
SAV1	up	2	1.0	0.326009	8.71516e-06	0.652018
OTUD7A	down	2	1.0	-0.326008	2.14278e-05	0.652016
NAA40	down	2	1.0	-0.325931	0.000510877	0.651861
RSRP1	down	2	1.0	-0.325928	0.00424272	0.651856
RITA1	down	2	1.0	-0.325904	0.00155979	0.651807
CCNI	up	2	1.0	0.32584	0.000272449	0.651681
FBXO5	up	2	1.0	0.32581	0.00477616	0.65162
B3GNT5	down	2	1.0	-0.325798	0.00159577	0.651597
RABGAP1L	up	2	1.0	0.325724	5.08491e-06	0.651448
AMIGO2	up	2	1.0	0.325568	0.00696794	0.651136
LFNG	down	2	1.0	-0.325564	5.02879e-05	0.651127
SIKE1	down	2	1.0	-0.325537	0.00233095	0.651073
TMEM223	down	2	1.0	-0.325443	0.000102942	0.650886
LOC100128288	down	2	1.0	-0.325401	1.47144e-05	0.650802
DNASE2B	down	2	1.0	-0.325369	3.17905e-06	0.650737
EMID1	up	2	1.0	0.325329	0.000245528	0.650658
TBCD	up	2	1.0	0.325311	1.37125e-06	0.650621
NFXL1	up	2	1.0	0.325303	0.0180558	0.650607
PKHD1	down	2	1.0	-0.325249	0.000876193	0.650499
PLEKHM2	up	2	1.0	0.325202	3.48563e-09	0.650404
TMEM43	up	2	1.0	0.325171	0.000184269	0.650341
AIM1	down	2	1.0	-0.325116	1.20847e-05	0.650231
GSK3B	down	2	1.0	-0.325095	2.92322e-05	0.65019
FXYD1	down	2	1.0	-0.325065	0.0147345	0.65013
ARL5B	up	2	1.0	0.325049	0.000147428	0.650098
MS4A2	up	2	1.0	0.325024	0.00085841	0.650049
SAMD3	up	2	1.0	0.325021	0.0150557	0.650042
PRKDC	up	2	1.0	0.324958	0.00492393	0.649917
POLRMT	down	2	1.0	-0.324941	0.0196519	0.649882
ZNF436	down	2	1.0	-0.324921	0.00373973	0.649841
ZNF782	down	2	1.0	-0.324779	2.48825e-05	0.649559
CNTNAP3B	up	2	1.0	0.324742	0.000479287	0.649483
THAP4	down	2	1.0	-0.324741	2.82944e-05	0.649482
TNK1	down	2	1.0	-0.324732	8.45324e-07	0.649463
FZD7	down	2	1.0	-0.324717	0.0636833	0.649435
WHRN	up	2	1.0	0.324686	0.0537874	0.649372
DAZL	up	2	1.0	0.324618	5.86052e-05	0.649236
RAB12	up	2	1.0	0.324592	0.00035001	0.649184
STK4	up	2	1.0	0.324588	3.77625e-06	0.649176
PRICKLE2	up	2	1.0	0.324566	0.00111756	0.649131
SYF2	down	2	1.0	-0.324518	2.10824e-05	0.649035
PHLDB3	down	2	1.0	-0.324458	0.00489269	0.648917
SPRYD4	down	2	1.0	-0.324372	0.00134	0.648743
KLK8	up	2	1.0	0.324255	0.000616296	0.64851
MCTP2	down	2	1.0	-0.324132	0.000926382	0.648265
LTBP1	up	2	1.0	0.323964	0.000997022	0.647927
EML5	down	2	1.0	-0.323955	0.0014511	0.64791
SMC2	up	2	1.0	0.323875	0.0415613	0.647749
MED20	down	2	1.0	-0.323763	1.43117e-05	0.647526
DNM3	up	2	1.0	0.323694	0.000542552	0.647389
TCF7L1	up	2	1.0	0.323626	0.00698014	0.647251
MTMR6	up	2	1.0	0.323574	4.33973e-06	0.647147
RTN2	up	2	1.0	0.323572	0.000445762	0.647143
LCOR	down	2	1.0	-0.323475	9.27307e-05	0.64695
ZNF718	down	2	1.0	-0.323472	0.00094406	0.646945
CPNE3	down	2	1.0	-0.323458	1.39646e-06	0.646916
RPS16	up	2	1.0	0.323439	0.000568639	0.646878
SMIM4	down	2	1.0	-0.323364	0.0109797	0.646728
FHL2	up	2	1.0	0.32334	0.00173685	0.646679
SLC25A26	down	2	1.0	-0.323254	0.000870217	0.646508
MPP6	up	2	1.0	0.323218	2.63745e-05	0.646437
C1QTNF5	up	2	1.0	0.323203	3.05711e-06	0.646406
STX5	up	2	1.0	0.323171	9.54105e-06	0.646342
ACBD3	up	2	1.0	0.323113	5.06994e-06	0.646225
DCAF6	down	2	1.0	-0.323105	1.0583e-05	0.64621
SMIM24	down	2	1.0	-0.323028	0.0944972	0.646056
PTPN22	up	2	1.0	0.323001	0.00114338	0.646002
PALD1	up	2	1.0	0.322864	0.00166546	0.645728
TBC1D8	up	2	1.0	0.322847	0.00237489	0.645694
FANCA	up	2	1.0	0.3228	0.00121562	0.645601
TRIM5	up	2	1.0	0.322751	6.92384e-05	0.645502
SIDT2	down	2	1.0	-0.322709	0.000603858	0.645419
PCNX2	up	2	1.0	0.322642	7.76682e-05	0.645285
NFIC	up	2	1.0	0.322589	0.00140956	0.645179
PLP2	up	2	1.0	0.322389	0.0525573	0.644778
ATP5D	down	2	1.0	-0.322341	2.82944e-05	0.644682
C19orf70	down	2	1.0	-0.322332	0.00544152	0.644664
ENAH	up	2	1.0	0.322317	0.000413455	0.644633
HOXB7	down	2	1.0	-0.322298	8.39518e-07	0.644596
FAM209B	up	2	1.0	0.322271	0.000425927	0.644543
ANKEF1	down	2	1.0	-0.322265	0.00337872	0.644531
PYGO1	up	2	1.0	0.32223	4.83431e-06	0.644459
TOP2A	up	2	1.0	0.322222	0.00520817	0.644444
DGCR2	down	2	1.0	-0.322086	5.14202e-05	0.644173
KLHL34	down	2	1.0	-0.321993	0.000110894	0.643986
TPCN2	up	2	1.0	0.321974	0.000536405	0.643948
DEFB106B	down	2	1.0	-0.321967	0.0607491	0.643934
MTERF1	down	2	1.0	-0.321966	0.000665174	0.643933
MIGA1	down	2	1.0	-0.321957	0.000303839	0.643914
SYP	down	2	1.0	-0.321852	0.000684396	0.643703
ZNRF1	down	2	1.0	-0.321798	0.000677647	0.643595
PTGIR	up	2	1.0	0.321738	1.55739e-05	0.643476
SUDS3	down	2	1.0	-0.321677	3.67683e-05	0.643354
TMEM184C	down	2	1.0	-0.321636	2.99484e-08	0.643271
PRKCI	down	2	1.0	-0.321611	2.60364e-07	0.643223
POU5F1B	down	2	1.0	-0.321541	0.00560119	0.643083
ZNF684	down	2	1.0	-0.321498	0.00330159	0.642996
CCDC51	down	2	1.0	-0.321498	0.0349392	0.642996
DGAT1	down	2	1.0	-0.321495	0.00431142	0.642991
PRKCQ	up	2	1.0	0.32148	2.92987e-06	0.64296
SCML2	down	2	1.0	-0.321468	0.00108296	0.642935
KIAA1468	down	2	1.0	-0.321318	0.000176316	0.642637
GALNT1	down	2	1.0	-0.321186	0.00863667	0.642372
CS	down	2	1.0	-0.321157	8.78658e-06	0.642315
FUT6	down	2	1.0	-0.321137	0.000942409	0.642275
JADE2	up	2	1.0	0.321068	0.00172094	0.642135
PRSS21	up	2	1.0	0.32098	6.61124e-05	0.641959
CHD2	up	2	1.0	0.32091	0.00048936	0.641819
SUSD1	down	2	1.0	-0.320877	2.6029e-10	0.641755
EHBP1L1	up	2	1.0	0.320815	4.35944e-07	0.641629
ITGB8	up	2	1.0	0.320709	0.000371543	0.641417
NONO	up	2	1.0	0.320703	1.6432e-05	0.641405
PLEKHB1	up	2	1.0	0.320681	0.00498657	0.641361
SPOCK1	up	2	1.0	0.320626	0.000909991	0.641252
GCN1	up	2	1.0	0.320593	4.14655e-05	0.641186
IDH3G	down	2	1.0	-0.320562	3.03007e-05	0.641125
RHOG	up	2	1.0	0.320543	1.33872e-05	0.641085
MARCH6	down	2	1.0	-0.320426	1.09421e-08	0.640852
MEIS2	up	2	1.0	0.320415	0.000475446	0.64083
KIAA1024	up	2	1.0	0.320408	7.48631e-05	0.640815
PPP2R5A	down	2	1.0	-0.320395	8.68486e-06	0.640789
RELA	up	2	1.0	0.320385	9.7198e-06	0.64077
STX12	down	2	1.0	-0.320358	7.73509e-05	0.640717
SLX4IP	down	2	1.0	-0.320341	0.000517774	0.640681
PIK3R2	down	2	1.0	-0.320284	0.00131149	0.640568
IDE	up	2	1.0	0.320273	0.00114374	0.640545
LINC00479	down	2	1.0	-0.320233	5.62158e-06	0.640465
ZNF619	down	2	1.0	-0.320207	9.50722e-07	0.640414
MRPS11	down	2	1.0	-0.320032	2.0357e-05	0.640064
IFT88	down	2	1.0	-0.320028	1.18814e-05	0.640055
KMT2E	down	2	1.0	-0.319988	1.65301e-05	0.639976
CLN3	down	2	1.0	-0.319979	9.48729e-05	0.639958
JAG1	up	2	1.0	0.319898	2.68623e-05	0.639795
VRK2	up	2	1.0	0.319884	0.00196335	0.639768
STARD7-AS1	down	2	1.0	-0.319882	1.74777e-05	0.639765
MOGS	up	2	1.0	0.319862	0.000168777	0.639725
RNASEH1	up	2	1.0	0.319856	0.000299682	0.639711
CCND1	up	2	1.0	0.319849	0.0109334	0.639698
TMEM8A	down	2	1.0	-0.31976	0.000377729	0.63952
PTPN18	down	2	1.0	-0.319692	4.4817e-05	0.639384
IST1	down	2	1.0	-0.319612	9.51427e-08	0.639223
NSFL1C	down	2	1.0	-0.31955	2.33515e-05	0.6391
POLK	up	2	1.0	0.31951	5.68697e-05	0.63902
CYFIP1	down	2	1.0	-0.3195	0.0002666	0.638999
AP1M1	up	2	1.0	0.319483	0.000420017	0.638966
PAPD5	down	2	1.0	-0.319481	5.91462e-05	0.638963
MORF4L1	up	2	1.0	0.319472	0.000198362	0.638945
MED30	down	2	1.0	-0.319399	0.000119969	0.638798
NCOA6	down	2	1.0	-0.319326	3.11572e-07	0.638653
USP45	down	2	1.0	-0.319247	0.000303839	0.638494
HEY1	down	2	1.0	-0.319244	0.00124771	0.638487
IARS2	down	2	1.0	-0.319193	3.39067e-06	0.638386
FAM8A1	down	2	1.0	-0.319014	0.000524866	0.638029
NT5C2	down	2	1.0	-0.31901	0.00804785	0.63802
SYNDIG1	up	2	1.0	0.318912	9.90135e-06	0.637824
IBTK	up	2	1.0	0.318669	0.001164	0.637337
C5orf56	up	2	1.0	0.318582	9.00735e-06	0.637165
NSMF	down	2	1.0	-0.31857	0.00234305	0.63714
NUDT13	down	2	1.0	-0.318539	0.00383762	0.637077
MED4	down	2	1.0	-0.318373	6.54311e-06	0.636747
PPM1B	down	2	1.0	-0.318308	5.51338e-07	0.636616
MIPEP	down	2	1.0	-0.318194	0.0216217	0.636387
ALS2	up	2	1.0	0.31807	0.0202812	0.636141
REPIN1	down	2	1.0	-0.317971	1.74419e-05	0.635942
ZC3H6	down	2	1.0	-0.317935	0.00164942	0.63587
NAB2	up	2	1.0	0.317856	6.25509e-05	0.635712
MRPS18C	down	2	1.0	-0.317797	0.0247873	0.635594
TXK	up	2	1.0	0.317599	0.0021948	0.635198
ZNF19	down	2	1.0	-0.317501	5.87775e-05	0.635003
YIPF5	up	2	1.0	0.317404	0.000117138	0.634808
ADCK5	down	2	1.0	-0.317368	8.27261e-08	0.634737
FAM120B	down	2	1.0	-0.31721	5.54566e-05	0.634419
KRT23	up	2	1.0	0.317164	0.0140611	0.634328
ATG13	up	2	1.0	0.317132	0.00014198	0.634265
RPS15A	down	2	1.0	-0.317029	3.81329e-05	0.634057
ZFYVE28	down	2	1.0	-0.316893	0.00162193	0.633787
C10orf12	down	2	1.0	-0.316817	0.00137081	0.633633
SLC25A35	down	2	1.0	-0.316659	0.00594363	0.633318
P2RX7	up	2	1.0	0.316581	1.41146e-07	0.633163
NUCKS1	down	2	1.0	-0.316574	0.0297101	0.633147
CHD4	up	2	1.0	0.316538	0.00805014	0.633075
RUNX1T1	up	2	1.0	0.316472	8.43115e-06	0.632943
KIAA2013	down	2	1.0	-0.316326	1.90788e-07	0.632652
CXCR3	up	2	1.0	0.316318	4.17408e-06	0.632636
RAG1	down	2	1.0	-0.316298	0.0013089	0.632596
LOC100131860	down	2	1.0	-0.316271	0.0344683	0.632543
SLC6A7	down	2	1.0	-0.316162	2.08483e-06	0.632324
RAB20	down	2	1.0	-0.316131	0.000332144	0.632262
BAZ2B	up	2	1.0	0.316094	0.000191222	0.632187
PIGR	down	2	1.0	-0.31604	0.0073213	0.63208
NXF1	up	2	1.0	0.315862	0.0100558	0.631725
TMEM87A	down	2	1.0	-0.315852	1.57971e-07	0.631703
DSTN	down	2	1.0	-0.315823	8.73603e-05	0.631645
REG1CP	up	2	1.0	0.315812	0.000150436	0.631624
KBTBD3	down	2	1.0	-0.315801	0.00132855	0.631602
SMARCD3	up	2	1.0	0.31578	0.000709745	0.63156
YKT6	up	2	1.0	0.315721	7.98312e-05	0.631441
HOXD4	down	2	1.0	-0.315695	8.56262e-07	0.63139
ALG5	up	2	1.0	0.315644	0.000143397	0.631288
ZNF334	down	2	1.0	-0.315635	0.0439093	0.63127
FAN1	down	2	1.0	-0.315633	0.00205216	0.631266
KLC1	up	2	1.0	0.315579	4.98877e-07	0.631158
GART	up	2	1.0	0.315375	5.12049e-06	0.63075
HNRNPD	up	2	1.0	0.315324	0.00374827	0.630648
IMMP2L	down	2	1.0	-0.315266	0.0065138	0.630532
SEPT10	down	2	1.0	-0.315251	0.00079834	0.630502
VPS18	up	2	1.0	0.315233	5.34343e-05	0.630465
PHF13	up	2	1.0	0.315229	5.62318e-05	0.630459
FBXW4	down	2	1.0	-0.315219	7.5325e-06	0.630439
DPCD	up	2	1.0	0.315164	2.04906e-05	0.630328
PRSS23	down	2	1.0	-0.315155	0.0197498	0.63031
LOXL3	up	2	1.0	0.315111	1.57687e-05	0.630222
MIEF1	down	2	1.0	-0.314941	0.000210054	0.629883
FAM221A	down	2	1.0	-0.314839	0.00228943	0.629678
ZNF467	up	2	1.0	0.314757	0.000875391	0.629514
KDM4C	down	2	1.0	-0.314661	0.00111132	0.629322
CCNF	up	2	1.0	0.314648	3.74995e-07	0.629296
ENY2	down	2	1.0	-0.314547	8.3269e-05	0.629094
DGUOK	down	2	1.0	-0.314424	0.000182316	0.628848
RASSF1	up	2	1.0	0.314412	3.50491e-06	0.628824
NAPG	up	2	1.0	0.314392	0.00018837	0.628784
NAXE	down	2	1.0	-0.314381	0.00314527	0.628762
SEC23IP	up	2	1.0	0.314362	0.0011955	0.628724
NIPSNAP1	down	2	1.0	-0.314361	9.38922e-05	0.628722
MRPL17	up	2	1.0	0.314333	0.000519421	0.628667
ARHGAP45	up	2	1.0	0.314318	3.8663e-05	0.628636
NSD1	up	2	1.0	0.314312	0.00556598	0.628625
LINC00839	up	2	1.0	0.314238	0.00012551	0.628477
PLPPR4	up	2	1.0	0.314123	0.00146479	0.628247
DIAPH3	up	2	1.0	0.314009	0.00212241	0.628018
GPR141	up	2	1.0	0.313882	3.29626e-07	0.627764
GCNT4	down	2	1.0	-0.313849	0.0397984	0.627698
DNAL1	up	2	1.0	0.313763	0.000201002	0.627526
C19orf54	down	2	1.0	-0.313747	0.0130099	0.627494
SMCHD1	down	2	1.0	-0.313728	0.00275989	0.627456
MED27	up	2	1.0	0.313658	6.18166e-05	0.627315
ARHGAP26	up	2	1.0	0.313648	0.0370041	0.627297
PROSER2	down	2	1.0	-0.313635	1.0355e-09	0.627269
CRYBG3	up	2	1.0	0.31363	0.00811016	0.62726
CEBPG	down	2	1.0	-0.313627	0.00050522	0.627254
NOL12	down	2	1.0	-0.31352	3.54918e-07	0.62704
KMT5B	down	2	1.0	-0.313496	2.54353e-05	0.626991
NLK	down	2	1.0	-0.313489	8.86512e-05	0.626978
PTPRE	up	2	1.0	0.313471	1.56856e-06	0.626942
NCOR2	up	2	1.0	0.313443	2.1444e-08	0.626885
FAM3A	down	2	1.0	-0.313404	0.000938508	0.626809
ZNF471	down	2	1.0	-0.313355	0.000766059	0.62671
SETMAR	down	2	1.0	-0.313257	2.3876e-05	0.626514
NOXA1	down	2	1.0	-0.313229	0.00303807	0.626459
FAM234B	up	2	1.0	0.313177	0.00572611	0.626355
ZNF793	down	2	1.0	-0.313089	0.000646874	0.626178
SAT1	up	2	1.0	0.313078	3.64393e-11	0.626156
VIP	up	2	1.0	0.312995	0.382356	0.62599
RAB38	up	2	1.0	0.312973	0.0130297	0.625946
FAM53B	down	2	1.0	-0.312871	1.26021e-06	0.625742
SMARCE1	down	2	1.0	-0.312858	0.00275295	0.625717
POU5F1P4	down	2	1.0	-0.312729	0.000568031	0.625458
LMNB1	up	2	1.0	0.312727	0.00106534	0.625454
LRP10	up	2	1.0	0.312707	1.43688e-06	0.625414
OGFR	up	2	1.0	0.312611	1.06829e-06	0.625221
RBM6	up	2	1.0	0.312587	1.36089e-06	0.625174
HINT2	down	2	1.0	-0.31255	7.43475e-05	0.625101
SYK	up	2	1.0	0.31224	0.000215881	0.624481
ECHDC1	down	2	1.0	-0.312158	0.000845338	0.624316
RNF31	up	2	1.0	0.312047	3.62158e-07	0.624093
ZMYM4	up	2	1.0	0.311984	0.000661086	0.623968
AK4	down	2	1.0	-0.311919	0.00118969	0.623838
FAM163A	up	2	1.0	0.311908	3.70204e-05	0.623815
SGF29	down	2	1.0	-0.311829	7.88445e-05	0.623658
SUCNR1	up	2	1.0	0.311811	0.000600757	0.623622
ACSL3	up	2	1.0	0.311808	0.00043712	0.623616
LSR	down	2	1.0	-0.31172	0.00675581	0.62344
FAM172A	down	2	1.0	-0.31171	2.28614e-05	0.62342
MMP24	down	2	1.0	-0.311704	0.000471317	0.623408
CCHCR1	down	2	1.0	-0.311673	0.0101744	0.623345
KIFC2	down	2	1.0	-0.311668	7.02211e-05	0.623336
HAGH	down	2	1.0	-0.311582	0.00032791	0.623165
SLC25A1	down	2	1.0	-0.311512	0.00613566	0.623025
CLASP1	up	2	1.0	0.311442	0.000152507	0.622883
ANKRA2	down	2	1.0	-0.311349	0.00582357	0.622698
SLC25A22	up	2	1.0	0.31133	0.00238945	0.622661
RAPGEF5	down	2	1.0	-0.311147	0.000924967	0.622294
NARF	up	2	1.0	0.311119	1.41473e-06	0.622239
UST	up	2	1.0	0.311053	0.000224808	0.622106
TOMM70	down	2	1.0	-0.311051	2.49209e-07	0.622102
RASSF7	down	2	1.0	-0.311035	0.00116066	0.622069
BIK	up	2	1.0	0.310847	0.0026824	0.621695
MAP3K7CL	up	2	1.0	0.310823	0.000318792	0.621647
ARL2BP	up	2	1.0	0.310661	0.0302906	0.621321
PPP2R5B	up	2	1.0	0.310522	1.18364e-05	0.621043
GMPPA	up	2	1.0	0.310509	9.13236e-10	0.621018
FAM184B	down	2	1.0	-0.310495	4.74523e-07	0.620991
SUPT6H	up	2	1.0	0.31047	0.000217116	0.62094
LOC100131581	down	2	1.0	-0.310389	0.000445335	0.620778
NAIP	up	2	1.0	0.310344	0.0626896	0.620688
IL11RA	down	2	1.0	-0.310314	4.95406e-06	0.620628
JMJD6	up	2	1.0	0.310292	5.52917e-06	0.620585
RPUSD2	down	2	1.0	-0.310219	2.66627e-06	0.620438
GPATCH4	down	2	1.0	-0.310207	8.22596e-05	0.620415
GPM6B	up	2	1.0	0.310148	0.030943	0.620297
NIT2	down	2	1.0	-0.31013	4.11154e-07	0.62026
RAI14	up	2	1.0	0.31009	0.000649122	0.62018
USP12	down	2	1.0	-0.310003	3.99305e-06	0.620007
ATP2A3	up	2	1.0	0.309925	0.00329194	0.61985
PLEKHA4	up	2	1.0	0.309828	2.83942e-05	0.619655
MTERF2	down	2	1.0	-0.309827	4.86011e-06	0.619653
EPCAM	down	2	1.0	-0.30975	0.000767096	0.6195
ZNF182	up	2	1.0	0.309638	0.0258963	0.619275
PAQR3	down	2	1.0	-0.309622	0.00376764	0.619244
LINC01588	down	2	1.0	-0.309488	0.000256105	0.618976
HMX2	down	2	1.0	-0.309419	2.25694e-05	0.618838
LDLRAP1	down	2	1.0	-0.309418	1.61696e-05	0.618836
SRA1	up	2	1.0	0.309405	0.00165936	0.618811
KCNMB1	up	2	1.0	0.309383	0.00446406	0.618767
TMED8	up	2	1.0	0.309327	1.51333e-05	0.618653
SCUBE3	up	2	1.0	0.309324	0.00214588	0.618649
COG2	down	2	1.0	-0.309315	0.000108183	0.61863
RGP1	down	2	1.0	-0.309287	2.37492e-06	0.618574
UBA7	up	2	1.0	0.309249	0.00816955	0.618497
CD99L2	up	2	1.0	0.309246	0.00102958	0.618491
CCND3	up	2	1.0	0.30913	0.000801999	0.618261
GTSE1	up	2	1.0	0.309022	0.000397958	0.618045
LILRP2	down	2	1.0	-0.308988	5.8582e-06	0.617977
VPS53	up	2	1.0	0.308948	0.000166641	0.617897
ANKFN1	down	2	1.0	-0.308903	8.29419e-06	0.617807
TNIP1	up	2	1.0	0.308901	5.64976e-07	0.617803
SLC3A2	up	2	1.0	0.308847	3.85317e-05	0.617695
SNTB2	up	2	1.0	0.308793	9.14611e-06	0.617585
KLHL13	down	2	1.0	-0.308785	0.0012693	0.617569
TUBB2B	up	2	1.0	0.308777	0.00222232	0.617554
SMAP1	down	2	1.0	-0.308732	0.000813024	0.617465
SLC25A38	down	2	1.0	-0.308699	2.50565e-09	0.617398
HMCN1	up	2	1.0	0.308695	0.00150165	0.617391
ZSWIM6	down	2	1.0	-0.308683	0.000443963	0.617366
AMPH	up	2	1.0	0.308623	0.0001185	0.617245
AGO1	down	2	1.0	-0.308486	4.54526e-05	0.616973
FBLN7	up	2	1.0	0.308468	8.34153e-06	0.616936
PRRC2A	up	2	1.0	0.308432	1.60717e-07	0.616864
WDHD1	up	2	1.0	0.308285	0.00213968	0.616569
MSLN	up	2	1.0	0.308258	0.00149613	0.616515
CAMSAP1	up	2	1.0	0.308241	2.75373e-07	0.616482
RBPJ	up	2	1.0	0.30814	0.0140635	0.616279
TMEM128	down	2	1.0	-0.308122	0.00031743	0.616244
ALDH2	down	2	1.0	-0.308098	3.4601e-05	0.616195
NUDT11	up	2	1.0	0.308084	6.72118e-06	0.616168
DEPDC4	down	2	1.0	-0.308049	0.00366118	0.616097
GABPB2	down	2	1.0	-0.307979	1.24052e-05	0.615958
LONRF1	up	2	1.0	0.307899	0.000643228	0.615799
FRAT1	down	2	1.0	-0.307641	0.00131104	0.615282
TMEM61	down	2	1.0	-0.307482	0.0112488	0.614965
TAF5	down	2	1.0	-0.307436	2.03411e-05	0.614872
ZNF391	down	2	1.0	-0.307345	0.000599972	0.614691
UBE2Q1	down	2	1.0	-0.307133	2.65523e-05	0.614267
NUP37	up	2	1.0	0.307056	0.000343819	0.614111
RABAC1	up	2	1.0	0.306974	0.000133686	0.613947
GPX1	up	2	1.0	0.306945	2.61963e-05	0.613891
SLC25A16	down	2	1.0	-0.306919	0.000661041	0.613838
GDF11	up	2	1.0	0.30682	7.36866e-08	0.613639
C21orf2	down	2	1.0	-0.306798	0.00249048	0.613596
VPS25	down	2	1.0	-0.306782	3.1204e-06	0.613564
GPR75-ASB3	up	2	1.0	0.306707	0.000280802	0.613414
RPRD2	down	2	1.0	-0.306692	0.000126917	0.613384
ACSF3	down	2	1.0	-0.306639	0.00111123	0.613279
RASD2	down	2	1.0	-0.306538	0.0233032	0.613076
CETN2	up	2	1.0	0.306518	8.28812e-07	0.613036
CDCA7L	down	2	1.0	-0.306495	0.00220202	0.61299
DEGS2	down	2	1.0	-0.306319	9.77061e-07	0.612638
PSMC2	up	2	1.0	0.306133	0.00303436	0.612266
STOX2	down	2	1.0	-0.306053	0.000565715	0.612107
NPR1	up	2	1.0	0.305851	4.1204e-07	0.611703
CNTLN	up	2	1.0	0.305703	7.1342e-05	0.611406
MRPL12	down	2	1.0	-0.305698	0.029658	0.611395
OCIAD1	down	2	1.0	-0.305689	3.00359e-05	0.611378
UBE2Q2	up	2	1.0	0.305678	0.0348598	0.611355
COA5	down	2	1.0	-0.305611	0.00010124	0.611222
PLA2G6	down	2	1.0	-0.305581	0.00550769	0.611161
CEP170B	down	2	1.0	-0.305462	0.021343	0.610924
CCNB1IP1	down	2	1.0	-0.30542	0.00164091	0.610841
FBXO25	down	2	1.0	-0.305376	0.00481392	0.610753
SRP68	up	2	1.0	0.305258	3.90669e-06	0.610516
FAM69B	up	2	1.0	0.305107	0.00592206	0.610214
MRPS9	down	2	1.0	-0.305055	4.17155e-05	0.610109
CHST5	down	2	1.0	-0.304948	0.102626	0.609897
METAP1D	down	2	1.0	-0.304802	0.00527849	0.609603
E2F6	up	2	1.0	0.304775	5.42849e-08	0.609551
LOC389834	down	2	1.0	-0.304775	0.0032945	0.609549
METTL15	down	2	1.0	-0.304763	0.000666382	0.609526
H3F3B	up	2	1.0	0.304725	0.00233141	0.609451
POPDC3	down	2	1.0	-0.304552	0.139695	0.609104
LPIN2	down	2	1.0	-0.304516	0.000169795	0.609032
SH3BP2	up	2	1.0	0.304487	0.00196704	0.608974
MRPL16	down	2	1.0	-0.304449	9.88155e-05	0.608898
SF3B3	up	2	1.0	0.304441	0.000218374	0.608882
INSIG1	up	2	1.0	0.304316	0.130412	0.608632
NCAPG2	up	2	1.0	0.304238	0.0024627	0.608476
RBM45	down	2	1.0	-0.304123	5.64539e-06	0.608246
SLC39A7	up	2	1.0	0.304098	0.0127737	0.608195
DNAJC1	up	2	1.0	0.304024	1.49598e-05	0.608048
SFMBT1	down	2	1.0	-0.303886	0.000162889	0.607771
UBE2K	down	2	1.0	-0.303874	1.14295e-07	0.607748
ZNF41	down	2	1.0	-0.303826	8.73142e-07	0.607653
FAM213B	down	2	1.0	-0.303786	0.000454482	0.607572
GGT7	down	2	1.0	-0.303743	5.51866e-06	0.607485
SBSPON	up	2	1.0	0.303729	2.88549e-07	0.607459
VAPB	down	2	1.0	-0.303719	0.000172567	0.607438
PRTG	up	2	1.0	0.303656	1.09792e-05	0.607313
TOR1AIP1	up	2	1.0	0.303588	0.0431499	0.607177
HNRNPA1	up	2	1.0	0.303568	0.102365	0.607136
CA3	down	2	1.0	-0.303523	0.000529107	0.607046
CST3	down	2	1.0	-0.303486	0.000382639	0.606973
MAPK1	down	2	1.0	-0.303474	6.79605e-06	0.606947
HIKESHI	up	2	1.0	0.303387	0.0111203	0.606774
FAM19A1	up	2	1.0	0.30335	0.102853	0.6067
AGO4	up	2	1.0	0.303291	0.0128426	0.606583
LINC00476	down	2	1.0	-0.303291	0.000409092	0.606581
NADSYN1	down	2	1.0	-0.303219	6.89252e-05	0.606438
GIT2	up	2	1.0	0.303211	1.63454e-06	0.606423
SLC17A5	down	2	1.0	-0.303187	0.0115778	0.606375
SCGN	down	2	1.0	-0.30314	0.0164178	0.606279
C6orf47	down	2	1.0	-0.303072	1.91486e-05	0.606145
SLC22A3	down	2	1.0	-0.302999	0.0018745	0.605997
SNORD50B	up	2	1.0	0.30297	0.00448193	0.605939
HIST1H2BK	up	2	1.0	0.302736	0.00031743	0.605472
CIART	up	2	1.0	0.302505	0.000299834	0.605009
MRPL30	down	2	1.0	-0.302302	0.00593931	0.604604
BRWD1	down	2	1.0	-0.302274	6.89211e-05	0.604548
UCK2	down	2	1.0	-0.302151	0.0211841	0.604302
TRIM31	down	2	1.0	-0.30208	0.0247093	0.60416
TUFM	down	2	1.0	-0.302071	0.000215822	0.604143
C12orf49	down	2	1.0	-0.302024	0.00019798	0.604047
RHOD	up	2	1.0	0.302021	0.064345	0.604043
EPHA4	up	2	1.0	0.30201	0.00565945	0.604021
PID1	down	2	1.0	-0.301959	0.00411674	0.603917
POLR3H	up	2	1.0	0.301855	7.04944e-07	0.60371
ASH2L	down	2	1.0	-0.301786	5.50004e-09	0.603571
PLEKHM3	down	2	1.0	-0.301748	1.6626e-08	0.603496
PKP4	up	2	1.0	0.301727	0.00065776	0.603455
PTPN2	up	2	1.0	0.301715	0.00263827	0.60343
NTM	up	2	1.0	0.301628	0.000516466	0.603256
TMEM231	up	2	1.0	0.301593	0.00858384	0.603186
ATP6V1D	down	2	1.0	-0.301547	0.0018356	0.603095
QARS	down	2	1.0	-0.301523	4.88161e-07	0.603046
ARFGEF1	down	2	1.0	-0.3015	4.40899e-06	0.603
AGBL5	down	2	1.0	-0.301404	0.000469317	0.602809
GNS	up	2	1.0	0.30134	2.85841e-05	0.60268
MALL	down	2	1.0	-0.301238	0.0014165	0.602476
TBX21	up	2	1.0	0.301233	1.16402e-06	0.602467
KDM1B	down	2	1.0	-0.301124	0.00051783	0.602248
CHMP2A	down	2	1.0	-0.301089	8.0476e-08	0.602178
NDUFB1	down	2	1.0	-0.301027	0.000319773	0.602054
CRYM	down	2	1.0	-0.300835	8.22065e-05	0.60167
ZNF81	down	2	1.0	-0.300821	0.002775	0.601643
DMKN	up	2	1.0	0.300734	0.00116527	0.601468
SLC18A1	up	2	1.0	0.3007	0.00334628	0.6014
CBFA2T3	up	2	1.0	0.300683	0.0223485	0.601367
PABPC4	up	2	1.0	0.300644	0.00416658	0.601289
TG	up	2	1.0	0.300637	0.000815685	0.601274
SSR2	up	2	1.0	0.300551	4.74897e-07	0.601103
EMD	up	2	1.0	0.300523	1.09452e-06	0.601047
CDK12	up	2	1.0	0.300522	2.626e-05	0.601044
ITFG2	down	2	1.0	-0.300501	1.84559e-05	0.601002
ATXN7L3B	down	2	1.0	-0.300347	8.455e-06	0.600695
ATP6V1B2	up	2	1.0	0.300315	2.54281e-06	0.600631
ZNF286B	up	2	1.0	0.300312	0.000290816	0.600624
SELK	up	2	1.0	0.300263	0.00253929	0.600526
ABCC5	down	2	1.0	-0.300214	0.00233197	0.600429
ZNF329	down	2	1.0	-0.300189	2.96155e-05	0.600377
AGO3	up	2	1.0	0.300181	3.15774e-05	0.600362
TEAD1	up	2	1.0	0.300158	0.00470345	0.600317
LRRC7	down	2	1.0	-0.299941	0.000369571	0.599883
SNHG1	up	2	1.0	0.299795	0.0163467	0.599591
GFOD2	down	2	1.0	-0.299732	2.02465e-06	0.599464
TRPC6	up	2	1.0	0.29971	2.49251e-05	0.599419
ZFP90	up	2	1.0	0.29969	0.00210338	0.59938
FBXO44	up	2	1.0	0.299662	0.000158522	0.599323
CAST	down	2	1.0	-0.299588	1.83645e-05	0.599175
GLUD2	down	2	1.0	-0.299576	3.63025e-05	0.599152
BCS1L	down	2	1.0	-0.299447	2.17265e-05	0.598894
GRIN2D	up	2	1.0	0.299426	0.031299	0.598853
SEC22B	up	2	1.0	0.299339	0.00190992	0.598677
KRT24	down	2	1.0	-0.299289	0.0016028	0.598579
C15orf32	down	2	1.0	-0.299268	5.88449e-06	0.598535
S1PR4	up	2	1.0	0.299105	0.000426863	0.59821
ITM2C	down	2	1.0	-0.299077	0.000109922	0.598153
SERINC4	down	2	1.0	-0.298954	8.10596e-06	0.597908
MCCC2	down	2	1.0	-0.298876	3.98079e-05	0.597751
LPCAT2	up	2	1.0	0.298867	0.00473299	0.597733
MDFI	up	2	1.0	0.298847	0.000416632	0.597693
CLEC12A	up	2	1.0	0.298792	0.00035295	0.597584
TM9SF4	up	2	1.0	0.298646	0.00169897	0.597291
SCARA5	down	2	1.0	-0.298587	0.000157384	0.597174
ENOSF1	down	2	1.0	-0.298427	0.000364174	0.596854
MYO7A	up	2	1.0	0.298384	0.0072517	0.596769
LOC731157	down	2	1.0	-0.298376	2.45323e-05	0.596751
SUPT4H1	down	2	1.0	-0.298347	6.42499e-07	0.596695
GABARAPL2	down	2	1.0	-0.298286	2.90261e-05	0.596572
RIC3	up	2	1.0	0.298272	1.49615e-05	0.596543
ELAC1	down	2	1.0	-0.298183	0.000926568	0.596365
STARD9	up	2	1.0	0.298167	0.0342786	0.596335
GFM2	down	2	1.0	-0.298141	0.00027097	0.596281
COMTD1	down	2	1.0	-0.298064	4.45127e-06	0.596128
HCFC1	up	2	1.0	0.298047	0.000409699	0.596094
MFSD4B	down	2	1.0	-0.297983	3.74141e-09	0.595966
L1TD1	up	2	1.0	0.29793	0.188632	0.595859
EED	down	2	1.0	-0.29792	0.00234871	0.595839
PDGFD	down	2	1.0	-0.297883	0.0227659	0.595767
SEPW1	down	2	1.0	-0.297813	2.20631e-05	0.595626
MRPL33	up	2	1.0	0.297766	3.75109e-07	0.595532
CERK	down	2	1.0	-0.297749	7.001e-14	0.595498
RNFT1	down	2	1.0	-0.297715	1.75803e-05	0.595431
KLRG1	up	2	1.0	0.297715	0.000569965	0.59543
TSNAX-DISC1	up	2	1.0	0.29759	0.000903759	0.595181
PPIA	down	2	1.0	-0.297527	2.43255e-05	0.595054
LRRC59	up	2	1.0	0.297488	1.56729e-06	0.594977
MYBPC1	down	2	1.0	-0.29744	0.0875837	0.594881
GPSM2	down	2	1.0	-0.297432	0.000955645	0.594864
RIC1	up	2	1.0	0.297337	0.000472559	0.594674
ARID3A	up	2	1.0	0.297327	0.000939969	0.594654
ITSN2	up	2	1.0	0.297323	3.74747e-07	0.594647
CCR3	up	2	1.0	0.297238	9.68938e-05	0.594476
ZBTB1	up	2	1.0	0.297031	0.0017728	0.594062
SRBD1	up	2	1.0	0.296902	0.000443011	0.593803
NRIP3	up	2	1.0	0.296867	0.000172502	0.593735
GFOD1	down	2	1.0	-0.296777	8.72278e-06	0.593554
ADAM17	up	2	1.0	0.296767	2.76396e-05	0.593534
KLF3-AS1	down	2	1.0	-0.296749	0.000741543	0.593499
SNX6	down	2	1.0	-0.296685	8.50079e-05	0.593369
VPS4B	down	2	1.0	-0.296546	1.02364e-06	0.593091
DUS4L	down	2	1.0	-0.296511	3.87477e-07	0.593021
TMSB10	up	2	1.0	0.296507	4.43015e-08	0.593013
RCBTB1	up	2	1.0	0.296486	0.000112038	0.592972
UBE3B	down	2	1.0	-0.296424	6.79963e-05	0.592849
FAM3D	down	2	1.0	-0.296414	0.0177319	0.592828
SLC8B1	down	2	1.0	-0.296369	1.7535e-05	0.592737
ACBD5	down	2	1.0	-0.296361	7.73591e-08	0.592722
WDR44	up	2	1.0	0.296335	0.000111074	0.592669
C2orf61	down	2	1.0	-0.296276	0.000300061	0.592553
FUK	down	2	1.0	-0.296272	0.00919258	0.592543
SCLT1	up	2	1.0	0.296256	0.00110503	0.592511
CCL7	up	2	1.0	0.296234	0.000478157	0.592468
MAGIX	down	2	1.0	-0.296177	0.000450262	0.592355
RORC	down	2	1.0	-0.296146	0.00014486	0.592293
SAA3P	up	2	1.0	0.296127	3.47313e-07	0.592255
TMEM104	up	2	1.0	0.296079	0.00051855	0.592157
RALGAPA1	down	2	1.0	-0.296057	2.73758e-09	0.592113
ANKAR	down	2	1.0	-0.296044	3.11597e-05	0.592089
RPS6KA1	down	2	1.0	-0.295913	1.91746e-08	0.591826
RTN3	down	2	1.0	-0.295826	4.9597e-07	0.591652
WDR36	up	2	1.0	0.295614	0.000584695	0.591229
VPS50	down	2	1.0	-0.295579	1.06483e-05	0.591157
PTEN	down	2	1.0	-0.295527	1.39194e-06	0.591054
DAPK1	up	2	1.0	0.295476	0.0240724	0.590953
AQP5	up	2	1.0	0.295471	0.000583795	0.590943
MT4	down	2	1.0	-0.295395	0.00218435	0.590791
ERCC6L	up	2	1.0	0.295202	0.000282738	0.590403
FGFR4	down	2	1.0	-0.295189	0.0031996	0.590379
BRCA1	up	2	1.0	0.295127	0.00710625	0.590255
IL19	up	2	1.0	0.295085	6.23975e-05	0.59017
THOC2	down	2	1.0	-0.295016	0.0012632	0.590032
CLPB	up	2	1.0	0.294956	0.000466163	0.589911
SPOUT1	down	2	1.0	-0.294942	0.00317635	0.589885
ADI1	down	2	1.0	-0.294832	6.80929e-06	0.589664
MICAL2	down	2	1.0	-0.29481	0.00244413	0.589619
MCM9	down	2	1.0	-0.294769	0.000122563	0.589538
ZC3HAV1L	up	2	1.0	0.294767	0.000152947	0.589534
LPP	down	2	1.0	-0.294749	4.71437e-05	0.589499
NR2C2	down	2	1.0	-0.294702	8.5119e-05	0.589403
MICALL2	down	2	1.0	-0.294586	4.94966e-05	0.589172
TGOLN2	down	2	1.0	-0.294497	1.50263e-05	0.588994
PCDH19	down	2	1.0	-0.294375	0.000840809	0.58875
OSBPL7	down	2	1.0	-0.294332	2.18327e-06	0.588664
TPD52	down	2	1.0	-0.294303	0.00214671	0.588607
SKA2	up	2	1.0	0.294296	0.00473217	0.588591
PIF1	up	2	1.0	0.294182	1.09161e-05	0.588363
AGR3	down	2	1.0	-0.29417	0.0173555	0.58834
ABHD15	down	2	1.0	-0.294153	6.43624e-05	0.588307
C9orf47	up	2	1.0	0.294106	2.81959e-07	0.588212
C6orf52	down	2	1.0	-0.294063	0.000691714	0.588126
SDC1	up	2	1.0	0.294056	1.58856e-05	0.588111
MYEF2	down	2	1.0	-0.294052	0.0271414	0.588105
ANKRD13A	down	2	1.0	-0.294036	3.80782e-07	0.588072
PPTC7	down	2	1.0	-0.29401	4.41069e-14	0.588019
TCF19	up	2	1.0	0.293982	0.000691852	0.587964
FAM107B	down	2	1.0	-0.293822	0.00311274	0.587644
RAB1B	down	2	1.0	-0.293785	3.04758e-05	0.587569
ERCC3	up	2	1.0	0.293777	0.000141633	0.587554
ELL	up	2	1.0	0.29377	1.22392e-05	0.587541
SAMD5	up	2	1.0	0.293766	0.0278953	0.587532
GRB2	up	2	1.0	0.293682	4.08776e-07	0.587363
MIA3	up	2	1.0	0.293668	0.00792944	0.587336
FAM104B	down	2	1.0	-0.293415	1.94372e-06	0.586829
CTDSPL2	down	2	1.0	-0.293382	0.000328937	0.586763
KLHL31	down	2	1.0	-0.293362	0.0100516	0.586725
LRRC56	down	2	1.0	-0.293247	0.00310848	0.586495
GBGT1	up	2	1.0	0.293239	0.000251245	0.586477
COX7C	down	2	1.0	-0.293206	3.58424e-08	0.586413
NTMT1	up	2	1.0	0.293191	0.00116769	0.586382
PUSL1	up	2	1.0	0.293172	6.50702e-06	0.586343
RNF11	down	2	1.0	-0.293144	0.00101935	0.586288
OAT	down	2	1.0	-0.293048	0.0012112	0.586097
DENND4A	up	2	1.0	0.292992	0.000686069	0.585985
SEC31A	up	2	1.0	0.292955	2.98657e-06	0.585909
ORC4	down	2	1.0	-0.29294	0.000933932	0.585881
RCC2	up	2	1.0	0.292916	0.000464077	0.585832
NDC80	up	2	1.0	0.292775	0.0327878	0.58555
MPL	down	2	1.0	-0.29277	0.00020661	0.585539
INPP5K	down	2	1.0	-0.292767	0.000559105	0.585534
MRPL13	down	2	1.0	-0.292752	0.0159455	0.585504
ADGRF4	down	2	1.0	-0.292735	0.00506187	0.58547
ARHGEF11	down	2	1.0	-0.292683	1.07908e-06	0.585365
GNPNAT1	up	2	1.0	0.292668	0.00181325	0.585336
GOT2	down	2	1.0	-0.292625	5.07476e-06	0.585251
NEDD1	up	2	1.0	0.292569	0.00174066	0.585137
EEPD1	down	2	1.0	-0.29255	7.37387e-05	0.585099
KCTD21	up	2	1.0	0.292476	0.000250254	0.584952
ZKSCAN3	down	2	1.0	-0.292375	5.06468e-05	0.58475
RAB26	down	2	1.0	-0.29236	0.0162061	0.584721
CDH19	up	2	1.0	0.292331	0.0206379	0.584663
MIA2	down	2	1.0	-0.29226	0.0155422	0.584521
CORO2A	down	2	1.0	-0.292173	0.00166996	0.584345
KANK2	up	2	1.0	0.292135	0.00550353	0.58427
MAOB	down	2	1.0	-0.292109	0.00941712	0.584218
CHCHD1	down	2	1.0	-0.292093	0.00397477	0.584186
DAAM1	down	2	1.0	-0.292036	1.4232e-05	0.584073
NARFL	down	2	1.0	-0.292002	0.000238915	0.584005
ETV6	up	2	1.0	0.291974	0.00240819	0.583948
ILF3-AS1	down	2	1.0	-0.291929	0.000908137	0.583858
PRRC2B	up	2	1.0	0.291917	0.000432724	0.583835
SCFD1	up	2	1.0	0.291871	0.00322861	0.583741
DUSP8	down	2	1.0	-0.29186	0.0540814	0.58372
PPCS	down	2	1.0	-0.291853	0.00047903	0.583706
CABLES2	down	2	1.0	-0.291805	0.00118357	0.58361
TRIM45	down	2	1.0	-0.291776	0.000199745	0.583552
SIK2	down	2	1.0	-0.291768	7.05823e-05	0.583536
TOX	down	2	1.0	-0.291742	0.000779485	0.583484
SCAMP3	up	2	1.0	0.291691	1.67426e-08	0.583382
P2RY4	down	2	1.0	-0.291605	0.000598905	0.583211
ERAP1	up	2	1.0	0.29155	0.024469	0.583101
ARL6IP6	down	2	1.0	-0.291492	4.39945e-06	0.582985
SLC31A2	up	2	1.0	0.291472	0.00569844	0.582943
ZNF195	down	2	1.0	-0.291415	2.27906e-05	0.582831
CCDC28A	down	2	1.0	-0.291381	0.00219792	0.582763
RAPGEF1	up	2	1.0	0.291349	5.68318e-05	0.582698
FAM162B	up	2	1.0	0.291225	0.00119103	0.58245
CLEC18B	down	2	1.0	-0.291138	0.000106973	0.582276
METTL6	up	2	1.0	0.291119	0.00480353	0.582237
COX4I2	up	2	1.0	0.291066	0.000242922	0.582132
ERICH5	down	2	1.0	-0.291053	0.000493099	0.582107
IFITM10	down	2	1.0	-0.291016	0.004926	0.582032
DDX24	up	2	1.0	0.290995	2.88465e-05	0.581989
ZNF256	down	2	1.0	-0.290992	0.000206304	0.581984
ZNF658B	down	2	1.0	-0.29096	0.000309092	0.58192
IRX2	up	2	1.0	0.29093	0.00281412	0.58186
RPL22	down	2	1.0	-0.290917	0.000273643	0.581833
GREB1	up	2	1.0	0.290791	1.32998e-05	0.581581
ITPK1	down	2	1.0	-0.290756	0.000294843	0.581512
SSFA2	down	2	1.0	-0.290756	0.00376934	0.581511
NFE4	up	2	1.0	0.290712	1.01511e-05	0.581425
DBI	down	2	1.0	-0.290706	0.000724784	0.581412
CCR10	up	2	1.0	0.290604	0.000330055	0.581207
POU6F1	up	2	1.0	0.290596	0.0192596	0.581191
SEC63	up	2	1.0	0.290587	0.00655085	0.581175
SIAH1	down	2	1.0	-0.29058	3.71482e-07	0.58116
ARHGEF16	down	2	1.0	-0.290535	0.00175276	0.58107
NDUFA1	down	2	1.0	-0.290509	0.000257598	0.581019
DDX6	up	2	1.0	0.290477	0.0142535	0.580954
ROCK2	down	2	1.0	-0.290463	2.96583e-05	0.580926
PITPNM3	down	2	1.0	-0.290424	0.0333432	0.580849
HSF5	up	2	1.0	0.290391	3.72451e-06	0.580782
GAB2	down	2	1.0	-0.290214	0.000241996	0.580427
PRTFDC1	down	2	1.0	-0.290198	0.00108916	0.580396
ADAT3	down	2	1.0	-0.290168	0.023416	0.580337
OGDH	down	2	1.0	-0.290157	0.000516409	0.580314
CSTB	down	2	1.0	-0.290058	0.0202835	0.580116
CANX	up	2	1.0	0.290054	1.60807e-05	0.580109
C11orf49	down	2	1.0	-0.290048	0.000312842	0.580095
ZNF280C	up	2	1.0	0.289933	0.0251187	0.579866
HOXA13	down	2	1.0	-0.289876	0.151557	0.579751
PLEKHA1	down	2	1.0	-0.289852	1.04293e-05	0.579703
SDHA	down	2	1.0	-0.289833	4.87615e-07	0.579667
DNAJC24	up	2	1.0	0.289739	0.000688472	0.579478
MESDC2	up	2	1.0	0.289638	5.00059e-06	0.579276
VSTM4	up	2	1.0	0.289625	0.0117255	0.579249
HRH4	up	2	1.0	0.289581	0.00752812	0.579162
GTF2H2C_2	down	2	1.0	-0.289543	0.118028	0.579086
LARS	down	2	1.0	-0.289534	5.31338e-05	0.579068
MRPL43	down	2	1.0	-0.289382	2.18099e-05	0.578763
LGMN	down	2	1.0	-0.289376	0.000125582	0.578753
IRF2BP2	down	2	1.0	-0.289367	0.00216181	0.578734
CEP44	down	2	1.0	-0.289317	0.00138517	0.578634
BMPER	down	2	1.0	-0.289265	0.000414259	0.578531
ERP44	up	2	1.0	0.289265	8.8643e-05	0.57853
CIC	up	2	1.0	0.289162	7.57029e-05	0.578324
SLC38A9	down	2	1.0	-0.289156	9.09737e-08	0.578311
ZNF302	down	2	1.0	-0.289098	0.000572936	0.578197
CIB1	down	2	1.0	-0.289083	7.05712e-06	0.578167
CHORDC1	up	2	1.0	0.289027	0.00221522	0.578054
CLDND1	up	2	1.0	0.289026	0.0253924	0.578052
SMIM12	down	2	1.0	-0.288899	8.92313e-05	0.577799
BLNK	up	2	1.0	0.288872	0.00596046	0.577744
VKORC1	up	2	1.0	0.288797	0.00312835	0.577595
KPNB1	up	2	1.0	0.288774	1.32003e-05	0.577547
WSB1	up	2	1.0	0.288625	0.0155856	0.577249
MRPL45	down	2	1.0	-0.288547	1.09025e-06	0.577093
MYL12B	down	2	1.0	-0.288525	4.89565e-07	0.57705
IL22RA2	up	2	1.0	0.288443	0.0121759	0.576887
BARX2	down	2	1.0	-0.288419	0.00217907	0.576838
TMEM99	down	2	1.0	-0.288373	0.0154126	0.576745
CTC1	up	2	1.0	0.288316	0.0086667	0.576632
LMNA	up	2	1.0	0.288303	0.00832659	0.576607
JRKL	down	2	1.0	-0.288285	0.0030942	0.57657
FAM168B	down	2	1.0	-0.288262	4.55485e-05	0.576525
FRG1JP	down	2	1.0	-0.28816	0.0113955	0.57632
SH3GL1	up	2	1.0	0.288109	6.79184e-10	0.576218
POM121C	up	2	1.0	0.28805	0.00060717	0.5761
AKAP6	down	2	1.0	-0.288022	0.00272611	0.576044
SPECC1	down	2	1.0	-0.288019	0.0011183	0.576039
ITPR2	up	2	1.0	0.288014	0.00704423	0.576028
NT5C3B	up	2	1.0	0.287818	0.00220322	0.575637
GTPBP2	down	2	1.0	-0.287762	0.00459553	0.575523
ADH4	down	2	1.0	-0.287691	0.0185051	0.575382
ATP13A2	up	2	1.0	0.287517	2.04445e-10	0.575034
ERCC8	down	2	1.0	-0.287415	0.00473983	0.57483
DPAGT1	up	2	1.0	0.28731	1.63813e-05	0.57462
ZCCHC6	up	2	1.0	0.287303	5.61213e-05	0.574605
MBNL2	up	2	1.0	0.287301	0.0161694	0.574602
SLC1A2	up	2	1.0	0.287221	0.000300166	0.574442
CHKB-CPT1B	down	2	1.0	-0.287189	0.0474657	0.574379
FEV	down	2	1.0	-0.287136	0.0206156	0.574272
SSPN	down	2	1.0	-0.286923	0.00213046	0.573845
SNORA68	up	2	1.0	0.286859	0.11825	0.573718
TOMM22	down	2	1.0	-0.286816	0.00134068	0.573631
YY1	down	2	1.0	-0.286576	0.000193441	0.573152
TMEM51	down	2	1.0	-0.28651	7.12172e-05	0.57302
BMPR2	up	2	1.0	0.286293	0.00783222	0.572587
MYL10	down	2	1.0	-0.286214	0.000146779	0.572428
ELOVL7	up	2	1.0	0.286192	0.0706902	0.572385
NECAP2	up	2	1.0	0.286033	7.24105e-06	0.572065
IRF7	up	2	1.0	0.285948	0.0138657	0.571896
PNRC2	down	2	1.0	-0.285898	3.02602e-09	0.571795
MTMR9LP	up	2	1.0	0.285892	0.0188355	0.571785
TINF2	up	2	1.0	0.285849	2.41184e-07	0.571698
PP13439	down	2	1.0	-0.285827	1.20249e-05	0.571654
AKR1A1	up	2	1.0	0.285742	3.43542e-05	0.571484
C1orf116	down	2	1.0	-0.285731	0.000176245	0.571462
TUBA8	down	2	1.0	-0.285727	8.1156e-07	0.571454
AFDN	down	2	1.0	-0.28572	0.000142465	0.571439
SETBP1	up	2	1.0	0.285675	7.32637e-06	0.571351
XRRA1	up	2	1.0	0.285666	0.0870264	0.571332
KIAA0391	down	2	1.0	-0.285609	0.00149909	0.571217
LMLN	up	2	1.0	0.285605	0.00657594	0.57121
SC5D	down	2	1.0	-0.285586	0.00928882	0.571173
RAB11FIP3	up	2	1.0	0.285556	0.0327094	0.571112
VAT1L	up	2	1.0	0.285527	0.000841063	0.571055
MMAB	down	2	1.0	-0.285478	0.00343241	0.570956
TDRD5	down	2	1.0	-0.285458	0.000194395	0.570916
S100A16	up	2	1.0	0.285354	0.000914747	0.570709
TAB2	down	2	1.0	-0.28527	0.00026032	0.570541
C1orf74	down	2	1.0	-0.285235	0.000656037	0.570471
S100PBP	up	2	1.0	0.285189	9.35302e-05	0.570378
SPON1	down	2	1.0	-0.284993	0.101079	0.569986
SCYL2	down	2	1.0	-0.284986	0.000837499	0.569971
CKS2	up	2	1.0	0.284971	0.00511104	0.569943
CRADD	down	2	1.0	-0.284967	0.0237283	0.569935
ZNF546	up	2	1.0	0.284846	1.15869e-05	0.569691
NDUFA12	down	2	1.0	-0.284788	2.0673e-05	0.569576
DPP3	down	2	1.0	-0.284746	0.00637734	0.569492
SETD3	down	2	1.0	-0.284614	1.72883e-06	0.569228
SEC23B	up	2	1.0	0.284572	7.29304e-05	0.569144
NAXD	down	2	1.0	-0.284465	0.000117766	0.568929
RNPEP	down	2	1.0	-0.284416	0.0034398	0.568832
ATP10A	up	2	1.0	0.284414	0.00793101	0.568828
ESF1	down	2	1.0	-0.284315	0.00709701	0.56863
ATP1A1	down	2	1.0	-0.284148	7.4092e-07	0.568296
TECPR1	up	2	1.0	0.284125	0.00650517	0.568251
VPS8	down	2	1.0	-0.284125	3.72867e-06	0.56825
NEK7	down	2	1.0	-0.284111	1.04368e-05	0.568222
MAK16	up	2	1.0	0.28396	5.67842e-06	0.567919
VPS28	down	2	1.0	-0.28391	0.00114643	0.56782
BMF	down	2	1.0	-0.283907	0.0399714	0.567813
CYP2C9	down	2	1.0	-0.2839	0.00944718	0.567799
WBSCR27	down	2	1.0	-0.283898	0.0117759	0.567795
ZNF90	down	2	1.0	-0.283892	0.000940155	0.567784
ZNF285	down	2	1.0	-0.283884	0.0148867	0.567767
AKIRIN1	up	2	1.0	0.283869	0.000259844	0.567739
COBLL1	up	2	1.0	0.283834	0.00230276	0.567668
C1orf186	up	2	1.0	0.283768	0.0642362	0.567536
RPAIN	down	2	1.0	-0.283754	2.03848e-10	0.567508
ZNF700	down	2	1.0	-0.283691	2.90423e-05	0.567381
ARMCX1	up	2	1.0	0.283679	0.0184351	0.567359
LINC01465	up	2	1.0	0.283532	6.05921e-07	0.567064
ZRSR2	up	2	1.0	0.28352	0.00665943	0.56704
FLJ16734	down	2	1.0	-0.283519	0.00106151	0.567037
KDELR1	up	2	1.0	0.28339	4.83043e-06	0.566781
SLC4A9	down	2	1.0	-0.283387	0.00139518	0.566774
THEM4	up	2	1.0	0.283326	0.000821106	0.566651
AUNIP	up	2	1.0	0.283316	0.00629809	0.566632
ALDH9A1	down	2	1.0	-0.283238	7.21644e-05	0.566476
TEX43	down	2	1.0	-0.283163	0.000158749	0.566326
ST6GALNAC2	up	2	1.0	0.283123	0.0341325	0.566246
PLN	up	2	1.0	0.282973	0.000998888	0.565946
LSMEM1	down	2	1.0	-0.282897	9.44366e-05	0.565794
MARK3	up	2	1.0	0.282869	0.00569523	0.565739
RBM25	up	2	1.0	0.28274	0.0151499	0.56548
DARS2	down	2	1.0	-0.28267	5.84901e-06	0.56534
ARPP19	up	2	1.0	0.282649	0.000809879	0.565297
UBTD2	down	2	1.0	-0.282631	0.000512241	0.565261
RNF32	down	2	1.0	-0.282569	2.95221e-05	0.565139
MARCH11	down	2	1.0	-0.282421	0.000136304	0.564843
MFSD14A	up	2	1.0	0.282347	0.000552631	0.564695
IPO4	up	2	1.0	0.282338	0.000897469	0.564677
TTTY13	down	2	1.0	-0.28233	0.000363399	0.564659
LINC00328	down	2	1.0	-0.282289	0.0268299	0.564578
POT1	up	2	1.0	0.28218	0.0285122	0.56436
TIGD6	down	2	1.0	-0.282176	1.15675e-05	0.564353
NXF3	up	2	1.0	0.282149	0.0198965	0.564299
CCDC14	down	2	1.0	-0.282145	0.0229619	0.56429
SNRPE	down	2	1.0	-0.28212	0.00133111	0.564239
TOLLIP	down	2	1.0	-0.282083	0.00103695	0.564167
ZNF397	down	2	1.0	-0.282066	0.000146285	0.564133
TPR	up	2	1.0	0.281959	0.0168744	0.563919
ATG10	down	2	1.0	-0.281867	0.000730157	0.563735
PCBD2	down	2	1.0	-0.281846	0.00875471	0.563693
CARMIL1	down	2	1.0	-0.281778	9.09828e-07	0.563555
FAT3	down	2	1.0	-0.281753	0.0101605	0.563505
PLP1	down	2	1.0	-0.28173	0.13311	0.563459
TICAM1	down	2	1.0	-0.281704	0.03234	0.563409
COL17A1	down	2	1.0	-0.2816	0.0928014	0.5632
PRKACG	down	2	1.0	-0.281596	0.00179232	0.563193
GOLGA1	down	2	1.0	-0.281545	6.43426e-05	0.56309
WNT11	down	2	1.0	-0.281528	0.00283277	0.563056
AIMP1	down	2	1.0	-0.281496	0.0250888	0.562991
FER	up	2	1.0	0.281405	0.00129849	0.56281
TLCD1	down	2	1.0	-0.281357	0.00683278	0.562714
PRDM4	down	2	1.0	-0.281239	7.86655e-05	0.562479
FOXP1	down	2	1.0	-0.281171	6.49791e-06	0.562342
POLA2	up	2	1.0	0.281143	0.000874444	0.562285
ZC3H13	up	2	1.0	0.281068	0.0120433	0.562135
ATAT1	down	2	1.0	-0.280932	1.41473e-06	0.561863
SLC43A1	up	2	1.0	0.280791	0.0153131	0.561582
GTF3C2	down	2	1.0	-0.280787	1.93222e-07	0.561574
NPFF	up	2	1.0	0.28072	0.0289534	0.56144
RINT1	up	2	1.0	0.280685	0.00013677	0.56137
HMBOX1	down	2	1.0	-0.280511	0.0757592	0.561023
BECN1	down	2	1.0	-0.280449	7.39064e-05	0.560898
NDUFB8	down	2	1.0	-0.280415	5.08211e-07	0.560829
EMILIN1	up	2	1.0	0.280288	3.12733e-09	0.560576
MBLAC2	down	2	1.0	-0.280232	0.0130724	0.560465
TBC1D4	down	2	1.0	-0.280213	4.68849e-06	0.560426
MAMLD1	up	2	1.0	0.280192	0.000217624	0.560384
MIS12	up	2	1.0	0.280149	0.00421097	0.560298
CCDC74B	up	2	1.0	0.280048	0.00174094	0.560096
GLE1	down	2	1.0	-0.28	4.16109e-05	0.560001
WSB2	down	2	1.0	-0.279953	8.52386e-05	0.559906
EPC1	down	2	1.0	-0.279924	0.000132349	0.559848
LIFR	up	2	1.0	0.279865	0.107086	0.559729
SNX18	up	2	1.0	0.279732	0.00418022	0.559464
ZMIZ1	down	2	1.0	-0.279651	0.000210396	0.559301
SMAGP	down	2	1.0	-0.279638	0.00186018	0.559276
DDT	down	2	1.0	-0.279541	0.0150381	0.559082
FOXF2	up	2	1.0	0.279502	0.00674819	0.559005
GPR108	down	2	1.0	-0.279481	0.00102703	0.558962
SEC62	up	2	1.0	0.279338	0.00287631	0.558675
IL18	up	2	1.0	0.279239	0.126971	0.558477
SIGLEC6	up	2	1.0	0.279236	0.0125241	0.558473
FAM86B3P	down	2	1.0	-0.279213	0.000762489	0.558426
GPN2	down	2	1.0	-0.2792	0.000962257	0.5584
EFCAB7	up	2	1.0	0.279183	0.0417986	0.558366
TULP4	down	2	1.0	-0.279166	0.000146038	0.558331
GGT2	down	2	1.0	-0.279156	0.00206652	0.558313
PLA2G3	up	2	1.0	0.27899	3.4166e-05	0.55798
OK/SW-CL.36	down	2	1.0	-0.278971	9.7248e-05	0.557941
ABCE1	up	2	1.0	0.278832	0.00277916	0.557663
FEM1B	down	2	1.0	-0.27868	3.56926e-07	0.55736
PARK7	up	2	1.0	0.278676	2.48249e-08	0.557353
RABL6	down	2	1.0	-0.278631	0.00107832	0.557262
EGLN3	down	2	1.0	-0.27857	0.207958	0.55714
SALL1	up	2	1.0	0.278554	0.000558538	0.557108
FZD8	down	2	1.0	-0.278519	0.00676758	0.557037
SLC25A45	up	2	1.0	0.278508	0.00339186	0.557016
CARF	down	2	1.0	-0.278469	0.00287698	0.556938
HUNK	down	2	1.0	-0.278407	0.000241955	0.556813
REXO2	up	2	1.0	0.278364	2.86641e-05	0.556728
MVK	down	2	1.0	-0.278265	0.00879797	0.556531
SSBP3	down	2	1.0	-0.278189	5.27893e-06	0.556378
MDM4	up	2	1.0	0.278095	0.0294773	0.55619
GORAB	down	2	1.0	-0.278011	6.4373e-06	0.556023
TIPIN	up	2	1.0	0.277952	0.0344592	0.555905
FAM63A	down	2	1.0	-0.277913	0.000614664	0.555825
ASCC2	down	2	1.0	-0.277807	1.87258e-05	0.555613
ATP6V1C2	down	2	1.0	-0.277803	0.0011607	0.555605
TMED10	up	2	1.0	0.277801	3.3843e-05	0.555602
WARS2	down	2	1.0	-0.277704	0.00585521	0.555408
CDK10	down	2	1.0	-0.277648	0.000863536	0.555296
ENTPD2	down	2	1.0	-0.277625	2.01234e-05	0.555251
GNAQ	down	2	1.0	-0.277535	2.12837e-05	0.55507
VCPKMT	up	2	1.0	0.277479	0.00169228	0.554959
PDE4C	down	2	1.0	-0.277413	0.000133279	0.554827
BOLA3	down	2	1.0	-0.277362	0.000112678	0.554724
TEX264	down	2	1.0	-0.277278	8.18671e-06	0.554555
SESN2	down	2	1.0	-0.277187	0.000721461	0.554373
CCL16	down	2	1.0	-0.277182	7.11718e-05	0.554363
NFE2L2	down	2	1.0	-0.277128	0.0343579	0.554256
RARB	up	2	1.0	0.277094	5.91907e-05	0.554189
PRDX1	up	2	1.0	0.277088	0.00821073	0.554176
TTC26	up	2	1.0	0.277033	3.56838e-06	0.554066
FHL1	up	2	1.0	0.276961	0.0233107	0.553922
MBNL1	down	2	1.0	-0.276915	0.00201571	0.55383
LRRC8A	up	2	1.0	0.276894	0.00180474	0.553787
TMEM117	down	2	1.0	-0.276845	9.44545e-06	0.55369
ACVR2B	down	2	1.0	-0.276813	0.00034778	0.553625
HES1	down	2	1.0	-0.276787	4.62761e-08	0.553574
NOS3	up	2	1.0	0.276664	2.30476e-06	0.553329
CMIP	up	2	1.0	0.276653	0.000115425	0.553306
GAS6	down	2	1.0	-0.276616	6.81419e-05	0.553231
CCSAP	up	2	1.0	0.276551	6.97572e-06	0.553102
DHRSX	down	2	1.0	-0.276546	2.62131e-05	0.553092
MMP15	down	2	1.0	-0.276539	0.00060201	0.553079
AHI1	up	2	1.0	0.276356	0.0150878	0.552712
GTPBP6	down	2	1.0	-0.276319	0.000542084	0.552637
TCF21	up	2	1.0	0.276294	0.110908	0.552588
MRPS14	down	2	1.0	-0.27626	0.00208666	0.55252
IGLL3P	up	2	1.0	0.276255	7.79944e-05	0.55251
RAB2A	down	2	1.0	-0.276234	0.00703591	0.552469
DDX17	up	2	1.0	0.276135	0.00056058	0.552271
OGFOD2	down	2	1.0	-0.276118	0.0023066	0.552236
ADAM22	down	2	1.0	-0.276091	1.32637e-05	0.552183
TP53I3	down	2	1.0	-0.276037	0.000349831	0.552075
FAM206A	down	2	1.0	-0.276006	1.55529e-07	0.552013
CNP	up	2	1.0	0.275751	9.23979e-05	0.551502
AP3D1	up	2	1.0	0.275699	5.38583e-05	0.551399
WHSC1	down	2	1.0	-0.275699	3.66006e-05	0.551398
SHTN1	down	2	1.0	-0.275575	0.00403729	0.551149
RPL26	down	2	1.0	-0.275541	6.01043e-05	0.551083
COX14	down	2	1.0	-0.275433	0.00159326	0.550867
ASNS	up	2	1.0	0.275259	0.0184802	0.550519
IPO9	up	2	1.0	0.275256	0.00433496	0.550512
TLR5	up	2	1.0	0.275231	0.0043151	0.550463
NMB	up	2	1.0	0.275211	0.0156585	0.550421
DLG4	up	2	1.0	0.275201	3.04239e-05	0.550402
B4GALT5	down	2	1.0	-0.275115	0.0227956	0.550231
STON1-GTF2A1L	up	2	1.0	0.275074	0.000487693	0.550149
ARSG	up	2	1.0	0.274935	0.000178508	0.54987
TSEN54	down	2	1.0	-0.274878	0.000220603	0.549756
PIGW	up	2	1.0	0.274824	0.0344226	0.549648
PP14571	down	2	1.0	-0.2748	0.0190795	0.5496
PLD3	up	2	1.0	0.27478	0.0327789	0.54956
SLC25A28	up	2	1.0	0.274778	0.000361475	0.549557
GTDC1	down	2	1.0	-0.274765	0.000524711	0.549531
PCSK7	down	2	1.0	-0.274764	8.46622e-08	0.549529
OMP	down	2	1.0	-0.274754	7.01358e-08	0.549508
UTF1	down	2	1.0	-0.274711	3.17753e-07	0.549421
CD8B	up	2	1.0	0.274631	0.00877408	0.549261
SLC2A8	down	2	1.0	-0.274431	0.00104304	0.548861
C17orf77	up	2	1.0	0.274348	3.21101e-09	0.548697
CFAP97	up	2	1.0	0.274348	0.00912559	0.548697
TMEM18	down	2	1.0	-0.274317	0.00169126	0.548634
MBTPS2	up	2	1.0	0.274268	0.0029459	0.548536
EGFL7	up	2	1.0	0.274248	0.00347773	0.548496
C4orf36	down	2	1.0	-0.274196	1.3192e-06	0.548393
NAP1L4	up	2	1.0	0.274177	7.89852e-05	0.548354
IREB2	down	2	1.0	-0.274157	2.31691e-06	0.548315
NME8	up	2	1.0	0.274157	0.0016535	0.548313
VAMP8	down	2	1.0	-0.274131	3.65167e-07	0.548263
PCDHGA1	up	2	1.0	0.274079	0.000247721	0.548158
CD300C	up	2	1.0	0.274067	0.000165278	0.548134
RNF112	down	2	1.0	-0.274045	0.00110528	0.54809
SSSCA1	up	2	1.0	0.273946	0.000240248	0.547893
SPATA13	down	2	1.0	-0.273915	0.00158148	0.547829
SURF1	down	2	1.0	-0.273899	0.00790939	0.547799
COX7A1	up	2	1.0	0.273868	2.70634e-05	0.547736
MCRIP1	up	2	1.0	0.273737	0.000215533	0.547474
GLB1L	up	2	1.0	0.273702	0.00654173	0.547404
ATP5I	down	2	1.0	-0.273667	2.07519e-09	0.547334
C1orf168	down	2	1.0	-0.273327	0.00206273	0.546653
ERFE	up	2	1.0	0.273218	0.00597332	0.546436
ACTB	up	2	1.0	0.273203	1.02161e-05	0.546406
CUL7	up	2	1.0	0.273142	0.000189266	0.546283
DNAJA3	down	2	1.0	-0.273141	1.38811e-05	0.546282
ASB8	down	2	1.0	-0.273139	2.17927e-05	0.546279
PHLDB1	down	2	1.0	-0.273072	0.000695081	0.546144
SLC46A3	down	2	1.0	-0.273022	0.0148447	0.546043
RNF40	down	2	1.0	-0.272952	0.000604096	0.545904
ABCG1	down	2	1.0	-0.272927	0.013284	0.545855
GSDMC	up	2	1.0	0.272916	2.98608e-06	0.545832
INSIG2	up	2	1.0	0.272742	0.000343454	0.545483
PAFAH1B1	down	2	1.0	-0.272739	6.70359e-07	0.545478
PCCB	down	2	1.0	-0.272671	0.0442478	0.545342
MRPL14	down	2	1.0	-0.272659	5.70756e-05	0.545319
CCNC	up	2	1.0	0.272653	0.107042	0.545306
TCEB2	down	2	1.0	-0.272601	0.000563988	0.545202
NOS1AP	down	2	1.0	-0.272539	0.00157097	0.545077
HRK	down	2	1.0	-0.272512	0.000132006	0.545024
PITPNA	up	2	1.0	0.272508	0.000670469	0.545016
LAMC3	up	2	1.0	0.272493	2.30145e-05	0.544987
ATRN	down	2	1.0	-0.272456	0.000587474	0.544913
SMAD2	down	2	1.0	-0.272454	0.00159103	0.544908
PPM1H	up	2	1.0	0.272452	0.00560706	0.544905
CCDC93	down	2	1.0	-0.272412	3.27238e-06	0.544824
SYS1-DBNDD2	down	2	1.0	-0.272359	0.000786454	0.544718
ZBTB25	up	2	1.0	0.272173	0.0022622	0.544347
KIF2C	up	2	1.0	0.272145	0.00899723	0.544289
RAP1A	down	2	1.0	-0.272136	0.00076994	0.544271
PLB1	down	2	1.0	-0.272083	0.0310591	0.544165
GAN	down	2	1.0	-0.272025	0.00109752	0.544049
SENP6	down	2	1.0	-0.272019	0.00103745	0.544038
TMEM50A	down	2	1.0	-0.271976	4.06752e-09	0.543952
PRSS16	down	2	1.0	-0.271931	0.00705882	0.543863
RBM3	up	2	1.0	0.271927	0.000941675	0.543855
WDR45	up	2	1.0	0.271917	0.00587304	0.543834
MICAL1	up	2	1.0	0.271896	1.67146e-05	0.543792
TRIM68	down	2	1.0	-0.271895	0.000779142	0.543789
PCSK1N	down	2	1.0	-0.271816	0.00790522	0.543633
PSMB6	up	2	1.0	0.271795	0.000833753	0.543591
ZCCHC3	down	2	1.0	-0.271743	8.03196e-05	0.543485
PRPF38A	down	2	1.0	-0.271597	3.39913e-05	0.543195
CPT1C	up	2	1.0	0.271573	0.0012868	0.543146
RABL3	down	2	1.0	-0.271509	4.0818e-05	0.543018
TDGF1P3	down	2	1.0	-0.271428	0.0240781	0.542856
ZNF283	down	2	1.0	-0.271399	6.19614e-05	0.542799
CADPS	up	2	1.0	0.271385	0.00669692	0.542771
TSSK6	down	2	1.0	-0.271377	0.00161528	0.542754
TRUB1	down	2	1.0	-0.27127	0.000969639	0.542541
UPRT	down	2	1.0	-0.271257	7.84246e-05	0.542515
CARHSP1	up	2	1.0	0.271246	0.00341161	0.542492
TNFAIP1	up	2	1.0	0.271234	3.63938e-05	0.542467
ZSWIM8	up	2	1.0	0.271222	0.00233304	0.542443
SEMA3G	up	2	1.0	0.271203	0.00894128	0.542406
MRPS22	down	2	1.0	-0.271178	0.000669068	0.542356
TACR2	down	2	1.0	-0.271174	0.00141278	0.542348
PIGF	down	2	1.0	-0.271099	0.0123049	0.542197
PTPRK	down	2	1.0	-0.271041	2.54617e-05	0.542082
CDKL2	down	2	1.0	-0.270996	0.00349995	0.541992
ATP6AP1L	down	2	1.0	-0.270983	0.0139142	0.541966
RAN	up	2	1.0	0.270946	9.781e-05	0.541893
MUC16	up	2	1.0	0.270906	0.000129277	0.541813
FDPS	up	2	1.0	0.270811	0.00245321	0.541623
ACRC	up	2	1.0	0.270707	0.0118718	0.541414
MAPK11	up	2	1.0	0.27069	3.88966e-05	0.541381
RHBDL2	down	2	1.0	-0.270647	0.116533	0.541295
B3GAT2	down	2	1.0	-0.270611	0.0024058	0.541222
TEX36	down	2	1.0	-0.270572	0.0013371	0.541145
RPL10	up	2	1.0	0.27056	0.00695138	0.541121
CKAP5	up	2	1.0	0.270547	0.000204941	0.541094
ZNF821	down	2	1.0	-0.270528	0.000274674	0.541055
OAS1	down	2	1.0	-0.270512	0.00111716	0.541025
RAB11FIP2	up	2	1.0	0.270482	0.0155397	0.540964
COX7A2	down	2	1.0	-0.270336	0.000142911	0.540671
FBXO8	down	2	1.0	-0.270307	0.00184176	0.540613
ESD	down	2	1.0	-0.270292	0.00121985	0.540584
B4GAT1	down	2	1.0	-0.270292	0.00344869	0.540583
NEMP1	up	2	1.0	0.270239	0.00890054	0.540478
MTNR1A	up	2	1.0	0.270109	0.0149288	0.540218
HLA-J	up	2	1.0	0.270109	0.0169683	0.540218
NELFB	down	2	1.0	-0.270041	5.54534e-07	0.540081
MRPL1	down	2	1.0	-0.270008	0.0019167	0.540016
C8orf59	up	2	1.0	0.269873	0.0624372	0.539746
GNAI1	down	2	1.0	-0.269844	0.0959261	0.539688
ALG2	up	2	1.0	0.269833	1.3503e-06	0.539666
NUFIP2	up	2	1.0	0.269755	0.0171355	0.539509
ERCC6L2	down	2	1.0	-0.26974	4.77331e-08	0.53948
NQO1	down	2	1.0	-0.26969	0.014171	0.53938
SGPP2	down	2	1.0	-0.26968	0.000945268	0.539361
TMEM203	down	2	1.0	-0.269633	0.00359394	0.539266
CHD8	up	2	1.0	0.269575	0.0238658	0.53915
PRCC	up	2	1.0	0.269572	5.84877e-06	0.539144
FGD4	down	2	1.0	-0.269492	0.000449687	0.538984
SNORD104	up	2	1.0	0.269492	0.00933708	0.538984
PCDH1	down	2	1.0	-0.26948	0.00275417	0.53896
ZNF610	down	2	1.0	-0.269429	4.70124e-06	0.538858
TPCN1	down	2	1.0	-0.269235	1.6792e-05	0.538471
COX19	down	2	1.0	-0.269134	0.081995	0.538269
CFAP44	down	2	1.0	-0.269123	0.000864148	0.538246
MARK1	down	2	1.0	-0.269051	0.000490348	0.538103
POU4F1	down	2	1.0	-0.269025	0.158185	0.53805
CBLB	up	2	1.0	0.268992	0.0102035	0.537984
R3HDM1	up	2	1.0	0.268924	3.44083e-05	0.537848
MROH1	down	2	1.0	-0.268923	4.63802e-06	0.537846
TIMM50	down	2	1.0	-0.268915	0.00012492	0.53783
ZNF527	down	2	1.0	-0.268811	0.000170036	0.537621
DIAPH2	down	2	1.0	-0.268802	0.00398257	0.537604
PAIP1	down	2	1.0	-0.26873	0.00665054	0.53746
FCAMR	up	2	1.0	0.268666	0.093475	0.537333
FASTKD3	down	2	1.0	-0.268665	0.000269521	0.53733
CEP126	down	2	1.0	-0.268664	0.00971651	0.537328
TTLL11	down	2	1.0	-0.26866	4.647e-05	0.53732
HIST1H2AG	down	2	1.0	-0.26857	0.0242986	0.53714
SNX8	up	2	1.0	0.26852	0.000232354	0.53704
ARHGEF26	down	2	1.0	-0.268484	0.0107954	0.536968
FUS	up	2	1.0	0.268429	0.0252081	0.536859
MRPS35	down	2	1.0	-0.268423	0.0144042	0.536845
NYNRIN	down	2	1.0	-0.2684	1.27037e-05	0.5368
PHKB	down	2	1.0	-0.268334	3.17403e-08	0.536668
CADM2	down	2	1.0	-0.268332	0.0598131	0.536663
MGAT5	down	2	1.0	-0.268313	0.00137923	0.536625
PTAR1	down	2	1.0	-0.268154	0.0729524	0.536308
GCLC	down	2	1.0	-0.268134	0.0398805	0.536269
KIF3C	up	2	1.0	0.26812	3.84182e-05	0.53624
LEKR1	down	2	1.0	-0.268039	0.00332169	0.536077
MARCH7	up	2	1.0	0.267983	0.0395198	0.535965
NLRP2	up	2	1.0	0.267927	0.316835	0.535854
ALS2CL	down	2	1.0	-0.267921	0.127719	0.535841
TASP1	down	2	1.0	-0.267917	0.00122448	0.535834
RTN4RL1	down	2	1.0	-0.267908	0.0047407	0.535817
ANGPTL6	up	2	1.0	0.267892	3.48457e-05	0.535784
PIGL	down	2	1.0	-0.267853	0.00163718	0.535706
BCL2	down	2	1.0	-0.267786	3.43542e-05	0.535571
NDUFB2	down	2	1.0	-0.267651	3.40673e-05	0.535303
NARS	down	2	1.0	-0.267603	2.78483e-05	0.535206
ACSS3	up	2	1.0	0.267596	2.89792e-06	0.535192
FLOT2	up	2	1.0	0.267512	0.00249179	0.535024
RMI1	down	2	1.0	-0.267455	0.00253251	0.534909
PAF1	up	2	1.0	0.267383	0.000459667	0.534766
MCUR1	down	2	1.0	-0.267371	2.82596e-05	0.534743
GSR	down	2	1.0	-0.26737	5.8244e-05	0.53474
LRRC34	up	2	1.0	0.267322	2.08635e-06	0.534645
CDCA4	up	2	1.0	0.267201	0.000764605	0.534401
CCNE2	down	2	1.0	-0.267174	0.0271736	0.534347
TIAM2	up	2	1.0	0.267155	0.000500037	0.534311
STX8	down	2	1.0	-0.267106	0.000581251	0.534212
YAP1	up	2	1.0	0.267086	5.95005e-05	0.534172
EPC2	down	2	1.0	-0.267067	0.000857523	0.534134
SUMF1	down	2	1.0	-0.267033	0.00095435	0.534066
SEC24B	down	2	1.0	-0.267025	2.07094e-07	0.53405
RAB25	down	2	1.0	-0.266965	0.0124497	0.533929
IFT52	down	2	1.0	-0.266928	0.00133672	0.533856
COL9A2	up	2	1.0	0.266817	0.0850294	0.533635
MAPK6	down	2	1.0	-0.266788	0.0871098	0.533575
PCMTD1	up	2	1.0	0.266779	0.00149188	0.533558
NDST4	down	2	1.0	-0.266774	0.000705663	0.533548
CRB3	down	2	1.0	-0.266594	0.0230501	0.533188
ZNF784	down	2	1.0	-0.266585	0.00175583	0.533169
ALG1	up	2	1.0	0.266583	7.46264e-06	0.533165
YBX3	up	2	1.0	0.266516	0.000603858	0.533032
RCAN3	up	2	1.0	0.266478	0.00873698	0.532955
PDZD11	down	2	1.0	-0.266397	0.0161406	0.532793
FBXL15	down	2	1.0	-0.266342	0.0325068	0.532684
DNAJB6	up	2	1.0	0.266252	0.000174887	0.532504
RNF216	up	2	1.0	0.266204	0.000113635	0.532408
RC3H2	up	2	1.0	0.266152	0.0423857	0.532305
KLHL17	up	2	1.0	0.266115	0.00661215	0.53223
HAUS6	up	2	1.0	0.266061	0.00122507	0.532122
WDR5	up	2	1.0	0.265927	0.00276667	0.531855
KIAA1217	down	2	1.0	-0.265854	0.0026157	0.531707
TGFBR3	up	2	1.0	0.265846	0.0143472	0.531692
VPS26A	down	2	1.0	-0.265823	0.000215872	0.531647
ARR3	down	2	1.0	-0.265821	6.74562e-05	0.531643
COX6B1	down	2	1.0	-0.265812	1.17866e-05	0.531624
RAB7A	down	2	1.0	-0.265637	3.7395e-08	0.531274
TRABD	up	2	1.0	0.265565	3.4058e-07	0.53113
MRPL11	down	2	1.0	-0.265507	0.0101565	0.531014
DDX60L	up	2	1.0	0.265479	0.126838	0.530958
MGC40069	up	2	1.0	0.265468	0.0045425	0.530936
SYT7	down	2	1.0	-0.265456	0.00483711	0.530913
U2AF1	up	2	1.0	0.265442	0.00298276	0.530885
NSMCE3	up	2	1.0	0.265406	3.60582e-09	0.530812
CMTM6	up	2	1.0	0.265255	4.87798e-06	0.530511
FAF1	down	2	1.0	-0.26518	0.000480508	0.530361
LOC401052	down	2	1.0	-0.265176	0.00921023	0.530351
KIF20B	up	2	1.0	0.265158	0.0280055	0.530317
ZNF175	down	2	1.0	-0.265099	0.0040755	0.530199
ANKMY1	down	2	1.0	-0.264991	2.39534e-06	0.529982
ATG16L2	up	2	1.0	0.26493	0.0110096	0.52986
SAP18	down	2	1.0	-0.264836	3.021e-06	0.529671
DDX19B	down	2	1.0	-0.264791	0.00227305	0.529581
MYRIP	down	2	1.0	-0.264774	0.00887992	0.529549
UNC119	up	2	1.0	0.264769	1.01256e-07	0.529539
TSEN15	up	2	1.0	0.26472	0.0412347	0.52944
ORAI1	up	2	1.0	0.264687	0.000366517	0.529375
MAX	down	2	1.0	-0.264679	4.67725e-08	0.529358
NOP58	up	2	1.0	0.264671	0.0243351	0.529342
FLJ36840	down	2	1.0	-0.264659	0.0302605	0.529317
PAQR4	up	2	1.0	0.264539	6.27908e-07	0.529079
ACAD8	down	2	1.0	-0.264319	3.21268e-06	0.528638
CATSPER3	down	2	1.0	-0.264282	0.000294385	0.528565
PEX11B	down	2	1.0	-0.264084	0.000623105	0.528167
PTRHD1	down	2	1.0	-0.264035	0.00409731	0.528071
TAS2R5	down	2	1.0	-0.264024	0.000116081	0.528048
DDX50	up	2	1.0	0.264018	0.00150352	0.528036
B3GNT9	up	2	1.0	0.263927	3.02033e-05	0.527853
SLC35F1	up	2	1.0	0.263908	0.00495228	0.527817
IFT20	up	2	1.0	0.263897	0.00174749	0.527794
LRBA	down	2	1.0	-0.26388	0.00195886	0.52776
PHPT1	down	2	1.0	-0.263653	0.000115054	0.527305
ZFP2	down	2	1.0	-0.263614	9.25301e-05	0.527228
SVBP	down	2	1.0	-0.263591	0.00516417	0.527181
DLL1	up	2	1.0	0.263569	0.000436113	0.527138
ARL15	down	2	1.0	-0.263566	0.00912017	0.527131
GAK	down	2	1.0	-0.263489	0.00360573	0.526977
SLU7	down	2	1.0	-0.263476	1.56066e-05	0.526951
GINS3	up	2	1.0	0.263468	0.00396887	0.526937
HEXA-AS1	down	2	1.0	-0.263454	6.84258e-05	0.526908
CDCA7	down	2	1.0	-0.263418	0.00115134	0.526836
GATA2	up	2	1.0	0.263412	3.32284e-05	0.526825
SRF	up	2	1.0	0.263381	9.36339e-11	0.526761
ST6GALNAC4	up	2	1.0	0.263308	0.000111746	0.526616
CNOT9	up	2	1.0	0.2632	7.56431e-05	0.526399
SLC25A6	down	2	1.0	-0.263105	2.33609e-06	0.52621
HIST1H1D	up	2	1.0	0.263032	1.16317e-05	0.526064
BCO2	down	2	1.0	-0.262981	0.000536537	0.525962
BRD2	up	2	1.0	0.262918	1.74325e-05	0.525835
MCM5	up	2	1.0	0.262915	0.0229535	0.52583
PDXDC2P	down	2	1.0	-0.26291	2.06237e-05	0.525819
PAX8	down	2	1.0	-0.262809	7.28757e-07	0.525618
TMED5	up	2	1.0	0.262747	0.00995693	0.525494
CBX3	up	2	1.0	0.262732	0.000174369	0.525463
EXO1	up	2	1.0	0.262626	0.0257811	0.525251
NUTF2	up	2	1.0	0.262442	1.09738e-05	0.524884
MARVELD1	down	2	1.0	-0.262406	0.000342586	0.524813
CEP78	up	2	1.0	0.26236	0.000722383	0.524721
SNX33	down	2	1.0	-0.262315	0.00186401	0.524631
ENPP7	down	2	1.0	-0.262304	0.00197839	0.524608
NXT1	up	2	1.0	0.262291	0.0232662	0.524582
DNAL4	down	2	1.0	-0.262242	0.000354608	0.524485
BTAF1	up	2	1.0	0.26222	0.0012521	0.524441
PRAM1	up	2	1.0	0.262113	0.000285112	0.524225
CDK5RAP3	up	2	1.0	0.262111	0.0182619	0.524223
NFATC4	up	2	1.0	0.262042	0.00341632	0.524083
VWA5B1	down	2	1.0	-0.261938	0.00826522	0.523876
KDM4B	up	2	1.0	0.261929	0.000151718	0.523859
SP6	up	2	1.0	0.261882	0.00402092	0.523764
APOE	up	2	1.0	0.261875	1.5589e-05	0.52375
KLK4	down	2	1.0	-0.261779	4.032e-06	0.523559
BOLA1	down	2	1.0	-0.261675	0.00297584	0.523349
TRPC7	down	2	1.0	-0.261648	0.000644682	0.523296
CEP120	up	2	1.0	0.261627	5.11661e-05	0.523254
RNF43	down	2	1.0	-0.261593	0.00448075	0.523185
EXD3	down	2	1.0	-0.261514	0.00389985	0.523029
DSN1	up	2	1.0	0.261452	0.0117066	0.522903
SMIM3	up	2	1.0	0.261426	3.14839e-14	0.522852
CACUL1	down	2	1.0	-0.261425	3.7912e-06	0.522851
ZNF862	down	2	1.0	-0.26136	7.53772e-06	0.522719
FHOD3	up	2	1.0	0.261137	0.0121463	0.522273
JMY	up	2	1.0	0.261111	0.00131451	0.522221
HAUS5	up	2	1.0	0.261039	0.00308817	0.522077
DLL4	up	2	1.0	0.260983	9.94862e-05	0.521966
BTBD1	down	2	1.0	-0.26098	1.44774e-05	0.52196
MTMR2	down	2	1.0	-0.260853	0.0154543	0.521707
LOC388882	down	2	1.0	-0.260845	0.000557253	0.52169
ARHGAP20	down	2	1.0	-0.260809	0.0729408	0.521618
CAB39L	down	2	1.0	-0.260676	0.0171355	0.521353
SNX21	down	2	1.0	-0.260647	0.00419405	0.521294
ALKBH1	down	2	1.0	-0.26058	0.000155554	0.521161
LRRTM2	up	2	1.0	0.260578	0.000998445	0.521156
CCDC122	down	2	1.0	-0.260549	0.00459038	0.521099
STX1A	up	2	1.0	0.260456	0.0029776	0.520913
SERBP1	down	2	1.0	-0.260422	0.00466743	0.520844
RBM7	down	2	1.0	-0.260381	0.0250092	0.520761
RIMS4	down	2	1.0	-0.260254	8.03201e-06	0.520507
ZNF250	down	2	1.0	-0.260206	1.63884e-05	0.520412
TIMM21	down	2	1.0	-0.260104	0.00166983	0.520209
OXNAD1	down	2	1.0	-0.260098	1.75823e-05	0.520195
SGPL1	down	2	1.0	-0.260097	6.28771e-08	0.520194
NXT2	down	2	1.0	-0.260049	0.00977594	0.520099
FANCF	down	2	1.0	-0.260024	0.00202433	0.520048
MTMR4	down	2	1.0	-0.259875	0.000634388	0.519751
MSRB3	up	2	1.0	0.259865	0.000116084	0.519731
SNX14	down	2	1.0	-0.259798	8.15859e-08	0.519595
RAP2C	up	2	1.0	0.259787	0.00079779	0.519573
SLC1A7	down	2	1.0	-0.259764	0.000263569	0.519528
EVPL	down	2	1.0	-0.259652	0.000826097	0.519303
SSBP1	up	2	1.0	0.259559	0.0164697	0.519118
ARPC5L	up	2	1.0	0.259549	0.000765643	0.519099
MARK2	down	2	1.0	-0.25953	0.000228778	0.519061
TJP2	down	2	1.0	-0.259456	1.61523e-05	0.518913
RANGAP1	up	2	1.0	0.259358	0.000229002	0.518715
KIAA1147	down	2	1.0	-0.259312	0.00185901	0.518623
FOLR3	up	2	1.0	0.259224	0.00666831	0.518448
CCDC25	down	2	1.0	-0.259126	0.00263635	0.518252
EXOC2	up	2	1.0	0.259084	0.012419	0.518169
UTP6	up	2	1.0	0.259072	0.000352256	0.518144
SLC25A29	up	2	1.0	0.259012	0.0290039	0.518024
TCTA	down	2	1.0	-0.258999	3.98763e-05	0.517998
DSEL	up	2	1.0	0.258967	0.0041664	0.517935
HNRNPH3	down	2	1.0	-0.258914	0.00642124	0.517828
PDGFB	up	2	1.0	0.258838	3.65543e-05	0.517677
SEPHS1	down	2	1.0	-0.258837	0.000162078	0.517674
MYO9B	up	2	1.0	0.258783	0.000131734	0.517566
BET1	up	2	1.0	0.258753	0.0256765	0.517506
ENTPD6	down	2	1.0	-0.258739	0.00511541	0.517478
PSPC1	up	2	1.0	0.258689	0.000686739	0.517378
SDF2	down	2	1.0	-0.258678	0.00226072	0.517355
AMFR	down	2	1.0	-0.258647	0.000600757	0.517294
CDCA3	up	2	1.0	0.258581	0.00360427	0.517162
SLCO1C1	down	2	1.0	-0.258564	9.22363e-06	0.517129
WLS	down	2	1.0	-0.258564	0.00980705	0.517129
IL10	up	2	1.0	0.258557	2.3249e-06	0.517114
REV1	down	2	1.0	-0.258533	0.00130099	0.517066
USP32	up	2	1.0	0.258491	0.000470098	0.516981
TYK2	up	2	1.0	0.258454	5.1713e-05	0.516909
CCDC141	up	2	1.0	0.258438	7.20345e-06	0.516876
PIDD1	down	2	1.0	-0.258406	0.0150162	0.516811
KIAA2026	down	2	1.0	-0.25831	0.0158017	0.51662
DTD2	down	2	1.0	-0.258279	0.00108475	0.516557
DCUN1D3	up	2	1.0	0.258254	1.82612e-06	0.516508
SNRNP48	down	2	1.0	-0.258072	0.000497611	0.516143
TOX4	down	2	1.0	-0.258059	2.13444e-05	0.516119
ZDHHC14	up	2	1.0	0.25793	0.00365056	0.51586
NEIL2	up	2	1.0	0.257925	0.000129024	0.515849
ZBTB18	up	2	1.0	0.257839	0.0043013	0.515679
TIAM1	up	2	1.0	0.257779	0.000178799	0.515557
ELP3	down	2	1.0	-0.257646	0.0106427	0.515292
HPDL	down	2	1.0	-0.257643	0.000627343	0.515287
HLA-C	up	2	1.0	0.257624	0.000148933	0.515247
ARMC7	down	2	1.0	-0.257599	0.0157199	0.515198
KIAA0556	down	2	1.0	-0.257526	0.000147416	0.515053
ZDHHC12	down	2	1.0	-0.257525	0.0029339	0.51505
PSMC3	up	2	1.0	0.25733	0.00188081	0.51466
ZFYVE27	down	2	1.0	-0.257226	1.81959e-06	0.514452
COLEC12	up	2	1.0	0.257182	0.0215849	0.514363
RBBP8NL	down	2	1.0	-0.257128	0.00175804	0.514257
CCNE1	up	2	1.0	0.257076	0.00297793	0.514152
MRPL47	down	2	1.0	-0.256992	1.67587e-05	0.513983
KLHL36	down	2	1.0	-0.256991	4.54597e-05	0.513983
CECR5	down	2	1.0	-0.256904	0.000118844	0.513807
HEXA	up	2	1.0	0.256864	0.00550784	0.513728
BTBD7	down	2	1.0	-0.256848	1.73682e-05	0.513696
KIZ	up	2	1.0	0.256769	0.03633	0.513539
GZF1	up	2	1.0	0.256758	0.0012446	0.513516
CACNA1F	down	2	1.0	-0.256724	0.000676228	0.513448
SCAMP1	down	2	1.0	-0.256559	0.0607478	0.513119
CLDN10	up	2	1.0	0.25654	0.000219382	0.513079
ATP13A1	up	2	1.0	0.256493	0.000658916	0.512987
ZBTB16	up	2	1.0	0.256478	0.00731578	0.512956
GLTSCR2	down	2	1.0	-0.256474	0.000669068	0.512949
CD209	up	2	1.0	0.256466	0.104217	0.512931
COPG1	up	2	1.0	0.256441	6.45689e-05	0.512883
PJA2	down	2	1.0	-0.256414	0.0040752	0.512828
MYO19	down	2	1.0	-0.256379	0.000364854	0.512757
LAMP2	down	2	1.0	-0.256329	0.000215979	0.512658
SIN3A	down	2	1.0	-0.256325	8.4609e-05	0.512649
SRSF8	down	2	1.0	-0.256306	3.38273e-05	0.512613
NOP10	up	2	1.0	0.256287	0.000137319	0.512573
H1FX	up	2	1.0	0.256274	0.00122562	0.512549
JARID2	up	2	1.0	0.256267	0.00781471	0.512535
AKR1C1	down	2	1.0	-0.256259	0.00987716	0.512517
MLH1	up	2	1.0	0.256223	0.00285833	0.512447
LPAR3	up	2	1.0	0.256187	0.0201109	0.512374
CYP3A43	down	2	1.0	-0.256114	2.12188e-05	0.512228
DOCK9	up	2	1.0	0.256061	0.0120331	0.512121
ZNF738	down	2	1.0	-0.256038	0.0042981	0.512076
MICU3	up	2	1.0	0.25598	0.0011702	0.51196
CDK17	up	2	1.0	0.255964	0.00150502	0.511929
FRAS1	down	2	1.0	-0.25596	0.00912017	0.51192
IPO11	up	2	1.0	0.255911	0.0601803	0.511821
RBFOX1	down	2	1.0	-0.255876	0.00283101	0.511752
CASZ1	down	2	1.0	-0.255742	6.65007e-05	0.511484
ARNTL	down	2	1.0	-0.25574	0.109497	0.51148
RPL13	up	2	1.0	0.255637	0.000172856	0.511273
KHNYN	down	2	1.0	-0.255599	0.000155554	0.511198
CADPS2	up	2	1.0	0.255528	1.25496e-06	0.511055
WFDC12	up	2	1.0	0.255517	0.0228537	0.511033
UNKL	up	2	1.0	0.255457	0.00490718	0.510913
DHCR24	down	2	1.0	-0.255428	0.0292943	0.510856
KLHL42	down	2	1.0	-0.255402	0.00278909	0.510804
METTL14	down	2	1.0	-0.255378	0.000112499	0.510756
LINC00189	up	2	1.0	0.255319	0.000934409	0.510637
LOC100129503	down	2	1.0	-0.255317	1.35277e-05	0.510634
RNF44	down	2	1.0	-0.255316	2.26017e-07	0.510632
NF1	down	2	1.0	-0.255283	1.03089e-05	0.510566
C2orf69	down	2	1.0	-0.255271	2.20755e-07	0.510542
TMPO	up	2	1.0	0.255252	1.45647e-05	0.510504
TMEM44	down	2	1.0	-0.255229	0.00207871	0.510458
NCAPD2	up	2	1.0	0.255153	0.00312041	0.510307
TAF11	down	2	1.0	-0.255136	3.36707e-06	0.510271
FAM96A	down	2	1.0	-0.254984	0.0488476	0.509968
AK9	down	2	1.0	-0.254967	0.0020297	0.509934
LOC102723701	down	2	1.0	-0.254955	0.00892402	0.50991
GLTSCR1L	down	2	1.0	-0.254918	5.39739e-06	0.509837
TP53INP1	up	2	1.0	0.25491	0.0117851	0.509821
ADRB2	up	2	1.0	0.25491	0.00269994	0.50982
EIF3M	up	2	1.0	0.254859	0.0357085	0.509718
METTL2B	down	2	1.0	-0.254847	5.21021e-06	0.509694
FLOT1	up	2	1.0	0.254825	0.00546972	0.50965
KRAS	down	2	1.0	-0.254817	1.46156e-05	0.509633
CERS4	up	2	1.0	0.254712	1.87719e-07	0.509423
PJA1	up	2	1.0	0.254583	1.08718e-05	0.509166
MB21D2	up	2	1.0	0.254575	0.0674582	0.509151
INF2	down	2	1.0	-0.254533	0.000228563	0.509066
MTHFD1	up	2	1.0	0.254525	0.018813	0.509049
TNFSF14	up	2	1.0	0.254097	0.000409723	0.508193
TMEM86B	up	2	1.0	0.254095	0.00608043	0.50819
LINC01341	down	2	1.0	-0.254093	0.0059655	0.508186
CCDC153	down	2	1.0	-0.253978	0.00617864	0.507955
SAMM50	down	2	1.0	-0.25393	0.000495581	0.50786
USP15	up	2	1.0	0.253884	0.00304418	0.507767
ZNF641	up	2	1.0	0.253848	0.00149985	0.507696
EIF2AK4	up	2	1.0	0.253838	0.0236179	0.507676
JAKMIP1	up	2	1.0	0.253838	8.95825e-06	0.507675
TMEM186	down	2	1.0	-0.253774	0.0109329	0.507548
PF4V1	up	2	1.0	0.253734	1.47249e-06	0.507469
TLK2	down	2	1.0	-0.25373	0.000548905	0.507461
PSG3	down	2	1.0	-0.253691	0.00539246	0.507382
IGFBP6	up	2	1.0	0.253663	0.00277725	0.507326
CSF2	up	2	1.0	0.253609	0.000493074	0.507218
C10orf71	down	2	1.0	-0.253494	1.03696e-05	0.506988
RUSC1	down	2	1.0	-0.253456	7.81748e-05	0.506912
SOX30	down	2	1.0	-0.253426	0.000439654	0.506853
EXOC1	down	2	1.0	-0.25337	3.53926e-10	0.506739
MRPS6	down	2	1.0	-0.253341	0.0105627	0.506682
CAMKMT	down	2	1.0	-0.253325	0.00125792	0.506649
EIF2B3	up	2	1.0	0.253322	0.00880142	0.506644
PCSK9	up	2	1.0	0.253272	0.0119251	0.506544
ABCB10	down	2	1.0	-0.253227	3.92915e-06	0.506455
RHOBTB1	up	2	1.0	0.253226	0.0124175	0.506452
HCG9	down	2	1.0	-0.253151	0.000205455	0.506302
PPP2CB	down	2	1.0	-0.2531	0.000698767	0.506199
TAPT1	down	2	1.0	-0.253096	0.0209267	0.506191
XCL2	down	2	1.0	-0.253092	0.0524469	0.506183
SIGMAR1	down	2	1.0	-0.25309	3.95064e-06	0.506181
LARP7	down	2	1.0	-0.253082	0.000288493	0.506163
SIK3	up	2	1.0	0.253045	0.0185535	0.506089
MYBBP1A	up	2	1.0	0.253043	0.000235432	0.506085
KRT15	up	2	1.0	0.252998	0.00233184	0.505996
GABRA5	down	2	1.0	-0.252939	0.000524428	0.505879
MLPH	up	2	1.0	0.252891	0.0386581	0.505781
COMMD6	down	2	1.0	-0.252858	0.0149534	0.505715
TMEM91	up	2	1.0	0.252782	0.0254695	0.505564
ARFGAP1	up	2	1.0	0.252755	8.52468e-08	0.50551
FIBCD1	up	2	1.0	0.252696	0.0343664	0.505392
SIX1	up	2	1.0	0.252688	2.14278e-05	0.505377
TMEM69	down	2	1.0	-0.252675	0.000485207	0.50535
ITPRIPL2	up	2	1.0	0.252667	9.39059e-05	0.505333
PEX10	down	2	1.0	-0.252532	7.01358e-08	0.505065
FMR1	down	2	1.0	-0.252505	0.000308434	0.505011
ASIC3	down	2	1.0	-0.252505	0.00347001	0.505009
COPB1	up	2	1.0	0.25237	3.98359e-05	0.50474
FAHD2A	down	2	1.0	-0.252252	0.00180524	0.504503
SECISBP2	down	2	1.0	-0.252143	3.96777e-05	0.504285
SBF1	up	2	1.0	0.25214	4.34783e-06	0.50428
MTX3	up	2	1.0	0.252045	0.0473898	0.50409
PHF20L1	up	2	1.0	0.252009	0.00318089	0.504019
RNF180	up	2	1.0	0.251938	0.00698143	0.503876
C8orf33	down	2	1.0	-0.251915	0.108583	0.50383
RRP7BP	down	2	1.0	-0.251867	0.00036921	0.503734
UBE2T	up	2	1.0	0.251867	0.0294773	0.503734
COPS8	up	2	1.0	0.251618	0.0180954	0.503236
TMEM199	down	2	1.0	-0.251617	0.00730055	0.503235
NAA25	up	2	1.0	0.251576	0.0588989	0.503153
TADA1	down	2	1.0	-0.25153	0.00313478	0.50306
TIGD1	down	2	1.0	-0.25152	0.0111655	0.503039
CRYBB2	down	2	1.0	-0.251476	0.00149237	0.502951
FAM83D	up	2	1.0	0.251395	0.00285308	0.502789
AR	down	2	1.0	-0.251385	0.0282517	0.502771
TIMM13	down	2	1.0	-0.251361	0.00189644	0.502722
PLPPR1	down	2	1.0	-0.251346	0.00231978	0.502692
CBR1	down	2	1.0	-0.251321	0.0784711	0.502641
ZNF780A	down	2	1.0	-0.251281	0.0195367	0.502563
ITGB5	down	2	1.0	-0.251271	0.000277507	0.502542
DGAT2	up	2	1.0	0.251263	2.63888e-06	0.502527
TM2D2	up	2	1.0	0.251201	0.000785918	0.502403
OSTF1	up	2	1.0	0.251197	0.00216986	0.502394
ATP11B	up	2	1.0	0.251115	0.000329018	0.502231
KLHDC8B	up	2	1.0	0.251102	0.0163844	0.502203
HGD	up	2	1.0	0.251034	0.143163	0.502069
LOC100129112	down	2	1.0	-0.25102	0.00500285	0.502039
INO80D	down	2	1.0	-0.250986	0.00403575	0.501972
DIABLO	down	2	1.0	-0.25097	1.42664e-05	0.50194
IGF2R	up	2	1.0	0.250943	0.0718793	0.501885
ACTR3	up	2	1.0	0.250884	1.48141e-06	0.501768
RIIAD1	down	2	1.0	-0.250876	0.0699372	0.501752
SKI	up	2	1.0	0.250866	1.63172e-07	0.501732
TMCC1	up	2	1.0	0.250798	0.000682456	0.501596
GSTK1	down	2	1.0	-0.250793	6.76314e-12	0.501585
MID1	down	2	1.0	-0.250758	0.00131104	0.501516
NRSN2	up	2	1.0	0.250714	0.000715959	0.501428
GABPA	down	2	1.0	-0.250664	0.0013148	0.501328
NUP98	up	2	1.0	0.250572	0.000137632	0.501144
RPS6KC1	up	2	1.0	0.25047	0.000627144	0.50094
SLC6A8	down	2	1.0	-0.250442	0.0777132	0.500884
TBC1D16	up	2	1.0	0.25044	0.00680356	0.50088
SYN3	down	2	1.0	-0.250395	0.000618076	0.500789
LRRC37A2	up	2	1.0	0.2503	0.135299	0.500599
KDM2A	up	2	1.0	0.250262	9.46335e-05	0.500525
POP1	up	2	1.0	0.250233	0.00449961	0.500467
ZNF200	up	2	1.0	0.250219	0.000126812	0.500438
CRABP1	down	2	1.0	-0.250178	0.00973312	0.500357
ZHX3	down	2	1.0	-0.250152	5.862e-08	0.500303
CISD2	up	2	1.0	0.250083	0.00718362	0.500166
UBP1	down	2	1.0	-0.250037	4.00491e-06	0.500074
CHMP1A	down	2	1.0	-0.249991	0.00048339	0.499982
ALPPL2	down	2	1.0	-0.249848	0.00275552	0.499695
MUL1	down	2	1.0	-0.249841	0.000203911	0.499682
NOL7	down	2	1.0	-0.249814	3.31673e-06	0.499628
KCP	up	2	1.0	0.249776	0.0435846	0.499553
TEX2	down	2	1.0	-0.249762	0.000562329	0.499524
TATDN1	down	2	1.0	-0.249598	0.000360354	0.499195
AXIN2	down	2	1.0	-0.249584	0.00367094	0.499169
SLC25A40	down	2	1.0	-0.249564	0.00191628	0.499128
METTL16	up	2	1.0	0.249522	0.00440587	0.499044
DMAP1	down	2	1.0	-0.249362	1.14556e-05	0.498725
ZBTB32	up	2	1.0	0.249351	0.000883958	0.498702
GORASP1	down	2	1.0	-0.249331	0.000167347	0.498661
ZNF140	down	2	1.0	-0.249298	0.00397253	0.498597
NANS	down	2	1.0	-0.249245	0.000553671	0.498491
EMC3	down	2	1.0	-0.249221	2.67016e-06	0.498441
SPSB3	down	2	1.0	-0.249212	0.00435509	0.498424
C19orf53	up	2	1.0	0.2492	0.00999745	0.4984
SP4	up	2	1.0	0.249134	0.00979633	0.498267
LY6D	up	2	1.0	0.24909	0.0063623	0.49818
ZMAT2	down	2	1.0	-0.249059	0.000805105	0.498118
IL34	up	2	1.0	0.249012	9.50017e-06	0.498024
EPB41	down	2	1.0	-0.248995	0.000159356	0.497991
POLR2F	down	2	1.0	-0.248957	6.53662e-07	0.497914
PIM1	up	2	1.0	0.248942	0.0550011	0.497884
MAZ	down	2	1.0	-0.248874	0.000116668	0.497749
CDCA5	up	2	1.0	0.24879	0.000323695	0.49758
TRPT1	down	2	1.0	-0.248692	0.0202752	0.497384
SFTPC	down	2	1.0	-0.248672	0.000126356	0.497344
FAM175A	down	2	1.0	-0.248666	0.0101675	0.497333
RAB9B	down	2	1.0	-0.248641	0.00685701	0.497282
SMARCA5	up	2	1.0	0.248577	0.000329977	0.497153
FCHO1	up	2	1.0	0.248569	0.000290682	0.497139
MSL1	up	2	1.0	0.248552	0.000133101	0.497103
VWA3B	down	2	1.0	-0.248545	0.00124709	0.49709
REEP2	down	2	1.0	-0.248433	0.00151265	0.496865
ENPP6	down	2	1.0	-0.248372	0.000105607	0.496743
NUP93	up	2	1.0	0.248309	0.000708912	0.496618
CRMP1	up	2	1.0	0.248273	6.89212e-05	0.496545
CDKL5	up	2	1.0	0.248209	0.000452371	0.496418
GUCY1B2	down	2	1.0	-0.248178	0.0190703	0.496357
IL15	up	2	1.0	0.248118	0.0465662	0.496236
MED10	up	2	1.0	0.248085	0.00695566	0.496171
USPL1	up	2	1.0	0.248082	0.0177639	0.496164
RBMS2	down	2	1.0	-0.248056	0.0429118	0.496111
TJAP1	up	2	1.0	0.248046	0.0121223	0.496091
GSTO1	up	2	1.0	0.247969	0.000522946	0.495937
RNMT	up	2	1.0	0.247934	0.00188589	0.495867
PLCH1	down	2	1.0	-0.247912	0.00166618	0.495825
TNFSF4	down	2	1.0	-0.247895	0.023799	0.495791
LOC401320	down	2	1.0	-0.247883	0.0180678	0.495766
LOC440896	up	2	1.0	0.247685	2.21464e-08	0.495369
LRWD1	up	2	1.0	0.247682	2.58922e-05	0.495364
IRF2BPL	up	2	1.0	0.247566	1.7627e-06	0.495133
DOLK	up	2	1.0	0.24755	0.000392319	0.4951
AKAP3	down	2	1.0	-0.247532	0.000184793	0.495065
CCAR1	up	2	1.0	0.247512	0.0115944	0.495024
RFT1	up	2	1.0	0.247434	0.0594704	0.494868
RGS10	up	2	1.0	0.247421	0.0326733	0.494842
HIST1H4H	down	2	1.0	-0.247386	0.034899	0.494772
TPSG1	down	2	1.0	-0.247352	0.0346904	0.494705
HIF1AN	down	2	1.0	-0.24731	0.00296515	0.49462
TNFRSF18	up	2	1.0	0.247291	0.000678375	0.494582
HHLA3	down	2	1.0	-0.247179	0.00170962	0.494357
EPM2AIP1	up	2	1.0	0.247178	0.0456504	0.494356
ARF6	down	2	1.0	-0.247084	0.00322408	0.494167
C1D	down	2	1.0	-0.247014	0.0539287	0.494029
TIMELESS	up	2	1.0	0.247008	0.000885097	0.494016
GAREM2	down	2	1.0	-0.246969	4.0005e-05	0.493938
CRABP2	up	2	1.0	0.246885	0.00172367	0.49377
EPN2	up	2	1.0	0.246669	8.14889e-05	0.493338
KLHL12	down	2	1.0	-0.246637	0.000166452	0.493274
RASD1	down	2	1.0	-0.246626	0.0192186	0.493253
ZNF528	down	2	1.0	-0.246603	0.000583017	0.493206
SLC4A7	up	2	1.0	0.246582	0.0389356	0.493163
FAM149B1	down	2	1.0	-0.246469	0.00533703	0.492938
ASXL3	down	2	1.0	-0.246423	0.000187516	0.492845
DGCR8	down	2	1.0	-0.246373	0.00563478	0.492746
RIMS3	up	2	1.0	0.246369	0.0153234	0.492738
ZNF77	down	2	1.0	-0.246321	0.00141991	0.492643
EIF2S1	up	2	1.0	0.246268	0.0114671	0.492536
KIAA0907	down	2	1.0	-0.246263	1.43225e-06	0.492527
IL32	down	2	1.0	-0.246254	0.117568	0.492509
RPL23	up	2	1.0	0.24625	0.0470348	0.4925
GSTM3	down	2	1.0	-0.246204	0.0986662	0.492409
CIAO1	down	2	1.0	-0.246143	0.000201514	0.492286
FECH	down	2	1.0	-0.246139	0.00877152	0.492279
PGLS	down	2	1.0	-0.246096	0.00197069	0.492191
PDHB	down	2	1.0	-0.246061	0.00208907	0.492123
TP53BP1	up	2	1.0	0.245987	0.000559661	0.491974
PPP4R4	up	2	1.0	0.245977	5.33529e-07	0.491955
ZNF260	down	2	1.0	-0.245958	0.0101989	0.491916
TMEM225	down	2	1.0	-0.245929	6.80637e-05	0.491858
TMEM176A	down	2	1.0	-0.245923	0.00176137	0.491846
POLR2D	up	2	1.0	0.245906	1.30466e-05	0.491813
JSRP1	up	2	1.0	0.245889	0.000119538	0.491778
EPRS	up	2	1.0	0.245877	0.0931941	0.491754
CCDC30	down	2	1.0	-0.245855	4.17117e-05	0.49171
ATP6V1G1	up	2	1.0	0.245843	2.33479e-07	0.491686
NAT9	up	2	1.0	0.245835	0.0014867	0.491671
ARAP1	up	2	1.0	0.245833	0.00121653	0.491665
COX8A	down	2	1.0	-0.245829	0.0016039	0.491659
MAN2C1	down	2	1.0	-0.245808	0.000113148	0.491615
MYCNOS	down	2	1.0	-0.245797	0.00109777	0.491593
PRMT6	down	2	1.0	-0.245787	0.0365912	0.491575
REPS1	down	2	1.0	-0.245739	5.18042e-09	0.491479
ATP5J2	down	2	1.0	-0.245738	2.12379e-06	0.491477
NUP107	up	2	1.0	0.245726	0.0147656	0.491452
EEF1A1	down	2	1.0	-0.245695	0.00303656	0.491389
MUC13	up	2	1.0	0.245656	0.00015366	0.491312
CDKN1C	up	2	1.0	0.245585	0.0140461	0.491171
SFN	down	2	1.0	-0.245464	0.0129627	0.490928
DDA1	down	2	1.0	-0.245449	0.0105058	0.490899
PRKAG2	down	2	1.0	-0.245441	0.000167754	0.490882
ZNF627	down	2	1.0	-0.24544	0.000439288	0.49088
HK1	up	2	1.0	0.245417	0.0373318	0.490834
HIST1H2BJ	up	2	1.0	0.245411	0.00603956	0.490822
BUB1B	up	2	1.0	0.245299	0.00497972	0.490597
ATL3	up	2	1.0	0.245286	0.000219367	0.490573
SNAP25	up	2	1.0	0.245246	3.6627e-05	0.490491
HMGN3	up	2	1.0	0.245171	1.18717e-05	0.490341
ACD	up	2	1.0	0.245153	1.97432e-06	0.490306
TMUB1	down	2	1.0	-0.245134	0.00270556	0.490267
CRY1	up	2	1.0	0.245131	0.000487085	0.490261
REEP3	down	2	1.0	-0.245125	0.0319154	0.49025
RNF181	up	2	1.0	0.245118	0.00266513	0.490236
LRRN1	up	2	1.0	0.245014	0.00340278	0.490029
TUBA4A	up	2	1.0	0.244986	0.00527296	0.489972
DCTN2	down	2	1.0	-0.244964	0.00478766	0.489927
SRRD	up	2	1.0	0.244951	0.0132686	0.489901
PARM1	down	2	1.0	-0.244932	0.127016	0.489864
NAGPA	down	2	1.0	-0.24493	0.00415214	0.489861
ZIC1	down	2	1.0	-0.244773	0.0128052	0.489546
ZNF418	up	2	1.0	0.244751	0.0160303	0.489503
RPS3A	down	2	1.0	-0.244746	0.00342042	0.489492
ODF2L	up	2	1.0	0.244664	0.0666158	0.489328
SNORA74A	down	2	1.0	-0.244647	0.0285447	0.489295
DNASE1	down	2	1.0	-0.244602	0.0267965	0.489204
CLEC3B	up	2	1.0	0.244571	0.0338515	0.489142
PPOX	up	2	1.0	0.244548	1.11002e-05	0.489096
CMSS1	up	2	1.0	0.244515	0.00640358	0.48903
SMPD1	down	2	1.0	-0.24451	0.0134858	0.489021
ATP12A	down	2	1.0	-0.244253	0.271465	0.488505
UTP14A	up	2	1.0	0.244207	0.0399429	0.488414
ALG9	up	2	1.0	0.244091	0.000117046	0.488182
SLC8A2	down	2	1.0	-0.24402	0.00502625	0.488039
DSTYK	up	2	1.0	0.244017	6.57907e-05	0.488033
HS6ST1	up	2	1.0	0.244016	0.0130372	0.488032
TEX30	up	2	1.0	0.244007	0.010911	0.488014
C6	down	2	1.0	-0.243845	0.00566871	0.487691
CH17-340M24.3	down	2	1.0	-0.243809	0.000285228	0.487618
RAB14	down	2	1.0	-0.243789	0.000378412	0.487578
ZMYND19	up	2	1.0	0.243748	0.0166077	0.487497
MTFMT	down	2	1.0	-0.243682	1.05809e-05	0.487364
HAUS8	down	2	1.0	-0.243635	0.00390499	0.487269
MFSD8	down	2	1.0	-0.243556	0.000754789	0.487112
PTCD3	down	2	1.0	-0.24337	0.000324538	0.486741
SBSN	up	2	1.0	0.243351	0.00847364	0.486703
ZNF431	up	2	1.0	0.24335	0.0240167	0.4867
HKDC1	up	2	1.0	0.243307	0.187828	0.486613
COA6	down	2	1.0	-0.243276	0.000129089	0.486552
CANT1	down	2	1.0	-0.243217	0.00302032	0.486434
FAM214A	up	2	1.0	0.243173	0.0635486	0.486346
SLC45A4	up	2	1.0	0.243073	0.0101322	0.486146
CDNF	down	2	1.0	-0.243042	1.68834e-05	0.486083
BOK	up	2	1.0	0.243007	0.00931135	0.486013
ATG4B	down	2	1.0	-0.242936	0.0113654	0.485871
KMT2A	up	2	1.0	0.2428	0.00405367	0.485599
C5	up	2	1.0	0.242706	0.00854198	0.485413
PARP6	up	2	1.0	0.242686	0.0602776	0.485373
HOPX	up	2	1.0	0.242677	0.152413	0.485353
FAM32A	down	2	1.0	-0.242674	0.000106239	0.485348
HMGXB3	up	2	1.0	0.242638	9.60946e-05	0.485275
OGG1	down	2	1.0	-0.242588	0.000166271	0.485177
ATXN3	down	2	1.0	-0.242416	0.00624047	0.484831
IBA57	down	2	1.0	-0.242387	0.000117074	0.484775
ERGIC2	up	2	1.0	0.242358	0.00190679	0.484717
TMX1	down	2	1.0	-0.242336	0.000101291	0.484672
OSR2	up	2	1.0	0.242325	0.00333382	0.484651
PTGDR2	down	2	1.0	-0.242246	5.84353e-05	0.484492
PYCARD	down	2	1.0	-0.242235	0.00673659	0.484469
FCHO2	down	2	1.0	-0.242175	0.000630152	0.484349
ZNF747	down	2	1.0	-0.242159	0.0015242	0.484319
RRP36	up	2	1.0	0.242158	0.00880063	0.484317
METTL21EP	down	2	1.0	-0.242151	0.00166884	0.484302
H6PD	up	2	1.0	0.242146	0.0127551	0.484292
TMA7	down	2	1.0	-0.242128	7.12597e-06	0.484256
PER2	down	2	1.0	-0.242128	0.0298901	0.484256
PDGFRL	up	2	1.0	0.242114	0.000454264	0.484227
LINC00893	down	2	1.0	-0.242101	0.0115639	0.484202
BAZ1A	up	2	1.0	0.242099	0.00655569	0.484199
RNF144A	down	2	1.0	-0.241997	0.00541859	0.483994
LOC613266	up	2	1.0	0.241988	0.000626153	0.483977
CNFN	down	2	1.0	-0.241945	0.00145728	0.483891
PLCXD2	down	2	1.0	-0.241911	5.90334e-05	0.483822
CENPF	up	2	1.0	0.2419	0.107091	0.483801
PC	down	2	1.0	-0.241836	0.10762	0.483673
B3GNT3	down	2	1.0	-0.241828	0.0236083	0.483656
ATP13A3	up	2	1.0	0.241814	0.0078126	0.483628
NDUFA3	down	2	1.0	-0.241809	0.0051388	0.483618
KIF2A	up	2	1.0	0.24166	0.017775	0.48332
GGPS1	down	2	1.0	-0.241541	0.000114871	0.483082
TOP1MT	down	2	1.0	-0.241466	0.000259086	0.482933
TMEM120B	up	2	1.0	0.241417	1.0962e-05	0.482834
PI4K2A	up	2	1.0	0.241409	0.021976	0.482818
BAK1	up	2	1.0	0.241408	0.0356051	0.482817
PINLYP	up	2	1.0	0.241391	0.00116916	0.482782
PRR14L	down	2	1.0	-0.241278	3.57494e-07	0.482556
RPS23	down	2	1.0	-0.241268	0.017437	0.482536
MAPRE2	up	2	1.0	0.241238	1.15877e-07	0.482477
GET4	down	2	1.0	-0.241227	0.00326548	0.482455
EIF3J-AS1	down	2	1.0	-0.241203	0.00132961	0.482407
SDPR	up	2	1.0	0.24118	0.0287525	0.482361
SRPX	up	2	1.0	0.241168	0.0454219	0.482336
FAM86JP	down	2	1.0	-0.24114	0.00514333	0.482279
UBE2I	up	2	1.0	0.241136	3.95267e-05	0.482271
GANAB	up	2	1.0	0.241059	0.00148385	0.482117
FAM35A	down	2	1.0	-0.24102	0.00518901	0.48204
EPB41L4A-AS1	down	2	1.0	-0.241009	0.0388013	0.482017
SLC12A2	up	2	1.0	0.24098	0.00177785	0.481959
COPZ1	up	2	1.0	0.240908	0.000553957	0.481817
CLCNKB	down	2	1.0	-0.240791	0.00148749	0.481582
FOXP4	down	2	1.0	-0.24071	0.00577817	0.481421
ATPAF2	down	2	1.0	-0.240321	1.21719e-05	0.480642
CYTH1	up	2	1.0	0.240316	2.87021e-06	0.480633
MYO6	down	2	1.0	-0.240195	0.000481638	0.48039
MYL6B	up	2	1.0	0.240175	0.00137273	0.48035
TBK1	up	2	1.0	0.240101	0.0237561	0.480203
CEACAM21	up	2	1.0	0.240056	0.00142665	0.480112
STAB2	down	2	1.0	-0.240032	0.0396952	0.480064
PIK3C2B	down	2	1.0	-0.239951	0.0163316	0.479901
PLOD3	up	2	1.0	0.239943	0.00141161	0.479887
NEMP2	up	2	1.0	0.239874	6.13965e-05	0.479748
GABRB3	down	2	1.0	-0.239872	0.0237444	0.479745
NPC2	up	2	1.0	0.239669	0.00932956	0.479339
FXN	down	2	1.0	-0.239563	0.00100875	0.479126
KRT17P5	down	2	1.0	-0.239534	0.00436937	0.479068
VPS36	down	2	1.0	-0.239497	0.000596459	0.478993
FASTKD2	down	2	1.0	-0.239472	0.0232416	0.478944
POLR3D	up	2	1.0	0.23947	0.00134087	0.478939
LY6G6C	down	2	1.0	-0.239353	0.00638572	0.478707
APOBR	down	2	1.0	-0.239343	0.0568642	0.478687
PGBD4	down	2	1.0	-0.239278	0.000104369	0.478555
RNF2	down	2	1.0	-0.239267	0.000711838	0.478534
DCLRE1B	up	2	1.0	0.239223	0.00301864	0.478445
EFCAB14	down	2	1.0	-0.239166	0.00352145	0.478331
SH2D4A	down	2	1.0	-0.239105	0.000413154	0.47821
HSPBAP1	up	2	1.0	0.239065	0.00760801	0.47813
KCND1	up	2	1.0	0.238913	1.31379e-06	0.477826
NT5C	down	2	1.0	-0.238876	0.0442813	0.477753
SH3KBP1	down	2	1.0	-0.238846	3.14423e-05	0.477692
IL4R	up	2	1.0	0.238832	0.0632264	0.477664
NFKBID	up	2	1.0	0.238827	0.000530639	0.477655
DNASE2	up	2	1.0	0.23882	0.00874817	0.477641
TNNT2	down	2	1.0	-0.238689	0.00715633	0.477379
CCDC24	down	2	1.0	-0.238659	0.00907678	0.477318
PGS1	up	2	1.0	0.238658	0.000252684	0.477316
SIM1	down	2	1.0	-0.238617	0.00864149	0.477233
ATP6V0A1	down	2	1.0	-0.238485	2.06522e-07	0.476969
CAPN6	up	2	1.0	0.238447	0.065249	0.476894
GALT	down	2	1.0	-0.23833	8.84525e-06	0.476659
TMEM239	down	2	1.0	-0.238173	2.07858e-05	0.476345
C15orf61	down	2	1.0	-0.238151	0.0427066	0.476302
CCDC127	up	2	1.0	0.238118	0.0200302	0.476236
SEH1L	down	2	1.0	-0.23809	0.00369134	0.47618
PRSS36	down	2	1.0	-0.238075	0.001345	0.47615
PAPD7	up	2	1.0	0.238035	0.00105921	0.47607
M6PR	up	2	1.0	0.238017	0.0287165	0.476034
SHOX	down	2	1.0	-0.238	1.57032e-06	0.476
CCDC189	up	2	1.0	0.237981	0.00696374	0.475962
MAP2K1	up	2	1.0	0.237908	0.000205284	0.475816
HSPA9	down	2	1.0	-0.23787	0.00459618	0.475739
TRNAU1AP	up	2	1.0	0.237851	0.000250569	0.475702
MRPL42	down	2	1.0	-0.237849	0.0539984	0.475698
TFAP2A-AS1	up	2	1.0	0.237835	0.000435844	0.475669
MED11	down	2	1.0	-0.237833	0.00447815	0.475667
UBE2V2	down	2	1.0	-0.237817	0.00102601	0.475634
IGFBP3	up	2	1.0	0.237815	0.00123654	0.475631
SHISA9	down	2	1.0	-0.237779	0.00103784	0.475557
CROCCP2	down	2	1.0	-0.237768	0.00150568	0.475537
HDDC2	down	2	1.0	-0.237701	0.00142044	0.475402
WISP3	up	2	1.0	0.237637	0.0020045	0.475275
METTL1	up	2	1.0	0.237636	0.0170145	0.475272
RRAGC	down	2	1.0	-0.23759	0.0370475	0.475181
TRA2A	up	2	1.0	0.237539	0.0321346	0.475079
HIST1H4E	down	2	1.0	-0.237503	0.0058777	0.475007
RBBP8	up	2	1.0	0.237493	0.0290294	0.474987
TBL1X	down	2	1.0	-0.237474	0.00143241	0.474948
WNT2B	up	2	1.0	0.237408	0.00624812	0.474816
TTPAL	up	2	1.0	0.237392	8.12436e-05	0.474783
SLC25A27	down	2	1.0	-0.23737	2.23259e-05	0.47474
TSPAN1	down	2	1.0	-0.237301	0.061964	0.474603
SF1	up	2	1.0	0.237239	0.0307626	0.474478
PCBP4	up	2	1.0	0.237133	0.0406259	0.474266
RRBP1	up	2	1.0	0.237072	0.0174178	0.474144
ACLY	up	2	1.0	0.236969	0.000920917	0.473939
SIGLEC11	down	2	1.0	-0.236941	2.46584e-05	0.473882
CTSD	down	2	1.0	-0.236924	0.00164091	0.473847
PREPL	down	2	1.0	-0.236915	0.00496546	0.473829
ARCN1	up	2	1.0	0.236797	0.00164336	0.473594
ZNF292	down	2	1.0	-0.236794	0.00929797	0.473588
RAD51L3-RFFL	down	2	1.0	-0.23676	0.0214333	0.473519
DMRT2	down	2	1.0	-0.236704	0.000284076	0.473407
LSS	up	2	1.0	0.236686	0.0334025	0.473373
SPAG16	down	2	1.0	-0.236653	0.103498	0.473306
RHBDL1	down	2	1.0	-0.236645	0.000410354	0.473289
TMEM127	down	2	1.0	-0.236633	1.22354e-08	0.473265
ANKRD55	up	2	1.0	0.236591	4.91433e-05	0.473182
PLIN3	up	2	1.0	0.236567	0.0420479	0.473134
NUDCD2	down	2	1.0	-0.236486	0.000160107	0.472972
CD40LG	up	2	1.0	0.236473	0.00488647	0.472945
STK17A	up	2	1.0	0.236445	0.00236113	0.47289
FAM132A	down	2	1.0	-0.236442	0.00986446	0.472883
FANCG	up	2	1.0	0.236413	1.57515e-06	0.472827
SLC2A9	down	2	1.0	-0.23638	0.0119196	0.472761
TCEAL4	up	2	1.0	0.236268	0.00115603	0.472536
PNLIPRP1	down	2	1.0	-0.236267	0.00482753	0.472535
PSMB7	up	2	1.0	0.23618	3.54073e-05	0.472361
LOC728613	up	2	1.0	0.236173	0.00258289	0.472346
PNN	up	2	1.0	0.236128	0.0708847	0.472257
CCT7	up	2	1.0	0.236096	7.23457e-05	0.472191
ESYT1	up	2	1.0	0.236094	0.00427269	0.472187
TRMT6	up	2	1.0	0.236047	0.0048524	0.472094
SURF6	down	2	1.0	-0.236036	0.00155344	0.472073
ZC3H11A	up	2	1.0	0.23602	0.000370552	0.472041
FAM103A1	down	2	1.0	-0.236019	0.00025837	0.472037
CDC26	up	2	1.0	0.235942	0.0201995	0.471884
HOXB-AS3	down	2	1.0	-0.235876	0.0026201	0.471751
NAF1	down	2	1.0	-0.235867	0.00192765	0.471733
CDR1	up	2	1.0	0.235856	0.264566	0.471712
SOX9	up	2	1.0	0.235747	0.00776432	0.471495
ZWILCH	up	2	1.0	0.235728	0.00981185	0.471455
HOXB8	down	2	1.0	-0.235712	0.000133169	0.471425
ASB2	up	2	1.0	0.235697	0.0174435	0.471394
TAS2R3	down	2	1.0	-0.235681	0.00172435	0.471363
TRMO	down	2	1.0	-0.235652	0.00139224	0.471303
RGS11	down	2	1.0	-0.235635	3.04706e-05	0.471269
LYPLAL1	down	2	1.0	-0.235602	0.074202	0.471204
SGO2	up	2	1.0	0.235585	0.0311182	0.471169
KIF18B	up	2	1.0	0.235521	0.00443819	0.471041
EBAG9	down	2	1.0	-0.235411	6.80821e-06	0.470822
POGLUT1	up	2	1.0	0.235411	0.00327376	0.470821
LTN1	down	2	1.0	-0.235379	0.0020951	0.470759
TARSL2	up	2	1.0	0.235291	0.012227	0.470582
NPY5R	down	2	1.0	-0.235263	0.00573717	0.470526
PPFIBP1	up	2	1.0	0.2352	0.00390499	0.470399
MED28	down	2	1.0	-0.235112	0.00348957	0.470224
MIR4697HG	up	2	1.0	0.235072	0.00448921	0.470143
FUOM	down	2	1.0	-0.235034	0.122364	0.470067
LYSMD1	down	2	1.0	-0.234963	0.00649361	0.469925
WDR1	down	2	1.0	-0.234876	0.00139189	0.469753
ZNF319	up	2	1.0	0.234841	0.0014165	0.469681
CACNA1A	down	2	1.0	-0.234819	0.00241075	0.469637
GTF2IRD1	up	2	1.0	0.234766	0.00199341	0.469531
ZNF662	down	2	1.0	-0.234749	0.000304266	0.469499
TCP1	down	2	1.0	-0.234737	4.875e-05	0.469474
RFX2	down	2	1.0	-0.234735	0.101616	0.469471
SHC4	up	2	1.0	0.234734	0.00062881	0.469467
PPP2R1B	down	2	1.0	-0.234695	0.00018258	0.46939
PLA2G15	down	2	1.0	-0.234651	0.0115143	0.469302
UIMC1	up	2	1.0	0.234642	0.0164787	0.469283
ILK	up	2	1.0	0.234617	0.00191831	0.469234
GMIP	up	2	1.0	0.234597	0.000154539	0.469195
IFT140	up	2	1.0	0.234519	0.000984642	0.469038
YJEFN3	down	2	1.0	-0.234507	0.001369	0.469013
PPP1R26	down	2	1.0	-0.234431	0.00397595	0.468861
CHML	down	2	1.0	-0.23443	0.00603626	0.468859
CRYZ	up	2	1.0	0.234165	0.0715212	0.46833
AREL1	down	2	1.0	-0.234141	4.5174e-05	0.468282
NDUFA4L2	up	2	1.0	0.23413	0.000603192	0.46826
STK25	down	2	1.0	-0.234048	0.000842439	0.468095
VPS16	down	2	1.0	-0.234022	0.00228945	0.468045
ERGIC3	down	2	1.0	-0.233986	3.31928e-05	0.467971
CCKAR	down	2	1.0	-0.233891	0.00117544	0.467781
UBE2E1	down	2	1.0	-0.233844	0.0443789	0.467689
SETD5	up	2	1.0	0.233785	0.00537869	0.467569
WTAP	up	2	1.0	0.233758	0.0029191	0.467515
ANKRD35	up	2	1.0	0.233724	0.0123181	0.467449
MIRLET7D	down	2	1.0	-0.233651	7.36775e-07	0.467301
UBALD2	down	2	1.0	-0.233599	0.0104152	0.467198
CORO1C	up	2	1.0	0.233559	0.0789663	0.467117
PITX1	up	2	1.0	0.233548	6.9487e-11	0.467097
ZMAT3	up	2	1.0	0.23345	0.00521194	0.466899
BIRC5	up	2	1.0	0.233413	0.00426511	0.466827
KDELC2	up	2	1.0	0.233368	0.0422226	0.466735
ZNF780B	down	2	1.0	-0.233237	0.0761775	0.466475
DCUN1D1	down	2	1.0	-0.233182	0.000200926	0.466363
NR2E3	down	2	1.0	-0.233181	0.000349807	0.466363
ZNF174	down	2	1.0	-0.233174	1.25778e-05	0.466347
ABL1	down	2	1.0	-0.233087	1.59775e-05	0.466173
TSPAN31	down	2	1.0	-0.233036	1.51125e-05	0.466071
ZDHHC21	down	2	1.0	-0.233011	0.0203738	0.466021
ISOC1	down	2	1.0	-0.232974	0.00230503	0.465947
KAZALD1	down	2	1.0	-0.232763	0.00151516	0.465526
CAPRIN1	up	2	1.0	0.232763	0.00769301	0.465525
UBXN2B	down	2	1.0	-0.23269	0.0498118	0.46538
TSG101	down	2	1.0	-0.232646	0.000229742	0.465292
SNRPD2	up	2	1.0	0.232644	0.000619713	0.465288
KCMF1	down	2	1.0	-0.232536	4.82796e-08	0.465072
MED13	down	2	1.0	-0.232503	9.83811e-05	0.465006
LRTOMT	down	2	1.0	-0.232484	0.00373973	0.464967
CTBP2	down	2	1.0	-0.232432	2.22133e-07	0.464865
TRAPPC8	down	2	1.0	-0.232367	7.10652e-07	0.464734
BSDC1	down	2	1.0	-0.232335	0.000369914	0.46467
FAM89B	up	2	1.0	0.232328	0.00286051	0.464656
TKFC	down	2	1.0	-0.232299	0.00338158	0.464599
EIF4E2	down	2	1.0	-0.232287	6.37852e-05	0.464575
STXBP6	up	2	1.0	0.232244	0.0683301	0.464489
TMEM208	up	2	1.0	0.232225	3.35525e-05	0.46445
KLRB1	up	2	1.0	0.232193	0.352187	0.464385
LINC00260	up	2	1.0	0.232147	0.000203911	0.464293
SST	down	2	1.0	-0.232116	0.272773	0.464232
RAP2A	up	2	1.0	0.232069	0.0072448	0.464139
ARHGAP36	down	2	1.0	-0.232022	0.00217291	0.464044
RANGRF	up	2	1.0	0.231991	0.00372305	0.463983
SGPP1	down	2	1.0	-0.23187	0.151198	0.46374
TTC33	down	2	1.0	-0.231814	0.0123119	0.463629
KIAA1586	up	2	1.0	0.23174	0.127134	0.46348
C16orf72	down	2	1.0	-0.231631	9.24976e-05	0.463261
LRRC2	down	2	1.0	-0.231577	0.00112239	0.463153
KLK13	down	2	1.0	-0.231528	6.6617e-06	0.463056
FAM109B	up	2	1.0	0.231452	0.00243563	0.462904
NKTR	up	2	1.0	0.231436	0.00442067	0.462871
DPF2	up	2	1.0	0.231351	0.0135847	0.462703
ATP1A2	down	2	1.0	-0.231274	0.000490158	0.462549
SEC31B	down	2	1.0	-0.231262	0.00219033	0.462524
HEATR4	down	2	1.0	-0.231243	0.000152563	0.462485
POLR2J3	down	2	1.0	-0.231197	0.00100562	0.462394
MCM3	up	2	1.0	0.231194	0.0070717	0.462389
EIF1	up	2	1.0	0.231192	0.0012632	0.462385
LINC00304	down	2	1.0	-0.231168	0.00280166	0.462337
C2orf70	up	2	1.0	0.231077	0.000762154	0.462153
UBQLN1	up	2	1.0	0.231054	7.35614e-06	0.462108
STK32B	up	2	1.0	0.231047	0.0362723	0.462094
CRCP	down	2	1.0	-0.231035	0.000275087	0.462069
STARD7	down	2	1.0	-0.231014	1.04945e-08	0.462028
BROX	down	2	1.0	-0.230984	0.00219118	0.461969
SMO	up	2	1.0	0.230977	0.000562584	0.461954
EXOSC9	up	2	1.0	0.230825	5.23173e-05	0.46165
ALMS1P1	down	2	1.0	-0.230787	0.00468098	0.461574
UBA5	up	2	1.0	0.230734	2.62113e-05	0.461469
RPP30	down	2	1.0	-0.230733	0.00128891	0.461466
MYSM1	down	2	1.0	-0.230703	0.00114117	0.461405
CCDC47	down	2	1.0	-0.230677	8.03656e-06	0.461354
UBB	down	2	1.0	-0.230658	0.000303849	0.461317
MDM1	up	2	1.0	0.230654	0.0132484	0.461308
XRN1	up	2	1.0	0.230631	3.98844e-05	0.461262
TFB1M	down	2	1.0	-0.230572	0.0421078	0.461144
NDUFS7	down	2	1.0	-0.230436	0.000362971	0.460872
ZNF611	down	2	1.0	-0.230361	0.00977982	0.460723
ETF1	up	2	1.0	0.230262	0.000258913	0.460524
PMEL	down	2	1.0	-0.230262	0.00231925	0.460524
RCL1	up	2	1.0	0.230222	0.00141882	0.460445
YAE1D1	down	2	1.0	-0.230166	0.0248471	0.460332
MYH7B	down	2	1.0	-0.230126	2.54251e-05	0.460251
DNAJC6	up	2	1.0	0.23001	0.0066162	0.46002
ACY3	up	2	1.0	0.229965	0.0042251	0.45993
GANC	down	2	1.0	-0.229913	0.000143015	0.459826
PSMA3	up	2	1.0	0.229903	0.0358295	0.459805
MAPK14	down	2	1.0	-0.229876	7.86605e-05	0.459751
WDR4	up	2	1.0	0.229867	0.00145438	0.459733
RAB11A	down	2	1.0	-0.229838	0.0032707	0.459676
UBR2	down	2	1.0	-0.229801	3.53795e-06	0.459602
DCTD	up	2	1.0	0.229764	0.00159979	0.459529
SPTB	down	2	1.0	-0.229715	0.04967	0.45943
CLPX	down	2	1.0	-0.229691	0.00143772	0.459382
SLC35C1	up	2	1.0	0.229683	0.000179038	0.459365
TRMT2B	down	2	1.0	-0.229681	0.000556924	0.459362
SLC6A12	down	2	1.0	-0.229673	0.0202185	0.459345
BMP1	down	2	1.0	-0.229634	0.00583534	0.459269
AGAP2	up	2	1.0	0.229623	1.73256e-05	0.459246
PFDN6	down	2	1.0	-0.229609	0.000478741	0.459219
PHAX	down	2	1.0	-0.2296	0.00331923	0.459199
LYRM5	down	2	1.0	-0.229536	0.0542127	0.459071
ATP6V0E2	down	2	1.0	-0.22953	0.0328154	0.45906
ARL6	up	2	1.0	0.229476	0.0903439	0.458953
COL4A6	down	2	1.0	-0.229468	0.0177958	0.458936
PRRC2C	up	2	1.0	0.229458	3.37076e-05	0.458916
EXD2	down	2	1.0	-0.229457	0.00152056	0.458915
CASC2	down	2	1.0	-0.229411	0.000142546	0.458823
XKRX	down	2	1.0	-0.229406	0.00390853	0.458812
ELOVL1	down	2	1.0	-0.229401	0.0106514	0.458802
RBM17	down	2	1.0	-0.229307	4.66204e-05	0.458615
CD7	up	2	1.0	0.229305	0.00705599	0.458609
ZFYVE1	down	2	1.0	-0.229167	0.0485384	0.458334
CA10	down	2	1.0	-0.229099	0.000900879	0.458198
FKBP15	up	2	1.0	0.229049	0.00123433	0.458098
FAM218A	down	2	1.0	-0.228962	0.0171752	0.457925
PVR	down	2	1.0	-0.228869	2.4201e-06	0.457737
SIRT3	down	2	1.0	-0.228862	0.0080782	0.457724
RRAGD	up	2	1.0	0.228834	0.213164	0.457669
CDK13	down	2	1.0	-0.228819	6.39092e-08	0.457637
CTTNBP2NL	down	2	1.0	-0.228764	0.0104274	0.457527
NT5DC3	up	2	1.0	0.228755	0.0354748	0.45751
FLT3	up	2	1.0	0.228698	0.00345638	0.457397
ZNF189	up	2	1.0	0.228677	0.00728881	0.457354
TCEA1	up	2	1.0	0.228642	0.00203854	0.457284
GOLGB1	down	2	1.0	-0.2286	0.0282636	0.4572
LDB1	up	2	1.0	0.228576	0.000328036	0.457153
ZNF224	down	2	1.0	-0.228541	4.01276e-06	0.457082
PSIP1	up	2	1.0	0.228525	0.00201384	0.45705
HTR3A	up	2	1.0	0.228488	0.000605192	0.456977
NINJ2	up	2	1.0	0.228486	0.0150269	0.456971
TRIM9	down	2	1.0	-0.228484	0.0330744	0.456969
COPE	up	2	1.0	0.228413	0.00332927	0.456825
MAN2B1	up	2	1.0	0.228391	0.0067545	0.456782
TGFBRAP1	down	2	1.0	-0.228358	4.93913e-16	0.456715
SDHAF4	down	2	1.0	-0.228334	0.0600015	0.456667
CHID1	up	2	1.0	0.228232	0.000609766	0.456464
LCN8	down	2	1.0	-0.228227	0.00431401	0.456455
OR3A3	down	2	1.0	-0.228207	0.00123412	0.456413
WNT5B	up	2	1.0	0.22819	0.0142408	0.45638
KNOP1	down	2	1.0	-0.228135	0.0071861	0.45627
C21orf62-AS1	down	2	1.0	-0.228117	0.000650558	0.456235
RHOXF1	down	2	1.0	-0.228096	0.00109173	0.456193
HSF4	down	2	1.0	-0.228056	0.00422943	0.456113
KIFC3	up	2	1.0	0.227958	2.1729e-06	0.455915
METTL3	up	2	1.0	0.227957	0.0341396	0.455914
UBE2D1	up	2	1.0	0.227893	0.0569238	0.455785
REM2	up	2	1.0	0.227877	0.00121813	0.455754
MRPL39	down	2	1.0	-0.22784	0.0375357	0.45568
FBXO11	up	2	1.0	0.227828	6.25935e-05	0.455656
CAMK4	up	2	1.0	0.227797	0.0925658	0.455593
CHCHD3	down	2	1.0	-0.227784	1.49609e-07	0.455567
IL17D	down	2	1.0	-0.227778	7.35729e-05	0.455555
SLC25A30	down	2	1.0	-0.227757	0.0216231	0.455514
FBXL13	up	2	1.0	0.22771	0.000107909	0.45542
ABCA6	up	2	1.0	0.227693	0.00452464	0.455386
UBE2Z	up	2	1.0	0.227589	7.34206e-05	0.455178
MOAP1	down	2	1.0	-0.227584	1.7556e-05	0.455168
SATB1	down	2	1.0	-0.227583	0.0212854	0.455166
ZSCAN18	down	2	1.0	-0.227546	0.000519617	0.455093
SPRR3	up	2	1.0	0.227505	0.000808502	0.455011
BZW1	up	2	1.0	0.227504	0.000279942	0.455007
SMPD2	down	2	1.0	-0.227443	0.00252012	0.454887
TMEM41B	down	2	1.0	-0.227439	1.61278e-06	0.454878
WHSC1L1	down	2	1.0	-0.227408	0.000105456	0.454815
IKZF4	up	2	1.0	0.227369	0.0134735	0.454737
AZIN1	up	2	1.0	0.227199	0.0886304	0.454397
COPS5	down	2	1.0	-0.227187	0.0255202	0.454374
LCN12	down	2	1.0	-0.227156	0.0287208	0.454313
ATF4	up	2	1.0	0.227152	0.00243762	0.454303
SH3GLB1	up	2	1.0	0.227047	0.0132995	0.454095
RALGDS	up	2	1.0	0.227046	0.0681803	0.454092
PPP4R3B	down	2	1.0	-0.227016	0.00034831	0.454032
LOC152048	down	2	1.0	-0.227013	0.00140716	0.454025
GPAT2	up	2	1.0	0.226938	0.0157675	0.453875
ZFP41	down	2	1.0	-0.226899	5.11777e-05	0.453798
MAS1L	down	2	1.0	-0.226843	0.00347611	0.453685
NBEA	up	2	1.0	0.226808	0.0343977	0.453617
EIF4H	down	2	1.0	-0.226718	0.000303423	0.453435
MGST2	down	2	1.0	-0.226683	0.0028769	0.453365
TNFRSF11A	down	2	1.0	-0.226662	0.121059	0.453323
BLMH	up	2	1.0	0.226623	0.0168028	0.453245
TMEM106B	down	2	1.0	-0.226598	0.00917879	0.453195
PTPRT	down	2	1.0	-0.226539	0.0133175	0.453077
REST	up	2	1.0	0.226467	0.0131879	0.452935
OXSR1	down	2	1.0	-0.226422	0.00104669	0.452844
INPP5F	up	2	1.0	0.226321	0.0011098	0.452641
VPS41	down	2	1.0	-0.22632	1.8602e-05	0.452639
SOCS4	up	2	1.0	0.226296	0.0202527	0.452592
GRM1	down	2	1.0	-0.226272	0.0100223	0.452544
HMG20A	down	2	1.0	-0.226224	0.000128758	0.452449
KLHDC3	down	2	1.0	-0.22615	0.000178105	0.452299
PTTG1IP	down	2	1.0	-0.226106	0.00242029	0.452211
FNBP4	up	2	1.0	0.225925	0.0197281	0.451851
ZNF148	down	2	1.0	-0.225795	8.12758e-05	0.45159
GPI	up	2	1.0	0.225778	6.98903e-05	0.451556
ENTPD4	up	2	1.0	0.225774	0.00380105	0.451549
BEX1	down	2	1.0	-0.22576	0.0663169	0.451519
LGR5	down	2	1.0	-0.225754	0.0111519	0.451509
PNPLA8	up	2	1.0	0.225614	0.0426998	0.451229
SETD1B	up	2	1.0	0.225582	0.0028128	0.451164
NT5E	down	2	1.0	-0.22557	0.081611	0.451139
ASIP	down	2	1.0	-0.225535	0.0447417	0.451071
TOMM5	up	2	1.0	0.225534	3.4057e-08	0.451068
SCCPDH	down	2	1.0	-0.225465	0.00564983	0.450931
SLC35A5	down	2	1.0	-0.225407	0.0114808	0.450814
RFX7	up	2	1.0	0.225405	0.0164082	0.450809
PHF23	up	2	1.0	0.225344	0.0043523	0.450688
ZFP62	down	2	1.0	-0.225314	0.0093316	0.450628
DDX20	up	2	1.0	0.225292	0.000561143	0.450584
ACRBP	down	2	1.0	-0.225185	0.000816862	0.450371
ATAD2B	down	2	1.0	-0.225176	0.00690487	0.450351
MAP2K7	down	2	1.0	-0.225128	3.04966e-05	0.450255
CYP2A7P1	down	2	1.0	-0.225124	0.000626709	0.450248
SRRT	up	2	1.0	0.2251	0.0153804	0.450199
EIF2S2	up	2	1.0	0.22507	0.000271494	0.45014
ING1	down	2	1.0	-0.225032	0.00288575	0.450065
LTV1	up	2	1.0	0.225028	0.0195458	0.450056
NOC2L	up	2	1.0	0.22498	0.000562329	0.44996
EBP	down	2	1.0	-0.224977	0.00233338	0.449954
GPR15	down	2	1.0	-0.224972	0.0619358	0.449945
SERP1	up	2	1.0	0.224946	0.000795812	0.449893
COLEC11	down	2	1.0	-0.224838	0.000304257	0.449675
CENPBD1	down	2	1.0	-0.224754	2.41894e-07	0.449509
SLC10A7	up	2	1.0	0.224754	0.0053083	0.449509
PPP4R2	down	2	1.0	-0.224754	0.000224948	0.449508
UFD1L	up	2	1.0	0.224644	0.00044485	0.449288
SLC14A1	down	2	1.0	-0.224625	0.0537635	0.44925
ZNF276	up	2	1.0	0.22457	0.000241272	0.44914
EIF3K	down	2	1.0	-0.22448	0.000920083	0.44896
UBA2	up	2	1.0	0.224423	0.00729865	0.448846
PEX2	down	2	1.0	-0.224309	0.00820012	0.448618
HECA	down	2	1.0	-0.224296	1.94239e-07	0.448592
EVA1C	up	2	1.0	0.224281	5.46503e-06	0.448563
TET1	up	2	1.0	0.224207	0.0466268	0.448414
SIX4	up	2	1.0	0.224193	3.24645e-09	0.448386
EXT2	up	2	1.0	0.224161	0.00642791	0.448323
RHEBL1	up	2	1.0	0.224156	0.000522796	0.448313
PUDP	down	2	1.0	-0.224056	0.0352111	0.448111
NECTIN4	up	2	1.0	0.22404	5.21643e-05	0.44808
GATA3	up	2	1.0	0.223998	6.02275e-05	0.447996
POLE	down	2	1.0	-0.223884	0.0075416	0.447767
GJD2	down	2	1.0	-0.223761	1.01829e-05	0.447522
TTBK1	down	2	1.0	-0.223761	0.00265577	0.447522
C6orf106	up	2	1.0	0.223729	0.010368	0.447458
FAM27E2	down	2	1.0	-0.223698	0.000903856	0.447396
TNFRSF21	down	2	1.0	-0.223659	0.200006	0.447318
TRDMT1	down	2	1.0	-0.223615	0.00790522	0.447231
APOB	down	2	1.0	-0.223535	0.0200478	0.44707
TAF15	up	2	1.0	0.223535	0.108095	0.447069
CYB5R1	up	2	1.0	0.223478	0.0136072	0.446956
CHCHD7	down	2	1.0	-0.223423	0.000577592	0.446845
P2RX1	up	2	1.0	0.223417	0.000213242	0.446833
LMO3	down	2	1.0	-0.223345	0.0211014	0.446689
ACSM1	down	2	1.0	-0.223303	0.0988475	0.446607
TSEN34	down	2	1.0	-0.223273	0.000962547	0.446546
UPF3B	down	2	1.0	-0.223195	0.00591915	0.446391
CPSF3	up	2	1.0	0.223189	0.00100808	0.446378
TTTY2B	down	2	1.0	-0.223158	0.000763993	0.446316
KDM2B	up	2	1.0	0.223125	0.000185671	0.44625
DLEC1	down	2	1.0	-0.223113	0.00517986	0.446227
PPP2R5D	down	2	1.0	-0.223031	0.0302653	0.446062
TDRD9	up	2	1.0	0.222999	0.0143117	0.445999
RABGGTB	down	2	1.0	-0.222982	0.00440421	0.445964
ATP6V1G3	down	2	1.0	-0.22293	0.000866639	0.445859
FAM46A	up	2	1.0	0.222861	0.0306406	0.445723
ARHGAP21	down	2	1.0	-0.22278	0.00116018	0.44556
TAPBPL	up	2	1.0	0.222771	0.00397837	0.445543
FNBP1L	down	2	1.0	-0.222766	0.0312028	0.445532
DYRK1B	down	2	1.0	-0.222629	0.00362908	0.445259
STK33	up	2	1.0	0.222547	0.0109046	0.445093
TMED4	down	2	1.0	-0.22254	1.2153e-06	0.445079
CEACAM3	up	2	1.0	0.222452	0.00186017	0.444905
MIR205HG	down	2	1.0	-0.222403	8.75467e-05	0.444806
EPPK1	down	2	1.0	-0.222388	0.00394724	0.444777
ZBED3	down	2	1.0	-0.222297	0.000703834	0.444593
HIC2	down	2	1.0	-0.222249	0.0262096	0.444497
SRGAP3	down	2	1.0	-0.222237	0.00696794	0.444474
ALDH3B1	up	2	1.0	0.2222	0.00417568	0.444401
NPHP4	up	2	1.0	0.222154	0.000391584	0.444307
ZC3H7B	up	2	1.0	0.222152	1.46225e-06	0.444303
PDIK1L	down	2	1.0	-0.222127	9.9332e-05	0.444253
DBNDD1	up	2	1.0	0.222027	0.00573417	0.444055
DCAF8	down	2	1.0	-0.222009	0.000813755	0.444019
METRN	down	2	1.0	-0.222004	0.00291277	0.444008
ABTB2	down	2	1.0	-0.22196	0.0181246	0.44392
ZNF663P	down	2	1.0	-0.221959	0.0118054	0.443917
MCF2L	down	2	1.0	-0.221918	0.000327583	0.443836
WDR91	up	2	1.0	0.221906	0.00174575	0.443811
RIOK2	down	2	1.0	-0.221835	0.0476242	0.44367
EIF3I	up	2	1.0	0.221803	3.41909e-06	0.443607
FYTTD1	up	2	1.0	0.221767	0.00143709	0.443533
TROAP	up	2	1.0	0.221739	0.00727763	0.443479
MTMR9	up	2	1.0	0.221708	0.0201735	0.443416
GPATCH3	down	2	1.0	-0.221626	0.0280427	0.443252
RPP38	down	2	1.0	-0.221589	0.00278805	0.443179
CCNL2	up	2	1.0	0.221582	0.0635554	0.443163
CFAP69	up	2	1.0	0.22155	0.00547184	0.4431
PBRM1	up	2	1.0	0.221507	0.101885	0.443013
LINC00167	down	2	1.0	-0.221486	0.00630455	0.442973
SLCO1B1	up	2	1.0	0.221467	6.25925e-08	0.442934
GIT1	down	2	1.0	-0.221413	1.78458e-08	0.442827
BRINP1	down	2	1.0	-0.221322	0.000433985	0.442644
APLF	down	2	1.0	-0.221309	0.00952176	0.442618
NAA16	up	2	1.0	0.221118	0.000268928	0.442235
GCC2	down	2	1.0	-0.221114	0.000689934	0.442228
DKK4	down	2	1.0	-0.221097	0.0010516	0.442194
LRRC3B	down	2	1.0	-0.221018	0.0113131	0.442035
CDK16	down	2	1.0	-0.221005	0.000351349	0.442009
PRRG4	down	2	1.0	-0.220905	0.00406373	0.44181
SLC38A7	up	2	1.0	0.220898	0.00627031	0.441797
FA2H	down	2	1.0	-0.220828	0.043896	0.441656
KAT8	down	2	1.0	-0.2208	5.28105e-05	0.4416
HJURP	up	2	1.0	0.220755	0.025199	0.441511
CCDC158	down	2	1.0	-0.220744	0.000107849	0.441489
USP19	down	2	1.0	-0.220737	0.00152987	0.441473
EXOC5	up	2	1.0	0.220697	0.0573384	0.441394
FBXW5	down	2	1.0	-0.22069	0.048077	0.441379
POLE4	down	2	1.0	-0.220673	0.0159864	0.441346
KATNAL2	down	2	1.0	-0.22066	0.00123988	0.441319
GLRX2	down	2	1.0	-0.220632	0.00554856	0.441263
WDR7	down	2	1.0	-0.220612	0.00321558	0.441223
HERC2	down	2	1.0	-0.220556	0.0001308	0.441112
SNORD8	up	2	1.0	0.220543	0.0873136	0.441086
TAC3	down	2	1.0	-0.220531	0.0563823	0.441062
CMTR2	down	2	1.0	-0.220527	0.00014467	0.441053
CARD10	down	2	1.0	-0.22052	0.0663456	0.441041
C1orf50	down	2	1.0	-0.220461	0.0271862	0.440923
KLHL15	up	2	1.0	0.220447	0.000241369	0.440895
PLCL1	up	2	1.0	0.220444	0.00474693	0.440887
C6orf62	up	2	1.0	0.220404	5.6894e-09	0.440809
PPP2R2D	down	2	1.0	-0.220394	0.00358677	0.440788
ILF2	up	2	1.0	0.220385	0.133377	0.440771
SLC7A14	down	2	1.0	-0.220193	0.00192686	0.440387
DENND6B	up	2	1.0	0.220188	0.0024317	0.440376
C12orf4	up	2	1.0	0.220178	0.00786472	0.440356
FAM163B	down	2	1.0	-0.220141	0.0209002	0.440281
CSRNP3	down	2	1.0	-0.220031	0.00205725	0.440061
FAM9B	down	2	1.0	-0.219987	0.00202645	0.439974
ZNF503-AS2	down	2	1.0	-0.21996	0.0257037	0.43992
NELL2	down	2	1.0	-0.219926	0.0624141	0.439852
CLCN3	down	2	1.0	-0.219912	0.106836	0.439824
UBAC2	down	2	1.0	-0.219876	4.63802e-06	0.439751
TMX3	up	2	1.0	0.219838	0.00148256	0.439677
CLDN5	up	2	1.0	0.219793	0.00412341	0.439585
PIP5K1C	up	2	1.0	0.219793	0.0109018	0.439585
H2AFZ	up	2	1.0	0.21978	0.00244974	0.439561
MPG	up	2	1.0	0.219747	0.00315415	0.439493
GNGT2	up	2	1.0	0.219671	0.00455149	0.439342
CSNK2A3	down	2	1.0	-0.219644	0.0042688	0.439289
ZXDC	down	2	1.0	-0.219622	0.000383085	0.439244
MED23	down	2	1.0	-0.219568	0.0014107	0.439136
ZBTB8OS	down	2	1.0	-0.219531	0.00165707	0.439061
CHRAC1	down	2	1.0	-0.219515	0.00339695	0.439029
ZNF29P	down	2	1.0	-0.219494	7.56185e-05	0.438988
BBS4	up	2	1.0	0.219481	0.0468637	0.438961
ZFAND4	down	2	1.0	-0.219367	0.011375	0.438734
DUSP28	down	2	1.0	-0.219329	0.000101028	0.438658
ZNF257	down	2	1.0	-0.219323	0.0103453	0.438647
ANAPC10	up	2	1.0	0.21926	0.0086744	0.438521
RAD54L2	up	2	1.0	0.219232	1.86184e-05	0.438465
LSM4	down	2	1.0	-0.219216	0.000501948	0.438433
RAP1GAP2	down	2	1.0	-0.219185	0.043507	0.43837
PMS1	up	2	1.0	0.219179	0.0302487	0.438358
NRDE2	down	2	1.0	-0.219133	0.00466771	0.438266
ATP5A1	down	2	1.0	-0.219098	6.97235e-10	0.438195
MON1B	down	2	1.0	-0.219081	0.00347611	0.438163
PARVA	up	2	1.0	0.21906	0.0562032	0.438121
ZNF785	down	2	1.0	-0.219058	1.77775e-07	0.438117
TMEM106C	down	2	1.0	-0.219058	0.00792252	0.438117
SLC6A17	down	2	1.0	-0.219042	0.000158948	0.438084
ZNF16	down	2	1.0	-0.219033	0.000152144	0.438065
ZBTB4	up	2	1.0	0.219005	0.0212498	0.43801
GNB3	up	2	1.0	0.219001	0.00396233	0.438002
ZNF213	down	2	1.0	-0.218983	0.0230843	0.437967
LARP4	up	2	1.0	0.218983	0.0216782	0.437966
BCLAF1	up	2	1.0	0.218931	0.0457842	0.437863
GATA5	down	2	1.0	-0.218883	0.0028034	0.437766
AGPS	down	2	1.0	-0.218882	0.0102866	0.437765
GRASP	up	2	1.0	0.218848	0.00923841	0.437695
FAM229B	up	2	1.0	0.218846	0.000122402	0.437692
SLC22A8	down	2	1.0	-0.218838	0.00107203	0.437675
TBC1D22B	down	2	1.0	-0.218763	1.07013e-05	0.437526
GNG4	down	2	1.0	-0.218753	0.00495989	0.437506
GGTLC1	down	2	1.0	-0.21862	0.0406295	0.43724
ZNF426	up	2	1.0	0.218575	0.0367028	0.43715
C18orf54	up	2	1.0	0.218545	0.0868106	0.43709
ID2B	down	2	1.0	-0.218533	0.000162051	0.437066
GEMIN4	up	2	1.0	0.218447	0.000501738	0.436894
ZBTB20	up	2	1.0	0.218442	0.00258811	0.436884
TCEA2	up	2	1.0	0.218436	0.0330905	0.436872
FGF11	up	2	1.0	0.218413	0.00454891	0.436825
DSCR10	down	2	1.0	-0.218341	0.00031721	0.436682
ALDH4A1	up	2	1.0	0.218205	0.000414499	0.43641
RIOK1	up	2	1.0	0.218106	0.0105515	0.436213
SPATA24	down	2	1.0	-0.218069	0.00128629	0.436138
COL22A1	up	2	1.0	0.217992	4.80496e-05	0.435983
YEATS4	down	2	1.0	-0.217973	0.0139478	0.435945
KAT7	down	2	1.0	-0.217952	0.000478694	0.435904
GSTM1	down	2	1.0	-0.217911	0.0218099	0.435821
ACTR10	down	2	1.0	-0.217892	0.00082134	0.435783
PRIMPOL	down	2	1.0	-0.217819	0.0202185	0.435638
ADRM1	up	2	1.0	0.217813	0.00168925	0.435626
LRRC4	up	2	1.0	0.217792	0.000152144	0.435583
LYPD1	up	2	1.0	0.217783	9.14175e-06	0.435566
POLH	up	2	1.0	0.217768	0.00180302	0.435535
R3HDM2	down	2	1.0	-0.217687	0.00011336	0.435374
BCAS4	up	2	1.0	0.217673	0.0102761	0.435346
TCEANC	down	2	1.0	-0.217673	0.027427	0.435346
HAAO	down	2	1.0	-0.217627	0.0516457	0.435254
MLXIPL	down	2	1.0	-0.217587	0.101648	0.435175
TMBIM6	down	2	1.0	-0.2175	6.17346e-08	0.435
AGTPBP1	up	2	1.0	0.217419	0.00391289	0.434837
EPB42	down	2	1.0	-0.217409	0.00142298	0.434817
PSMF1	down	2	1.0	-0.217374	0.0316143	0.434748
TBCE	down	2	1.0	-0.217296	0.0285844	0.434592
PLEKHH2	up	2	1.0	0.217249	0.209936	0.434497
ACSBG1	down	2	1.0	-0.217219	0.00168399	0.434438
KLHL9	down	2	1.0	-0.217093	0.00281255	0.434187
FARS2	down	2	1.0	-0.217046	0.0210483	0.434091
HNRNPAB	down	2	1.0	-0.216947	0.000628393	0.433895
IDNK	down	2	1.0	-0.216932	0.000203942	0.433864
SH3PXD2A	down	2	1.0	-0.216858	0.0454578	0.433716
MYO1C	down	2	1.0	-0.216816	1.81318e-05	0.433633
ORC2	down	2	1.0	-0.216799	0.0145764	0.433598
ERVMER34-1	up	2	1.0	0.216794	0.00244413	0.433588
RB1CC1	down	2	1.0	-0.216761	0.000132061	0.433522
ZBED9	down	2	1.0	-0.216758	0.0308332	0.433516
ADAMTSL3	down	2	1.0	-0.216724	0.0106891	0.433447
NUDT5	up	2	1.0	0.216721	0.0233474	0.433442
SYT4	down	2	1.0	-0.216697	0.160178	0.433395
FGL1	down	2	1.0	-0.216578	0.00628296	0.433156
SNHG3	up	2	1.0	0.216574	0.122829	0.433147
PRMT2	up	2	1.0	0.21656	0.00407559	0.433119
UBL5	down	2	1.0	-0.21654	0.00255771	0.433081
LCORL	down	2	1.0	-0.216507	0.0225624	0.433015
C9orf72	up	2	1.0	0.216506	0.00409808	0.433011
P2RY2	down	2	1.0	-0.216492	0.000152388	0.432985
APOPT1	down	2	1.0	-0.216471	0.000488405	0.432941
RAB3B	down	2	1.0	-0.21645	0.000997395	0.4329
GRIN1	down	2	1.0	-0.216427	5.78165e-05	0.432855
NME1-NME2	up	2	1.0	0.216375	6.817e-05	0.43275
DPH3	up	2	1.0	0.216341	0.172553	0.432681
ARHGAP4	up	2	1.0	0.216293	0.0897292	0.432587
MIPOL1	down	2	1.0	-0.216244	0.00857874	0.432487
TSNARE1	down	2	1.0	-0.216232	0.00155354	0.432465
MAN2A2	up	2	1.0	0.216177	0.011052	0.432354
TPPP	down	2	1.0	-0.216119	0.0040476	0.432238
ZNF655	down	2	1.0	-0.216079	0.0179351	0.432157
GSG1L	down	2	1.0	-0.216074	0.00126001	0.432148
RNF130	up	2	1.0	0.216053	0.0943684	0.432106
GSE1	down	2	1.0	-0.215924	9.20364e-06	0.431848
WDR59	down	2	1.0	-0.215913	1.61681e-05	0.431827
WDR5B	up	2	1.0	0.215906	0.0268006	0.431812
MAN1C1	up	2	1.0	0.21589	0.00743514	0.43178
POLR1E	up	2	1.0	0.215788	0.0477293	0.431577
NBAS	up	2	1.0	0.215776	0.000406476	0.431553
SERTAD3	up	2	1.0	0.21573	0.0217419	0.43146
HIST1H4J	down	2	1.0	-0.215723	0.0276787	0.431447
NDN	down	2	1.0	-0.215715	0.0696067	0.43143
WDTC1	down	2	1.0	-0.215693	0.00101416	0.431386
U2SURP	up	2	1.0	0.21567	0.00130732	0.43134
ZFP28	down	2	1.0	-0.215648	0.00172556	0.431296
PPP1R7	down	2	1.0	-0.215614	2.79875e-06	0.431228
KRT74	down	2	1.0	-0.215589	0.00213886	0.431177
ANTXR2	up	2	1.0	0.215548	0.00589581	0.431096
HNRNPH1	up	2	1.0	0.215526	0.0237795	0.431052
ZNF212	down	2	1.0	-0.215516	6.24774e-06	0.431032
ACE2	up	2	1.0	0.2155	0.282587	0.431001
RMDN1	down	2	1.0	-0.215492	0.00384112	0.430984
RTN1	up	2	1.0	0.215462	0.0406249	0.430924
CAPN12	up	2	1.0	0.215455	0.000933025	0.430911
OR52K3P	up	2	1.0	0.215444	1.10346e-05	0.430887
IRAK1	up	2	1.0	0.215427	0.00249831	0.430855
DBNL	up	2	1.0	0.215365	0.000209038	0.430731
UBE2D4	down	2	1.0	-0.215355	2.914e-05	0.43071
RPL36AL	up	2	1.0	0.21534	0.000928944	0.430679
GPR150	down	2	1.0	-0.215324	0.000602706	0.430648
C3orf14	up	2	1.0	0.215272	0.0491853	0.430545
DHRS4-AS1	down	2	1.0	-0.215241	0.00333017	0.430481
FBXL5	up	2	1.0	0.215183	0.0204484	0.430366
EIF3L	down	2	1.0	-0.215161	0.000492053	0.430322
OTUD1	down	2	1.0	-0.215122	0.00139373	0.430243
CLDND2	down	2	1.0	-0.215097	0.00178449	0.430194
CTAG1A	down	2	1.0	-0.215065	0.0154126	0.43013
ZDHHC2	down	2	1.0	-0.215031	0.0557077	0.430062
FAM223A	down	2	1.0	-0.214951	0.0139573	0.429902
NOVA1	down	2	1.0	-0.214828	0.000910757	0.429657
STRN4	down	2	1.0	-0.214801	9.23558e-07	0.429601
FNIP1	down	2	1.0	-0.214791	0.0118539	0.429582
NPHP1	up	2	1.0	0.214773	1.29e-05	0.429546
NODAL	down	2	1.0	-0.21477	0.000507206	0.42954
DHX40	down	2	1.0	-0.214672	0.0306676	0.429345
ITGB1	up	2	1.0	0.214596	0.00441858	0.429192
UXT	down	2	1.0	-0.214594	0.00123022	0.429189
CNKSR1	down	2	1.0	-0.214489	0.0642837	0.428977
EIF2D	down	2	1.0	-0.214456	0.00561515	0.428911
RXRG	down	2	1.0	-0.214444	0.0123837	0.428887
TXNL4A	down	2	1.0	-0.214435	0.00142646	0.42887
PLRG1	down	2	1.0	-0.214434	0.00938636	0.428868
FIG4	down	2	1.0	-0.214412	0.00034933	0.428824
ATP6AP2	up	2	1.0	0.214381	0.110488	0.428761
THEM6	down	2	1.0	-0.214228	0.000116243	0.428455
MED7	down	2	1.0	-0.214226	0.00585677	0.428453
TUBB3	up	2	1.0	0.214131	0.000959933	0.428261
FBLL1	down	2	1.0	-0.214096	0.00589897	0.428193
PRPH2	up	2	1.0	0.21404	0.000138102	0.428081
RANBP1	up	2	1.0	0.213994	0.00235821	0.427988
TROVE2	up	2	1.0	0.213968	0.107149	0.427936
IPO7	up	2	1.0	0.213944	0.0233061	0.427887
KIAA0895L	down	2	1.0	-0.213937	7.56924e-05	0.427874
CPAMD8	down	2	1.0	-0.213859	0.00526983	0.427718
SMG5	down	2	1.0	-0.213821	4.27424e-07	0.427642
LANCL2	down	2	1.0	-0.21373	0.00545386	0.427461
DMD	down	2	1.0	-0.213601	0.0178353	0.427202
RPL28	down	2	1.0	-0.213596	0.000187709	0.427192
ZNF644	down	2	1.0	-0.213534	0.0298383	0.427068
TTC12	down	2	1.0	-0.213523	0.00674864	0.427046
DLG5	up	2	1.0	0.21335	0.0172774	0.426701
FFAR1	down	2	1.0	-0.213288	0.00384311	0.426575
CABP1	down	2	1.0	-0.213233	0.00332966	0.426467
SLC52A1	down	2	1.0	-0.213226	0.000167617	0.426451
ING5	down	2	1.0	-0.213207	0.015545	0.426415
ZMYM5	up	2	1.0	0.213148	0.00928157	0.426296
LINC00597	down	2	1.0	-0.213145	0.0613266	0.426291
POLR2L	up	2	1.0	0.21309	0.00166907	0.42618
EPS15	up	2	1.0	0.213068	6.42274e-08	0.426137
ANXA2P1	up	2	1.0	0.213034	0.00042779	0.426067
CCDC121	down	2	1.0	-0.213034	0.0347561	0.426067
IGLON5	down	2	1.0	-0.21301	0.000371041	0.426019
MIIP	up	2	1.0	0.212929	0.00031197	0.425859
COQ4	down	2	1.0	-0.212774	0.0802516	0.425548
ZNF155	down	2	1.0	-0.212732	0.0351538	0.425463
GFI1B	down	2	1.0	-0.212725	0.000825234	0.42545
CHAF1B	up	2	1.0	0.21268	0.00229826	0.425359
PCID2	up	2	1.0	0.212644	0.0492345	0.425288
POC5	up	2	1.0	0.212586	0.00367993	0.425172
MYL1	down	2	1.0	-0.21243	0.00298414	0.424861
FLJ38576	down	2	1.0	-0.212394	0.00225272	0.424789
RRP1B	up	2	1.0	0.212294	0.0024627	0.424589
TYR	down	2	1.0	-0.212249	1.81836e-06	0.424498
ZNF683	down	2	1.0	-0.212216	0.00898612	0.424431
BEX5	up	2	1.0	0.212172	0.0020943	0.424343
ETFBKMT	down	2	1.0	-0.2121	0.00042969	0.424201
RPL15	down	2	1.0	-0.21195	0.0280393	0.4239
TACC1	up	2	1.0	0.211869	0.0698654	0.423738
TEX10	up	2	1.0	0.211822	0.00182227	0.423645
SUMF2	down	2	1.0	-0.211792	0.00114326	0.423584
MICALL1	up	2	1.0	0.211788	1.43425e-05	0.423577
IL20RA	down	2	1.0	-0.21176	0.0628119	0.42352
TTC39A	down	2	1.0	-0.211734	0.0851977	0.423468
TNXB	down	2	1.0	-0.211689	1.49919e-05	0.423377
ZNF470	down	2	1.0	-0.211657	0.00136424	0.423313
C1RL-AS1	up	2	1.0	0.211643	0.00231925	0.423287
GRAP2	up	2	1.0	0.211625	0.00137711	0.423251
ST6GALNAC3	down	2	1.0	-0.211609	0.202597	0.423217
SLC5A10	down	2	1.0	-0.211583	0.000179291	0.423166
METTL10	down	2	1.0	-0.211539	0.00563977	0.423079
OSER1	down	2	1.0	-0.211479	0.0767629	0.422958
CNOT2	down	2	1.0	-0.211468	0.00239335	0.422936
NAPRT	down	2	1.0	-0.211449	0.0734242	0.422897
CD70	up	2	1.0	0.211423	0.00106829	0.422847
KCNB1	down	2	1.0	-0.211323	0.0148262	0.422647
HIST1H1C	down	2	1.0	-0.211293	0.00701234	0.422585
FOLR1	down	2	1.0	-0.211237	0.0438841	0.422475
KIF3B	down	2	1.0	-0.21123	0.000764605	0.42246
SP3	down	2	1.0	-0.211192	1.47052e-05	0.422384
TMEM70	down	2	1.0	-0.211103	0.00447815	0.422206
TDRD10	up	2	1.0	0.211077	0.146451	0.422154
ZNF273	down	2	1.0	-0.211064	0.0299241	0.422128
PXYLP1	down	2	1.0	-0.211035	0.00103311	0.42207
RWDD4	down	2	1.0	-0.210983	0.0125069	0.421967
CSNK1G2	up	2	1.0	0.210983	0.0046665	0.421966
FXYD4	down	2	1.0	-0.210967	0.00549087	0.421934
GPR55	up	2	1.0	0.210966	0.000811751	0.421932
ARAF	down	2	1.0	-0.210871	0.000123673	0.421743
CD63	up	2	1.0	0.21084	3.31307e-05	0.42168
LHFPL3	down	2	1.0	-0.210803	0.00364402	0.421606
MFSD13A	down	2	1.0	-0.210766	0.0114205	0.421532
ROMO1	down	2	1.0	-0.210643	0.00453664	0.421286
EDC4	down	2	1.0	-0.210625	0.000368994	0.42125
PAICS	up	2	1.0	0.210605	0.0415201	0.42121
ATP5J	down	2	1.0	-0.210598	0.000799925	0.421196
SUB1	up	2	1.0	0.210597	8.52748e-05	0.421193
CHODL	down	2	1.0	-0.210577	0.0114086	0.421154
JMJD1C	up	2	1.0	0.210534	0.050299	0.421068
SCRIB	down	2	1.0	-0.210416	0.165216	0.420832
ZNF423	down	2	1.0	-0.210357	0.00022143	0.420713
CCT3	up	2	1.0	0.210288	0.00103891	0.420576
ZSCAN30	down	2	1.0	-0.210263	0.00562947	0.420526
HTATSF1	down	2	1.0	-0.210246	0.00311664	0.420491
BRICD5	down	2	1.0	-0.210189	0.00948774	0.420377
VTI1A	down	2	1.0	-0.210146	9.81116e-05	0.420292
NOSTRIN	down	2	1.0	-0.21012	0.0257448	0.42024
ZNF235	down	2	1.0	-0.210015	0.00204941	0.42003
TMEM147	up	2	1.0	0.210012	1.90374e-05	0.420023
PTPN4	down	2	1.0	-0.209915	0.00648463	0.419829
AFF1	down	2	1.0	-0.209908	5.96368e-09	0.419817
ZNF248	down	2	1.0	-0.209811	0.019647	0.419622
HSPA12A	up	2	1.0	0.20973	0.0603793	0.419459
TBRG4	down	2	1.0	-0.209669	0.0132314	0.419338
MNS1	up	2	1.0	0.209625	0.120414	0.41925
FBXL17	down	2	1.0	-0.209512	0.00548517	0.419024
RPL23AP53	up	2	1.0	0.20946	0.00663124	0.41892
SLC17A6	down	2	1.0	-0.209423	0.0171301	0.418847
KLF8	down	2	1.0	-0.209381	0.0232448	0.418763
EIF2S3	up	2	1.0	0.209348	0.000488627	0.418696
LOC143188	down	2	1.0	-0.209339	0.00259829	0.418678
WISP2	down	2	1.0	-0.209336	0.00402118	0.418671
ZNF180	down	2	1.0	-0.209323	0.00633437	0.418647
VPS33A	down	2	1.0	-0.20932	0.00429906	0.41864
ARL1	up	2	1.0	0.209276	0.136838	0.418552
MGC34796	down	2	1.0	-0.209211	6.79963e-05	0.418421
SDHAF3	down	2	1.0	-0.209103	0.000465308	0.418207
ANKHD1-EIF4EBP3	down	2	1.0	-0.209088	2.87245e-06	0.418176
LMNB2	up	2	1.0	0.209074	0.0118669	0.418148
CTRL	up	2	1.0	0.209035	0.0301637	0.41807
FLCN	down	2	1.0	-0.209027	0.00559239	0.418053
FOPNL	down	2	1.0	-0.208987	0.0160872	0.417974
ZNF558	down	2	1.0	-0.208924	0.000221348	0.417847
TADA2B	down	2	1.0	-0.208918	0.000269443	0.417835
PP12613	down	2	1.0	-0.208896	0.00167161	0.417792
AGGF1	down	2	1.0	-0.20885	0.000203763	0.417701
HES6	down	2	1.0	-0.208835	0.0171452	0.41767
LOC100287166	down	2	1.0	-0.208807	0.00104368	0.417613
RAB5B	down	2	1.0	-0.20878	0.0010943	0.41756
B3GALT4	down	2	1.0	-0.208666	0.0102248	0.417333
BAALC-AS2	down	2	1.0	-0.208616	3.80644e-07	0.417232
DUT	down	2	1.0	-0.208587	0.0396733	0.417174
FAM189A2	down	2	1.0	-0.208432	0.0396859	0.416864
CCT2	up	2	1.0	0.208416	0.0379289	0.416832
DENND6A	up	2	1.0	0.208323	0.0380506	0.416647
C10orf76	down	2	1.0	-0.20828	8.0551e-05	0.41656
TVP23C	up	2	1.0	0.208232	0.0269972	0.416465
TBC1D22A	down	2	1.0	-0.2082	0.00171272	0.4164
RIMBP3B	up	2	1.0	0.208166	0.000449948	0.416332
KRT19	up	2	1.0	0.208157	0.0816971	0.416314
DCHS2	down	2	1.0	-0.208116	0.000938248	0.416233
TBC1D29	down	2	1.0	-0.20811	9.29763e-05	0.416221
TRIM56	up	2	1.0	0.2081	0.18798	0.4162
PIK3CA	up	2	1.0	0.208097	0.0171571	0.416195
ELN	up	2	1.0	0.208083	0.00457464	0.416166
GORASP2	up	2	1.0	0.208033	0.000219106	0.416066
FAM83E	down	2	1.0	-0.208015	0.047804	0.41603
CEACAM8	down	2	1.0	-0.208005	0.139697	0.41601
NF2	up	2	1.0	0.207988	0.00157058	0.415975
DCAF16	down	2	1.0	-0.207956	0.00386497	0.415913
GUK1	up	2	1.0	0.207946	0.00189717	0.415892
XYLT2	up	2	1.0	0.2079	0.00806754	0.415801
ZNF25	up	2	1.0	0.207866	0.0344372	0.415732
AMBRA1	down	2	1.0	-0.20779	0.00261356	0.415579
FKBP1B	down	2	1.0	-0.207755	0.0240776	0.41551
ADCY10	down	2	1.0	-0.207672	2.47877e-08	0.415345
HINT1	down	2	1.0	-0.207657	0.000711432	0.415315
USP43	down	2	1.0	-0.207521	0.000686975	0.415042
PELI3	down	2	1.0	-0.20751	0.00124695	0.415021
HCRTR2	down	2	1.0	-0.207498	0.000555075	0.414996
RAB33B	up	2	1.0	0.207498	0.00153456	0.414996
ATG9A	down	2	1.0	-0.207424	0.000959987	0.414848
CYB5A	down	2	1.0	-0.207418	0.00668095	0.414836
TAF6L	down	2	1.0	-0.207353	0.000454922	0.414705
TAOK3	down	2	1.0	-0.20729	0.00010757	0.41458
ZNF165	up	2	1.0	0.207286	0.0859421	0.414571
ZNF18	down	2	1.0	-0.207259	0.0152114	0.414519
SPC25	up	2	1.0	0.207254	0.145053	0.414507
NEDD9	down	2	1.0	-0.207215	0.00649143	0.41443
HILPDA	up	2	1.0	0.207189	0.0078764	0.414379
FGFBP2	down	2	1.0	-0.207165	0.0276273	0.414331
TMEM33	down	2	1.0	-0.207136	0.0020096	0.414271
EYS	down	2	1.0	-0.207128	0.013437	0.414257
MBP	down	2	1.0	-0.207105	0.000161581	0.41421
RBM28	up	2	1.0	0.207067	8.19613e-05	0.414134
C5orf22	down	2	1.0	-0.207042	0.00468197	0.414084
CCDC97	down	2	1.0	-0.207037	2.02948e-06	0.414075
ZNF570	down	2	1.0	-0.207027	0.00910607	0.414055
HTR2A	up	2	1.0	0.206999	0.000202372	0.413998
CPQ	up	2	1.0	0.206961	0.19391	0.413922
FBXW2	up	2	1.0	0.206932	0.00371112	0.413864
LEXM	down	2	1.0	-0.206829	0.0521678	0.413657
MORN2	down	2	1.0	-0.206786	0.020907	0.413572
SSBP2	down	2	1.0	-0.206738	0.00997724	0.413475
ZNF35	up	2	1.0	0.206729	1.16506e-07	0.413458
TRA2B	up	2	1.0	0.206587	0.00120801	0.413175
PLBD1	up	2	1.0	0.206492	0.00242262	0.412984
ZNF708	down	2	1.0	-0.206481	0.100655	0.412963
PRSS55	down	2	1.0	-0.20647	6.07587e-05	0.41294
ZNF324	down	2	1.0	-0.206432	1.82452e-05	0.412864
PWP1	up	2	1.0	0.206361	0.00473807	0.412722
FAM188A	up	2	1.0	0.206354	0.103886	0.412709
SPG7	down	2	1.0	-0.206324	1.10566e-08	0.412648
PCYOX1	down	2	1.0	-0.206306	0.00366118	0.412612
APOA1	down	2	1.0	-0.206281	0.000150082	0.412561
CACNA2D3	up	2	1.0	0.206194	0.0770842	0.412388
BET1L	up	2	1.0	0.206074	1.72125e-06	0.412148
RAB43	up	2	1.0	0.206071	0.0398743	0.412143
SLC16A10	up	2	1.0	0.205971	0.137816	0.411941
DPM3	down	2	1.0	-0.205904	0.101053	0.411808
JAKMIP2	up	2	1.0	0.20589	0.00523036	0.41178
MPV17	up	2	1.0	0.205873	0.0143294	0.411745
FLJ31713	down	2	1.0	-0.205816	0.00462515	0.411632
SEPT2	up	2	1.0	0.205787	0.015341	0.411574
SLC25A19	up	2	1.0	0.205782	0.00234879	0.411564
GDAP2	down	2	1.0	-0.205773	8.16533e-06	0.411547
CCDC70	down	2	1.0	-0.20566	0.00029555	0.41132
PRICKLE3	down	2	1.0	-0.205568	0.00440158	0.411136
CDS2	up	2	1.0	0.205558	0.0179896	0.411116
ZW10	up	2	1.0	0.205552	0.0502058	0.411104
TNPO1	up	2	1.0	0.205542	0.00991284	0.411084
NFE2L1	down	2	1.0	-0.205527	5.66318e-06	0.411054
PTN	down	2	1.0	-0.205443	2.83115e-05	0.410885
CRNKL1	down	2	1.0	-0.205281	0.000159619	0.410561
DAB1	up	2	1.0	0.20524	0.0357323	0.41048
RNF114	up	2	1.0	0.205155	0.00601598	0.41031
ZBED5	down	2	1.0	-0.205149	0.0115793	0.410299
IL13RA1	down	2	1.0	-0.205131	0.000135509	0.410262
ZNF775	down	2	1.0	-0.205096	7.95156e-05	0.410191
BICD2	up	2	1.0	0.205078	0.000902954	0.410156
SLC4A5	down	2	1.0	-0.205052	0.00126748	0.410105
RALBP1	down	2	1.0	-0.205039	0.000380859	0.410078
OR51E2	up	2	1.0	0.205001	0.0575546	0.410001
NIFK	up	2	1.0	0.205	0.0383108	0.409999
DHX58	up	2	1.0	0.204962	0.00132024	0.409923
LIG4	up	2	1.0	0.204952	0.0277316	0.409903
FAM122A	up	2	1.0	0.20491	0.00806755	0.409819
PLAC8	down	2	1.0	-0.204841	0.0677523	0.409682
RER1	down	2	1.0	-0.204764	0.00642738	0.409528
ROCK1	up	2	1.0	0.204725	0.0174191	0.409449
KIAA0355	down	2	1.0	-0.204641	0.000555023	0.409282
PTPA	up	2	1.0	0.204576	0.000457788	0.409152
CUX1	down	2	1.0	-0.204566	0.0102572	0.409132
TGDS	up	2	1.0	0.204429	0.2671	0.408857
RTP3	down	2	1.0	-0.204396	0.000834306	0.408791
APRT	up	2	1.0	0.204393	0.000823458	0.408785
CLK1	up	2	1.0	0.204328	0.0203126	0.408656
AHCY	down	2	1.0	-0.204308	0.0116597	0.408616
ZBTB42	down	2	1.0	-0.204302	0.00413212	0.408604
ZNF626	up	2	1.0	0.204288	0.00531271	0.408576
RNF207	down	2	1.0	-0.20424	0.000657425	0.408479
DNAJC8	down	2	1.0	-0.20422	0.0397214	0.40844
CIRBP-AS1	down	2	1.0	-0.204203	0.00158215	0.408405
ZNF563	down	2	1.0	-0.204178	0.00236742	0.408357
NGB	down	2	1.0	-0.204034	0.00602462	0.408068
DUS2	up	2	1.0	0.204028	0.0363575	0.408055
PTGER4	down	2	1.0	-0.204016	0.0103469	0.408032
ZBTB38	up	2	1.0	0.204009	0.140985	0.408018
HAX1	up	2	1.0	0.203955	0.00878412	0.40791
SSB	up	2	1.0	0.203946	0.0280756	0.407891
DKFZP434K028	down	2	1.0	-0.203943	0.00087835	0.407886
NRXN1	down	2	1.0	-0.203884	0.00137884	0.407768
NPDC1	up	2	1.0	0.203875	0.0173226	0.40775
EMC1	up	2	1.0	0.203869	0.0274918	0.407738
C3orf33	down	2	1.0	-0.203849	0.00665902	0.407698
FLJ44896	down	2	1.0	-0.20372	0.110391	0.407441
EHD4	up	2	1.0	0.203624	0.062708	0.407247
UBR3	down	2	1.0	-0.20343	0.000485199	0.40686
CDKN2AIP	down	2	1.0	-0.203422	0.00277513	0.406844
KIF6	down	2	1.0	-0.203362	0.00123089	0.406724
CAMK2A	down	2	1.0	-0.203334	0.00265728	0.406668
TMF1	up	2	1.0	0.203241	0.0276962	0.406482
SLC1A6	down	2	1.0	-0.20318	0.00204451	0.40636
RPS10P7	down	2	1.0	-0.203168	0.00164136	0.406336
IKZF5	down	2	1.0	-0.203126	0.0025293	0.406253
MYH15	down	2	1.0	-0.203068	0.000190588	0.406136
FTO	up	2	1.0	0.203065	0.0354963	0.406129
NCOA2	down	2	1.0	-0.203053	3.8067e-05	0.406106
LDB3	down	2	1.0	-0.203017	0.0067656	0.406034
ALPP	down	2	1.0	-0.202944	0.00926572	0.405889
GPR85	up	2	1.0	0.202943	0.000487741	0.405886
ZNF232	down	2	1.0	-0.202939	0.00665264	0.405878
C3P1	down	2	1.0	-0.202925	0.00505111	0.405849
FAM53C	up	2	1.0	0.202916	5.83176e-05	0.405833
TEFM	down	2	1.0	-0.2029	0.0644927	0.405799
MRPL36	up	2	1.0	0.202892	0.000467273	0.405783
RBBP9	down	2	1.0	-0.202887	0.00827914	0.405775
MAP2	up	2	1.0	0.202856	0.143542	0.405713
MYLK3	down	2	1.0	-0.202851	0.0207858	0.405703
HOXC13	down	2	1.0	-0.202716	0.00263004	0.405432
SALL3	down	2	1.0	-0.202698	0.002913	0.405396
CPNE4	up	2	1.0	0.20266	0.00507998	0.40532
SPANXC	down	2	1.0	-0.202572	0.00845342	0.405145
WDR27	down	2	1.0	-0.202541	5.79784e-05	0.405082
LYRM2	down	2	1.0	-0.202516	0.00933708	0.405032
RPUSD3	down	2	1.0	-0.202494	0.000160771	0.404988
ZNF252P-AS1	down	2	1.0	-0.202493	0.00252495	0.404985
EMC7	up	2	1.0	0.202486	0.0020269	0.404972
C2orf68	down	2	1.0	-0.202452	0.00864682	0.404905
P4HTM	down	2	1.0	-0.202446	0.0323789	0.404892
SLC47A1	up	2	1.0	0.202445	0.0622428	0.40489
KIAA1755	up	2	1.0	0.202441	0.00541224	0.404883
COPS3	up	2	1.0	0.202441	0.112061	0.404882
DNAJC4	down	2	1.0	-0.202398	0.00114437	0.404796
SLC4A2	up	2	1.0	0.202344	0.00453336	0.404688
SLC35A4	down	2	1.0	-0.202317	1.50955e-05	0.404634
NCR3	up	2	1.0	0.202316	0.000300656	0.404631
NEIL1	down	2	1.0	-0.202294	0.0143479	0.404589
ZNF623	down	2	1.0	-0.202075	0.00602396	0.40415
TM2D1	down	2	1.0	-0.202042	0.000780079	0.404084
ERI3	down	2	1.0	-0.202023	0.0219946	0.404047
USMG5	down	2	1.0	-0.201991	2.90037e-05	0.403983
ZNF567	down	2	1.0	-0.201988	0.0240011	0.403976
DNAJB7	down	2	1.0	-0.201975	0.00297881	0.40395
TTLL9	down	2	1.0	-0.201936	0.00127009	0.403872
IGSF5	down	2	1.0	-0.201882	0.159659	0.403764
APLP1	up	2	1.0	0.201847	0.000557577	0.403693
CBLL1	down	2	1.0	-0.201837	0.00298331	0.403674
TCP10L	down	2	1.0	-0.201817	0.00182678	0.403634
CXXC5	up	2	1.0	0.201744	0.00104641	0.403487
PITHD1	down	2	1.0	-0.201719	0.0031931	0.403439
DNAJA4	down	2	1.0	-0.201624	0.00163153	0.403249
MBIP	down	2	1.0	-0.201608	0.0220664	0.403216
RAB21	down	2	1.0	-0.201456	0.000528254	0.402911
ICOSLG	down	2	1.0	-0.20144	0.00887308	0.40288
GMPS	up	2	1.0	0.201396	0.0181577	0.402791
LRTM1	down	2	1.0	-0.201347	0.000553789	0.402694
LMNTD2	down	2	1.0	-0.201297	0.00166145	0.402594
TMEM50B	up	2	1.0	0.201254	0.00747284	0.402508
FASLG	up	2	1.0	0.201211	0.00160893	0.402422
ATP5G2	down	2	1.0	-0.201182	0.0343741	0.402365
GP2	down	2	1.0	-0.201165	0.0347982	0.402329
TGS1	up	2	1.0	0.201159	0.0243081	0.402318
ANAPC5	down	2	1.0	-0.20104	0.00434017	0.40208
LOC286359	down	2	1.0	-0.201014	0.00407112	0.402027
USP36	up	2	1.0	0.20099	0.0122127	0.40198
DUSP9	down	2	1.0	-0.200936	0.0145567	0.401872
SSH1	up	2	1.0	0.200929	0.0220684	0.401858
TARBP1	down	2	1.0	-0.200881	0.000149949	0.401762
HBP1	down	2	1.0	-0.200856	0.0024565	0.401712
AGXT	down	2	1.0	-0.200854	0.0020792	0.401708
PDCD2L	up	2	1.0	0.20085	0.0995275	0.401701
SMG8	up	2	1.0	0.200833	0.0367522	0.401665
DNAJC16	down	2	1.0	-0.200802	0.0100636	0.401604
MACROD2	down	2	1.0	-0.200672	0.00294987	0.401345
CLCC1	up	2	1.0	0.200562	0.0138885	0.401123
TUG1	down	2	1.0	-0.200528	0.00440878	0.401057
KRTCAP2	up	2	1.0	0.20051	0.000168198	0.401019
MED22	up	2	1.0	0.200506	0.0432381	0.401011
CDK5RAP2	up	2	1.0	0.200464	0.00900469	0.400928
NOL8	up	2	1.0	0.20045	0.034288	0.4009
FANCC	down	2	1.0	-0.200443	0.00254579	0.400887
OTULIN	up	2	1.0	0.20042	0.000726769	0.40084
ZNF442	down	2	1.0	-0.200349	0.00205205	0.400698
PPP1R13L	up	2	1.0	0.200321	0.011382	0.400642
TCOF1	up	2	1.0	0.200315	0.000554132	0.400629
HNRNPU	up	2	1.0	0.200245	0.000156461	0.40049
ABLIM1	up	2	1.0	0.200204	0.0755362	0.400409
FCHSD1	up	2	1.0	0.200191	0.00650181	0.400381
CAPRIN2	up	2	1.0	0.200166	0.044696	0.400333
CSTF3	up	2	1.0	0.200127	0.0290502	0.400254
DHX33	up	2	1.0	0.200112	0.00152523	0.400225
LOC284023	down	2	1.0	-0.200065	0.000249115	0.400129
RPS6KB1	up	2	1.0	0.200061	0.0277169	0.400122
C19orf25	down	2	1.0	-0.200034	0.00424989	0.400067
DUSP19	down	2	1.0	-0.200016	0.0277017	0.400032
SWSAP1	down	2	1.0	-0.19998	0.00013845	0.399961
CCDC110	down	2	1.0	-0.199958	0.000528924	0.399915
FUT10	down	2	1.0	-0.199954	0.057486	0.399907
MUM1L1	down	2	1.0	-0.199859	0.00182049	0.399718
COL11A1	up	2	1.0	0.199854	6.88671e-05	0.399709
ZSCAN29	down	2	1.0	-0.199838	0.00165707	0.399677
ZBTB49	up	2	1.0	0.199811	0.0234391	0.399622
PATE1	down	2	1.0	-0.199801	0.0120433	0.399602
C2orf40	down	2	1.0	-0.199777	0.0458347	0.399553
RDH12	down	2	1.0	-0.199692	0.000243997	0.399384
RPS6KL1	down	2	1.0	-0.199691	0.0049863	0.399383
CRYGC	down	2	1.0	-0.199662	0.00133349	0.399324
AK5	down	2	1.0	-0.199437	0.00596046	0.398873
TRAF3	up	2	1.0	0.199398	0.00135752	0.398795
IQCB1	up	2	1.0	0.199391	0.00766098	0.398781
RARS2	down	2	1.0	-0.19932	0.000712606	0.39864
ZSCAN20	down	2	1.0	-0.199294	0.000497798	0.398589
IFI27	up	2	1.0	0.199245	0.133993	0.39849
SGO1	up	2	1.0	0.19924	0.0114142	0.39848
CTDSP1	down	2	1.0	-0.199194	0.000172818	0.398388
ZNF157	down	2	1.0	-0.19913	0.0260447	0.39826
IQCD	down	2	1.0	-0.199122	0.00287351	0.398244
FASTK	down	2	1.0	-0.199054	0.00290061	0.398109
FKBP6	down	2	1.0	-0.199039	0.0142582	0.398079
B3GLCT	up	2	1.0	0.199014	0.0121856	0.398028
SMIM15	down	2	1.0	-0.198996	0.0675487	0.397992
AKR1C4	down	2	1.0	-0.19895	0.00252488	0.397901
FAM71F1	down	2	1.0	-0.198936	0.00388666	0.397873
SLC30A9	down	2	1.0	-0.198921	0.000106069	0.397842
ZDHHC17	up	2	1.0	0.198919	0.0746878	0.397839
MSH3	down	2	1.0	-0.198773	0.00047903	0.397547
ZNF17	down	2	1.0	-0.198768	0.00269748	0.397536
NAA10	up	2	1.0	0.198715	0.0246852	0.39743
FUT4	up	2	1.0	0.198712	0.0934524	0.397423
LOC441179	down	2	1.0	-0.198707	0.0374753	0.397415
ENPP4	down	2	1.0	-0.198704	0.00880351	0.397407
CAPS2	down	2	1.0	-0.198678	0.00358068	0.397355
LRIG3	down	2	1.0	-0.198643	0.0113214	0.397286
GRIP1	down	2	1.0	-0.198626	0.00562882	0.397251
REEP1	down	2	1.0	-0.198624	0.0233775	0.397248
ZFYVE21	down	2	1.0	-0.198587	0.00116516	0.397174
HRC	down	2	1.0	-0.198456	0.00241981	0.396912
PTMS	up	2	1.0	0.198433	0.0179835	0.396867
NFKBIL1	down	2	1.0	-0.198411	0.0215849	0.396823
SUPT20H	down	2	1.0	-0.198326	4.27105e-05	0.396653
PRPS2	down	2	1.0	-0.198317	0.356965	0.396634
NEK1	up	2	1.0	0.19827	0.0493025	0.39654
CACTIN	down	2	1.0	-0.19818	3.18265e-05	0.396361
RAPH1	up	2	1.0	0.198145	0.00146276	0.39629
TRIP4	down	2	1.0	-0.198135	0.00397721	0.396271
PAAF1	down	2	1.0	-0.198077	0.0195637	0.396154
TFIP11	up	2	1.0	0.198076	0.0124989	0.396152
GATC	down	2	1.0	-0.198057	0.000924967	0.396115
DDHD2	down	2	1.0	-0.198017	0.00448224	0.396034
ZNF414	down	2	1.0	-0.198011	0.0607487	0.396023
NKX6-3	down	2	1.0	-0.197999	0.00251626	0.395999
NPRL3	up	2	1.0	0.197889	0.0439875	0.395779
HSPB11	up	2	1.0	0.197876	0.163406	0.395752
C3orf35	down	2	1.0	-0.197774	1.81186e-07	0.395548
NIPSNAP3B	down	2	1.0	-0.197624	0.0691208	0.395248
SNRNP40	up	2	1.0	0.197621	0.0431898	0.395241
MSMO1	down	2	1.0	-0.197618	0.180717	0.395237
TBL2	up	2	1.0	0.197617	0.000839916	0.395234
EXOC3L2	up	2	1.0	0.197592	0.00291285	0.395184
MTHFSD	down	2	1.0	-0.19758	7.48085e-05	0.39516
P2RX6	down	2	1.0	-0.197574	0.00216804	0.395147
MAP3K14	up	2	1.0	0.197565	0.00253732	0.39513
SPTSSB	down	2	1.0	-0.197548	0.0566053	0.395097
FXR1	up	2	1.0	0.197539	0.0214324	0.395077
CTSZ	down	2	1.0	-0.197507	0.014388	0.395014
APBB2	down	2	1.0	-0.197505	0.000229715	0.395009
TIGD7	down	2	1.0	-0.197501	0.000132655	0.395002
CEP95	down	2	1.0	-0.197457	6.04689e-05	0.394914
AIDA	up	2	1.0	0.197417	4.84831e-05	0.394834
LARGE2	up	2	1.0	0.197415	0.00170665	0.39483
PDE12	down	2	1.0	-0.197393	0.00450515	0.394786
KBTBD7	down	2	1.0	-0.197351	0.0397522	0.394702
TMEM174	down	2	1.0	-0.197301	0.00942788	0.394602
ABCA9	down	2	1.0	-0.19729	0.0769179	0.394581
STX4	up	2	1.0	0.197242	0.0200327	0.394484
F2	down	2	1.0	-0.197237	0.00404122	0.394473
NAB1	up	2	1.0	0.197215	0.0746711	0.394431
LRRC17	down	2	1.0	-0.197161	0.00528455	0.394322
CAPNS1	down	2	1.0	-0.197133	0.00031743	0.394267
CA5BP1	up	2	1.0	0.197121	0.0181186	0.394242
CLGN	down	2	1.0	-0.197073	0.00850498	0.394146
ARL8A	up	2	1.0	0.19707	0.0153874	0.394139
STIL	up	2	1.0	0.197051	0.0493467	0.394103
MTFR1L	down	2	1.0	-0.196993	0.0137664	0.393985
ATL1	down	2	1.0	-0.19698	0.0145602	0.393959
RPS6KA4	up	2	1.0	0.196979	0.00592202	0.393957
YIPF4	down	2	1.0	-0.196964	0.0569552	0.393928
CPN1	down	2	1.0	-0.196922	0.000120302	0.393844
TNKS2	up	2	1.0	0.196907	0.000107113	0.393814
ARRDC2	up	2	1.0	0.196851	0.0233591	0.393702
TPD52L1	up	2	1.0	0.196824	1.29216e-05	0.393648
COL9A1	down	2	1.0	-0.196767	0.0152097	0.393534
RFX3	up	2	1.0	0.196732	0.0193393	0.393465
PKD2L1	down	2	1.0	-0.196717	0.0321598	0.393435
C10orf54	up	2	1.0	0.196686	0.0585974	0.393371
MSRA	down	2	1.0	-0.196608	0.00272174	0.393216
FAM120A	down	2	1.0	-0.196578	0.00787879	0.393157
NFIA	down	2	1.0	-0.196502	0.0203126	0.393005
PAK1IP1	up	2	1.0	0.196421	0.0025453	0.392842
MTERF3	up	2	1.0	0.196389	0.0279285	0.392779
MBD6	down	2	1.0	-0.196365	0.00164515	0.39273
PDZRN3	up	2	1.0	0.196349	0.0167869	0.392698
SLC25A3	down	2	1.0	-0.19631	0.000533927	0.392621
GRIA3	down	2	1.0	-0.196296	0.0043528	0.392591
SLC25A47	down	2	1.0	-0.196251	0.00601717	0.392503
MYO16	up	2	1.0	0.196238	0.0271162	0.392476
LENEP	down	2	1.0	-0.19623	4.57803e-06	0.392459
SMAD5	up	2	1.0	0.196209	0.0233432	0.392418
GON4L	up	2	1.0	0.196131	0.0104917	0.392262
PDCD10	down	2	1.0	-0.195988	0.0013969	0.391976
CYHR1	down	2	1.0	-0.195925	0.0068836	0.391849
TRPM3	down	2	1.0	-0.195899	0.000485374	0.391797
ACTR1B	down	2	1.0	-0.195889	0.00292391	0.391777
PDZD2	up	2	1.0	0.195875	0.0112541	0.39175
WNT8A	down	2	1.0	-0.195802	0.00230649	0.391603
TMEM189-UBE2V1	up	2	1.0	0.195754	0.000236327	0.391509
MED31	down	2	1.0	-0.195701	0.173413	0.391403
TMEM31	down	2	1.0	-0.195567	0.00532459	0.391133
TMEM255A	up	2	1.0	0.195522	0.166419	0.391045
NDST1	up	2	1.0	0.195519	0.0225886	0.391039
FNDC5	down	2	1.0	-0.195493	0.000390144	0.390986
LDHA	up	2	1.0	0.195487	0.00040788	0.390974
COPA	up	2	1.0	0.195469	8.96563e-05	0.390938
SBF2	down	2	1.0	-0.195426	3.75507e-06	0.390852
CARD14	up	2	1.0	0.195398	0.000175074	0.390797
TMIE	down	2	1.0	-0.195323	0.00236293	0.390646
KIAA0430	down	2	1.0	-0.195317	0.000125656	0.390633
MATR3	down	2	1.0	-0.195212	0.0180469	0.390425
DYNLT3	up	2	1.0	0.195076	0.00155004	0.390152
CORO2B	down	2	1.0	-0.194977	0.0328595	0.389955
PCBP1	up	2	1.0	0.194919	0.00348259	0.389838
SLCO2A1	up	2	1.0	0.194916	0.0153286	0.389833
HEBP2	down	2	1.0	-0.194899	6.65664e-06	0.389798
DNAH5	up	2	1.0	0.194897	4.34801e-05	0.389793
GPRC5D	down	2	1.0	-0.194835	0.0893045	0.38967
MGA	up	2	1.0	0.194785	0.0507956	0.38957
SCYL1	up	2	1.0	0.194779	3.75655e-09	0.389558
LINC00487	up	2	1.0	0.194778	0.0308331	0.389556
STK16	down	2	1.0	-0.194772	0.0296586	0.389544
AHSA2	down	2	1.0	-0.194739	0.0988097	0.389478
SNUPN	down	2	1.0	-0.194707	0.000359617	0.389413
PAX6	down	2	1.0	-0.194665	0.00729466	0.38933
GSK3A	down	2	1.0	-0.194655	4.98765e-05	0.38931
HPSE2	down	2	1.0	-0.194648	0.0644983	0.389295
GLTSCR1	down	2	1.0	-0.194613	0.00687755	0.389226
ZPR1	up	2	1.0	0.194613	0.000296057	0.389225
PDGFC	up	2	1.0	0.194536	0.0145694	0.389072
TAF1B	up	2	1.0	0.194463	0.00052731	0.388926
DEFB127	down	2	1.0	-0.194458	8.2649e-06	0.388917
PSMD1	up	2	1.0	0.194306	0.0837207	0.388613
CDK4	up	2	1.0	0.194281	0.00599686	0.388563
SYT2	down	2	1.0	-0.194259	0.021984	0.388519
ITPRIPL1	up	2	1.0	0.19421	0.00206913	0.38842
CEP192	down	2	1.0	-0.194166	0.000119701	0.388332
HAND1	down	2	1.0	-0.194115	0.00207757	0.388229
THAP9	down	2	1.0	-0.194085	0.00885378	0.38817
C3orf22	down	2	1.0	-0.193997	0.00206869	0.387995
DAND5	down	2	1.0	-0.193996	0.000214362	0.387992
SRY	down	2	1.0	-0.193994	0.00639922	0.387987
ADAM30	down	2	1.0	-0.193981	0.0141059	0.387961
POP4	down	2	1.0	-0.193942	0.000461544	0.387884
SLC22A11	down	2	1.0	-0.193923	0.000923869	0.387846
ERAL1	down	2	1.0	-0.193889	0.0313726	0.387778
LRIF1	up	2	1.0	0.193787	0.151124	0.387574
ZNF507	down	2	1.0	-0.19373	0.00638467	0.38746
RB1	up	2	1.0	0.193692	0.000353166	0.387384
SPG11	down	2	1.0	-0.193659	4.60287e-08	0.387319
AFTPH	down	2	1.0	-0.193594	3.16572e-05	0.387188
OSBPL2	down	2	1.0	-0.193575	0.00374394	0.38715
CES1P1	down	2	1.0	-0.193556	0.0622126	0.387113
SPOP	up	2	1.0	0.193553	0.0363498	0.387106
ETAA1	up	2	1.0	0.193542	0.00753382	0.387085
CDK8	down	2	1.0	-0.193446	0.00094658	0.386893
CAPN1	up	2	1.0	0.19333	0.134293	0.38666
POLR2K	down	2	1.0	-0.193302	0.0256343	0.386605
TRMT61B	down	2	1.0	-0.193229	0.00486853	0.386458
SNAI3	up	2	1.0	0.193171	0.00768509	0.386341
SECISBP2L	down	2	1.0	-0.193155	0.0264108	0.38631
TMEM150B	down	2	1.0	-0.193125	0.0695673	0.38625
TMEM108	up	2	1.0	0.193097	0.00138241	0.386193
ZNF524	down	2	1.0	-0.193074	0.0454085	0.386148
CASKIN1	down	2	1.0	-0.193042	0.000205573	0.386084
LOC84214	down	2	1.0	-0.19303	0.0019997	0.386059
NFAT5	up	2	1.0	0.193027	0.161767	0.386054
SMARCA2	down	2	1.0	-0.193012	0.00236584	0.386025
SULT2A1	down	2	1.0	-0.193	0.0419367	0.386
HFE2	down	2	1.0	-0.192977	2.66951e-05	0.385955
PIK3C3	down	2	1.0	-0.192825	0.00610387	0.38565
TAF7L	down	2	1.0	-0.192812	0.000906936	0.385623
THYN1	down	2	1.0	-0.192796	0.000249503	0.385591
MARS2	down	2	1.0	-0.192754	0.229821	0.385508
PSORS1C1	down	2	1.0	-0.192701	0.0046264	0.385402
MGC57346	up	2	1.0	0.192635	0.051695	0.38527
PFDN4	down	2	1.0	-0.192614	0.0531612	0.385228
KBTBD6	up	2	1.0	0.192585	0.0376188	0.38517
FKBP1A	down	2	1.0	-0.192478	0.00694671	0.384955
NCBP3	down	2	1.0	-0.192446	0.0255124	0.384893
GALNT7	down	2	1.0	-0.192408	0.154872	0.384815
ACSM5	down	2	1.0	-0.192405	0.000120909	0.384809
WAPL	up	2	1.0	0.192357	0.0206851	0.384715
PRB4	down	2	1.0	-0.192352	0.0196436	0.384703
LRRC14	down	2	1.0	-0.192317	0.00503282	0.384634
LCA5	up	2	1.0	0.192231	0.00222488	0.384463
ANAPC1	down	2	1.0	-0.192231	0.0466789	0.384463
ZNF485	down	2	1.0	-0.192227	0.000650496	0.384455
RAPGEF2	down	2	1.0	-0.192161	0.0340588	0.384321
KANSL3	down	2	1.0	-0.192133	0.00259428	0.384266
ADSSL1	down	2	1.0	-0.192105	0.000341614	0.38421
LYL1	up	2	1.0	0.192028	0.0165261	0.384057
ZNF79	up	2	1.0	0.19202	0.0147126	0.384041
KMT2C	down	2	1.0	-0.191985	0.000117453	0.38397
SCRN2	down	2	1.0	-0.191957	0.030672	0.383914
IMPAD1	up	2	1.0	0.191954	0.0337083	0.383908
VPS45	down	2	1.0	-0.191937	0.000654268	0.383875
BCKDHA	down	2	1.0	-0.191906	0.0423648	0.383811
CSE1L	up	2	1.0	0.191812	0.0542405	0.383625
CCT5	down	2	1.0	-0.191711	0.00101438	0.383421
EZH1	down	2	1.0	-0.191673	0.101676	0.383346
KHK	down	2	1.0	-0.191642	0.0997255	0.383285
IFRD2	up	2	1.0	0.191612	0.00289773	0.383224
HAUS7	up	2	1.0	0.191545	0.0927382	0.383091
SLC37A3	down	2	1.0	-0.19154	0.00249587	0.383079
EVA1A	up	2	1.0	0.191502	0.00899494	0.383005
MAT2B	down	2	1.0	-0.191475	0.000768723	0.38295
CHMP6	down	2	1.0	-0.191336	0.00918335	0.382672
WWP1	down	2	1.0	-0.191329	0.0205946	0.382658
MUC2	up	2	1.0	0.191256	0.459423	0.382512
H1FOO	down	2	1.0	-0.191225	0.00403631	0.382449
CHAT	down	2	1.0	-0.191196	0.000402644	0.382393
SLC25A15	down	2	1.0	-0.191195	0.00560803	0.382389
SLC25A48	up	2	1.0	0.19118	0.0130872	0.38236
KRT81	down	2	1.0	-0.191113	0.0122243	0.382226
C19orf73	down	2	1.0	-0.191059	1.41539e-05	0.382118
FAM122B	down	2	1.0	-0.191024	0.00176389	0.382048
MAPK4	down	2	1.0	-0.190992	0.00753561	0.381983
SSX2IP	up	2	1.0	0.190962	0.0455843	0.381923
CRKL	down	2	1.0	-0.190934	0.000712655	0.381868
CCDC134	up	2	1.0	0.190861	2.74694e-08	0.381723
FRMD4B	down	2	1.0	-0.190861	0.0414511	0.381722
DBH	down	2	1.0	-0.1908	0.00401612	0.381599
PRPF18	down	2	1.0	-0.190793	0.0671443	0.381586
TIMM17B	down	2	1.0	-0.190789	0.00122353	0.381578
SPCS1	up	2	1.0	0.190787	1.69969e-05	0.381574
ZNF131	down	2	1.0	-0.190738	0.0119582	0.381476
GALNT10	up	2	1.0	0.19069	0.000907163	0.38138
APBB1	up	2	1.0	0.190662	0.00011336	0.381325
ZNF461	down	2	1.0	-0.190647	0.00147267	0.381294
ATP6V1E2	up	2	1.0	0.190603	0.000382797	0.381207
FAM110A	up	2	1.0	0.190593	0.00727763	0.381187
RBP3	down	2	1.0	-0.190582	0.000867624	0.381165
RNASEH2A	up	2	1.0	0.19058	0.00799936	0.38116
RLN3	down	2	1.0	-0.190578	0.00137587	0.381157
QTRT1	down	2	1.0	-0.190567	0.0142164	0.381134
EFCAB11	down	2	1.0	-0.190514	0.0896906	0.381028
ZMYND15	up	2	1.0	0.190493	0.00110455	0.380986
ZNF592	down	2	1.0	-0.190491	0.00168804	0.380981
B4GALT1	up	2	1.0	0.190444	0.0958542	0.380888
IL12RB2	up	2	1.0	0.190425	5.05042e-05	0.380851
CERS2	up	2	1.0	0.190411	0.0211543	0.380822
SAC3D1	down	2	1.0	-0.190374	0.126524	0.380748
CDC42SE2	down	2	1.0	-0.190368	0.000503658	0.380737
TMEM52	down	2	1.0	-0.190365	0.00314236	0.380729
APOBEC3C	up	2	1.0	0.190361	0.0612699	0.380723
ZNF432	down	2	1.0	-0.19028	0.000300964	0.38056
RABEP2	down	2	1.0	-0.190223	0.00638023	0.380447
ANKRD24	down	2	1.0	-0.190128	0.000244422	0.380255
TPPP2	down	2	1.0	-0.190069	0.000426797	0.380138
FAM155B	down	2	1.0	-0.190031	0.0273935	0.380063
ZNF12	down	2	1.0	-0.190031	0.00153808	0.380062
AMER1	down	2	1.0	-0.189987	0.0100527	0.379974
TMEM126B	down	2	1.0	-0.189984	0.000444959	0.379967
URB2	up	2	1.0	0.189896	0.000305262	0.379792
LY6G5C	up	2	1.0	0.189885	0.0467998	0.37977
RAP2B	up	2	1.0	0.189812	0.000595488	0.379625
SHC1	up	2	1.0	0.189773	0.000716686	0.379547
KHDRBS2	down	2	1.0	-0.189713	0.00326313	0.379425
ZNF101	up	2	1.0	0.189693	0.107356	0.379387
MOB2	down	2	1.0	-0.189688	0.00709675	0.379376
SLC5A9	down	2	1.0	-0.189676	0.198452	0.379353
ACBD4	down	2	1.0	-0.189587	0.0112055	0.379175
KAT5	down	2	1.0	-0.189582	0.00373371	0.379163
BCOR	up	2	1.0	0.189526	0.0428464	0.379053
WWP2	down	2	1.0	-0.189518	0.000727636	0.379036
MOB3C	up	2	1.0	0.189511	0.00287723	0.379023
B3GALNT2	up	2	1.0	0.189504	0.0398743	0.379007
LARS2	up	2	1.0	0.189501	0.0578728	0.379003
VWA5B2	down	2	1.0	-0.189459	0.0105319	0.378918
SS18	up	2	1.0	0.189424	3.30203e-06	0.378849
TRRAP	up	2	1.0	0.189403	0.00677123	0.378806
ACTL7B	down	2	1.0	-0.189356	9.81408e-05	0.378712
FBXO36	down	2	1.0	-0.189283	0.000317014	0.378567
SYNGR4	down	2	1.0	-0.189195	0.00456966	0.378389
C1orf68	down	2	1.0	-0.189192	0.0218251	0.378385
ACP1	down	2	1.0	-0.189143	0.000759604	0.378287
FAM57B	down	2	1.0	-0.189134	0.00664058	0.378269
ZNF548	up	2	1.0	0.189091	0.024722	0.378182
NAT14	up	2	1.0	0.189021	0.0179132	0.378041
PGBD5	down	2	1.0	-0.188998	0.0567194	0.377996
DAXX	up	2	1.0	0.188978	0.015742	0.377957
BCL10	up	2	1.0	0.18897	0.00376253	0.377941
NSA2	down	2	1.0	-0.188946	0.0184596	0.377891
PRKG1	down	2	1.0	-0.18892	0.0248094	0.377839
LRRC37B	down	2	1.0	-0.188914	0.0139573	0.377828
ELAVL3	down	2	1.0	-0.188892	0.0333534	0.377784
CFAP74	down	2	1.0	-0.188885	0.0331218	0.377769
DBIL5P	down	2	1.0	-0.188882	0.000113104	0.377764
VDAC3	down	2	1.0	-0.188858	3.22182e-05	0.377716
ZNF649	down	2	1.0	-0.188847	0.0540736	0.377695
NHLH2	down	2	1.0	-0.188844	0.0207418	0.377688
XPA	down	2	1.0	-0.18883	0.00284753	0.37766
MAP1S	up	2	1.0	0.188808	0.000279393	0.377615
SLC18A2	up	2	1.0	0.188796	0.0952293	0.377592
EFCAB2	down	2	1.0	-0.18876	0.0126689	0.37752
NSMCE1	down	2	1.0	-0.188744	0.00616527	0.377489
ANO4	down	2	1.0	-0.18874	0.00196793	0.37748
PRRX2	up	2	1.0	0.188721	7.09914e-05	0.377443
APBA3	up	2	1.0	0.18867	0.0224814	0.377341
CASQ2	down	2	1.0	-0.188651	0.0909018	0.377303
FAM9C	down	2	1.0	-0.18856	0.0138588	0.37712
BRWD1-IT2	down	2	1.0	-0.188513	0.000457771	0.377026
ZBTB21	up	2	1.0	0.18846	0.129834	0.37692
ZNF396	down	2	1.0	-0.188378	2.11613e-05	0.376756
CDC123	up	2	1.0	0.188363	0.00248803	0.376726
ADGRG2	up	2	1.0	0.188345	0.000958496	0.37669
DGCR14	down	2	1.0	-0.188284	0.000372451	0.376568
DOCK7	down	2	1.0	-0.188274	0.00182055	0.376548
NCLN	up	2	1.0	0.188266	0.000166269	0.376531
SPINT3	down	2	1.0	-0.188252	0.00102232	0.376505
R3HCC1L	down	2	1.0	-0.188223	0.0120568	0.376447
MCM8	down	2	1.0	-0.188219	0.00687715	0.376439
ANAPC16	down	2	1.0	-0.188203	0.0333394	0.376407
MAST4	down	2	1.0	-0.188177	0.000557577	0.376355
WDR47	up	2	1.0	0.188117	0.0806575	0.376234
UACA	down	2	1.0	-0.188067	0.0341575	0.376135
LOC100131541	down	2	1.0	-0.188059	0.000508766	0.376118
PLAC8L1	down	2	1.0	-0.188028	0.0106424	0.376055
SOX3	down	2	1.0	-0.187979	0.00464805	0.375959
PYM1	down	2	1.0	-0.18797	0.066046	0.375941
OTUD5	up	2	1.0	0.18795	3.27485e-05	0.3759
SS18L2	up	2	1.0	0.187845	1.34869e-05	0.375691
TUBA1B	up	2	1.0	0.187837	0.000795812	0.375674
DCT	down	2	1.0	-0.187785	0.00383561	0.375569
SCAMP5	down	2	1.0	-0.187783	0.000172467	0.375567
LYPLA2	down	2	1.0	-0.187672	0.0108212	0.375344
TMEM187	down	2	1.0	-0.187663	0.00350351	0.375327
USP6	down	2	1.0	-0.187608	0.00143743	0.375215
GPR146	up	2	1.0	0.187585	0.0386841	0.37517
CLTA	down	2	1.0	-0.187579	0.000242864	0.375158
DDX41	down	2	1.0	-0.187566	0.00575423	0.375132
NKD2	down	2	1.0	-0.187543	0.0194345	0.375086
ZNF589	up	2	1.0	0.187535	0.000394977	0.37507
C11orf57	down	2	1.0	-0.187505	0.00105145	0.375009
LINC01165	down	2	1.0	-0.187452	0.000342694	0.374905
RBM18	down	2	1.0	-0.18741	0.00123741	0.37482
CPO	down	2	1.0	-0.187406	0.0186806	0.374811
DEFB123	down	2	1.0	-0.187387	0.000902894	0.374774
HEATR5B	down	2	1.0	-0.187364	0.000460342	0.374729
NUP205	up	2	1.0	0.187318	0.0105608	0.374636
NOX1	up	2	1.0	0.187295	0.403414	0.374589
RLF	up	2	1.0	0.187167	0.0480781	0.374334
LRP3	down	2	1.0	-0.18716	0.00202227	0.37432
FTCD	down	2	1.0	-0.18713	0.00210293	0.374259
CHD9	down	2	1.0	-0.187117	0.023613	0.374235
PIP4K2C	down	2	1.0	-0.187106	0.00144164	0.374211
KRT8	down	2	1.0	-0.187063	0.07565	0.374127
TMCO3	up	2	1.0	0.187045	0.121318	0.374089
FAM109A	down	2	1.0	-0.187013	0.025249	0.374026
NBPF3	down	2	1.0	-0.186951	0.000546849	0.373903
SPIC	up	2	1.0	0.186948	0.0532258	0.373897
TLK1	down	2	1.0	-0.186852	0.0016393	0.373705
CKM	down	2	1.0	-0.186807	0.00105562	0.373614
ZNRD1ASP	down	2	1.0	-0.186787	0.0129468	0.373574
PRR22	down	2	1.0	-0.186722	0.0904717	0.373443
WDR48	down	2	1.0	-0.186706	0.002453	0.373413
ASMTL-AS1	down	2	1.0	-0.186687	0.0163181	0.373373
BBS1	down	2	1.0	-0.186677	0.00739267	0.373353
KCNH6	down	2	1.0	-0.186651	6.03945e-05	0.373302
PBXIP1	up	2	1.0	0.186522	0.00852792	0.373044
LOC100132005	down	2	1.0	-0.186504	0.00793459	0.373009
MRPS5	down	2	1.0	-0.186468	0.000774604	0.372936
HEATR1	up	2	1.0	0.186466	0.0206869	0.372932
CST6	down	2	1.0	-0.186443	0.000587731	0.372887
KDM8	down	2	1.0	-0.186436	1.98131e-07	0.372872
ZNF8	up	2	1.0	0.186373	0.0143859	0.372746
CA8	up	2	1.0	0.18628	0.0644747	0.37256
DXO	up	2	1.0	0.186263	0.000443472	0.372527
ZNF226	down	2	1.0	-0.186167	0.00311254	0.372334
ALDH3A1	down	2	1.0	-0.186158	0.197612	0.372316
HOXC6	down	2	1.0	-0.186139	0.0183022	0.372277
ADAM5	down	2	1.0	-0.186037	0.000106863	0.372073
ZNF502	down	2	1.0	-0.186031	0.00529422	0.372062
RSAD1	down	2	1.0	-0.186005	0.00264736	0.372009
USP25	down	2	1.0	-0.185974	0.000425608	0.371949
ZNF837	down	2	1.0	-0.185926	0.00429554	0.371852
HRG	down	2	1.0	-0.185866	0.000323733	0.371733
MARCH2	up	2	1.0	0.185824	0.0130559	0.371648
HMGA1	up	2	1.0	0.185771	0.0131339	0.371541
NOBOX	down	2	1.0	-0.18575	0.00166098	0.3715
EXOSC7	up	2	1.0	0.185709	0.0113187	0.371419
HEYL	up	2	1.0	0.185634	0.00332923	0.371268
GGNBP2	down	2	1.0	-0.185609	2.6635e-05	0.371217
WFIKKN1	down	2	1.0	-0.185549	0.00205716	0.371099
ECD	up	2	1.0	0.185521	0.0157343	0.371042
RNF167	down	2	1.0	-0.18551	0.00702313	0.371021
ZNF234	down	2	1.0	-0.185478	0.00524838	0.370957
MYL12A	down	2	1.0	-0.185467	0.000127404	0.370933
ASB11	down	2	1.0	-0.185457	0.00526023	0.370915
PDE2A	up	2	1.0	0.185442	0.0350876	0.370884
ARHGDIG	down	2	1.0	-0.18542	0.0508235	0.370841
DDX39A	up	2	1.0	0.185418	0.0413012	0.370836
WDR75	up	2	1.0	0.185412	0.0244596	0.370824
RABIF	down	2	1.0	-0.18541	0.000583872	0.370819
C14orf159	down	2	1.0	-0.185395	0.00101963	0.37079
VPS29	down	2	1.0	-0.185385	0.000985546	0.370771
ANKRD12	down	2	1.0	-0.18535	0.0430248	0.370699
UQCRH	down	2	1.0	-0.185305	0.00972472	0.37061
GNB1	up	2	1.0	0.185267	0.0137813	0.370533
WDR81	up	2	1.0	0.185223	0.00633688	0.370447
GLMP	up	2	1.0	0.185199	0.00839321	0.370398
SORCS1	up	2	1.0	0.185196	0.0361692	0.370391
CATSPERG	down	2	1.0	-0.185132	0.000459305	0.370264
ACAD9	down	2	1.0	-0.185108	0.0265388	0.370216
TBC1D9B	down	2	1.0	-0.185097	0.00687698	0.370194
RNF212	down	2	1.0	-0.185036	0.000813472	0.370073
GGACT	down	2	1.0	-0.184988	0.0369598	0.369975
KCTD1	down	2	1.0	-0.184978	0.0249034	0.369956
TRO	up	2	1.0	0.18494	0.00123414	0.369881
MRPL18	down	2	1.0	-0.184925	0.0148686	0.36985
EQTN	down	2	1.0	-0.184922	0.00183962	0.369845
RPL13P5	up	2	1.0	0.184916	0.0163871	0.369832
C11orf74	down	2	1.0	-0.184756	0.0519074	0.369511
PAOX	up	2	1.0	0.184752	0.0161159	0.369504
BTBD6	down	2	1.0	-0.184735	3.35541e-06	0.36947
KDM3A	down	2	1.0	-0.184713	0.0180078	0.369426
YWHAG	up	2	1.0	0.18469	0.000138026	0.36938
ABCA7	up	2	1.0	0.184613	0.0091008	0.369226
MTF1	up	2	1.0	0.184559	0.109874	0.369117
SLC6A15	down	2	1.0	-0.184538	0.00634704	0.369076
DCST1	down	2	1.0	-0.184508	0.00109673	0.369016
MS4A3	up	2	1.0	0.184493	0.000214179	0.368986
SPRYD3	up	2	1.0	0.18444	0.00902624	0.36888
GSTA3	down	2	1.0	-0.184331	0.0214907	0.368662
ARMCX4	down	2	1.0	-0.184309	9.89291e-05	0.368618
LUZP1	down	2	1.0	-0.184218	0.00354709	0.368436
TRMT5	down	2	1.0	-0.184172	0.00123088	0.368343
IDI1	down	2	1.0	-0.184167	0.0169427	0.368334
CEMP1	down	2	1.0	-0.184106	0.00431141	0.368212
TUBBP5	down	2	1.0	-0.184054	0.0950498	0.368108
TMEM27	down	2	1.0	-0.184036	0.0070215	0.368071
WBP2	down	2	1.0	-0.183995	0.00315353	0.36799
ZBTB7A	down	2	1.0	-0.183989	0.00064279	0.367979
LCE1B	down	2	1.0	-0.183951	0.0113254	0.367903
RPL7	down	2	1.0	-0.183927	0.00857874	0.367855
ZBTB14	down	2	1.0	-0.183885	0.00514333	0.367769
FITM1	down	2	1.0	-0.18382	0.00962077	0.367641
SLC7A8	down	2	1.0	-0.183786	0.0428839	0.367573
PGBD2	down	2	1.0	-0.183782	0.0126797	0.367565
PTPN11	up	2	1.0	0.183777	0.0145986	0.367554
DAGLB	down	2	1.0	-0.183742	0.0126875	0.367483
HSPA14	down	2	1.0	-0.183681	0.0206248	0.367362
KIAA1549	up	2	1.0	0.18368	0.000984285	0.367361
USP3	down	2	1.0	-0.183663	0.0165374	0.367325
PCSK4	down	2	1.0	-0.183633	0.0199214	0.367267
LSM12	up	2	1.0	0.183611	0.130288	0.367222
DCP1A	up	2	1.0	0.183591	0.123369	0.367182
FETUB	down	2	1.0	-0.183516	0.00368492	0.367033
PEPD	down	2	1.0	-0.183439	0.1171	0.366879
ASCL3	down	2	1.0	-0.183409	0.0097276	0.366818
PCDHA10	down	2	1.0	-0.183323	0.0160917	0.366646
GPER1	down	2	1.0	-0.183308	0.166035	0.366615
TAF4	down	2	1.0	-0.183248	0.000871259	0.366497
RHD	down	2	1.0	-0.183242	0.0103324	0.366485
HSPB6	down	2	1.0	-0.183229	0.0316028	0.366457
RPAP1	up	2	1.0	0.183224	0.0401257	0.366449
ALKBH2	up	2	1.0	0.183213	0.00293987	0.366426
B3GNTL1	up	2	1.0	0.1832	0.00192891	0.366401
HIC1	up	2	1.0	0.1832	0.0626698	0.3664
EIF4B	down	2	1.0	-0.183195	0.00253929	0.366389
USP21	down	2	1.0	-0.183176	0.00210943	0.366353
SLC24A4	up	2	1.0	0.183094	0.00125265	0.366189
EIF2AK3	up	2	1.0	0.183089	0.043741	0.366179
STKLD1	down	2	1.0	-0.183083	0.00497715	0.366166
CTSF	up	2	1.0	0.183054	0.000812246	0.366108
TMX2	down	2	1.0	-0.183048	0.000745944	0.366095
TRAPPC9	down	2	1.0	-0.182995	0.0186441	0.36599
FAM131A	down	2	1.0	-0.182982	0.00012186	0.365964
FTH1P5	down	2	1.0	-0.182976	8.90797e-08	0.365951
ZCCHC4	down	2	1.0	-0.182931	0.00586015	0.365862
POU6F2	down	2	1.0	-0.182916	0.00319741	0.365833
CREB1	up	2	1.0	0.182894	0.0181248	0.365789
SCFD2	down	2	1.0	-0.182862	0.00264745	0.365725
NANP	up	2	1.0	0.182839	0.0888112	0.365678
PSMB3	up	2	1.0	0.182819	0.00620173	0.365639
MFF	down	2	1.0	-0.182807	0.0138977	0.365614
ZNF518B	up	2	1.0	0.182735	0.185374	0.365471
LOC100128175	down	2	1.0	-0.182719	0.00626039	0.365438
TADA3	down	2	1.0	-0.182668	0.00804923	0.365336
RCAN1	down	2	1.0	-0.182642	0.0322059	0.365284
THAP10	down	2	1.0	-0.182559	0.260361	0.365117
PLK4	up	2	1.0	0.182525	0.0379303	0.365051
KRT34	down	2	1.0	-0.182492	0.0167682	0.364983
KIR2DS5	down	2	1.0	-0.182492	0.0386522	0.364983
PARP11	up	2	1.0	0.18244	0.00730908	0.364881
CNOT1	down	2	1.0	-0.182425	4.63471e-05	0.36485
PSMB4	up	2	1.0	0.182359	0.00529892	0.364718
ACTR1A	up	2	1.0	0.182342	0.00402024	0.364684
WDR77	up	2	1.0	0.182231	0.000233027	0.364462
CNTN1	down	2	1.0	-0.182148	0.0434924	0.364297
LDOC1L	down	2	1.0	-0.182146	0.0159492	0.364293
VAPA	down	2	1.0	-0.182136	0.000727571	0.364273
DLGAP2	down	2	1.0	-0.182121	0.0232873	0.364242
NKX3-1	up	2	1.0	0.182103	0.00634255	0.364206
SHPRH	down	2	1.0	-0.182095	0.00947994	0.364191
TIMM9	up	2	1.0	0.182065	0.0418875	0.364131
BCAR1	down	2	1.0	-0.182052	7.38734e-05	0.364105
SFPQ	up	2	1.0	0.181972	0.0386893	0.363943
SMNDC1	up	2	1.0	0.181915	7.12798e-07	0.363829
TLR9	up	2	1.0	0.181821	0.00436435	0.363643
FAM133A	down	2	1.0	-0.18177	0.012539	0.36354
SASS6	up	2	1.0	0.181767	0.096274	0.363535
GRK6	up	2	1.0	0.181742	2.47063e-05	0.363484
ELAVL1	up	2	1.0	0.18173	0.000748985	0.363459
YDJC	down	2	1.0	-0.181712	0.013672	0.363424
TOR1B	down	2	1.0	-0.181673	0.00132047	0.363345
SF3A2	down	2	1.0	-0.181667	0.222549	0.363335
HLTF	up	2	1.0	0.181637	0.368544	0.363274
LPAR6	up	2	1.0	0.181527	0.418713	0.363054
MAP1LC3C	down	2	1.0	-0.181511	0.0590301	0.363023
CMC1	down	2	1.0	-0.18149	0.019112	0.362979
TRIP12	up	2	1.0	0.181467	0.00309461	0.362933
HLA-DPB2	up	2	1.0	0.18146	0.00443575	0.36292
FOXH1	down	2	1.0	-0.181393	0.0122078	0.362787
SRSF5	down	2	1.0	-0.181366	0.0672506	0.362733
FAM124B	up	2	1.0	0.181291	0.0438772	0.362582
UAP1	down	2	1.0	-0.181283	0.000112937	0.362566
RARA	down	2	1.0	-0.181271	0.000962722	0.362541
MTFP1	down	2	1.0	-0.18127	0.00341206	0.36254
UBAP2	down	2	1.0	-0.181167	6.5387e-05	0.362334
FAM179B	down	2	1.0	-0.181146	0.00467969	0.362292
PYCR2	up	2	1.0	0.181127	0.00290957	0.362254
SYNRG	up	2	1.0	0.181105	3.07429e-05	0.36221
FBP2	down	2	1.0	-0.181055	0.0581735	0.362111
ING3	down	2	1.0	-0.181036	0.00103721	0.362071
UBE2R2	down	2	1.0	-0.180991	0.0036486	0.361983
ZFP82	up	2	1.0	0.180962	0.0165343	0.361924
TIMM23	down	2	1.0	-0.18087	0.00810358	0.361741
SLC39A9	down	2	1.0	-0.180822	0.0113116	0.361644
C19orf57	down	2	1.0	-0.180821	0.00095691	0.361642
SPATA7	down	2	1.0	-0.180802	0.0362983	0.361604
NT5M	down	2	1.0	-0.180774	8.19289e-05	0.361547
MFHAS1	down	2	1.0	-0.180761	0.00513883	0.361523
POU2F1	up	2	1.0	0.180696	0.0982052	0.361392
CYP4F8	down	2	1.0	-0.180673	0.0026201	0.361346
TAF1D	up	2	1.0	0.180584	0.00473751	0.361167
ASUN	up	2	1.0	0.180573	0.00266833	0.361147
NKAIN2	down	2	1.0	-0.180571	0.0207382	0.361143
C8orf37	up	2	1.0	0.180556	0.0964238	0.361112
CA14	down	2	1.0	-0.180536	7.39064e-05	0.361073
SCML4	down	2	1.0	-0.180523	0.00105307	0.361046
DPY30	down	2	1.0	-0.180457	0.112808	0.360915
MED6	up	2	1.0	0.180327	0.112321	0.360654
IVNS1ABP	up	2	1.0	0.180321	0.00651321	0.360643
MIB1	up	2	1.0	0.180311	0.0272792	0.360622
SMIM10L2B	down	2	1.0	-0.180305	0.18153	0.360611
ZKSCAN5	up	2	1.0	0.180277	0.00587009	0.360554
ACTN4	down	2	1.0	-0.180227	0.00309524	0.360454
PDE6D	down	2	1.0	-0.180208	0.126359	0.360416
PRODH2	down	2	1.0	-0.180178	0.000528838	0.360356
SHISA2	up	2	1.0	0.180171	0.0204028	0.360342
COG3	down	2	1.0	-0.18017	0.000218508	0.36034
PIK3IP1	up	2	1.0	0.180154	0.0360209	0.360308
GGA1	down	2	1.0	-0.180152	0.0178892	0.360303
DZIP1L	up	2	1.0	0.180097	0.00573081	0.360194
ZNF486	down	2	1.0	-0.180086	0.0260815	0.360173
ADAT2	down	2	1.0	-0.180061	0.0547759	0.360121
AGAP3	up	2	1.0	0.179996	0.0484451	0.359993
IKBKAP	up	2	1.0	0.179965	0.00315157	0.35993
TRMT61A	down	2	1.0	-0.17992	0.0166312	0.35984
DPP6	down	2	1.0	-0.179832	0.0599609	0.359664
B4GALNT3	down	2	1.0	-0.179804	0.038113	0.359608
CCL28	down	2	1.0	-0.179679	0.167653	0.359357
C11orf58	up	2	1.0	0.179644	0.0179903	0.359289
RAB3GAP1	up	2	1.0	0.179611	0.0628985	0.359222
EBNA1BP2	up	2	1.0	0.179577	0.0327088	0.359153
ZNF85	down	2	1.0	-0.17957	0.004621	0.359141
SLC27A3	up	2	1.0	0.179564	0.00490709	0.359128
GRIN2C	down	2	1.0	-0.179529	0.001322	0.359058
ARHGAP17	down	2	1.0	-0.179472	0.000166202	0.358944
KIAA0586	up	2	1.0	0.179425	0.000528445	0.35885
WDR61	down	2	1.0	-0.179367	0.0393811	0.358733
PPP6R3	down	2	1.0	-0.179366	6.0317e-05	0.358731
ZSCAN9	down	2	1.0	-0.179304	0.0131813	0.358607
FBRSL1	down	2	1.0	-0.17924	0.183048	0.35848
CHRM5	down	2	1.0	-0.179238	0.00387532	0.358476
TTTY1B	down	2	1.0	-0.179233	0.00277349	0.358465
PSMB5	up	2	1.0	0.179219	0.0123475	0.358437
C9orf116	up	2	1.0	0.179218	0.0166054	0.358436
VPS4A	down	2	1.0	-0.179123	1.56678e-05	0.358247
ZNF425	down	2	1.0	-0.178988	0.00066582	0.357976
RAB5C	down	2	1.0	-0.17898	4.06424e-05	0.357961
PLBD2	up	2	1.0	0.17897	5.45526e-06	0.357941
MAMSTR	down	2	1.0	-0.178936	0.0386437	0.357872
NCOR1	down	2	1.0	-0.178888	0.000564388	0.357775
TLX1	down	2	1.0	-0.178846	0.000761813	0.357693
RIC8B	down	2	1.0	-0.178804	0.00680089	0.357609
SPIN3	down	2	1.0	-0.178804	0.000863647	0.357608
RHPN2	down	2	1.0	-0.178779	0.0522141	0.357558
IGFN1	down	2	1.0	-0.178778	0.0158408	0.357556
ZKSCAN4	down	2	1.0	-0.17873	0.00846025	0.35746
FBXO18	up	2	1.0	0.178714	0.0234606	0.357428
ELP6	up	2	1.0	0.178702	0.103455	0.357404
S100A1	down	2	1.0	-0.178634	0.000413526	0.357268
WDR13	down	2	1.0	-0.178623	0.068828	0.357247
PAGE1	down	2	1.0	-0.178599	0.0281024	0.357199
SACM1L	down	2	1.0	-0.178597	0.000175093	0.357195
FAM84B	down	2	1.0	-0.178558	0.00378811	0.357116
PLPP3	up	2	1.0	0.178532	0.26557	0.357063
DUSP26	down	2	1.0	-0.178432	0.0054279	0.356863
POLD2	up	2	1.0	0.17843	0.000433204	0.35686
ZC3H7A	up	2	1.0	0.17843	0.00592268	0.356859
TERT	down	2	1.0	-0.178425	0.00146308	0.356849
PYGO2	down	2	1.0	-0.178414	0.000883732	0.356828
IQGAP1	up	2	1.0	0.178364	0.0926072	0.356728
CCDC159	down	2	1.0	-0.178305	0.00146461	0.35661
PI4KAP1	down	2	1.0	-0.178258	0.0203545	0.356515
RSPH14	down	2	1.0	-0.178225	0.00505593	0.35645
PITPNM2	down	2	1.0	-0.178221	0.00169999	0.356443
LRRC75A-AS1	down	2	1.0	-0.17817	2.10358e-05	0.35634
HES7	down	2	1.0	-0.178143	0.000704475	0.356286
TERF2IP	up	2	1.0	0.178072	6.18545e-05	0.356143
SLC39A12	down	2	1.0	-0.178032	0.0156023	0.356064
SET	up	2	1.0	0.178028	0.000343842	0.356055
HFE	up	2	1.0	0.177851	0.00667806	0.355702
SIGLEC1	down	2	1.0	-0.177849	0.098346	0.355698
LPCAT4	down	2	1.0	-0.177808	0.0888241	0.355617
SLC2A11	up	2	1.0	0.177804	0.1248	0.355609
NEK4	up	2	1.0	0.177769	0.0497276	0.355538
PTPDC1	down	2	1.0	-0.177765	0.00405965	0.35553
THRAP3	up	2	1.0	0.177721	0.14857	0.355441
DNAJC7	up	2	1.0	0.177704	0.0686861	0.355408
TTC31	down	2	1.0	-0.177698	1.51191e-05	0.355396
ODF3L1	down	2	1.0	-0.177684	0.0130137	0.355369
RBPMS2	up	2	1.0	0.177654	0.249247	0.355309
TRAJ17	up	2	1.0	0.177642	0.0031406	0.355284
CALML3	down	2	1.0	-0.177577	0.000228548	0.355155
VPS37A	down	2	1.0	-0.177575	0.0230677	0.35515
FAM170A	down	2	1.0	-0.177531	0.017031	0.355062
PARG	down	2	1.0	-0.177365	0.000734238	0.354729
C14orf1	down	2	1.0	-0.177325	0.0209541	0.35465
RSU1	down	2	1.0	-0.177311	0.014378	0.354622
BTF3L4	up	2	1.0	0.177303	0.0791071	0.354607
LRRC39	down	2	1.0	-0.177278	0.0836834	0.354556
ICMT	down	2	1.0	-0.17727	0.00790272	0.35454
APPBP2	down	2	1.0	-0.177241	0.000264681	0.354482
CHCHD2	up	2	1.0	0.177233	0.00686801	0.354466
SLC26A7	down	2	1.0	-0.177201	0.00647126	0.354402
SMARCAD1	up	2	1.0	0.1772	0.150685	0.354399
SCGB2B2	down	2	1.0	-0.177193	0.00216007	0.354386
LAPTM4B	down	2	1.0	-0.177145	0.00196669	0.35429
RAD54L	up	2	1.0	0.177138	0.00438739	0.354275
ATF7	down	2	1.0	-0.177042	0.0256578	0.354084
INTS12	down	2	1.0	-0.177033	0.00761413	0.354066
BEX4	down	2	1.0	-0.177025	0.0792354	0.35405
SYT1	down	2	1.0	-0.177024	0.000761246	0.354047
PCAT18	down	2	1.0	-0.176941	0.126661	0.353882
SMS	up	2	1.0	0.176917	0.00481515	0.353834
BCL7A	down	2	1.0	-0.176913	0.00112727	0.353826
JAG2	up	2	1.0	0.17689	0.0904924	0.353779
CDH15	down	2	1.0	-0.176868	0.0155422	0.353735
MPHOSPH6	down	2	1.0	-0.176826	0.149352	0.353653
RAD51B	down	2	1.0	-0.176799	0.00583771	0.353597
AAAS	up	2	1.0	0.176775	0.12742	0.35355
MPP4	down	2	1.0	-0.176753	0.00135428	0.353506
GRWD1	up	2	1.0	0.176652	0.000123951	0.353304
MFSD1	down	2	1.0	-0.176645	0.000781749	0.35329
TIAL1	down	2	1.0	-0.176529	0.00109856	0.353058
PPP6C	down	2	1.0	-0.176507	1.90749e-05	0.353014
B4GALT2	up	2	1.0	0.176461	0.000221626	0.352921
OTUB1	up	2	1.0	0.176454	0.00718766	0.352909
FAM173B	down	2	1.0	-0.176449	0.0729189	0.352897
PIGG	down	2	1.0	-0.176442	0.0011539	0.352883
ZNF827	down	2	1.0	-0.176355	0.049811	0.35271
KIR2DS2	down	2	1.0	-0.176353	0.000985989	0.352707
CHRNA3	down	2	1.0	-0.17632	0.00910482	0.352639
IRF3	up	2	1.0	0.176272	3.85851e-05	0.352544
SLC25A41	down	2	1.0	-0.176248	0.00840775	0.352495
SYMPK	up	2	1.0	0.1762	0.0392554	0.352401
CRP	down	2	1.0	-0.176154	0.0172196	0.352309
SLC12A6	up	2	1.0	0.176094	0.0172255	0.352188
CIRBP	up	2	1.0	0.176062	0.138543	0.352124
KLHL22	up	2	1.0	0.176042	0.000277749	0.352084
WDR26	up	2	1.0	0.176022	1.56528e-05	0.352044
FAAH2	down	2	1.0	-0.176015	0.00497351	0.352029
GSDMD	up	2	1.0	0.176003	0.00920301	0.352006
PDPR	down	2	1.0	-0.175962	0.0984985	0.351925
BTC	down	2	1.0	-0.175955	0.00455599	0.35191
PFDN2	up	2	1.0	0.175946	0.056826	0.351892
CCDC65	down	2	1.0	-0.17592	0.000425874	0.351841
C14orf169	up	2	1.0	0.175918	4.60556e-06	0.351837
MFSD11	down	2	1.0	-0.175855	0.00429886	0.351711
PPP1R1A	down	2	1.0	-0.175825	0.0805747	0.351651
SMIM10	up	2	1.0	0.175817	0.00251777	0.351634
BAHCC1	down	2	1.0	-0.175808	0.00583705	0.351617
RPL29	up	2	1.0	0.175761	0.0012006	0.351521
COL24A1	up	2	1.0	0.175708	0.00196252	0.351416
FUT3	down	2	1.0	-0.175691	0.0277492	0.351382
SUPT3H	up	2	1.0	0.175647	0.0317852	0.351294
SLC35B2	up	2	1.0	0.175606	0.0815916	0.351213
C2orf15	down	2	1.0	-0.175579	0.0909659	0.351158
ASAH2B	down	2	1.0	-0.175525	0.000127666	0.35105
PPP1R12A	up	2	1.0	0.175495	0.020708	0.350991
RUSC2	up	2	1.0	0.175464	0.000264423	0.350928
ZFAND1	down	2	1.0	-0.175424	0.0249845	0.350848
UGT2A2	down	2	1.0	-0.17535	0.000955937	0.350701
DGCR11	up	2	1.0	0.175253	0.141398	0.350506
RABL2A	down	2	1.0	-0.175229	4.86536e-05	0.350459
HMBS	down	2	1.0	-0.175229	0.0393811	0.350459
EPHB6	up	2	1.0	0.175176	0.00860353	0.350353
XAGE2	down	2	1.0	-0.175155	0.000197746	0.35031
EMSY	down	2	1.0	-0.17512	0.0177639	0.35024
SERPINA10	down	2	1.0	-0.175116	0.00177785	0.350232
FGF14	down	2	1.0	-0.175098	0.00263635	0.350196
PCDH11Y	up	2	1.0	0.175085	0.0240693	0.35017
ZDHHC1	down	2	1.0	-0.175073	0.00884921	0.350147
DCAF12L2	down	2	1.0	-0.175068	0.00383192	0.350136
CAPN7	down	2	1.0	-0.175061	0.0774501	0.350122
LINC00574	down	2	1.0	-0.175	0.00451773	0.35
TAAR5	down	2	1.0	-0.174998	0.00228981	0.349996
SEC61A2	up	2	1.0	0.174958	0.0344233	0.349916
KRT40	down	2	1.0	-0.174899	0.0273718	0.349799
MEF2D	up	2	1.0	0.174861	0.000626015	0.349722
VWA3A	down	2	1.0	-0.174833	0.00284316	0.349665
EEF1A2	down	2	1.0	-0.174804	0.0013063	0.349608
ARX	down	2	1.0	-0.174789	0.00373709	0.349578
ADGRA1	down	2	1.0	-0.174776	0.00378811	0.349551
UBAP2L	up	2	1.0	0.174764	0.00947284	0.349528
RIMBP2	down	2	1.0	-0.174739	0.0288094	0.349477
USP6NL	up	2	1.0	0.174685	0.0498566	0.34937
TSPO	down	2	1.0	-0.174556	6.22005e-06	0.349113
C20orf96	down	2	1.0	-0.174422	0.00315353	0.348844
NRAP	down	2	1.0	-0.174384	0.0384063	0.348768
KPNA4	down	2	1.0	-0.17438	0.00119765	0.348761
SUPT16H	up	2	1.0	0.174375	0.0233107	0.34875
LINC01512	down	2	1.0	-0.174356	0.012074	0.348712
L3MBTL1	down	2	1.0	-0.174332	0.019446	0.348663
DICER1	up	2	1.0	0.174284	0.105492	0.348567
TIGD5	down	2	1.0	-0.174171	0.000112925	0.348342
SHISA3	up	2	1.0	0.174159	0.155756	0.348319
ADRA2A	down	2	1.0	-0.174149	0.382386	0.348297
DNAJC21	down	2	1.0	-0.174129	0.00322615	0.348259
BRF2	down	2	1.0	-0.174113	0.00351707	0.348225
FAM122C	up	2	1.0	0.174112	1.96235e-05	0.348223
INPP4B	up	2	1.0	0.174086	0.0765644	0.348171
SNHG12	up	2	1.0	0.173982	0.0593332	0.347963
CDH20	down	2	1.0	-0.173978	0.00550806	0.347957
ATP10B	down	2	1.0	-0.173975	0.124916	0.34795
HAT1	up	2	1.0	0.173959	0.148254	0.347918
ZNF771	down	2	1.0	-0.173924	0.00487253	0.347848
RPH3AL	down	2	1.0	-0.173919	0.0432279	0.347838
BCAP31	up	2	1.0	0.173845	0.0197697	0.347691
TFG	up	2	1.0	0.173842	0.0879979	0.347683
SEC61G	up	2	1.0	0.173801	0.192205	0.347602
TMEM221	down	2	1.0	-0.17378	0.000486057	0.347561
ZNF749	down	2	1.0	-0.173696	0.00974462	0.347392
TRAPPC5	down	2	1.0	-0.173667	0.00505379	0.347334
KRT79	down	2	1.0	-0.173625	0.00578499	0.347251
SIMC1	down	2	1.0	-0.173616	0.0675608	0.347231
OR2H1	down	2	1.0	-0.173495	0.0264532	0.346991
CTNNBIP1	down	2	1.0	-0.173419	0.0147207	0.346837
SCAF11	up	2	1.0	0.173405	0.197129	0.34681
SRRM4	down	2	1.0	-0.173393	0.00284693	0.346786
C22orf31	down	2	1.0	-0.17336	0.000672359	0.34672
FAM167A-AS1	down	2	1.0	-0.173356	0.00521785	0.346712
TRIB3	up	2	1.0	0.173349	0.0457375	0.346697
BAGE	down	2	1.0	-0.173281	0.0236298	0.346561
SUV39H1	up	2	1.0	0.173268	0.0068467	0.346535
ARFGAP2	down	2	1.0	-0.173264	0.000188887	0.346527
CKAP2	up	2	1.0	0.173223	0.0517331	0.346447
TMEM115	down	2	1.0	-0.173185	0.0179348	0.346371
MRPL19	down	2	1.0	-0.173182	0.0342988	0.346365
ADAM21P1	down	2	1.0	-0.173136	0.00329086	0.346272
VIPAS39	down	2	1.0	-0.173123	0.0481881	0.346245
DCAF17	down	2	1.0	-0.173099	0.00140956	0.346198
MPPED1	down	2	1.0	-0.172987	0.00756971	0.345974
ACTL6A	down	2	1.0	-0.172938	3.4233e-05	0.345875
TANGO2	down	2	1.0	-0.172919	0.0258871	0.345837
PSMB1	up	2	1.0	0.172878	0.00132855	0.345755
ZIK1	up	2	1.0	0.172855	0.00863344	0.345711
ZNF513	down	2	1.0	-0.172816	0.000409699	0.345632
AURKA	up	2	1.0	0.172806	0.0630214	0.345612
PCGF6	down	2	1.0	-0.172784	0.00120774	0.345568
TMEM42	down	2	1.0	-0.172724	0.0367872	0.345448
PPP2R1A	down	2	1.0	-0.172668	0.00884225	0.345336
RPL34-AS1	down	2	1.0	-0.172658	0.0192276	0.345316
CYSLTR2	up	2	1.0	0.172617	0.142649	0.345234
VAMP2	down	2	1.0	-0.172574	0.00164336	0.345149
PDCD2	down	2	1.0	-0.172561	0.0150712	0.345121
CALB1	up	2	1.0	0.172554	0.0296031	0.345108
SPAG7	down	2	1.0	-0.172532	0.082457	0.345065
CENPB	down	2	1.0	-0.172509	6.35672e-07	0.345018
HECTD4	down	2	1.0	-0.172465	0.000872149	0.34493
MAGEC3	down	2	1.0	-0.17244	0.0037019	0.344879
TRIM50	down	2	1.0	-0.172373	0.00721683	0.344746
NME6	down	2	1.0	-0.172277	0.0516998	0.344554
ARL6IP1	down	2	1.0	-0.172266	0.0404309	0.344533
ABHD10	down	2	1.0	-0.17225	0.00546331	0.344499
PLPP2	down	2	1.0	-0.172233	0.170843	0.344466
ASB10	down	2	1.0	-0.172158	0.00561646	0.344315
DCD	down	2	1.0	-0.172156	0.00723342	0.344311
POMT1	down	2	1.0	-0.172122	0.00604031	0.344243
MEIS3	down	2	1.0	-0.172038	0.00314642	0.344076
CSTL1	down	2	1.0	-0.172034	0.00177445	0.344067
EIF2AK1	down	2	1.0	-0.171996	0.00271529	0.343992
TFB2M	down	2	1.0	-0.171973	5.01946e-05	0.343946
PSMD6	up	2	1.0	0.171902	0.0303884	0.343804
TOR4A	up	2	1.0	0.171882	0.00032891	0.343764
CNBP	down	2	1.0	-0.171875	0.0200867	0.34375
NOL4	down	2	1.0	-0.171865	0.0108878	0.343729
FGF10	up	2	1.0	0.171849	5.93805e-06	0.343697
KDM7A	down	2	1.0	-0.171843	0.0183844	0.343686
TRIM61	up	2	1.0	0.171826	0.0234955	0.343653
CARS	up	2	1.0	0.171771	0.0596962	0.343542
ZNF787	down	2	1.0	-0.171717	0.00213483	0.343434
SETD2	down	2	1.0	-0.171699	5.88132e-06	0.343399
KLK5	down	2	1.0	-0.171685	0.00479827	0.343369
SLC30A3	down	2	1.0	-0.171641	0.0217977	0.343281
VPS52	down	2	1.0	-0.171623	0.00319547	0.343245
H2AFV	down	2	1.0	-0.171613	0.0122749	0.343225
USP49	down	2	1.0	-0.171575	0.00683876	0.343151
CD46	down	2	1.0	-0.171553	1.78246e-07	0.343106
SPTY2D1	up	2	1.0	0.171543	0.00175341	0.343087
PORCN	up	2	1.0	0.171526	0.0138684	0.343053
ZBTB44	down	2	1.0	-0.171443	0.174594	0.342887
C17orf51	up	2	1.0	0.171372	0.0174155	0.342745
MTF2	down	2	1.0	-0.171336	0.0630046	0.342672
ATP6V1C1	down	2	1.0	-0.171334	0.0409113	0.342669
TOPORS	down	2	1.0	-0.171318	0.00958041	0.342635
ADAMTS10	up	2	1.0	0.171285	2.10368e-07	0.342569
C22orf24	down	2	1.0	-0.17125	0.0112607	0.3425
MRPS18A	down	2	1.0	-0.171171	0.0381447	0.342342
RUNDC1	down	2	1.0	-0.171158	0.00258779	0.342317
ATP1A4	down	2	1.0	-0.17115	0.00142007	0.342299
RNF6	down	2	1.0	-0.171148	0.00442592	0.342296
NRAS	down	2	1.0	-0.171144	0.0388091	0.342288
MAGEA2B	down	2	1.0	-0.171097	0.00866337	0.342194
TMEM230	down	2	1.0	-0.171081	0.354082	0.342163
LY6G6F	down	2	1.0	-0.171073	0.00290098	0.342147
TTLL13P	down	2	1.0	-0.171046	0.0395296	0.342093
CUEDC1	down	2	1.0	-0.17099	0.000178493	0.34198
UHRF2	up	2	1.0	0.17099	0.0268902	0.34198
MRPL55	up	2	1.0	0.170985	0.00540415	0.341969
TLL2	up	2	1.0	0.170881	2.00495e-06	0.341761
PRR14	up	2	1.0	0.170872	0.0179725	0.341744
TIMM8B	down	2	1.0	-0.17086	0.0243009	0.34172
ZNF571	down	2	1.0	-0.170857	0.00450816	0.341714
SPATA2L	down	2	1.0	-0.17084	0.0656961	0.341679
ANGEL2	down	2	1.0	-0.170803	0.0119224	0.341606
SUMO1	down	2	1.0	-0.170791	0.000997362	0.341581
SGCG	down	2	1.0	-0.170783	0.000936877	0.341566
VIMP	up	2	1.0	0.170783	0.036658	0.341566
SIPA1L1	down	2	1.0	-0.170759	0.00461758	0.341519
ELP2	up	2	1.0	0.17075	0.0500143	0.341501
SLC12A3	down	2	1.0	-0.1707	0.0034398	0.341399
ADGRG7	up	2	1.0	0.170698	0.322403	0.341397
SOS1	down	2	1.0	-0.170648	0.00332295	0.341296
ADAMTS19	down	2	1.0	-0.170587	0.0132114	0.341173
C1orf64	down	2	1.0	-0.170557	0.000828031	0.341114
ACTN2	down	2	1.0	-0.170517	3.90622e-05	0.341035
CYP24A1	up	2	1.0	0.170517	0.0948236	0.341035
KLF13	down	2	1.0	-0.170474	0.0121069	0.340948
EXOSC2	up	2	1.0	0.17047	0.098115	0.34094
SON	up	2	1.0	0.170443	0.00177682	0.340886
MYOM2	down	2	1.0	-0.170413	0.0812348	0.340827
ZNRF4	down	2	1.0	-0.170326	0.0704053	0.340653
ZNF678	down	2	1.0	-0.170291	0.0389831	0.340583
CLEC11A	up	2	1.0	0.17027	0.0917782	0.340539
GUSBP1	down	2	1.0	-0.170259	0.0965821	0.340518
PNCK	down	2	1.0	-0.170236	0.00101351	0.340473
METTL23	up	2	1.0	0.170177	0.00188195	0.340353
FAM189B	up	2	1.0	0.170139	7.57318e-05	0.340278
PCDHB17P	down	2	1.0	-0.170103	0.0186144	0.340206
SVOP	down	2	1.0	-0.170012	0.00133712	0.340025
SLC34A3	down	2	1.0	-0.16992	0.00220371	0.339839
GDAP1	up	2	1.0	0.169903	0.0413326	0.339805
ZNF501	down	2	1.0	-0.169892	0.0278189	0.339784
LOC554174	down	2	1.0	-0.169884	0.0118308	0.339769
OVGP1	down	2	1.0	-0.169844	0.0329136	0.339688
NREP	down	2	1.0	-0.169821	0.124809	0.339642
WDR37	down	2	1.0	-0.169801	0.00254815	0.339603
DTX3	up	2	1.0	0.169705	0.00233086	0.339409
IPO8	down	2	1.0	-0.169698	0.00471168	0.339397
PHF12	up	2	1.0	0.169695	0.0876401	0.339391
GPR32	down	2	1.0	-0.169693	0.00963112	0.339387
IER3IP1	up	2	1.0	0.16967	0.126669	0.33934
BRF1	down	2	1.0	-0.16964	0.00101399	0.339281
FAM71E1	down	2	1.0	-0.16961	0.00351571	0.33922
YRDC	up	2	1.0	0.169558	0.0175071	0.339116
ABT1	down	2	1.0	-0.169513	0.0057073	0.339027
SUGP2	up	2	1.0	0.169498	0.041135	0.338996
PIK3C2A	up	2	1.0	0.169472	0.0120959	0.338945
PI16	down	2	1.0	-0.169438	0.00774126	0.338876
SMC1A	up	2	1.0	0.169428	0.0585325	0.338856
PEX14	down	2	1.0	-0.169401	0.0425685	0.338802
NAPA	down	2	1.0	-0.169384	0.0139573	0.338768
SQLE	up	2	1.0	0.169372	0.208696	0.338744
CSK	up	2	1.0	0.169348	0.00645644	0.338696
MYLK2	down	2	1.0	-0.169305	0.00747564	0.33861
KRTAP7-1	down	2	1.0	-0.169187	0.00115013	0.338373
NFKB1	up	2	1.0	0.169164	0.128571	0.338327
L3MBTL2	up	2	1.0	0.169161	0.00281002	0.338322
MARCH4	down	2	1.0	-0.169139	0.0102053	0.338278
PHLDA3	up	2	1.0	0.169136	0.052003	0.338272
C16orf71	down	2	1.0	-0.169109	0.00610469	0.338218
AKIP1	up	2	1.0	0.169077	0.0840686	0.338153
RNF220	down	2	1.0	-0.169065	0.00231485	0.338131
PPIF	up	2	1.0	0.169054	0.020004	0.338108
BCKDK	up	2	1.0	0.169033	0.00140752	0.338066
ARHGAP10	up	2	1.0	0.169017	0.0265651	0.338033
RNASET2	up	2	1.0	0.168988	0.00291839	0.337976
SPIN2A	down	2	1.0	-0.168982	0.00474486	0.337964
EXOC7	down	2	1.0	-0.16897	0.00175506	0.337941
WFDC3	down	2	1.0	-0.16896	0.233542	0.33792
ZNF394	down	2	1.0	-0.16896	0.000623564	0.337919
TRAPPC12	up	2	1.0	0.168936	0.000206367	0.337873
SPATA31E1	down	2	1.0	-0.168913	0.0196302	0.337827
HSD11B1L	down	2	1.0	-0.168848	0.000901908	0.337695
NDST3	down	2	1.0	-0.168786	0.00620792	0.337571
STK31	down	2	1.0	-0.168769	0.0142667	0.337538
POLG2	up	2	1.0	0.168724	0.0297699	0.337448
SOCS5	down	2	1.0	-0.168708	0.00807922	0.337416
C10orf2	up	2	1.0	0.168696	0.0134486	0.337392
CBLN1	down	2	1.0	-0.168675	0.0220741	0.337349
LCT	down	2	1.0	-0.168646	0.0225704	0.337292
NOXRED1	down	2	1.0	-0.168546	0.0126413	0.337092
EP400	up	2	1.0	0.168517	0.00957987	0.337035
MYO15A	down	2	1.0	-0.168482	0.015319	0.336964
ATP1B4	down	2	1.0	-0.168478	0.122313	0.336957
POMT2	down	2	1.0	-0.168466	0.0279145	0.336932
GATAD1	down	2	1.0	-0.168448	3.1517e-05	0.336895
ZUFSP	up	2	1.0	0.168427	0.171022	0.336854
SNRPA1	up	2	1.0	0.168425	0.0695658	0.336849
METTL9	up	2	1.0	0.168418	0.00759571	0.336837
NUP160	up	2	1.0	0.168343	0.00700853	0.336686
MIR101-1	down	2	1.0	-0.16834	0.0179601	0.33668
LINC00474	down	2	1.0	-0.168238	0.0102035	0.336475
RAB11B	down	2	1.0	-0.168237	0.000846098	0.336474
NLGN4Y	up	2	1.0	0.168149	0.0108708	0.336299
THEG	down	2	1.0	-0.168115	0.0433114	0.336229
KPNA5	up	2	1.0	0.168096	0.0244923	0.336191
RNASE3	down	2	1.0	-0.168077	0.00449268	0.336155
DEFB119	down	2	1.0	-0.168051	0.00068139	0.336101
PHF5A	up	2	1.0	0.168011	0.0587885	0.336021
ZFYVE26	down	2	1.0	-0.168002	0.00670262	0.336005
ALK	down	2	1.0	-0.167983	0.00126152	0.335967
CLRN1	down	2	1.0	-0.167901	0.00584273	0.335803
TFAM	down	2	1.0	-0.167854	0.014693	0.335709
NRL	down	2	1.0	-0.167853	0.00499282	0.335706
RPS27L	down	2	1.0	-0.167839	0.195984	0.335677
POLR2M	down	2	1.0	-0.167799	0.0157074	0.335597
EIF6	down	2	1.0	-0.167775	0.000802013	0.335551
ST6GALNAC1	down	2	1.0	-0.167685	0.17817	0.335371
PIANP	down	2	1.0	-0.167616	0.0154197	0.335232
RACGAP1	up	2	1.0	0.167487	0.00935238	0.334973
RAB5A	up	2	1.0	0.167472	0.000764218	0.334944
ATRIP	up	2	1.0	0.16747	0.057307	0.33494
EVC2	up	2	1.0	0.16745	0.00285301	0.334901
MRTO4	up	2	1.0	0.16738	0.00357689	0.334759
SNX25	up	2	1.0	0.167373	0.132845	0.334745
PGM5	down	2	1.0	-0.167348	0.124258	0.334696
GRM3	down	2	1.0	-0.167326	7.50376e-06	0.334651
HS2ST1	up	2	1.0	0.167299	0.0288884	0.334598
ASL	down	2	1.0	-0.167287	0.00885964	0.334574
RPS13	up	2	1.0	0.167272	0.000728759	0.334544
LOC57399	down	2	1.0	-0.167232	0.00290415	0.334464
LRRC49	up	2	1.0	0.167195	0.18479	0.33439
UBXN6	down	2	1.0	-0.167185	0.0129733	0.334371
SRRM3	down	2	1.0	-0.167119	0.0015838	0.334237
SLC16A11	down	2	1.0	-0.167117	0.0157344	0.334233
LIME1	up	2	1.0	0.167106	0.0873525	0.334213
GCKR	up	2	1.0	0.167101	0.000105014	0.334202
PLIN4	down	2	1.0	-0.16708	0.075848	0.33416
TBC1D10A	down	2	1.0	-0.167059	0.00230808	0.334117
TTTY12	down	2	1.0	-0.16702	0.0220444	0.33404
KCNK3	down	2	1.0	-0.16701	0.00715952	0.33402
NXF5	down	2	1.0	-0.166985	0.00367071	0.333969
C10orf95	down	2	1.0	-0.166915	0.00597475	0.333831
SIRT7	down	2	1.0	-0.166915	0.0319154	0.333831
CNIH1	down	2	1.0	-0.166904	0.023303	0.333807
ZFP36L2	down	2	1.0	-0.166883	0.0585503	0.333767
SART3	up	2	1.0	0.166881	0.273237	0.333762
RRP15	up	2	1.0	0.166842	0.0979824	0.333683
SLK	down	2	1.0	-0.166792	0.00403463	0.333583
LOC646903	down	2	1.0	-0.166778	0.0131992	0.333555
STK36	up	2	1.0	0.166762	0.0811531	0.333525
PEX16	down	2	1.0	-0.166751	0.0376086	0.333502
TAL2	down	2	1.0	-0.166674	0.00616199	0.333348
PTK2	down	2	1.0	-0.16667	0.0021571	0.33334
ZBTB8B	down	2	1.0	-0.166659	3.19882e-05	0.333318
ANKS1A	down	2	1.0	-0.166647	0.00318656	0.333294
XG	up	2	1.0	0.166624	6.29109e-05	0.333248
TRIM67	down	2	1.0	-0.1666	0.016687	0.333199
CYB561	up	2	1.0	0.166575	0.0149453	0.33315
PRKAR1B	down	2	1.0	-0.166569	0.027926	0.333137
TMED2	up	2	1.0	0.166561	0.00274172	0.333121
ELOVL4	up	2	1.0	0.16655	0.00407109	0.333101
ACSS1	down	2	1.0	-0.166534	0.0344226	0.333067
SLC28A1	down	2	1.0	-0.166532	0.0110878	0.333065
MACC1	down	2	1.0	-0.166463	0.109057	0.332925
HDAC5	down	2	1.0	-0.166399	0.00247155	0.332797
CSMD1	down	2	1.0	-0.166374	0.000126356	0.332748
TSC22D4	up	2	1.0	0.16635	0.172075	0.3327
HHATL	down	2	1.0	-0.166331	0.00213326	0.332661
ORAOV1	down	2	1.0	-0.166308	0.028373	0.332616
CMTR1	up	2	1.0	0.166283	0.0157576	0.332566
CCDC82	up	2	1.0	0.166281	0.0683503	0.332563
FLJ34503	down	2	1.0	-0.166279	0.00024594	0.332557
CYP4F22	down	2	1.0	-0.166259	0.00195352	0.332519
KIAA0232	down	2	1.0	-0.16625	0.0271273	0.332501
RPS27	up	2	1.0	0.16623	0.132042	0.332459
ARHGEF39	down	2	1.0	-0.166203	0.00134199	0.332407
CYP4B1	down	2	1.0	-0.166193	0.0116996	0.332385
FOXO3	down	2	1.0	-0.166191	0.00342974	0.332382
IFT46	down	2	1.0	-0.166176	0.0491193	0.332353
PEBP4	down	2	1.0	-0.166175	0.0044619	0.332349
HDAC4	up	2	1.0	0.166149	0.00077204	0.332298
ZCCHC13	down	2	1.0	-0.166093	0.00437591	0.332185
NICN1	down	2	1.0	-0.166062	0.0632509	0.332124
ABCC8	down	2	1.0	-0.166046	0.00644278	0.332093
IRS4	down	2	1.0	-0.166001	0.000166219	0.332003
CREB3L4	down	2	1.0	-0.165998	0.122229	0.331996
SLC24A1	down	2	1.0	-0.165996	0.0257095	0.331991
NME4	up	2	1.0	0.165964	0.00892351	0.331929
MAP3K19	down	2	1.0	-0.165922	0.00726899	0.331844
TMEM167A	up	2	1.0	0.165914	0.199943	0.331828
INSL4	up	2	1.0	0.165902	0.00320589	0.331804
WDR41	up	2	1.0	0.165901	0.0402577	0.331802
INTS2	up	2	1.0	0.165894	0.093687	0.331788
EEF1D	up	2	1.0	0.165888	2.76495e-08	0.331777
POLR2G	up	2	1.0	0.165887	0.00497493	0.331775
KCNC4	up	2	1.0	0.165851	0.0152021	0.331702
NSMAF	down	2	1.0	-0.165785	0.0115132	0.331569
PRAME	down	2	1.0	-0.165744	0.000867332	0.331488
CXorf40A	down	2	1.0	-0.165726	0.0869369	0.331452
CLEC4F	down	2	1.0	-0.165725	0.0482201	0.33145
RBM15	up	2	1.0	0.16572	0.00394394	0.33144
RBM33	down	2	1.0	-0.165708	0.0109501	0.331415
PPP3CA	up	2	1.0	0.165699	0.00841827	0.331398
NDUFA11	down	2	1.0	-0.165657	0.00171621	0.331314
PMM2	up	2	1.0	0.165656	0.00381828	0.331313
EIF1AX	up	2	1.0	0.165655	0.144399	0.33131
TMCO5A	down	2	1.0	-0.16562	0.034764	0.331239
EDAR	up	2	1.0	0.165564	0.000934211	0.331128
SYNGR3	up	2	1.0	0.1655	0.172368	0.330999
SLC6A1	up	2	1.0	0.165469	0.0329244	0.330939
HOXC5	down	2	1.0	-0.165374	0.0109729	0.330749
CRHBP	down	2	1.0	-0.165374	0.0404653	0.330748
FLJ38773	down	2	1.0	-0.165374	0.0492962	0.330747
CCDC94	down	2	1.0	-0.165354	0.0182788	0.330708
PRLH	down	2	1.0	-0.165308	0.0218425	0.330617
C8orf34	down	2	1.0	-0.165307	0.000136	0.330614
SSRP1	up	2	1.0	0.165292	0.00273603	0.330584
LOC727751	down	2	1.0	-0.165274	0.263251	0.330549
EIF3J	up	2	1.0	0.165258	0.0121201	0.330516
SCAI	down	2	1.0	-0.165097	0.000632263	0.330194
COL6A5	down	2	1.0	-0.165089	0.0791836	0.330178
C10orf90	down	2	1.0	-0.165075	0.00361482	0.330151
FAM63B	up	2	1.0	0.164987	0.000499283	0.329974
CYTH2	up	2	1.0	0.164983	0.154896	0.329966
PKMYT1	up	2	1.0	0.164969	0.00345634	0.329938
AKAP8	down	2	1.0	-0.164938	0.00158233	0.329876
QSER1	down	2	1.0	-0.164932	0.099029	0.329864
SLC6A11	down	2	1.0	-0.164932	0.000678306	0.329863
MYO18B	down	2	1.0	-0.164902	0.00219195	0.329805
MAEL	down	2	1.0	-0.164845	0.000318771	0.329691
UNC13C	down	2	1.0	-0.164838	0.0318837	0.329675
OR1C1	down	2	1.0	-0.164827	0.00393838	0.329653
HAPLN4	down	2	1.0	-0.164815	0.00783979	0.32963
ODAM	up	2	1.0	0.1648	0.0184079	0.3296
BPIFA1	down	2	1.0	-0.164795	0.0404732	0.329589
MPHOSPH8	up	2	1.0	0.164762	0.0854803	0.329524
PCDHB15	up	2	1.0	0.164732	0.0590301	0.329464
MRPS18B	down	2	1.0	-0.164698	0.00288469	0.329396
TMEM205	up	2	1.0	0.164678	0.00791161	0.329356
WRNIP1	down	2	1.0	-0.164676	0.00329086	0.329352
RBM14	up	2	1.0	0.164636	0.0614609	0.329273
SLC9A6	down	2	1.0	-0.164549	0.00470687	0.329097
PSG11	down	2	1.0	-0.164541	0.00877436	0.329082
FARSB	down	2	1.0	-0.164508	0.00760785	0.329016
GNAZ	up	2	1.0	0.164496	0.005695	0.328992
LOC440792	down	2	1.0	-0.16444	0.00248014	0.328881
CLEC16A	down	2	1.0	-0.164426	0.00110382	0.328851
CAPN15	down	2	1.0	-0.164332	0.0568633	0.328663
DSPP	down	2	1.0	-0.164329	0.012649	0.328659
MRPL27	down	2	1.0	-0.164294	0.00297584	0.328588
DHX57	up	2	1.0	0.164255	0.000173748	0.32851
TBL1Y	down	2	1.0	-0.164193	0.00121373	0.328385
CUL1	up	2	1.0	0.164176	0.0226153	0.328353
HSCB	up	2	1.0	0.164075	0.098115	0.328151
C8A	down	2	1.0	-0.164063	0.000251649	0.328127
CCM2	up	2	1.0	0.164059	0.000187601	0.328118
DNMT3A	up	2	1.0	0.164055	0.0182796	0.32811
RBM39	up	2	1.0	0.163977	0.00510483	0.327954
PFN4	down	2	1.0	-0.163967	0.00329487	0.327933
RNF150	up	2	1.0	0.163935	0.0451427	0.32787
CDADC1	down	2	1.0	-0.163914	0.0373829	0.327829
UBXN10	down	2	1.0	-0.163877	0.0525395	0.327754
ZNF543	up	2	1.0	0.163786	0.0393079	0.327571
HEXDC	up	2	1.0	0.163764	0.035063	0.327527
DOK1	up	2	1.0	0.163751	0.013583	0.327503
FZD1	down	2	1.0	-0.163737	4.66968e-07	0.327473
PRKCD	down	2	1.0	-0.16368	0.00127441	0.327359
HEMK1	down	2	1.0	-0.163658	0.00619576	0.327316
NBPF6	down	2	1.0	-0.163631	0.0132958	0.327262
PMCH	up	2	1.0	0.163527	0.0877021	0.327053
SHQ1	down	2	1.0	-0.163515	0.00332308	0.327029
PCDHA5	down	2	1.0	-0.163486	0.0153917	0.326973
LDHC	down	2	1.0	-0.163486	0.0816514	0.326972
ZNF566	down	2	1.0	-0.163474	0.0294726	0.326948
PEX3	down	2	1.0	-0.163395	0.0343577	0.326791
SPATA8	down	2	1.0	-0.163386	0.0189421	0.326771
LINS1	down	2	1.0	-0.163342	0.123258	0.326684
MAPKAPK3	up	2	1.0	0.163314	0.0354936	0.326627
LOC93622	down	2	1.0	-0.163255	0.0155301	0.32651
LINC01561	down	2	1.0	-0.163249	0.00617224	0.326498
SLC30A2	down	2	1.0	-0.163216	0.00122437	0.326431
HOXC11	down	2	1.0	-0.163214	0.0460345	0.326427
NKRF	up	2	1.0	0.163208	0.00255856	0.326415
SAPCD2	down	2	1.0	-0.163169	0.0621054	0.326338
RPUSD1	down	2	1.0	-0.163163	0.0324893	0.326326
BIRC2	down	2	1.0	-0.163162	0.000944371	0.326325
IRS2	up	2	1.0	0.163143	0.0525241	0.326286
CPLX3	down	2	1.0	-0.163129	0.000877366	0.326257
GKAP1	down	2	1.0	-0.163116	0.00939447	0.326232
AMER3	down	2	1.0	-0.163093	0.00596153	0.326185
OLIG3	down	2	1.0	-0.163061	0.0012649	0.326122
TSPAN17	down	2	1.0	-0.163055	0.00146705	0.32611
SOGA3	down	2	1.0	-0.163048	0.0254203	0.326097
BRD7P3	down	2	1.0	-0.163025	3.70431e-05	0.32605
ATXN1	up	2	1.0	0.163013	0.0133943	0.326025
PYROXD2	up	2	1.0	0.162938	0.0289028	0.325876
BLOC1S4	down	2	1.0	-0.162929	0.00266427	0.325858
SEMA4F	up	2	1.0	0.162909	0.00181349	0.325817
PRMT5	up	2	1.0	0.162894	0.00546396	0.325788
HNRNPA3	up	2	1.0	0.162888	0.015633	0.325777
MMP11	down	2	1.0	-0.162882	0.000183069	0.325764
IFNAR1	up	2	1.0	0.162858	0.0160417	0.325716
LY6G6E	down	2	1.0	-0.162838	0.00023922	0.325677
NAIF1	down	2	1.0	-0.162817	0.00313311	0.325633
EFCAB6	down	2	1.0	-0.162639	0.000881985	0.325277
SIGLEC17P	up	2	1.0	0.162625	0.0636868	0.32525
SFTPB	down	2	1.0	-0.162623	4.18791e-05	0.325247
LIPJ	down	2	1.0	-0.162622	0.0821057	0.325243
ALDH3B2	up	2	1.0	0.162576	0.00321839	0.325152
CHRM1	down	2	1.0	-0.16254	0.00041457	0.32508
LIMK2	down	2	1.0	-0.162535	0.000891256	0.325069
CDA	up	2	1.0	0.162416	0.253895	0.324832
ST18	down	2	1.0	-0.162366	0.00127063	0.324732
IFT80	up	2	1.0	0.162313	0.046254	0.324626
ITGA10	up	2	1.0	0.162305	0.00146251	0.32461
PARPBP	up	2	1.0	0.162301	0.106388	0.324601
TAF1	down	2	1.0	-0.16229	0.00363478	0.32458
DYRK4	up	2	1.0	0.162253	0.05823	0.324505
DGCR6L	down	2	1.0	-0.162221	0.000269891	0.324443
SLITRK3	down	2	1.0	-0.162176	0.017634	0.324352
CCDC85B	up	2	1.0	0.162144	0.00714956	0.324287
ABHD1	down	2	1.0	-0.162131	0.0068259	0.324261
CDH4	down	2	1.0	-0.162058	0.00659005	0.324115
DNAI2	down	2	1.0	-0.162041	0.00729838	0.324083
LINC01599	down	2	1.0	-0.16204	0.00601301	0.324079
PTRH2	down	2	1.0	-0.161986	0.0229591	0.323972
TAC4	down	2	1.0	-0.161977	0.0223335	0.323955
NUDC	up	2	1.0	0.161975	0.0563933	0.32395
NMBR	down	2	1.0	-0.161872	0.0358445	0.323744
SPATA21	down	2	1.0	-0.161859	0.0246663	0.323719
ARSI	up	2	1.0	0.161845	0.00476307	0.323689
C22orf42	down	2	1.0	-0.161817	0.0128931	0.323634
ZNF746	up	2	1.0	0.161737	0.0166943	0.323474
PPP1R1C	down	2	1.0	-0.161708	0.016857	0.323416
USP42	up	2	1.0	0.161703	0.0703448	0.323406
ZNF561	up	2	1.0	0.161681	0.232399	0.323361
CFAP70	down	2	1.0	-0.161677	0.144463	0.323354
NAV1	up	2	1.0	0.16165	0.0125504	0.3233
MROH2A	down	2	1.0	-0.161635	0.00344249	0.323269
ALG10B	up	2	1.0	0.161609	0.0270099	0.323218
LENG8	up	2	1.0	0.161598	0.330973	0.323195
CFAP100	down	2	1.0	-0.161582	0.00997724	0.323165
ZZZ3	down	2	1.0	-0.161485	0.00235931	0.322969
GNPDA2	down	2	1.0	-0.161468	0.193748	0.322936
DIS3	up	2	1.0	0.161402	0.00694306	0.322804
RASGRF1	up	2	1.0	0.161394	0.0010973	0.322788
ATG101	up	2	1.0	0.1613	0.00300457	0.322601
ORAI3	up	2	1.0	0.16127	0.133672	0.322539
RNF121	down	2	1.0	-0.161264	0.00558695	0.322529
CCDC186	down	2	1.0	-0.161239	0.00684536	0.322478
ZNHIT1	down	2	1.0	-0.161223	0.018998	0.322446
PSAPL1	down	2	1.0	-0.161158	0.030215	0.322315
DNAJC5G	down	2	1.0	-0.161127	0.00236681	0.322254
CCDC7	down	2	1.0	-0.161107	0.0681004	0.322214
DNAI1	down	2	1.0	-0.161103	0.000920722	0.322206
MAP6	up	2	1.0	0.161095	0.00753694	0.322189
ENDOV	down	2	1.0	-0.161075	0.00181887	0.32215
ZDHHC9	down	2	1.0	-0.16106	0.19359	0.32212
VPS35	down	2	1.0	-0.161034	0.000378738	0.322069
LRRC15	up	2	1.0	0.160971	0.0682411	0.321942
DCP2	up	2	1.0	0.160925	0.017018	0.321849
RAG2	down	2	1.0	-0.160904	0.0197306	0.321808
VN1R5	down	2	1.0	-0.160854	0.0501068	0.321707
MLC1	up	2	1.0	0.160829	0.00607161	0.321657
POM121L2	down	2	1.0	-0.16081	0.00252303	0.321621
RALB	up	2	1.0	0.160764	0.0804985	0.321529
TRIM42	down	2	1.0	-0.160746	0.000123698	0.321492
AURKB	up	2	1.0	0.160718	0.0305638	0.321436
NKX2-2	down	2	1.0	-0.160701	0.122584	0.321402
GUCA1C	down	2	1.0	-0.160656	0.00728858	0.321312
SPANXA2-OT1	down	2	1.0	-0.160579	0.0057234	0.321159
GATA4	down	2	1.0	-0.160545	5.74846e-05	0.321091
GJD4	down	2	1.0	-0.160517	0.00538084	0.321035
FHAD1	down	2	1.0	-0.160516	3.02426e-06	0.321031
IPPK	up	2	1.0	0.160513	0.0298336	0.321026
C22orf46	down	2	1.0	-0.160508	5.72299e-05	0.321016
OR2B3	down	2	1.0	-0.160506	0.0666324	0.321012
THUMPD3-AS1	up	2	1.0	0.16045	0.348689	0.3209
PLA2G5	up	2	1.0	0.160433	0.0662757	0.320865
CDKN2C	up	2	1.0	0.160374	0.104295	0.320749
GLMN	up	2	1.0	0.160373	0.0349536	0.320746
SMG7	down	2	1.0	-0.16036	0.00303018	0.32072
LOC399900	down	2	1.0	-0.160272	0.0353216	0.320544
TBC1D19	up	2	1.0	0.160227	0.030157	0.320454
COL9A3	up	2	1.0	0.16019	0.0587076	0.320379
HPCAL1	up	2	1.0	0.160184	0.00391493	0.320368
LGALS14	down	2	1.0	-0.160163	0.0159649	0.320326
BRSK2	down	2	1.0	-0.160138	0.0304413	0.320277
C12orf40	down	2	1.0	-0.160104	0.0038394	0.320208
RXRB	down	2	1.0	-0.160089	0.000959987	0.320179
HGSNAT	up	2	1.0	0.160072	0.0311997	0.320143
NTSR1	down	2	1.0	-0.160013	0.0235227	0.320026
CCDC149	up	2	1.0	0.159956	0.0393895	0.319913
LIN54	down	2	1.0	-0.159946	0.0076119	0.319892
MAGEB3	down	2	1.0	-0.15994	0.000320135	0.31988
CYB5D2	down	2	1.0	-0.159915	0.0608453	0.319829
SCN2A	up	2	1.0	0.159855	7.69105e-05	0.31971
CYP2A13	down	2	1.0	-0.159853	2.61427e-05	0.319706
VSX1	down	2	1.0	-0.159846	0.0171623	0.319691
C7orf43	down	2	1.0	-0.159789	0.00241279	0.319578
ZNF696	down	2	1.0	-0.159737	0.00651647	0.319474
JAKMIP3	down	2	1.0	-0.15973	0.0158849	0.319459
TMEFF2	down	2	1.0	-0.159715	9.49899e-07	0.319429
SEMG2	up	2	1.0	0.159703	0.0105445	0.319407
NAT10	up	2	1.0	0.159702	0.0116787	0.319405
C2orf57	down	2	1.0	-0.15969	0.00605198	0.319379
SSTR5	down	2	1.0	-0.159643	0.00741956	0.319287
NPHS2	down	2	1.0	-0.159638	0.00170043	0.319276
IQCH	down	2	1.0	-0.159587	0.00570064	0.319173
TUSC2	down	2	1.0	-0.159555	2.81271e-05	0.31911
GPR89A	up	2	1.0	0.159544	0.0506929	0.319088
ICE1	up	2	1.0	0.159542	0.0277214	0.319084
RAB37	down	2	1.0	-0.159511	0.0867445	0.319022
CETN1	down	2	1.0	-0.159505	0.00344306	0.319011
PRG4	up	2	1.0	0.159488	0.00201949	0.318975
CIDEA	down	2	1.0	-0.159455	0.0173584	0.31891
AIG1	down	2	1.0	-0.159443	0.03474	0.318887
TRIM74	down	2	1.0	-0.15937	0.048994	0.318741
GPALPP1	down	2	1.0	-0.159303	0.00727604	0.318607
EZH2	up	2	1.0	0.159299	0.0776961	0.318598
SFRP4	down	2	1.0	-0.159297	0.0387744	0.318595
URM1	down	2	1.0	-0.159237	0.0366679	0.318474
CYBRD1	up	2	1.0	0.159225	0.152155	0.318451
LEFTY1	up	2	1.0	0.15915	0.415786	0.318301
C17orf80	down	2	1.0	-0.159135	0.0880743	0.318269
SH2D4B	down	2	1.0	-0.159131	0.00154634	0.318263
EXOSC5	down	2	1.0	-0.15912	0.0300355	0.318241
BFAR	up	2	1.0	0.15909	0.0687559	0.318181
MCM2	up	2	1.0	0.159074	0.0286012	0.318148
DVL2	down	2	1.0	-0.159033	0.00210943	0.318067
CLK4	up	2	1.0	0.159016	0.0592618	0.318032
CCDC177	down	2	1.0	-0.159009	0.00678671	0.318019
DIRAS1	down	2	1.0	-0.158909	0.000744174	0.317817
INTS4	down	2	1.0	-0.158877	0.018402	0.317754
WFDC9	down	2	1.0	-0.158865	0.0011465	0.31773
C2orf71	down	2	1.0	-0.158799	0.00365181	0.317599
WFDC11	down	2	1.0	-0.158784	0.0344298	0.317569
H3F3AP4	down	2	1.0	-0.158778	0.0253402	0.317557
CSNK1A1P1	down	2	1.0	-0.158776	0.00148853	0.317553
CYTH3	down	2	1.0	-0.158717	0.058525	0.317434
PROS1	up	2	1.0	0.158682	0.528983	0.317365
FAM86DP	down	2	1.0	-0.158652	0.0323229	0.317303
PCGF5	down	2	1.0	-0.158637	0.0260501	0.317273
UBL4B	down	2	1.0	-0.158613	0.00402695	0.317227
COL16A1	up	2	1.0	0.158613	0.0981582	0.317225
CELF4	down	2	1.0	-0.158508	4.7005e-05	0.317016
FSCN3	down	2	1.0	-0.158473	0.0382419	0.316946
GAST	down	2	1.0	-0.158428	0.00209475	0.316855
FOXN4	down	2	1.0	-0.158382	0.0021948	0.316763
C16orf70	down	2	1.0	-0.158372	0.0012806	0.316744
CTAG2	down	2	1.0	-0.158344	0.0109095	0.316688
LSM8	down	2	1.0	-0.158287	0.0653183	0.316575
GIF	up	2	1.0	0.158287	0.0106248	0.316573
NHP2	up	2	1.0	0.158276	0.0570143	0.316553
UBE2C	up	2	1.0	0.158248	0.0138938	0.316495
CNNM3	down	2	1.0	-0.158227	0.0133704	0.316455
SIGIRR	down	2	1.0	-0.1582	0.0810836	0.316401
DLST	down	2	1.0	-0.158155	0.0105125	0.31631
POLD4	down	2	1.0	-0.158138	0.120447	0.316276
PAX3	down	2	1.0	-0.158134	0.000688096	0.316269
HMGN4	up	2	1.0	0.158122	0.0187508	0.316244
MATK	down	2	1.0	-0.15812	0.034634	0.31624
ARID2	down	2	1.0	-0.158109	0.082757	0.316218
ZC3HC1	up	2	1.0	0.158103	9.84746e-05	0.316207
OCLM	down	2	1.0	-0.158081	0.0316561	0.316162
SCARB1	down	2	1.0	-0.158073	0.132527	0.316146
USH1G	down	2	1.0	-0.158067	0.0372993	0.316134
ARMC10	down	2	1.0	-0.157941	0.0157014	0.315882
SCMH1	down	2	1.0	-0.157891	0.00425987	0.315783
HCN4	down	2	1.0	-0.157841	4.01843e-05	0.315682
PSMD13	up	2	1.0	0.15782	0.103871	0.31564
CES1	down	2	1.0	-0.157797	0.333373	0.315594
CNR2	up	2	1.0	0.157788	0.0127327	0.315576
AURKAIP1	down	2	1.0	-0.157751	0.000627397	0.315502
XRN2	up	2	1.0	0.157723	0.166597	0.315446
OCIAD2	down	2	1.0	-0.157617	0.196684	0.315234
NSRP1	up	2	1.0	0.157615	0.0455119	0.31523
TRIM33	down	2	1.0	-0.157572	0.000151704	0.315143
FUNDC2	down	2	1.0	-0.157561	0.00866783	0.315122
OIT3	up	2	1.0	0.157526	0.00961768	0.315053
CHRNB2	down	2	1.0	-0.157498	0.00078538	0.314996
PLXNA4	up	2	1.0	0.157452	0.000528437	0.314903
PROKR2	down	2	1.0	-0.157388	0.000958334	0.314777
ENOPH1	up	2	1.0	0.157343	0.0490864	0.314687
C19orf45	down	2	1.0	-0.157339	0.0744757	0.314678
EWSR1	up	2	1.0	0.157321	0.0506257	0.314642
EIF2AK2	up	2	1.0	0.157268	0.00548193	0.314535
RYBP	down	2	1.0	-0.157257	0.00176137	0.314514
SRRM1	up	2	1.0	0.157184	0.363496	0.314367
MCM3AP-AS1	down	2	1.0	-0.157179	0.0024139	0.314358
TDP1	up	2	1.0	0.157154	0.0706566	0.314308
CASP2	down	2	1.0	-0.157137	0.049851	0.314275
SPERT	down	2	1.0	-0.157137	0.0052675	0.314274
SPANXB1	down	2	1.0	-0.157126	0.0127811	0.314252
TMEM2	up	2	1.0	0.157108	0.00152423	0.314217
LINC01620	down	2	1.0	-0.157105	0.000992287	0.31421
BRIX1	up	2	1.0	0.157097	0.0662029	0.314194
ARMC4	down	2	1.0	-0.15705	0.0109522	0.3141
TTC32	down	2	1.0	-0.15705	0.0251126	0.314099
PLA2G4B	up	2	1.0	0.156984	0.0599709	0.313969
EXOSC1	up	2	1.0	0.156979	0.0115756	0.313959
FOXD1	down	2	1.0	-0.156974	0.0357926	0.313948
C8G	down	2	1.0	-0.156974	0.102152	0.313948
ZBTB33	down	2	1.0	-0.156963	0.00545842	0.313926
NCR2	down	2	1.0	-0.15689	0.00719238	0.313781
GOLGA6L2	down	2	1.0	-0.156875	0.00976235	0.31375
ACTG2	down	2	1.0	-0.156837	9.08631e-05	0.313675
GNPAT	down	2	1.0	-0.156689	0.00167241	0.313378
LRCH3	up	2	1.0	0.156685	0.00197141	0.31337
UPK1B	down	2	1.0	-0.156665	0.0508901	0.31333
TBC1D31	up	2	1.0	0.156659	0.044419	0.313319
RNF10	down	2	1.0	-0.156656	0.00138156	0.313312
NKAPP1	down	2	1.0	-0.156599	0.001164	0.313197
SMURF2	up	2	1.0	0.156557	0.208968	0.313114
EZR	down	2	1.0	-0.156542	0.00431141	0.313083
ERCC1	up	2	1.0	0.156534	0.00772498	0.313068
ASB14	down	2	1.0	-0.156511	0.00590355	0.313022
SUN5	down	2	1.0	-0.156503	0.0167772	0.313006
BCAN	down	2	1.0	-0.156479	0.00157791	0.312958
UBE2DNL	down	2	1.0	-0.156474	0.00997828	0.312948
PDZD7	down	2	1.0	-0.156442	0.00160462	0.312884
UPK1A	down	2	1.0	-0.156401	0.00965043	0.312802
CCDC15	down	2	1.0	-0.156389	0.122317	0.312779
BORCS6	down	2	1.0	-0.156366	0.0242663	0.312732
RAC3	down	2	1.0	-0.156349	0.000631422	0.312698
FAAP20	down	2	1.0	-0.156334	0.00426401	0.312669
ANKRD40	down	2	1.0	-0.15631	0.0109644	0.312621
RIT1	up	2	1.0	0.156285	0.0898491	0.31257
CELF6	down	2	1.0	-0.156271	0.0872549	0.312541
OR1F2P	down	2	1.0	-0.156268	0.0416863	0.312536
RIN2	down	2	1.0	-0.15625	0.0228464	0.312499
WDR89	down	2	1.0	-0.156229	0.00481534	0.312458
CAMKK2	down	2	1.0	-0.156104	0.0204273	0.312207
MYH3	down	2	1.0	-0.156067	0.00666729	0.312134
RALGAPA2	down	2	1.0	-0.156061	2.75908e-05	0.312122
VEGFA	up	2	1.0	0.155946	0.177122	0.311891
TEKT2	down	2	1.0	-0.155934	0.0601313	0.311869
AP4M1	down	2	1.0	-0.155924	0.00822589	0.311849
SRFBP1	up	2	1.0	0.155886	0.302687	0.311772
LMAN2L	down	2	1.0	-0.155878	0.0188796	0.311755
FAM69C	down	2	1.0	-0.155872	0.000962328	0.311745
ZMYM3	up	2	1.0	0.155834	0.000587498	0.311668
TSSK4	down	2	1.0	-0.155795	0.00195255	0.311589
UBE2B	down	2	1.0	-0.155766	0.0351031	0.311532
BEST3	down	2	1.0	-0.155757	0.00224864	0.311515
MGC39584	down	2	1.0	-0.15572	0.0040515	0.31144
ATG9B	down	2	1.0	-0.155712	0.000570162	0.311424
ALKBH5	up	2	1.0	0.155695	0.00107182	0.311389
KYAT1	up	2	1.0	0.155694	0.00515524	0.311389
AKNAD1	down	2	1.0	-0.155693	0.00282493	0.311386
HIST1H2AK	up	2	1.0	0.155663	0.0745631	0.311325
FHOD1	up	2	1.0	0.15565	0.0310619	0.3113
MAP3K14-AS1	down	2	1.0	-0.155637	0.000820326	0.311275
VN1R3	down	2	1.0	-0.155636	0.057501	0.311272
SPAG5	up	2	1.0	0.155579	0.0425553	0.311157
C19orf68	down	2	1.0	-0.155572	0.124802	0.311145
PSG6	down	2	1.0	-0.15555	0.00455157	0.3111
CLHC1	down	2	1.0	-0.155547	0.0309468	0.311093
UBTF	down	2	1.0	-0.155519	0.00757848	0.311038
NSAP11	down	2	1.0	-0.155484	0.00234934	0.310968
FAM161B	down	2	1.0	-0.155457	0.000112925	0.310915
SERPINA4	down	2	1.0	-0.155406	0.0152165	0.310813
SLC25A2	down	2	1.0	-0.155375	0.00708157	0.310749
PKD1L2	down	2	1.0	-0.155357	0.0022429	0.310715
ROPN1B	down	2	1.0	-0.155357	0.00391997	0.310713
CADM3	up	2	1.0	0.155218	0.0119338	0.310437
MED21	down	2	1.0	-0.155208	0.0938213	0.310416
DDX10	up	2	1.0	0.15518	0.0380875	0.310361
PTPRN2	down	2	1.0	-0.155153	0.0985487	0.310307
UVSSA	down	2	1.0	-0.155137	0.0106	0.310274
PLCB3	down	2	1.0	-0.155115	0.0550086	0.31023
CASC1	up	2	1.0	0.155103	0.00603795	0.310206
SLIT3	up	2	1.0	0.155048	0.00978112	0.310096
PRPSAP1	down	2	1.0	-0.155034	0.0046843	0.310068
NTHL1	down	2	1.0	-0.155017	0.181628	0.310033
CABIN1	up	2	1.0	0.155014	0.000739324	0.310028
WBP4	down	2	1.0	-0.155008	0.0859574	0.310016
GALNT8	up	2	1.0	0.154985	0.0667889	0.30997
GADD45B	up	2	1.0	0.154944	0.253876	0.309888
APOA2	down	2	1.0	-0.154872	0.0205903	0.309745
WNT7A	down	2	1.0	-0.15487	0.000329375	0.30974
SAMD1	down	2	1.0	-0.154867	0.00117211	0.309735
KRT9	down	2	1.0	-0.154792	0.0166903	0.309585
ZNF791	up	2	1.0	0.154786	0.121221	0.309571
TOR2A	down	2	1.0	-0.154784	0.0184821	0.309568
CPNE7	down	2	1.0	-0.154772	0.0187292	0.309543
ETV2	down	2	1.0	-0.154768	0.084342	0.309537
PDS5B	up	2	1.0	0.154762	0.0562546	0.309524
KHDC3L	down	2	1.0	-0.154734	0.0110218	0.309468
C20orf196	down	2	1.0	-0.154727	0.0521556	0.309454
WHAMM	down	2	1.0	-0.154715	7.00572e-05	0.309431
OR2H2	down	2	1.0	-0.15471	0.0077709	0.30942
PABPC1L	up	2	1.0	0.154684	0.012013	0.309368
DUSP18	down	2	1.0	-0.154671	0.0669516	0.309342
LSMEM2	down	2	1.0	-0.154656	0.011824	0.309312
TTI1	up	2	1.0	0.154649	0.131596	0.309298
KRTAP5-9	down	2	1.0	-0.154616	0.0249357	0.309231
C1orf123	down	2	1.0	-0.154603	0.0133069	0.309206
LINC00337	down	2	1.0	-0.154569	0.0689899	0.309139
PIAS2	up	2	1.0	0.154547	0.0733477	0.309094
CACNG4	down	2	1.0	-0.154529	0.012239	0.309058
AQP10	down	2	1.0	-0.154523	0.016772	0.309047
LARP4B	down	2	1.0	-0.154508	0.0042833	0.309015
HAUS3	up	2	1.0	0.154477	0.00238901	0.308954
SYT8	down	2	1.0	-0.154475	0.000413526	0.30895
CLDN19	down	2	1.0	-0.154433	0.0739405	0.308865
QRSL1	down	2	1.0	-0.154414	0.0526586	0.308828
ARHGDIA	up	2	1.0	0.154361	0.232478	0.308721
ZNF7	down	2	1.0	-0.154313	0.00474284	0.308627
SRC	down	2	1.0	-0.154268	0.00269105	0.308536
PPIE	down	2	1.0	-0.154247	0.0200091	0.308495
DMRT3	down	2	1.0	-0.154214	0.000301109	0.308429
BTF3P11	down	2	1.0	-0.154215	0.00253869	0.308429
ICE2	down	2	1.0	-0.154171	0.174013	0.308342
HPR	up	2	1.0	0.154164	0.0113624	0.308327
RPRML	down	2	1.0	-0.154156	0.0302842	0.308312
MEX3D	down	2	1.0	-0.154149	0.00428909	0.308299
ZNF770	up	2	1.0	0.154148	0.0272522	0.308295
PZP	up	2	1.0	0.154146	0.0160751	0.308292
UBE2M	up	2	1.0	0.154137	0.113314	0.308274
SMCR5	down	2	1.0	-0.154122	0.000837194	0.308245
AGER	up	2	1.0	0.15411	0.0372511	0.30822
C1QTNF7	down	2	1.0	-0.154106	0.0210426	0.308211
DTYMK	up	2	1.0	0.154094	0.00430292	0.308187
CEP68	down	2	1.0	-0.154059	0.0344966	0.308118
CAMK1	up	2	1.0	0.15403	0.120039	0.30806
LRRC47	down	2	1.0	-0.153998	0.011693	0.307995
SPATA5L1	down	2	1.0	-0.15399	0.0335384	0.307979
CCNY	down	2	1.0	-0.153952	0.0080001	0.307905
CMC4	down	2	1.0	-0.153951	0.0336638	0.307902
RGS20	down	2	1.0	-0.153928	0.000932752	0.307856
PUS3	up	2	1.0	0.153868	0.00296715	0.307736
ADGRF2	down	2	1.0	-0.153865	0.0213408	0.307729
RASSF9	up	2	1.0	0.153836	0.00212768	0.307672
POMGNT2	up	2	1.0	0.153829	0.0438375	0.307657
CMC2	down	2	1.0	-0.153809	0.00626117	0.307617
TAGLN2	up	2	1.0	0.15377	0.166409	0.307539
COL20A1	down	2	1.0	-0.153769	0.0241728	0.307538
KIF7	down	2	1.0	-0.153756	0.00650205	0.307512
FAM19A5	up	2	1.0	0.153748	1.04477e-05	0.307496
FSTL4	down	2	1.0	-0.153734	0.00618021	0.307468
GNAS	up	2	1.0	0.153725	0.000971362	0.30745
HOXD12	down	2	1.0	-0.153718	0.160808	0.307436
OPA3	down	2	1.0	-0.153691	0.10035	0.307381
LZTS3	up	2	1.0	0.153675	0.00260309	0.307351
DENR	up	2	1.0	0.153634	0.0818834	0.307268
LOC441242	down	2	1.0	-0.153533	0.00217754	0.307067
UHRF1BP1	up	2	1.0	0.153481	0.000431709	0.306963
PSMA6	up	2	1.0	0.153419	0.00929797	0.306838
YWHAQ	down	2	1.0	-0.153374	0.0674508	0.306749
COLGALT1	up	2	1.0	0.153358	0.0545025	0.306716
CYP46A1	down	2	1.0	-0.153352	0.00705599	0.306704
CEP41	up	2	1.0	0.153343	0.0204425	0.306686
PLK5	down	2	1.0	-0.153313	0.000234037	0.306626
ATP2B2	down	2	1.0	-0.153304	0.00294943	0.306608
POU5F1P3	down	2	1.0	-0.153279	0.0677228	0.306558
KLK2	down	2	1.0	-0.153212	0.0210573	0.306425
LOC642696	down	2	1.0	-0.153155	0.0360735	0.306311
ATP4B	down	2	1.0	-0.153129	0.025792	0.306258
SLC35E4	up	2	1.0	0.153122	0.098043	0.306244
C8orf74	down	2	1.0	-0.15312	0.0214353	0.30624
TGM5	down	2	1.0	-0.153115	0.000193016	0.30623
SKP2	down	2	1.0	-0.153104	0.00116515	0.306209
HYDIN2	down	2	1.0	-0.153087	0.000168261	0.306174
ZNF304	up	2	1.0	0.153078	0.0115754	0.306156
ADCY8	down	2	1.0	-0.153065	0.00175123	0.30613
GPR26	down	2	1.0	-0.153053	0.0034813	0.306107
PPEF2	down	2	1.0	-0.153046	0.000292869	0.306092
PRDM7	down	2	1.0	-0.153039	0.0983643	0.306078
CCDC38	down	2	1.0	-0.153035	0.00103181	0.306071
FOXA3	down	2	1.0	-0.152992	0.0362136	0.305984
GIGYF1	down	2	1.0	-0.152977	0.00351529	0.305953
TPD52L3	down	2	1.0	-0.152956	0.0432183	0.305911
C3orf30	down	2	1.0	-0.152946	0.0278953	0.305892
SEC14L3	down	2	1.0	-0.152939	0.000311572	0.305879
CACNG7	down	2	1.0	-0.152932	0.0488722	0.305864
ZBTB26	down	2	1.0	-0.152928	0.0531701	0.305856
SLC6A18	down	2	1.0	-0.152914	0.0194024	0.305828
SNX27	down	2	1.0	-0.152912	0.00165707	0.305823
AMMECR1	up	2	1.0	0.152904	0.0986314	0.305808
ZNF792	up	2	1.0	0.152902	0.174519	0.305804
ZDHHC8P1	down	2	1.0	-0.152889	0.000731715	0.305779
KISS1	down	2	1.0	-0.152883	0.0296033	0.305766
MRPS26	down	2	1.0	-0.152815	0.000375671	0.305631
TIGD4	down	2	1.0	-0.152739	0.0536058	0.305478
KCNQ2	down	2	1.0	-0.152717	0.0178056	0.305435
C20orf181	down	2	1.0	-0.152711	0.00220471	0.305423
SLAIN2	down	2	1.0	-0.152696	0.000975647	0.305392
SPANXA2	down	2	1.0	-0.152668	0.00864595	0.305336
FTSJ3	up	2	1.0	0.152653	0.0117389	0.305306
FAM107A	up	2	1.0	0.152638	0.0672724	0.305277
TXNDC9	up	2	1.0	0.152638	0.133217	0.305276
PCNX4	down	2	1.0	-0.152595	0.00766246	0.305191
OR7C2	down	2	1.0	-0.152556	0.00388153	0.305113
LOC100132731	down	2	1.0	-0.152554	4.62531e-05	0.305109
SLC22A6	down	2	1.0	-0.15255	0.018063	0.3051
GLIPR1L1	down	2	1.0	-0.152546	0.00150961	0.305092
DNAH10	down	2	1.0	-0.152467	0.00407952	0.304934
GALNTL5	down	2	1.0	-0.152467	0.00284445	0.304933
NKAIN4	down	2	1.0	-0.152461	0.0124413	0.304923
PTCHD1	down	2	1.0	-0.152334	0.0144162	0.304668
CDH24	down	2	1.0	-0.152317	4.07197e-05	0.304635
CDC34	down	2	1.0	-0.152298	0.0478309	0.304596
RHCG	down	2	1.0	-0.152276	0.0101278	0.304551
KIAA0196	down	2	1.0	-0.152231	6.24952e-05	0.304462
METAP2	up	2	1.0	0.15221	0.162078	0.30442
ACSM2B	down	2	1.0	-0.152207	0.00960634	0.304414
AP2A2	down	2	1.0	-0.152189	0.011758	0.304377
ZNF451	down	2	1.0	-0.152172	0.000324514	0.304344
LINC00334	down	2	1.0	-0.152159	0.00274859	0.304318
TYW5	down	2	1.0	-0.152115	0.00821884	0.30423
NAT16	down	2	1.0	-0.152098	0.00530627	0.304196
NRG3	down	2	1.0	-0.152078	0.000112368	0.304155
EPHA7	down	2	1.0	-0.152055	0.151685	0.30411
ZPBP	down	2	1.0	-0.152012	0.000113161	0.304024
LINC01521	down	2	1.0	-0.151974	0.0112863	0.303947
ANKRD17	down	2	1.0	-0.151931	0.0146969	0.303862
NUTM2B	down	2	1.0	-0.151925	0.00150383	0.30385
SLC26A1	down	2	1.0	-0.151909	0.00722833	0.303817
INTS5	up	2	1.0	0.151889	0.00283466	0.303778
HNRNPR	up	2	1.0	0.151886	0.00278437	0.303771
TXNRD2	down	2	1.0	-0.151863	0.0649534	0.303726
AKR1C6P	down	2	1.0	-0.15185	0.00780558	0.303701
DRD3	down	2	1.0	-0.151837	0.00438964	0.303674
ZNF2	down	2	1.0	-0.151832	0.1902	0.303664
USE1	down	2	1.0	-0.151825	0.0300662	0.303649
HAPLN2	down	2	1.0	-0.15182	0.00589581	0.30364
ABRA	down	2	1.0	-0.15181	0.0167643	0.303621
GAPVD1	up	2	1.0	0.151802	0.00539586	0.303604
CALN1	down	2	1.0	-0.1518	0.00692069	0.3036
FAM83C	down	2	1.0	-0.151681	0.0144853	0.303363
CAND1	up	2	1.0	0.15168	0.022227	0.30336
LAMA3	down	2	1.0	-0.151615	0.00137178	0.303231
LRTM2	down	2	1.0	-0.151589	0.00372114	0.303177
SLC30A6	up	2	1.0	0.151573	0.0325789	0.303147
MTR	up	2	1.0	0.151529	0.0645777	0.303059
NECTIN1	down	2	1.0	-0.151493	5.28828e-05	0.302986
ATP6V0B	up	2	1.0	0.151488	0.00414978	0.302976
CLVS2	down	2	1.0	-0.151467	0.0104513	0.302933
GPN1	down	2	1.0	-0.151466	0.0331409	0.302931
AGBL3	up	2	1.0	0.151457	0.0415725	0.302914
PBX4	up	2	1.0	0.151436	0.0488154	0.302872
TIMM44	down	2	1.0	-0.151436	0.030072	0.302871
RNF168	down	2	1.0	-0.151414	0.0202013	0.302828
GPATCH8	up	2	1.0	0.151328	0.314716	0.302656
GPR153	down	2	1.0	-0.151233	0.0807623	0.302466
CHCHD5	down	2	1.0	-0.151179	0.00409247	0.302358
PTGES2	down	2	1.0	-0.151117	0.00100114	0.302234
DYRK1A	down	2	1.0	-0.151116	0.0160959	0.302233
RAX2	down	2	1.0	-0.151098	0.000961656	0.302196
EFR3A	down	2	1.0	-0.151082	0.0128907	0.302165
STAG1	down	2	1.0	-0.151044	0.0401534	0.302089
MYOZ3	down	2	1.0	-0.150965	0.000526733	0.30193
EFS	up	2	1.0	0.150961	0.0158408	0.301922
TIA1	up	2	1.0	0.150948	0.0114765	0.301896
SLC35F5	down	2	1.0	-0.150931	0.0035044	0.301863
INTS9	up	2	1.0	0.150924	0.0678948	0.301848
EDRF1	up	2	1.0	0.150911	0.0460123	0.301822
MAGEA6	down	2	1.0	-0.15087	0.021045	0.30174
ZNF138	down	2	1.0	-0.150848	0.0141249	0.301696
SP3P	down	2	1.0	-0.150795	4.31564e-05	0.30159
SIRT1	down	2	1.0	-0.150777	0.0249498	0.301554
IL36A	down	2	1.0	-0.15077	0.00694509	0.30154
SLC19A2	down	2	1.0	-0.150746	0.0275303	0.301491
HSF1	down	2	1.0	-0.150731	0.0321456	0.301461
STAC	up	2	1.0	0.150711	0.00145648	0.301422
CYP2U1	down	2	1.0	-0.150696	0.00172428	0.301392
PIK3CB	down	2	1.0	-0.150662	0.00871443	0.301324
PTCRA	down	2	1.0	-0.150641	0.000963963	0.301282
TMEM11	down	2	1.0	-0.150554	0.144859	0.301109
PRSS35	up	2	1.0	0.150468	0.043062	0.300935
RNF170	down	2	1.0	-0.150448	0.0676223	0.300897
ANKRD33B	up	2	1.0	0.150434	0.00436634	0.300869
LINC00504	down	2	1.0	-0.150405	0.015388	0.30081
POLDIP2	down	2	1.0	-0.150399	0.000817326	0.300798
CA5A	down	2	1.0	-0.150382	0.0242645	0.300764
PROSER1	down	2	1.0	-0.150379	0.00301043	0.300758
ITFG1	down	2	1.0	-0.150365	0.0301354	0.300731
MRO	down	2	1.0	-0.150326	0.00826604	0.300651
VN1R2	down	2	1.0	-0.150322	0.0113421	0.300644
ANKRD18B	down	2	1.0	-0.150308	0.0420586	0.300616
GALNT9	down	2	1.0	-0.150288	0.0192132	0.300576
CTCFL	down	2	1.0	-0.150278	0.00534103	0.300556
C1orf35	down	2	1.0	-0.15026	0.0111049	0.30052
TBC1D13	down	2	1.0	-0.150247	0.000653264	0.300494
TFRC	down	2	1.0	-0.150212	0.0675664	0.300424
HNRNPLL	down	2	1.0	-0.150144	0.0161079	0.300288
UTP15	up	2	1.0	0.150139	0.090119	0.300278
PCDHB13	down	2	1.0	-0.150127	0.0896102	0.300255
NPM3	up	2	1.0	0.150121	0.0769464	0.300241
SERPINA9	up	2	1.0	0.15004	0.0747029	0.30008
SLC45A1	up	2	1.0	0.15	0.00642381	0.3
GLRX3	up	2	1.0	0.149991	0.0014318	0.299981
APC2	down	2	1.0	-0.149963	0.0227544	0.299927
ARPC3	up	2	1.0	0.149949	0.000109768	0.299898
SLITRK1	down	2	1.0	-0.149928	0.00378298	0.299856
ZNF767P	down	2	1.0	-0.149921	0.00176389	0.299842
CELF3	down	2	1.0	-0.149871	0.00287253	0.299741
RGR	down	2	1.0	-0.149843	0.0128928	0.299687
TRIP10	down	2	1.0	-0.149832	0.16998	0.299664
ZNF514	down	2	1.0	-0.149814	0.0214871	0.299628
IGIP	down	2	1.0	-0.149799	0.00377026	0.299597
MAP4K3	down	2	1.0	-0.149796	0.00413723	0.299592
BAP1	down	2	1.0	-0.149765	0.00011157	0.299531
SEZ6L	down	2	1.0	-0.149713	0.0010527	0.299426
CACNG6	down	2	1.0	-0.149663	0.00448063	0.299326
NEIL3	down	2	1.0	-0.149631	0.433567	0.299262
KCNC1	down	2	1.0	-0.149593	0.000112632	0.299186
SMYD2	down	2	1.0	-0.149554	0.0189484	0.299107
SSNA1	down	2	1.0	-0.14953	5.38583e-05	0.29906
PIRT	down	2	1.0	-0.149512	0.00186441	0.299025
TENM2	down	2	1.0	-0.149508	0.16697	0.299017
ZNF341	down	2	1.0	-0.149499	0.00907678	0.298998
PPHLN1	up	2	1.0	0.149465	0.0201456	0.29893
LRIG1	down	2	1.0	-0.149457	0.111391	0.298915
LEP	down	2	1.0	-0.149446	0.0521136	0.298892
ZNF829	down	2	1.0	-0.149389	0.0251506	0.298778
WDR31	down	2	1.0	-0.149386	0.00374491	0.298772
TUBGCP4	down	2	1.0	-0.14938	0.0535558	0.298761
KRT16	up	2	1.0	0.149331	0.0458166	0.298661
DUS3L	down	2	1.0	-0.14933	0.226823	0.29866
DLGAP3	down	2	1.0	-0.149308	0.00273435	0.298616
GCNT7	down	2	1.0	-0.149302	0.00033652	0.298603
KCNA10	down	2	1.0	-0.1493	8.95935e-05	0.2986
SOX13	down	2	1.0	-0.149289	0.000975125	0.298578
CCDC114	down	2	1.0	-0.1492	0.0833495	0.2984
ZDHHC6	down	2	1.0	-0.149161	0.00410918	0.298322
ZBBX	down	2	1.0	-0.14908	0.000833645	0.29816
SETDB2	up	2	1.0	0.149034	0.1159	0.298067
PRDM9	down	2	1.0	-0.14903	0.125068	0.29806
STH	down	2	1.0	-0.149003	0.0131023	0.298006
ASAH1	down	2	1.0	-0.14899	0.0151459	0.29798
WASH1	down	2	1.0	-0.14898	0.00851406	0.29796
CBARP	down	2	1.0	-0.148969	0.0134153	0.297938
TOP3B	down	2	1.0	-0.148949	0.0183866	0.297897
EXOC4	down	2	1.0	-0.148871	0.00273033	0.297742
LMOD2	down	2	1.0	-0.148848	0.00352475	0.297697
ANKS1B	down	2	1.0	-0.148763	0.0483607	0.297525
COMP	down	2	1.0	-0.148733	0.0339868	0.297467
AQP4	down	2	1.0	-0.148726	0.0149394	0.297453
TMPRSS11D	down	2	1.0	-0.14871	0.00149291	0.297421
MATN1-AS1	up	2	1.0	0.148665	0.0411984	0.297329
SRPK1	down	2	1.0	-0.1486	0.0626708	0.2972
KCNJ9	down	2	1.0	-0.148579	0.052447	0.297158
FTHL17	down	2	1.0	-0.148547	0.0135928	0.297095
THAP8	down	2	1.0	-0.148526	0.0505007	0.297052
RASGEF1C	down	2	1.0	-0.148515	0.0486287	0.29703
ANAPC13	up	2	1.0	0.148439	0.00976095	0.296878
ZNF491	down	2	1.0	-0.148429	0.0100298	0.296858
BPIFB6	down	2	1.0	-0.148409	0.0111488	0.296818
MRPL4	down	2	1.0	-0.148349	0.0314204	0.296699
SLC2A12	down	2	1.0	-0.148345	0.373427	0.296691
KCNMB2	down	2	1.0	-0.148325	0.0591148	0.29665
CIB4	down	2	1.0	-0.148317	0.016495	0.296633
ORC5	down	2	1.0	-0.148296	0.00721933	0.296593
TRIOBP	down	2	1.0	-0.148295	4.01622e-05	0.296591
NOL10	down	2	1.0	-0.148281	0.00693118	0.296562
PRAMEF2	down	2	1.0	-0.148269	0.0842616	0.296539
SLC22A16	down	2	1.0	-0.148221	0.0107981	0.296442
SLC22A12	down	2	1.0	-0.148207	0.0101664	0.296414
NPR3	down	2	1.0	-0.148204	0.00285136	0.296408
DNM1L	down	2	1.0	-0.148155	0.0135231	0.29631
COG7	down	2	1.0	-0.148111	0.0267767	0.296221
SNRPB2	up	2	1.0	0.148109	0.112774	0.296218
FAS	down	2	1.0	-0.148107	0.23942	0.296213
TBATA	down	2	1.0	-0.14805	0.0259699	0.296099
ACO1	up	2	1.0	0.148034	0.153251	0.296068
MTFR1	down	2	1.0	-0.148002	0.145103	0.296003
UTP23	down	2	1.0	-0.14795	0.00053251	0.295901
SPRN	down	2	1.0	-0.147875	0.0565002	0.295751
ARIH2	down	2	1.0	-0.147873	0.0131813	0.295745
HIST1H2AC	down	2	1.0	-0.147873	0.0765052	0.295745
FOXE1	down	2	1.0	-0.147862	0.000940495	0.295723
SPOCK3	down	2	1.0	-0.147806	0.0257566	0.295611
RS1	down	2	1.0	-0.147787	0.0012454	0.295574
PAH	down	2	1.0	-0.147782	0.00364308	0.295563
OMA1	down	2	1.0	-0.147747	0.0171042	0.295493
LINC00852	down	2	1.0	-0.147723	0.0071259	0.295445
LOC643549	down	2	1.0	-0.147714	0.00272443	0.295428
COMMD7	down	2	1.0	-0.147714	0.0149373	0.295428
FARSA	up	2	1.0	0.147701	0.0539872	0.295402
COQ10B	up	2	1.0	0.147679	0.0488179	0.295358
RBL1	up	2	1.0	0.147678	0.0720689	0.295356
TMEM35A	down	2	1.0	-0.147676	0.114887	0.295352
OR1A1	down	2	1.0	-0.147647	0.0304779	0.295294
SPDYA	down	2	1.0	-0.147636	0.000394151	0.295272
TMEM134	down	2	1.0	-0.147631	0.0313968	0.295262
NFRKB	down	2	1.0	-0.147604	0.0545739	0.295208
NPR2	up	2	1.0	0.147564	0.107751	0.295128
PSMA4	up	2	1.0	0.147547	0.0257552	0.295093
TBCK	down	2	1.0	-0.147546	0.184226	0.295092
LRSAM1	up	2	1.0	0.147534	0.00962336	0.295068
LRRC38	down	2	1.0	-0.147453	0.00523107	0.294907
LCLAT1	down	2	1.0	-0.147448	0.0696636	0.294895
HEATR3	up	2	1.0	0.147444	0.00167479	0.294888
DHX9	up	2	1.0	0.14744	0.0201737	0.294881
ACOT7	down	2	1.0	-0.147434	0.0371386	0.294868
ZNF205	down	2	1.0	-0.147412	0.0186127	0.294824
H2AFY	down	2	1.0	-0.147395	0.0025683	0.294791
ELMOD2	down	2	1.0	-0.14737	0.000114138	0.29474
TMEM25	down	2	1.0	-0.147369	0.027105	0.294739
CTNS	down	2	1.0	-0.14736	0.0088815	0.294719
C18orf8	up	2	1.0	0.147347	0.00910862	0.294695
KSR2	down	2	1.0	-0.147305	0.0431933	0.294609
GTF3C4	down	2	1.0	-0.147301	0.00308988	0.294602
BARHL1	down	2	1.0	-0.147289	0.000476305	0.294578
CMPK2	down	2	1.0	-0.147283	0.161541	0.294566
CTIF	up	2	1.0	0.147272	0.0659529	0.294545
KIAA1210	down	2	1.0	-0.147263	0.00654497	0.294526
KRT77	down	2	1.0	-0.147255	0.0396332	0.294511
OR2W1	down	2	1.0	-0.147251	0.0184219	0.294501
NAA11	down	2	1.0	-0.147237	0.0117301	0.294474
AMN1	up	2	1.0	0.147195	0.0302091	0.29439
NUB1	up	2	1.0	0.147191	6.41137e-05	0.294383
GEMIN7	up	2	1.0	0.147171	0.00312033	0.294341
AVPR1B	down	2	1.0	-0.147157	0.129496	0.294314
HN1L	down	2	1.0	-0.147151	0.00887865	0.294303
SF3B1	up	2	1.0	0.14713	0.0408687	0.29426
CAMK2N2	down	2	1.0	-0.147102	0.0100854	0.294204
ALDH1L1	down	2	1.0	-0.147061	0.000533179	0.294122
IFNGR2	down	2	1.0	-0.147061	0.092394	0.294122
TPT1P8	down	2	1.0	-0.147055	0.000887683	0.29411
CROCC	down	2	1.0	-0.146986	0.0133679	0.293972
PLG	down	2	1.0	-0.146968	0.000920936	0.293935
ZNF106	up	2	1.0	0.146958	0.0359234	0.293915
CYP26A1	down	2	1.0	-0.146942	0.0117306	0.293883
COL4A3BP	down	2	1.0	-0.146939	0.000272861	0.293878
GPAA1	down	2	1.0	-0.146936	0.0950928	0.293872
ZBTB11	up	2	1.0	0.146908	0.109456	0.293816
GHRHR	down	2	1.0	-0.146844	7.57985e-05	0.293688
UFSP2	up	2	1.0	0.146842	0.0453487	0.293684
ST8SIA3	down	2	1.0	-0.146833	0.00411298	0.293666
GSPT1	up	2	1.0	0.146824	0.00300105	0.293648
ORM1	up	2	1.0	0.146812	0.147777	0.293624
RAB28	down	2	1.0	-0.14681	0.0738754	0.29362
WDR46	up	2	1.0	0.146791	0.253497	0.293583
TRAF7	down	2	1.0	-0.146761	0.0122169	0.293522
C12orf66	down	2	1.0	-0.14676	0.0592061	0.29352
TRPM8	down	2	1.0	-0.146754	0.127176	0.293508
OLA1	down	2	1.0	-0.146723	0.0380637	0.293445
FAM216B	up	2	1.0	0.146719	0.0479274	0.293437
SQSTM1	down	2	1.0	-0.146684	0.0288797	0.293367
DAPL1	down	2	1.0	-0.146601	0.106609	0.293202
FREM3	down	2	1.0	-0.14659	0.0538775	0.293179
FDPSP2	up	2	1.0	0.146581	0.0964996	0.293162
SIX6	down	2	1.0	-0.146576	0.017715	0.293151
CTSG	up	2	1.0	0.146566	0.416249	0.293133
XPC	up	2	1.0	0.146527	0.0144037	0.293053
ST20-AS1	down	2	1.0	-0.146515	0.0966621	0.29303
MRAP	up	2	1.0	0.146497	0.00060305	0.292994
C12orf43	up	2	1.0	0.146481	0.0234162	0.292963
HMCES	up	2	1.0	0.14647	0.0100559	0.29294
LOC151760	down	2	1.0	-0.146431	0.0151788	0.292863
TMEM126A	down	2	1.0	-0.146394	0.0289655	0.292788
LINC00482	down	2	1.0	-0.146297	0.0374484	0.292595
NHLRC3	down	2	1.0	-0.146286	0.0756786	0.292572
ACP2	up	2	1.0	0.146274	0.0143764	0.292548
AARS2	down	2	1.0	-0.146266	0.113713	0.292531
PFDN5	up	2	1.0	0.146255	0.0152205	0.29251
DEFB126	down	2	1.0	-0.146252	0.0335843	0.292504
HKR1	down	2	1.0	-0.14625	0.0335165	0.2925
CXorf57	down	2	1.0	-0.146076	0.0406092	0.292152
NKD1	down	2	1.0	-0.146067	0.000756846	0.292135
NUMBL	up	2	1.0	0.146035	0.0203791	0.292071
FAM182B	down	2	1.0	-0.146027	0.0091268	0.292054
ANKRD10	up	2	1.0	0.146026	0.0112541	0.292052
EPHA8	down	2	1.0	-0.146002	0.0377505	0.292004
CFL1	down	2	1.0	-0.145985	0.00547938	0.291971
FAM9A	down	2	1.0	-0.145978	0.000614827	0.291955
EXOSC8	up	2	1.0	0.145963	0.0930471	0.291926
PRM3	down	2	1.0	-0.145951	0.0612242	0.291902
TAS2R38	down	2	1.0	-0.145943	0.0704097	0.291886
SMARCD1	up	2	1.0	0.145934	0.120732	0.291869
ZNF542P	up	2	1.0	0.14593	0.0129304	0.291859
LINC01260	up	2	1.0	0.145913	0.00491064	0.291826
CLIC3	up	2	1.0	0.145898	0.00267194	0.291796
OPRPN	down	2	1.0	-0.145864	0.00701092	0.291728
VPS33B	down	2	1.0	-0.145844	0.00878871	0.291689
LINC01547	down	2	1.0	-0.145843	0.0248958	0.291686
FRMD5	up	2	1.0	0.145822	0.055334	0.291644
FOXR1	down	2	1.0	-0.145694	0.0155025	0.291388
TCP11	down	2	1.0	-0.145638	0.000603093	0.291276
OR6W1P	down	2	1.0	-0.145623	0.00262721	0.291246
FOXN1	down	2	1.0	-0.14557	0.0663807	0.29114
GRM5	down	2	1.0	-0.145546	0.00031134	0.291093
TMEM5	down	2	1.0	-0.145517	0.160333	0.291035
SIVA1	up	2	1.0	0.1455	0.0693361	0.291001
DMRTB1	down	2	1.0	-0.145475	0.023045	0.290949
SPATA31C2	down	2	1.0	-0.14542	0.00912553	0.290841
RNF208	down	2	1.0	-0.145408	0.00151236	0.290817
IL12B	up	2	1.0	0.145388	0.00527581	0.290777
PRKCA	down	2	1.0	-0.145372	0.0556463	0.290744
QDPR	down	2	1.0	-0.145281	0.0324579	0.290563
ZNF142	up	2	1.0	0.145273	0.036316	0.290546
MGC10814	down	2	1.0	-0.145269	0.00470237	0.290538
DBF4	up	2	1.0	0.145261	0.0462608	0.290522
ACTR6	down	2	1.0	-0.145253	0.0326866	0.290506
SNCB	down	2	1.0	-0.145241	0.00168462	0.290482
CDX4	down	2	1.0	-0.145209	0.00323282	0.290418
CUL4A	down	2	1.0	-0.145142	0.0038801	0.290283
TEKT5	down	2	1.0	-0.145131	0.0196325	0.290262
CDCA8	up	2	1.0	0.145078	0.00648107	0.290156
SPOCD1	up	2	1.0	0.145021	0.00200945	0.290043
SMURF1	up	2	1.0	0.144994	0.0667131	0.289987
YWHAB	down	2	1.0	-0.144954	0.0017757	0.289907
PITPNM1	up	2	1.0	0.14495	0.0504074	0.2899
PTPMT1	up	2	1.0	0.144881	0.16901	0.289761
KPNA6	up	2	1.0	0.14488	0.0790303	0.28976
PPP1R37	down	2	1.0	-0.144873	9.40807e-06	0.289746
PEAK1	down	2	1.0	-0.144861	0.0446447	0.289722
TTTY8B	down	2	1.0	-0.144833	4.98999e-05	0.289666
H1FNT	down	2	1.0	-0.144821	0.0151876	0.289642
WRAP73	up	2	1.0	0.14471	0.0871998	0.289421
RGSL1	down	2	1.0	-0.144675	0.031321	0.289349
ZNF93	down	2	1.0	-0.144652	0.0351348	0.289304
USP40	up	2	1.0	0.144626	0.214611	0.289252
LYPLA1	down	2	1.0	-0.144566	0.0271932	0.289132
WEE2-AS1	down	2	1.0	-0.144551	0.0735114	0.289102
ZNF384	down	2	1.0	-0.144527	0.00129374	0.289054
TMEM39B	up	2	1.0	0.144513	0.0466268	0.289026
JKAMP	up	2	1.0	0.144483	0.0865191	0.288965
ARRDC1-AS1	down	2	1.0	-0.144477	0.000707176	0.288953
TCTE3	down	2	1.0	-0.144464	0.069645	0.288928
TTTY11	down	2	1.0	-0.144462	0.00932441	0.288924
LRRC37A5P	down	2	1.0	-0.144433	0.00122784	0.288866
GPS2	down	2	1.0	-0.144418	0.0284397	0.288835
TUBGCP2	down	2	1.0	-0.144379	0.0241472	0.288759
MMP27	down	2	1.0	-0.144353	0.0117363	0.288706
SPTBN4	down	2	1.0	-0.144291	0.00497197	0.288583
RASL10A	down	2	1.0	-0.144164	0.0396332	0.288329
HTR1F	down	2	1.0	-0.144123	0.0517034	0.288246
MAP2K2	down	2	1.0	-0.144117	0.0693045	0.288234
ZNF713	down	2	1.0	-0.144113	0.014348	0.288227
CTXN3	down	2	1.0	-0.144103	0.00277055	0.288207
MAPK8	down	2	1.0	-0.144056	0.0859306	0.288112
IL17F	up	2	1.0	0.144051	0.00522162	0.288103
NR1H3	down	2	1.0	-0.144051	0.231786	0.288102
MYH8	down	2	1.0	-0.143973	0.00159888	0.287946
CCDC87	down	2	1.0	-0.14397	0.000390952	0.287941
TSHB	down	2	1.0	-0.143967	0.0377721	0.287934
CTNNA2	down	2	1.0	-0.14389	0.00942744	0.28778
KCNIP3	down	2	1.0	-0.143869	0.00394026	0.287738
C12orf54	down	2	1.0	-0.143846	0.0118466	0.287691
PTCHD4	down	2	1.0	-0.143837	0.0621718	0.287673
ABCC12	down	2	1.0	-0.143822	0.00080592	0.287643
HECW1	down	2	1.0	-0.143773	0.00535089	0.287545
HTT	down	2	1.0	-0.143716	0.261285	0.287432
TMEM74	down	2	1.0	-0.143677	0.257861	0.287354
POMGNT1	down	2	1.0	-0.14367	0.00152056	0.287339
BAG5	down	2	1.0	-0.14364	0.192853	0.28728
SLC39A1	up	2	1.0	0.143622	0.0236575	0.287245
BRMS1L	up	2	1.0	0.1436	0.000473274	0.287199
LYZL4	down	2	1.0	-0.143587	0.0273692	0.287174
HS1BP3	down	2	1.0	-0.143576	0.0913935	0.287152
ACACA	up	2	1.0	0.143558	0.151575	0.287117
EP300	up	2	1.0	0.143508	0.0257192	0.287015
GPATCH2	up	2	1.0	0.14348	0.0494661	0.286959
LOC400940	down	2	1.0	-0.143455	0.011264	0.28691
CCDC96	down	2	1.0	-0.143448	0.0263376	0.286895
RBMY1J	down	2	1.0	-0.143436	0.0957166	0.286873
PTBP3	down	2	1.0	-0.14342	0.00278826	0.28684
TNFRSF8	up	2	1.0	0.143397	0.0143909	0.286795
OXA1L	down	2	1.0	-0.143365	0.0010973	0.28673
HTR1E	down	2	1.0	-0.143335	0.021976	0.28667
TDRKH	up	2	1.0	0.14333	0.022522	0.286659
GTF2A1	up	2	1.0	0.143254	0.146127	0.286508
ZNF436-AS1	down	2	1.0	-0.143249	0.0879574	0.286499
CSAD	down	2	1.0	-0.143209	0.0199395	0.286418
MRPL52	up	2	1.0	0.143205	0.0127024	0.286409
RMDN3	down	2	1.0	-0.143194	0.00139854	0.286388
CSPP1	down	2	1.0	-0.143177	0.12907	0.286354
REXO1	down	2	1.0	-0.143143	0.0076039	0.286285
HN1	down	2	1.0	-0.143124	0.00243563	0.286247
TMIGD2	down	2	1.0	-0.143096	0.0404549	0.286192
ANP32D	down	2	1.0	-0.143068	9.19895e-06	0.286136
SPHKAP	down	2	1.0	-0.143015	0.0251037	0.28603
WIF1	down	2	1.0	-0.143004	0.00669275	0.286008
MAU2	down	2	1.0	-0.143001	0.00139518	0.286002
EID2B	up	2	1.0	0.142994	0.00973614	0.285988
FAM71F2	up	2	1.0	0.142984	0.00143743	0.285969
P2RX2	down	2	1.0	-0.142982	0.00585352	0.285963
MOS	down	2	1.0	-0.142968	0.132071	0.285936
PRDM11	down	2	1.0	-0.142904	0.00642331	0.285808
TP53AIP1	down	2	1.0	-0.142904	0.0280836	0.285807
HSD17B1	down	2	1.0	-0.142849	0.0218558	0.285699
UBXN11	up	2	1.0	0.142794	0.00184621	0.285589
GUCA1B	down	2	1.0	-0.142766	0.0392192	0.285532
DRC3	up	2	1.0	0.142752	0.0124887	0.285504
FAM27B	up	2	1.0	0.142752	0.103538	0.285503
TSSC1	up	2	1.0	0.142717	0.00064448	0.285433
HACD1	down	2	1.0	-0.142713	0.0337566	0.285425
KCNN1	down	2	1.0	-0.142701	0.00546184	0.285403
ZNF330	down	2	1.0	-0.142613	0.0649849	0.285226
YIPF2	up	2	1.0	0.14261	0.0469828	0.285219
C5orf17	down	2	1.0	-0.142606	0.167422	0.285213
PSPN	down	2	1.0	-0.142586	0.00541461	0.285173
GCHFR	down	2	1.0	-0.142582	0.197091	0.285164
BHMT2	up	2	1.0	0.142577	0.0124403	0.285154
DMRTC1B	down	2	1.0	-0.142537	0.0202787	0.285074
SRPK2	up	2	1.0	0.142519	0.00884173	0.285038
MDH1B	down	2	1.0	-0.142518	0.0634659	0.285036
ADRA2B	down	2	1.0	-0.142492	0.00148841	0.284984
FBXO17	up	2	1.0	0.142463	0.042977	0.284926
RFX4	down	2	1.0	-0.142454	0.016844	0.284908
SPACA6	up	2	1.0	0.142354	0.0385947	0.284708
MAT1A	down	2	1.0	-0.142294	0.0773476	0.284589
LINGO3	down	2	1.0	-0.142153	0.00681757	0.284305
AADAT	down	2	1.0	-0.142132	0.0627714	0.284265
GARNL3	down	2	1.0	-0.142112	0.0205229	0.284224
BLCAP	down	2	1.0	-0.142104	0.0915092	0.284208
SLC7A4	down	2	1.0	-0.142072	0.0362616	0.284144
ST8SIA5	down	2	1.0	-0.142047	0.0156785	0.284095
NALCN	down	2	1.0	-0.142035	0.0165233	0.284071
MAGEC2	down	2	1.0	-0.142032	0.0580536	0.284064
FIP1L1	down	2	1.0	-0.142018	0.02458	0.284035
RAMP1	up	2	1.0	0.141997	0.118185	0.283993
MBLAC1	down	2	1.0	-0.141969	0.0587885	0.283938
LACC1	down	2	1.0	-0.141954	0.335932	0.283907
TUBE1	down	2	1.0	-0.141908	0.0260308	0.283816
KRBA2	down	2	1.0	-0.141904	0.0220762	0.283807
SH3GL3	down	2	1.0	-0.141898	0.00642574	0.283797
SLC48A1	up	2	1.0	0.141877	0.000497457	0.283753
AP1S1	down	2	1.0	-0.141846	0.146275	0.283693
SP2	down	2	1.0	-0.141836	0.0381476	0.283672
SFXN2	up	2	1.0	0.141832	0.121204	0.283664
ACPT	down	2	1.0	-0.141804	0.0255645	0.283608
KCNK16	down	2	1.0	-0.141787	0.00333904	0.283574
LRFN2	down	2	1.0	-0.14178	0.0247432	0.283559
DISP3	down	2	1.0	-0.14178	0.0298695	0.283559
S1PR5	down	2	1.0	-0.141772	0.00494088	0.283544
CCT6A	up	2	1.0	0.141731	0.0297385	0.283462
CDK9	up	2	1.0	0.141671	0.0132353	0.283343
ESRRB	down	2	1.0	-0.141625	0.0075929	0.28325
FLYWCH2	down	2	1.0	-0.141603	0.00381228	0.283205
DPCR1	down	2	1.0	-0.14159	0.0793199	0.28318
TSSK3	down	2	1.0	-0.141586	0.04203	0.283171
NELFE	down	2	1.0	-0.141568	0.000933419	0.283136
RSPO2	down	2	1.0	-0.141563	0.0268871	0.283126
ZNF100	down	2	1.0	-0.14155	0.100186	0.283101
FLJ37035	down	2	1.0	-0.141548	0.0136586	0.283097
APAF1	up	2	1.0	0.141519	0.0345049	0.283038
ZNF628	down	2	1.0	-0.141454	0.0202765	0.282907
PRSS30P	down	2	1.0	-0.141428	0.084746	0.282857
FZD9	down	2	1.0	-0.141406	0.0200312	0.282812
PUS1	up	2	1.0	0.141373	0.0579085	0.282747
LINC00313	down	2	1.0	-0.141356	0.0345202	0.282713
IL7	up	2	1.0	0.141337	0.167623	0.282673
FAM181B	down	2	1.0	-0.14127	0.00792112	0.28254
TMEM257	down	2	1.0	-0.141267	0.0798941	0.282535
R3HDML	down	2	1.0	-0.141254	0.0218344	0.282507
GBX1	down	2	1.0	-0.141083	0.000100884	0.282165
TRIO	down	2	1.0	-0.141068	0.0212381	0.282136
ZNF264	down	2	1.0	-0.140959	0.000808947	0.281918
LAS1L	up	2	1.0	0.140958	0.0986751	0.281916
BAG4	down	2	1.0	-0.140896	0.129932	0.281793
LIPF	down	2	1.0	-0.14086	0.000906238	0.28172
PHKG2	down	2	1.0	-0.140817	0.0041089	0.281634
JPH4	down	2	1.0	-0.140794	0.133934	0.281587
RSL1D1	up	2	1.0	0.140777	0.267302	0.281554
ADO	up	2	1.0	0.140774	0.101575	0.281549
LCN1	down	2	1.0	-0.140773	0.023966	0.281547
PNMT	down	2	1.0	-0.140705	0.0194403	0.281409
C5orf64	down	2	1.0	-0.140696	6.87835e-06	0.281392
ANGPTL7	down	2	1.0	-0.140644	0.00692304	0.281287
CILP2	down	2	1.0	-0.140639	0.00276994	0.281278
C17orf64	down	2	1.0	-0.14062	0.0110733	0.28124
DNTT	down	2	1.0	-0.140607	0.0282058	0.281213
ELP4	down	2	1.0	-0.140595	0.252152	0.281189
CACNA1S	down	2	1.0	-0.140593	0.00741833	0.281187
SNRPD1	up	2	1.0	0.140567	0.063158	0.281134
RAB10	down	2	1.0	-0.140531	0.0487619	0.281061
KCTD17	down	2	1.0	-0.140509	0.0253206	0.281018
ALOX12B	down	2	1.0	-0.140485	0.00982078	0.280969
JAGN1	down	2	1.0	-0.140456	0.0757845	0.280913
MAPK8IP2	down	2	1.0	-0.140435	0.0104639	0.280871
HEATR6	up	2	1.0	0.140387	0.00605181	0.280774
HNRNPF	up	2	1.0	0.140333	0.00024745	0.280666
VHL	down	2	1.0	-0.140331	0.0276772	0.280663
FAIM	up	2	1.0	0.14027	0.0821217	0.280541
KCNQ4	down	2	1.0	-0.140264	0.0724528	0.280528
C22orf39	down	2	1.0	-0.14026	0.0783292	0.28052
BTRC	down	2	1.0	-0.140251	0.00235873	0.280503
UPP1	up	2	1.0	0.140234	0.345834	0.280468
CCT4	up	2	1.0	0.140226	0.0405878	0.280451
STARD13	down	2	1.0	-0.140207	0.0162691	0.280413
CCR9	down	2	1.0	-0.140178	0.0398385	0.280355
QRFPR	down	2	1.0	-0.140171	0.0330733	0.280343
ZBTB2	up	2	1.0	0.140145	0.00360429	0.28029
TEKT3	down	2	1.0	-0.140117	0.00490863	0.280234
EDDM3A	down	2	1.0	-0.14011	0.000877542	0.28022
SLC17A1	down	2	1.0	-0.140062	0.0154624	0.280123
SERPINA7	down	2	1.0	-0.140006	0.0433888	0.280012
CIB3	down	2	1.0	-0.139992	0.00886261	0.279984
FBXL19	up	2	1.0	0.139985	0.0239911	0.279971
GTF3C1	up	2	1.0	0.139965	0.0335138	0.279931
HCAR1	down	2	1.0	-0.139964	0.0120644	0.279928
BBS12	down	2	1.0	-0.139921	0.266489	0.279841
UBE3A	down	2	1.0	-0.139917	0.0155952	0.279834
COIL	down	2	1.0	-0.13991	0.197987	0.279821
VEZT	up	2	1.0	0.139908	0.0919082	0.279816
IFNA2	down	2	1.0	-0.139884	0.00497715	0.279769
MEIOB	down	2	1.0	-0.139872	7.61294e-05	0.279745
DAOA	down	2	1.0	-0.139832	0.00542655	0.279665
PSMD10	down	2	1.0	-0.139817	0.0479702	0.279633
DGKZ	up	2	1.0	0.139795	0.000852213	0.27959
IFT27	up	2	1.0	0.139771	0.0487631	0.279542
CAPZB	up	2	1.0	0.139769	0.124176	0.279538
TMEM241	up	2	1.0	0.139754	0.0197494	0.279508
MED17	up	2	1.0	0.139744	0.0836327	0.279487
OSBPL5	down	2	1.0	-0.139718	0.0216221	0.279437
ZNF691	up	2	1.0	0.139711	0.00982847	0.279423
IKBKB	up	2	1.0	0.1397	0.096311	0.279401
CYSTM1	down	2	1.0	-0.139693	0.0593103	0.279386
SLC6A5	down	2	1.0	-0.139679	0.0312255	0.279357
TMUB2	down	2	1.0	-0.139672	0.0337215	0.279343
CRK	down	2	1.0	-0.139612	0.33017	0.279224
DIEXF	down	2	1.0	-0.139607	0.0880679	0.279214
ASIC5	down	2	1.0	-0.139595	0.000658506	0.27919
XRCC1	up	2	1.0	0.139592	0.0151943	0.279185
IFNA21	down	2	1.0	-0.139586	0.00687907	0.279171
DPH7	up	2	1.0	0.139556	0.0282566	0.279112
USP29	down	2	1.0	-0.139555	0.00876696	0.27911
CELA2A	down	2	1.0	-0.139545	0.0630261	0.279091
RHOA	up	2	1.0	0.139523	0.00130462	0.279046
PPIG	down	2	1.0	-0.139521	0.0381623	0.279042
SLC9A8	down	2	1.0	-0.139481	0.283505	0.278961
KIRREL3-AS3	down	2	1.0	-0.13948	0.0105816	0.27896
SHISA7	down	2	1.0	-0.139476	0.0120906	0.278951
SPEF1	down	2	1.0	-0.139475	0.00231196	0.278949
IRX1	down	2	1.0	-0.139463	0.0249299	0.278926
MC2R	down	2	1.0	-0.139435	0.00807922	0.27887
CLDN9	down	2	1.0	-0.139432	0.00957982	0.278863
PRKAA1	down	2	1.0	-0.139387	0.000546934	0.278774
FOXD3	down	2	1.0	-0.139369	0.11369	0.278738
PRMT8	down	2	1.0	-0.13932	0.0357476	0.27864
FBF1	up	2	1.0	0.139277	0.117981	0.278554
CFAP43	down	2	1.0	-0.139274	0.00197335	0.278548
UPB1	down	2	1.0	-0.139255	0.00340507	0.278509
KLC3	down	2	1.0	-0.139219	0.00759208	0.278439
GAPDH	up	2	1.0	0.139218	9.35109e-05	0.278436
NSDHL	up	2	1.0	0.139201	0.176487	0.278402
F7	down	2	1.0	-0.13919	0.0422395	0.278379
NUTM1	down	2	1.0	-0.139179	0.00469994	0.278358
CALCR	down	2	1.0	-0.139162	0.0203674	0.278325
CSRP3	down	2	1.0	-0.139091	1.28528e-05	0.278181
MAPK12	up	2	1.0	0.139088	0.0788017	0.278176
SV2C	down	2	1.0	-0.139081	0.00279845	0.278163
C9orf163	down	2	1.0	-0.139056	0.00216176	0.278111
ALOXE3	down	2	1.0	-0.139042	0.00861924	0.278085
ZBTB6	down	2	1.0	-0.139042	0.16612	0.278084
STPG3	down	2	1.0	-0.139025	0.026105	0.27805
B4GALNT4	down	2	1.0	-0.138928	0.0111365	0.277855
BICDL1	up	2	1.0	0.138856	0.0109942	0.277712
VPS37D	down	2	1.0	-0.138817	0.024665	0.277634
RGN	up	2	1.0	0.138816	0.00519755	0.277631
MORN5	down	2	1.0	-0.138795	0.033207	0.27759
PCDHB14	down	2	1.0	-0.138735	0.321512	0.27747
STPG2	down	2	1.0	-0.138726	4.51165e-05	0.277453
SLC30A8	down	2	1.0	-0.138639	0.00125739	0.277278
TGM6	down	2	1.0	-0.138632	0.00763314	0.277265
MYADML2	down	2	1.0	-0.138624	0.0935456	0.277248
HIST1H2BF	down	2	1.0	-0.138608	0.33133	0.277216
ONECUT2	down	2	1.0	-0.138595	0.00101617	0.277189
NPW	down	2	1.0	-0.138545	0.0564319	0.27709
IL36B	down	2	1.0	-0.138541	0.151715	0.277082
SELT	down	2	1.0	-0.1385	0.051613	0.277
SSBP4	up	2	1.0	0.138461	0.157436	0.276921
PKP3	down	2	1.0	-0.138459	0.0706111	0.276917
XIAP	down	2	1.0	-0.138457	0.0525339	0.276914
OPN5	down	2	1.0	-0.13843	0.00209592	0.276859
RC3H1	down	2	1.0	-0.13834	0.0277803	0.276679
OBSL1	down	2	1.0	-0.138302	0.00609348	0.276604
LINC00028	down	2	1.0	-0.138291	0.00174839	0.276582
SUN3	down	2	1.0	-0.138247	0.0111903	0.276495
SFRP5	down	2	1.0	-0.138173	0.00213281	0.276346
C15orf39	up	2	1.0	0.138167	0.0258068	0.276335
ARL14EP	up	2	1.0	0.138167	0.141891	0.276334
ZNF805	up	2	1.0	0.138162	0.0361301	0.276323
NDNF	down	2	1.0	-0.138149	0.376471	0.276299
NXPH1	down	2	1.0	-0.138093	0.00498767	0.276186
CCKBR	down	2	1.0	-0.13809	0.0026878	0.27618
TAF12	up	2	1.0	0.138083	0.16193	0.276166
TARS2	down	2	1.0	-0.137991	0.0412492	0.275983
RADIL	down	2	1.0	-0.137979	0.0987101	0.275959
DNAJB12	down	2	1.0	-0.137927	0.0951765	0.275854
KRTAP3-2	down	2	1.0	-0.137892	0.00129205	0.275784
DIMT1	up	2	1.0	0.137877	0.00262118	0.275754
CSN1S1	down	2	1.0	-0.137848	0.0567939	0.275696
KDM5B	down	2	1.0	-0.137838	0.000311364	0.275676
ARID1A	up	2	1.0	0.137828	0.093475	0.275655
SELO	down	2	1.0	-0.137723	0.253615	0.275447
MAGEA1	down	2	1.0	-0.137717	0.00283509	0.275434
NUDT22	down	2	1.0	-0.137708	0.00689347	0.275417
PKD1	down	2	1.0	-0.137649	0.0118751	0.275299
VAC14	up	2	1.0	0.13763	0.0863617	0.275259
PKP1	down	2	1.0	-0.137587	0.00688957	0.275174
TNP1	down	2	1.0	-0.13752	0.00926411	0.275039
AMZ1	down	2	1.0	-0.137468	0.0558621	0.274935
LOC389199	down	2	1.0	-0.137459	0.0317852	0.274918
GTPBP8	down	2	1.0	-0.137456	0.112271	0.274912
MSANTD2	up	2	1.0	0.137456	0.196501	0.274912
ZFPL1	down	2	1.0	-0.137387	0.00355704	0.274775
SCARNA17	down	2	1.0	-0.137376	0.116922	0.274752
CMPK1	down	2	1.0	-0.137315	0.169473	0.274631
ADAD1	down	2	1.0	-0.13731	0.00496542	0.27462
MIP	down	2	1.0	-0.137296	0.0219705	0.274591
TEDDM1	down	2	1.0	-0.137248	0.0146969	0.274496
MFAP3L	down	2	1.0	-0.137247	7.33053e-05	0.274495
OTP	down	2	1.0	-0.137231	0.00796295	0.274462
CDYL	down	2	1.0	-0.137217	0.0285839	0.274434
BEND2	down	2	1.0	-0.137104	0.00195466	0.274207
C3orf79	down	2	1.0	-0.137063	0.0164679	0.274126
POM121L12	down	2	1.0	-0.137041	0.00323544	0.274082
GDF9	down	2	1.0	-0.137009	0.0217207	0.274018
WDCP	up	2	1.0	0.136999	0.0145578	0.273998
ATRNL1	down	2	1.0	-0.136989	0.0589907	0.273977
ARHGEF25	up	2	1.0	0.136987	0.000324054	0.273974
DHRS13	up	2	1.0	0.136863	0.0740576	0.273726
VMA21	up	2	1.0	0.136819	0.0252316	0.273638
BRMS1	down	2	1.0	-0.136819	0.047208	0.273637
KCNG4	down	2	1.0	-0.136791	0.0033308	0.273582
ASPDH	down	2	1.0	-0.136789	0.0176771	0.273578
RAP1B	up	2	1.0	0.136743	0.156771	0.273486
FRRS1L	down	2	1.0	-0.136737	0.0318624	0.273474
FREM1	down	2	1.0	-0.136652	0.0079329	0.273304
UG0898H09	down	2	1.0	-0.136637	0.0810254	0.273274
ITIH6	down	2	1.0	-0.136612	0.000818768	0.273224
ANKRD11	down	2	1.0	-0.136576	0.0795094	0.273153
FAXC	down	2	1.0	-0.136531	0.0592628	0.273062
GGTLC2	down	2	1.0	-0.136507	0.0412102	0.273014
ZNF586	down	2	1.0	-0.136479	0.178419	0.272958
SUSD4	up	2	1.0	0.136453	0.00109601	0.272907
CACNG5	down	2	1.0	-0.136442	0.00128752	0.272884
FBXW9	down	2	1.0	-0.136417	0.0717458	0.272834
SLC29A4	down	2	1.0	-0.136403	0.237337	0.272806
DGKB	down	2	1.0	-0.136381	0.0784503	0.272762
TNRC6A	down	2	1.0	-0.136362	0.00712163	0.272725
KARS	up	2	1.0	0.136327	0.00760017	0.272654
CAPZA1	up	2	1.0	0.136286	0.0310218	0.272571
MXD4	down	2	1.0	-0.136279	0.0312158	0.272559
RSPO1	up	2	1.0	0.136275	0.0247796	0.27255
NR1I3	down	2	1.0	-0.136242	0.0114749	0.272485
ZFP42	down	2	1.0	-0.136241	0.0603225	0.272482
TAS2R45	down	2	1.0	-0.136215	0.00372763	0.27243
PHYHIP	down	2	1.0	-0.136214	0.0558617	0.272428
NKX2-1	down	2	1.0	-0.13621	0.0126398	0.27242
SMIM11A	down	2	1.0	-0.13619	0.0612433	0.272381
HELZ	up	2	1.0	0.136119	0.0229622	0.272237
HSBP1	down	2	1.0	-0.136072	0.0173189	0.272145
OFCC1	down	2	1.0	-0.136036	0.0171666	0.272071
CYP4F3	down	2	1.0	-0.136029	0.139137	0.272058
ADAMTS13	down	2	1.0	-0.136007	0.00329115	0.272014
GPX5	down	2	1.0	-0.136007	0.0015235	0.272013
VAMP7	down	2	1.0	-0.135995	0.0120266	0.27199
RPA4	down	2	1.0	-0.135973	0.0122553	0.271946
MMP16	up	2	1.0	0.135839	0.103024	0.271677
TMEM161A	up	2	1.0	0.135804	0.00323073	0.271609
MIR646HG	down	2	1.0	-0.135797	0.0101833	0.271594
BCL7B	down	2	1.0	-0.135784	0.000902198	0.271567
CDK6	down	2	1.0	-0.135742	0.00807748	0.271484
GADL1	down	2	1.0	-0.135712	0.000128921	0.271423
AFP	down	2	1.0	-0.135681	0.00490847	0.271362
KLHL18	up	2	1.0	0.13568	0.0287223	0.271359
FSHB	down	2	1.0	-0.135678	0.0181576	0.271355
SFRP1	up	2	1.0	0.135676	0.474224	0.271351
MYH2	down	2	1.0	-0.135642	0.0173008	0.271283
FLJ40288	down	2	1.0	-0.135557	0.00392562	0.271115
ZNHIT6	up	2	1.0	0.135493	0.122668	0.270987
ESX1	down	2	1.0	-0.135491	0.00132047	0.270983
METTL26	down	2	1.0	-0.135463	0.0528661	0.270927
TMEM86A	up	2	1.0	0.135456	0.0495041	0.270911
QRICH2	down	2	1.0	-0.135431	0.00750807	0.270862
IL17RC	down	2	1.0	-0.135405	0.0529723	0.27081
TMEM198	down	2	1.0	-0.135401	0.00648147	0.270802
GUSBP5	down	2	1.0	-0.13537	0.0236203	0.270739
LTA4H	down	2	1.0	-0.135362	0.0458967	0.270723
TRMT10A	down	2	1.0	-0.13536	0.084775	0.27072
ADRB1	down	2	1.0	-0.135298	0.00047853	0.270596
ENOX2	up	2	1.0	0.135277	0.0292517	0.270554
SH3BGRL	up	2	1.0	0.135258	0.0656229	0.270516
DAD1	up	2	1.0	0.135257	6.63786e-06	0.270514
KRBA1	up	2	1.0	0.135211	0.0500429	0.270422
SPATA32	down	2	1.0	-0.135185	0.0264964	0.27037
DNAJB4	down	2	1.0	-0.135173	0.0142102	0.270345
CFAP52	down	2	1.0	-0.135156	0.00107294	0.270312
LINC00161	down	2	1.0	-0.135154	0.0233982	0.270308
CIAPIN1	up	2	1.0	0.135151	0.0901557	0.270302
FBL	down	2	1.0	-0.135142	0.056893	0.270284
BTN1A1	up	2	1.0	0.135095	0.000119109	0.27019
ARIH2OS	down	2	1.0	-0.135059	0.0877611	0.270118
IL17RD	down	2	1.0	-0.135021	0.0429012	0.270042
EIF2A	up	2	1.0	0.135013	0.20169	0.270027
INSL6	down	2	1.0	-0.135009	0.018519	0.270017
PPCDC	up	2	1.0	0.134966	0.228658	0.269932
HBS1L	up	2	1.0	0.134962	0.158722	0.269923
RERGL	down	2	1.0	-0.134886	0.175702	0.269771
TMEM181	down	2	1.0	-0.134878	0.0704064	0.269755
TBC1D21	down	2	1.0	-0.134875	0.0242643	0.269751
C11orf16	down	2	1.0	-0.13487	0.0421288	0.269739
CCNH	up	2	1.0	0.134855	0.0544421	0.269711
ADPRHL2	up	2	1.0	0.134832	0.180324	0.269665
SLC22A7	down	2	1.0	-0.134823	0.00591741	0.269645
TBX5	down	2	1.0	-0.134816	0.00461229	0.269631
GPR162	up	2	1.0	0.134753	0.0637684	0.269506
MKS1	down	2	1.0	-0.134752	0.0421014	0.269505
HBQ1	down	2	1.0	-0.134726	0.0119101	0.269451
ZP2	down	2	1.0	-0.134662	0.00026841	0.269324
PSKH2	down	2	1.0	-0.134655	0.0972063	0.269309
IQCC	down	2	1.0	-0.134615	0.0261079	0.269229
ABCC11	down	2	1.0	-0.134581	0.00943483	0.269163
DACT1	up	2	1.0	0.13457	0.00397877	0.269141
C3orf70	down	2	1.0	-0.134474	0.0255373	0.268948
KRT37	down	2	1.0	-0.13447	0.024987	0.268941
SRCIN1	down	2	1.0	-0.134433	0.0445146	0.268866
ZFHX4	down	2	1.0	-0.134419	0.00174014	0.268839
ZNF500	down	2	1.0	-0.134396	0.00734509	0.268792
SP5	up	2	1.0	0.134382	0.110306	0.268765
EVX1	down	2	1.0	-0.134354	0.105972	0.268708
KRT38	down	2	1.0	-0.134341	0.0587068	0.268682
PIGC	down	2	1.0	-0.13434	0.0042688	0.268679
ZBTB34	down	2	1.0	-0.134317	0.00346131	0.268633
ZAN	down	2	1.0	-0.134257	0.0254717	0.268514
STUM	down	2	1.0	-0.134246	0.00575141	0.268493
CDAN1	down	2	1.0	-0.134213	0.0243684	0.268427
AADACL2	down	2	1.0	-0.134205	0.0102561	0.268409
TCEAL9	down	2	1.0	-0.134178	0.254346	0.268356
EXTL1	down	2	1.0	-0.134114	0.00743722	0.268228
MS4A4A	up	2	1.0	0.134078	0.679448	0.268157
SLC27A1	up	2	1.0	0.134067	0.107282	0.268133
EXOC6	up	2	1.0	0.134022	0.16853	0.268044
RNF113A	up	2	1.0	0.133992	0.0783362	0.267985
OPTC	down	2	1.0	-0.1339	0.0216481	0.267799
FBXL8	down	2	1.0	-0.133876	0.10631	0.267752
ODF3	down	2	1.0	-0.133854	0.00255596	0.267709
KRTAP9-3	down	2	1.0	-0.133809	0.00189226	0.267619
CCDC136	up	2	1.0	0.133773	0.0694143	0.267546
SNRPC	up	2	1.0	0.133768	0.0041089	0.267537
ENTHD1	up	2	1.0	0.133766	0.00153726	0.267533
ZNF263	down	2	1.0	-0.133755	0.00781885	0.26751
OR5J2	down	2	1.0	-0.133753	0.000827937	0.267507
LOC646214	up	2	1.0	0.133722	0.0450904	0.267445
PAQR9	down	2	1.0	-0.133661	0.00259352	0.267321
FAM205BP	down	2	1.0	-0.13366	0.00688274	0.26732
PHOX2B	down	2	1.0	-0.133659	0.0582351	0.267317
SARDH	down	2	1.0	-0.13365	0.000812069	0.2673
DKFZp434E1119	down	2	1.0	-0.133649	0.00120659	0.267297
SLC35D3	down	2	1.0	-0.133636	0.0139072	0.267273
SPRR4	down	2	1.0	-0.133606	0.000110327	0.267212
DNAJB14	down	2	1.0	-0.133595	0.34605	0.267191
EIF3A	up	2	1.0	0.133586	0.00628748	0.267173
BHMT	down	2	1.0	-0.133571	0.00504452	0.267141
TMEM101	down	2	1.0	-0.133561	0.00062133	0.267121
BNIPL	down	2	1.0	-0.133547	0.00242172	0.267094
TMED10P1	up	2	1.0	0.133545	0.100067	0.267091
LMBR1	up	2	1.0	0.133488	0.20454	0.266975
GPR135	down	2	1.0	-0.133476	0.0754632	0.266953
ALX1	down	2	1.0	-0.133465	0.0078554	0.26693
SSX3	down	2	1.0	-0.133437	0.000530682	0.266875
GNB2	up	2	1.0	0.133421	8.13264e-05	0.266843
HOGA1	down	2	1.0	-0.133406	0.00307062	0.266813
CAMK2B	down	2	1.0	-0.133404	0.0121238	0.266808
ANKRD39	up	2	1.0	0.133376	0.014852	0.266752
LOC284912	down	2	1.0	-0.133372	0.036363	0.266743
NKPD1	down	2	1.0	-0.133353	0.0485977	0.266706
DNAH8	up	2	1.0	0.13331	0.00672778	0.26662
GAS2	down	2	1.0	-0.133287	0.0353965	0.266573
ABHD14A	up	2	1.0	0.133282	0.037401	0.266565
ZXDA	down	2	1.0	-0.133279	0.207424	0.266557
AGBL1	down	2	1.0	-0.133264	0.00556659	0.266528
HS3ST6	down	2	1.0	-0.133231	0.00190776	0.266462
OR1F1	down	2	1.0	-0.133231	0.00475999	0.266462
RAD51	down	2	1.0	-0.133224	0.0812346	0.266449
COCH	up	2	1.0	0.133214	0.283973	0.266428
ERVMER61-1	down	2	1.0	-0.133204	0.0324482	0.266408
CAV3	down	2	1.0	-0.133188	0.00502261	0.266376
PDLIM5	down	2	1.0	-0.13318	0.00601132	0.266361
RHCE	down	2	1.0	-0.133169	0.0020619	0.266338
DPEP1	down	2	1.0	-0.133157	0.469035	0.266315
SHKBP1	up	2	1.0	0.133122	0.0586248	0.266244
ZMAT4	down	2	1.0	-0.133112	0.0352252	0.266224
TNNI1	down	2	1.0	-0.13308	0.0146582	0.266159
CNGA3	down	2	1.0	-0.133017	0.0200756	0.266035
CDH23	down	2	1.0	-0.132995	0.0120905	0.265991
RBM10	down	2	1.0	-0.132967	0.162389	0.265935
OR7E19P	down	2	1.0	-0.13295	0.0339177	0.265901
RYK	down	2	1.0	-0.132933	0.0798505	0.265865
GDAP1L1	down	2	1.0	-0.132926	0.00301894	0.265851
AP1G2	down	2	1.0	-0.132917	0.107249	0.265835
TUBD1	up	2	1.0	0.132855	0.00187288	0.26571
AGXT2	down	2	1.0	-0.132817	0.00463645	0.265633
CCDC86	up	2	1.0	0.132813	0.00124025	0.265626
F10	down	2	1.0	-0.132812	0.0938605	0.265624
SPACA7	down	2	1.0	-0.132796	0.0119251	0.265592
OPRM1	down	2	1.0	-0.132784	0.0225058	0.265568
PRKCSH	down	2	1.0	-0.132773	0.0161004	0.265546
YTHDC2	up	2	1.0	0.132772	0.0473768	0.265544
KLF9	down	2	1.0	-0.132755	0.021617	0.265511
ZSCAN23	down	2	1.0	-0.132754	0.0164511	0.265508
PIN1P1	down	2	1.0	-0.13271	0.0173847	0.26542
HMGB4	down	2	1.0	-0.1327	0.0128455	0.2654
DNHD1	down	2	1.0	-0.132687	0.00796407	0.265374
FAM199X	down	2	1.0	-0.132661	0.00387131	0.265321
BRI3BP	down	2	1.0	-0.132625	0.0368213	0.26525
ZSCAN21	down	2	1.0	-0.132619	0.00129374	0.265238
CSPG5	down	2	1.0	-0.132615	0.0693361	0.265231
NT5C1A	down	2	1.0	-0.132561	0.0278989	0.265122
CCDC151	down	2	1.0	-0.132548	0.0414749	0.265096
AAGAB	down	2	1.0	-0.132524	0.0183622	0.265047
SMARCAL1	up	2	1.0	0.132467	0.00744627	0.264934
FRMPD2B	down	2	1.0	-0.132431	0.0112833	0.264863
BRD7	down	2	1.0	-0.132421	0.17664	0.264843
SLC26A8	up	2	1.0	0.132406	0.00338385	0.264812
GRIA4	down	2	1.0	-0.132397	0.00107725	0.264795
CDT1	down	2	1.0	-0.132382	0.0152097	0.264763
LRRC45	down	2	1.0	-0.132371	0.00768673	0.264741
MFAP3	up	2	1.0	0.132355	0.0782738	0.264711
GRM4	down	2	1.0	-0.132336	0.00483366	0.264672
RBSN	down	2	1.0	-0.132263	0.0156312	0.264526
CDC42	up	2	1.0	0.132262	0.0267626	0.264525
GPN3	up	2	1.0	0.132217	0.285466	0.264434
TUBA1C	up	2	1.0	0.132121	0.0472602	0.264242
FERD3L	down	2	1.0	-0.132061	0.0130198	0.264122
SLC9C2	down	2	1.0	-0.132004	0.0246121	0.264008
SLC24A5	down	2	1.0	-0.131989	0.0330816	0.263978
C16orf89	down	2	1.0	-0.131961	0.140449	0.263922
COG4	down	2	1.0	-0.131957	0.0291754	0.263914
COPS6	down	2	1.0	-0.131955	0.131416	0.26391
CEPT1	up	2	1.0	0.131942	0.019389	0.263884
RWDD1	down	2	1.0	-0.131902	0.112345	0.263805
CCDC8	down	2	1.0	-0.131879	0.0883686	0.263758
JMJD4	up	2	1.0	0.131801	0.00222476	0.263603
WDR60	down	2	1.0	-0.131782	0.0532771	0.263565
CACNA1I	down	2	1.0	-0.131773	0.00243978	0.263547
ARHGEF18	down	2	1.0	-0.131766	0.0245446	0.263532
LINC00470	down	2	1.0	-0.131736	0.101741	0.263472
LOC101927770	down	2	1.0	-0.13172	0.0399225	0.26344
PRSS3P2	down	2	1.0	-0.13171	0.327626	0.26342
HDAC6	down	2	1.0	-0.131706	0.0373912	0.263412
MYH6	down	2	1.0	-0.131679	0.067292	0.263357
GLCE	down	2	1.0	-0.131661	0.138837	0.263323
FAM135A	down	2	1.0	-0.131658	0.0694513	0.263316
HRH1	up	2	1.0	0.131649	0.0519271	0.263298
SHOC2	down	2	1.0	-0.131649	0.00582262	0.263297
MOCS3	down	2	1.0	-0.131632	0.0194085	0.263264
TUSC5	down	2	1.0	-0.131612	0.0109902	0.263225
INTU	down	2	1.0	-0.131596	0.0122347	0.263192
LOC149373	down	2	1.0	-0.131593	0.00873076	0.263185
PARL	down	2	1.0	-0.131571	0.0195959	0.263141
PHRF1	up	2	1.0	0.131568	0.101999	0.263136
NSUN6	down	2	1.0	-0.131562	0.202	0.263124
BBOF1	down	2	1.0	-0.131555	0.07814	0.263109
LOC100506271	down	2	1.0	-0.131548	0.00542655	0.263095
MMP26	down	2	1.0	-0.131541	0.000198197	0.263081
ACTR8	up	2	1.0	0.131482	0.0334842	0.262964
MTNR1B	down	2	1.0	-0.131464	0.00546184	0.262927
UPK3A	up	2	1.0	0.131458	0.00674061	0.262916
DNAJC14	down	2	1.0	-0.131458	0.0987396	0.262915
PKIG	up	2	1.0	0.131418	0.0947451	0.262837
NEUROD2	down	2	1.0	-0.131418	0.0272951	0.262835
TMEM185A	down	2	1.0	-0.131415	0.0233146	0.26283
PPP1R21	down	2	1.0	-0.131349	0.0210784	0.262698
ACTL6B	down	2	1.0	-0.131322	0.0966209	0.262644
IMPACT	down	2	1.0	-0.1313	0.0525206	0.262599
PRDM5	down	2	1.0	-0.131283	0.130235	0.262567
NRSN1	down	2	1.0	-0.13126	0.00379209	0.262519
PCP4	down	2	1.0	-0.131252	0.262256	0.262505
SIGLEC16	up	2	1.0	0.131234	0.1148	0.262467
TREM2	down	2	1.0	-0.131126	0.202068	0.262252
SLC38A1	down	2	1.0	-0.131111	0.0708186	0.262223
CLSTN1	down	2	1.0	-0.131107	0.164374	0.262214
FAM46B	up	2	1.0	0.131065	0.0630969	0.262129
PANK4	down	2	1.0	-0.131034	0.00165129	0.262069
HNRNPM	up	2	1.0	0.131018	0.0363652	0.262035
SLC13A3	down	2	1.0	-0.13101	0.00284923	0.262021
CPEB2	down	2	1.0	-0.130992	0.00309593	0.261984
ASIC2	down	2	1.0	-0.130987	0.0192631	0.261974
CTDNEP1	up	2	1.0	0.130968	5.9032e-05	0.261936
ZNF446	down	2	1.0	-0.130964	0.00448976	0.261928
C3orf56	down	2	1.0	-0.13092	0.0225349	0.261841
KIF13A	up	2	1.0	0.130919	0.0261494	0.261838
SLC22A31	down	2	1.0	-0.130871	0.0202373	0.261742
FAM71B	down	2	1.0	-0.130867	0.0112441	0.261734
OR7A17	down	2	1.0	-0.130845	0.0835509	0.26169
CLIC1	up	2	1.0	0.130793	0.0011334	0.261585
LINGO2	down	2	1.0	-0.130785	0.0188707	0.26157
DGKG	up	2	1.0	0.13076	0.000345509	0.261519
GH2	down	2	1.0	-0.130726	0.0120872	0.261453
RUFY2	down	2	1.0	-0.130707	0.0498539	0.261414
TCEANC2	down	2	1.0	-0.130617	0.0278175	0.261234
NHLRC2	down	2	1.0	-0.1306	4.97096e-05	0.2612
SLC35A2	up	2	1.0	0.130588	0.00550987	0.261176
AMDHD2	down	2	1.0	-0.130586	0.0135077	0.261173
PCSK2	down	2	1.0	-0.130541	0.237894	0.261082
FBXO22	down	2	1.0	-0.130531	0.0112421	0.261063
FAM226B	up	2	1.0	0.130532	0.129532	0.261063
JDP2	up	2	1.0	0.130501	0.0977646	0.261002
EFCAB1	down	2	1.0	-0.130493	0.000730157	0.260987
CCDC85A	down	2	1.0	-0.130483	0.0502241	0.260965
DPY19L2P1	down	2	1.0	-0.130462	0.00522702	0.260923
LHFPL5	down	2	1.0	-0.130417	0.00203979	0.260835
C17orf82	down	2	1.0	-0.130408	0.00381556	0.260815
OPRD1	down	2	1.0	-0.130383	0.00640581	0.260766
ACOT12	down	2	1.0	-0.130378	0.000500889	0.260756
LIG1	up	2	1.0	0.130362	0.0240515	0.260724
TM9SF3	down	2	1.0	-0.130338	0.136613	0.260677
LINC00339	down	2	1.0	-0.130323	0.416885	0.260645
CREBZF	down	2	1.0	-0.13032	0.00729396	0.260639
DIDO1	down	2	1.0	-0.130296	0.0309773	0.260592
ZNF385B	down	2	1.0	-0.130286	0.00343214	0.260572
ADAM33	up	2	1.0	0.130257	0.144881	0.260515
GUSB	down	2	1.0	-0.130236	0.0546622	0.260472
COMMD8	down	2	1.0	-0.130235	0.198778	0.260469
CCDC33	down	2	1.0	-0.130182	0.00930553	0.260364
IL9	down	2	1.0	-0.130181	0.00547782	0.260361
ARMC1	down	2	1.0	-0.130168	0.300165	0.260336
FIZ1	down	2	1.0	-0.130085	0.0527494	0.260169
SLC6A13	up	2	1.0	0.130046	0.0910852	0.260093
CTDP1	down	2	1.0	-0.130016	0.0323741	0.260031
SLC35G3	down	2	1.0	-0.130005	0.0060551	0.26001
ANGPTL3	down	2	1.0	-0.129996	0.0215095	0.259992
OR2W3	down	2	1.0	-0.129933	0.152529	0.259866
TEX12	down	2	1.0	-0.129933	0.0363389	0.259865
ZFP57	up	2	1.0	0.129897	0.126102	0.259793
AQP12B	down	2	1.0	-0.129895	0.0335417	0.259789
TRAM1L1	down	2	1.0	-0.129851	0.155156	0.259702
GOT1L1	down	2	1.0	-0.129821	0.111196	0.259643
SRSF11	up	2	1.0	0.129796	0.0654418	0.259591
PAGE4	down	2	1.0	-0.129779	0.00452448	0.259558
TRAPPC11	down	2	1.0	-0.129774	0.000426053	0.259547
SOX4	down	2	1.0	-0.12977	0.00712896	0.259541
CYP17A1	down	2	1.0	-0.129676	0.00307042	0.259351
F9	down	2	1.0	-0.129667	0.00645522	0.259333
STK24	down	2	1.0	-0.129642	0.0111049	0.259285
GPT2	up	2	1.0	0.12962	0.379752	0.259241
TSPAN14	down	2	1.0	-0.129615	0.0633564	0.25923
MYF5	down	2	1.0	-0.129601	0.00550972	0.259203
TEPP	down	2	1.0	-0.129579	0.0390261	0.259159
HERC1	up	2	1.0	0.129578	0.0485176	0.259157
IMP3	down	2	1.0	-0.129559	0.151349	0.259118
NKX2-5	down	2	1.0	-0.129533	0.00390496	0.259065
NPB	down	2	1.0	-0.129519	0.0512742	0.259037
TMPRSS11E	down	2	1.0	-0.129505	0.00230191	0.25901
RNF165	up	2	1.0	0.129445	0.0305971	0.25889
FOXL2	down	2	1.0	-0.129401	0.0081586	0.258803
PDE3B	down	2	1.0	-0.129389	0.160846	0.258778
PCM1	up	2	1.0	0.129308	0.204587	0.258617
OR51I1	down	2	1.0	-0.129273	0.0182487	0.258546
CALML6	down	2	1.0	-0.12925	0.0398937	0.258501
ABHD16B	down	2	1.0	-0.129227	0.0298311	0.258453
ADARB2	down	2	1.0	-0.12921	0.00324838	0.25842
TSC2	down	2	1.0	-0.129206	0.00028119	0.258413
CHRNG	down	2	1.0	-0.129157	0.022227	0.258314
IVL	down	2	1.0	-0.129149	0.0264009	0.258298
FKBPL	down	2	1.0	-0.129145	0.0382643	0.25829
NTF4	down	2	1.0	-0.129066	0.00983214	0.258132
MOG	down	2	1.0	-0.129031	0.124649	0.258062
MEIOC	down	2	1.0	-0.129024	0.00275295	0.258048
CRB2	down	2	1.0	-0.129016	0.0615731	0.258032
KRTAP19-1	down	2	1.0	-0.128987	0.0593841	0.257974
SCP2D1	down	2	1.0	-0.128869	0.0291306	0.257739
TRAPPC2	down	2	1.0	-0.128852	0.207643	0.257705
DGKH	down	2	1.0	-0.128785	0.145961	0.257571
CST5	down	2	1.0	-0.12876	0.00217723	0.257521
TBC1D15	up	2	1.0	0.12876	0.0274845	0.25752
CHIT1	up	2	1.0	0.128735	0.0516011	0.257469
DCBLD2	down	2	1.0	-0.128712	0.0523753	0.257424
PIGB	down	2	1.0	-0.128705	0.0492583	0.25741
ZP1	down	2	1.0	-0.128665	0.0142499	0.25733
PALM3	down	2	1.0	-0.128657	0.0421288	0.257314
PACS2	down	2	1.0	-0.128634	0.0164178	0.257269
ATP4A	down	2	1.0	-0.128633	0.00235212	0.257266
IPO5	up	2	1.0	0.128584	0.437141	0.257167
ART1	down	2	1.0	-0.128557	0.00395625	0.257115
CPA1	down	2	1.0	-0.128512	0.0238499	0.257024
SYNDIG1L	down	2	1.0	-0.128495	0.0606333	0.256989
ITGB6	up	2	1.0	0.128477	0.326954	0.256954
CAP1	up	2	1.0	0.12847	0.0301812	0.25694
CD300LG	up	2	1.0	0.128368	0.0120554	0.256735
LMO7DN	down	2	1.0	-0.128294	0.302071	0.256588
POLR2I	down	2	1.0	-0.128271	0.0058822	0.256543
PHTF2	up	2	1.0	0.12827	0.0225106	0.25654
CDH12	down	2	1.0	-0.128245	0.0203065	0.25649
KCNH5	down	2	1.0	-0.128242	0.00340677	0.256485
DNAJC30	down	2	1.0	-0.128234	0.00761605	0.256469
GTF3C5	down	2	1.0	-0.128233	0.05298	0.256466
MORC2-AS1	down	2	1.0	-0.128187	0.184543	0.256374
GPR6	down	2	1.0	-0.128179	0.0266441	0.256357
LINC00917	down	2	1.0	-0.128171	0.00300458	0.256343
CFAP126	down	2	1.0	-0.128171	0.119874	0.256343
ACER1	down	2	1.0	-0.128156	0.017175	0.256313
PLSCR2	down	2	1.0	-0.128101	0.0241946	0.256202
DCTN4	down	2	1.0	-0.128051	0.0446193	0.256102
LDAH	down	2	1.0	-0.128028	0.280838	0.256055
DNAH14	down	2	1.0	-0.128016	0.00146091	0.256033
SREBF1	up	2	1.0	0.127992	0.0230051	0.255985
FLG2	down	2	1.0	-0.127939	0.00283894	0.255879
ZNF574	down	2	1.0	-0.127909	0.0048388	0.255819
BCL2L12	up	2	1.0	0.127898	0.0280276	0.255795
S100G	down	2	1.0	-0.127875	0.00504452	0.25575
AKT2	down	2	1.0	-0.127851	0.0223633	0.255703
FLJ32154	down	2	1.0	-0.127757	0.0638982	0.255514
TNNI3	down	2	1.0	-0.127717	0.262742	0.255435
AMHR2	down	2	1.0	-0.127673	0.00247798	0.255346
CFAP57	down	2	1.0	-0.127657	0.00240978	0.255313
TMEM155	up	2	1.0	0.127654	1.01691e-05	0.255308
IQCF1	down	2	1.0	-0.127654	0.130204	0.255308
NEPRO	up	2	1.0	0.127654	0.0114613	0.255307
SLC44A2	down	2	1.0	-0.127648	0.0801597	0.255296
GEMIN5	up	2	1.0	0.127647	0.0986422	0.255295
RIPPLY1	down	2	1.0	-0.127582	0.0218251	0.255163
IMP4	up	2	1.0	0.127528	0.15281	0.255056
TTI2	up	2	1.0	0.127514	0.00431401	0.255028
SYCP1	down	2	1.0	-0.127504	0.0649131	0.255008
RAD21	down	2	1.0	-0.127447	0.0774554	0.254895
CD99	up	2	1.0	0.127419	0.0247115	0.254838
C17orf50	down	2	1.0	-0.127394	0.0449329	0.254788
GLDC	up	2	1.0	0.127385	0.0226836	0.25477
WDR55	down	2	1.0	-0.127373	0.0717426	0.254746
CPLX2	down	2	1.0	-0.127347	0.0090465	0.254695
LRRC43	down	2	1.0	-0.127339	0.00539609	0.254678
TAAR2	down	2	1.0	-0.127334	0.157961	0.254669
YIPF1	up	2	1.0	0.127321	0.0376626	0.254642
OBSCN	down	2	1.0	-0.127266	0.133129	0.254531
MAFG	up	2	1.0	0.127227	0.205777	0.254453
UTS2B	up	2	1.0	0.127167	0.0465128	0.254334
YTHDF1	up	2	1.0	0.127158	0.00200305	0.254316
TTTY14	down	2	1.0	-0.127149	0.133699	0.254298
STARD5	up	2	1.0	0.127143	0.00196434	0.254286
GNRHR2	down	2	1.0	-0.127097	0.231861	0.254194
APBB3	down	2	1.0	-0.127086	0.0797032	0.254172
PAIP2	down	2	1.0	-0.127081	0.0790119	0.254162
LINC00851	down	2	1.0	-0.127032	0.00548806	0.254064
PATL1	up	2	1.0	0.127012	0.0263252	0.254024
TTC14	up	2	1.0	0.12701	0.200554	0.25402
MRPS12	down	2	1.0	-0.127004	0.00563523	0.254007
ALKBH8	down	2	1.0	-0.126961	0.0615993	0.253922
C14orf166	up	2	1.0	0.126944	0.00244386	0.253889
LOC100130428	down	2	1.0	-0.126934	0.304544	0.253869
TRAPPC6B	up	2	1.0	0.12691	0.0530665	0.25382
TSGA13	down	2	1.0	-0.12687	0.00334589	0.25374
B3GALT2	down	2	1.0	-0.126824	0.3932	0.253647
GALP	down	2	1.0	-0.126783	0.00241716	0.253566
C6orf89	up	2	1.0	0.126777	0.195243	0.253554
TMEM207	down	2	1.0	-0.126735	0.0154446	0.253469
MYOD1	down	2	1.0	-0.126664	0.0453568	0.253327
EYA4	up	2	1.0	0.126622	0.00385048	0.253245
SMPX	down	2	1.0	-0.126572	0.00930393	0.253144
DCX	down	2	1.0	-0.126546	0.072555	0.253091
TSPYL6	down	2	1.0	-0.126537	0.0966581	0.253075
CNPY1	down	2	1.0	-0.126471	0.00012171	0.252943
TDRG1	down	2	1.0	-0.126465	0.01904	0.25293
SNRPF	up	2	1.0	0.12642	0.00323067	0.252841
C11orf68	down	2	1.0	-0.126401	0.16276	0.252801
GAD2	down	2	1.0	-0.1264	0.0124272	0.2528
ALOX12	down	2	1.0	-0.126337	0.0353722	0.252674
ADAM21	down	2	1.0	-0.126332	0.0829358	0.252664
ZBTB9	up	2	1.0	0.126316	0.00781362	0.252633
ANGPT4	down	2	1.0	-0.126266	0.0154685	0.252531
BUB3	up	2	1.0	0.126227	0.114514	0.252455
ISLR2	down	2	1.0	-0.126214	0.0153034	0.252427
PADI1	down	2	1.0	-0.126178	0.0907432	0.252357
GCC2-AS1	down	2	1.0	-0.126166	0.142284	0.252333
RBPJL	down	2	1.0	-0.126164	0.00109289	0.252328
LINC00302	down	2	1.0	-0.126129	0.00422709	0.252258
NR1H2	down	2	1.0	-0.126053	0.0387028	0.252107
PCP2	down	2	1.0	-0.126051	0.019728	0.252102
CLTCL1	up	2	1.0	0.126012	0.114829	0.252024
N4BP2L1	down	2	1.0	-0.126003	0.0422292	0.252006
MOV10L1	up	2	1.0	0.125994	0.00667687	0.251987
NFU1	down	2	1.0	-0.125993	0.00582262	0.251985
TMCC2	up	2	1.0	0.12599	0.0383045	0.25198
XPO7	up	2	1.0	0.12597	0.0908983	0.251941
COPS2	up	2	1.0	0.125965	0.330537	0.25193
MAPT-AS1	down	2	1.0	-0.125932	0.0258563	0.251864
BPIFA4P	down	2	1.0	-0.125904	0.0405589	0.251809
RLBP1	down	2	1.0	-0.125877	0.036126	0.251753
FGF4	down	2	1.0	-0.125874	0.0044878	0.251749
MYLK4	down	2	1.0	-0.125852	0.0444939	0.251703
FAM186B	down	2	1.0	-0.12585	0.0341082	0.251699
NFIX	down	2	1.0	-0.125848	0.0295335	0.251697
LOC643923	down	2	1.0	-0.125829	0.0708754	0.251658
ALKBH4	down	2	1.0	-0.125811	0.0864847	0.251622
PHF14	down	2	1.0	-0.125789	0.0121353	0.251579
GRK1	down	2	1.0	-0.125786	0.0389751	0.251572
LOC728196	down	2	1.0	-0.125777	0.0150805	0.251553
RSPO4	down	2	1.0	-0.125708	0.175304	0.251416
FAM228A	down	2	1.0	-0.125707	0.0247131	0.251414
MTTP	up	2	1.0	0.125692	0.183638	0.251384
MN1	up	2	1.0	0.125689	0.0488652	0.251378
TMEM138	down	2	1.0	-0.125686	0.0151532	0.251372
GAD1	up	2	1.0	0.125681	0.0526678	0.251362
BIRC7	down	2	1.0	-0.12566	0.00780558	0.251319
CPB2	down	2	1.0	-0.125614	0.000781137	0.251228
IL2	down	2	1.0	-0.125588	0.000118563	0.251176
SLC6A3	down	2	1.0	-0.125586	0.00415944	0.251171
LASP1	down	2	1.0	-0.125555	0.00674365	0.251111
XRCC5	up	2	1.0	0.125548	0.017939	0.251097
GABARAPL1	down	2	1.0	-0.12553	0.025795	0.25106
PRR30	down	2	1.0	-0.125457	0.0555677	0.250915
TTLL10	down	2	1.0	-0.125444	0.00528545	0.250888
SPATA12	up	2	1.0	0.125383	0.000407126	0.250766
HMG20B	down	2	1.0	-0.125373	0.00180607	0.250747
CA13	down	2	1.0	-0.125365	0.181809	0.25073
ACCS	down	2	1.0	-0.125332	0.308572	0.250664
ALDH8A1	up	2	1.0	0.125322	0.0495826	0.250644
IQCE	down	2	1.0	-0.125289	0.278674	0.250579
COX7A2L	down	2	1.0	-0.125285	0.00211711	0.250571
CFAP65	down	2	1.0	-0.125255	0.000690995	0.250511
UMODL1-AS1	down	2	1.0	-0.125244	0.108339	0.250489
PDZD8	up	2	1.0	0.125219	0.00442426	0.250437
LOC100128840	down	2	1.0	-0.125191	0.00760651	0.250382
C1QTNF4	down	2	1.0	-0.125185	0.0345209	0.25037
MAGEA9B	down	2	1.0	-0.125169	0.151824	0.250339
CCDC116	down	2	1.0	-0.125134	0.015769	0.250268
PTH2R	down	2	1.0	-0.125101	0.217358	0.250201
ACTC1	up	2	1.0	0.125065	0.164518	0.25013
RNF151	down	2	1.0	-0.125034	0.0672635	0.250069
RPGRIP1	down	2	1.0	-0.124987	0.00483025	0.249974
ZMIZ2	up	2	1.0	0.12498	0.047204	0.24996
LOC100506557	down	2	1.0	-0.124973	0.00792119	0.249946
PRDM13	down	2	1.0	-0.124961	0.019118	0.249922
AKAP11	up	2	1.0	0.124946	0.361802	0.249891
LRRC40	down	2	1.0	-0.124936	0.427455	0.249872
RAB35	up	2	1.0	0.124922	0.106245	0.249845
TDRD12	down	2	1.0	-0.124919	0.203542	0.249839
SLC27A5	down	2	1.0	-0.124902	0.0607379	0.249805
DRC7	down	2	1.0	-0.124901	7.85227e-05	0.249802
C6orf1	up	2	1.0	0.124863	0.103571	0.249726
GRIA1	down	2	1.0	-0.124863	0.161822	0.249725
SAXO1	down	2	1.0	-0.124823	0.0462175	0.249645
OTX2	down	2	1.0	-0.12482	0.0166009	0.24964
ZNF420	down	2	1.0	-0.124778	0.00164333	0.249555
ARFRP1	down	2	1.0	-0.124756	0.00271872	0.249512
MLF2	down	2	1.0	-0.124743	0.0189982	0.249485
DPPA4	down	2	1.0	-0.124706	0.0412726	0.249412
UMOD	down	2	1.0	-0.12468	6.18545e-05	0.249361
VEZF1	down	2	1.0	-0.124644	0.0191648	0.249287
ZNF800	down	2	1.0	-0.1246	0.00476095	0.249201
GPR87	down	2	1.0	-0.124539	0.092902	0.249079
TCL6	down	2	1.0	-0.124534	0.0133437	0.249069
TPGS1	down	2	1.0	-0.124493	0.0515962	0.248986
PTH1R	down	2	1.0	-0.124436	0.0301812	0.248872
KRT5	up	2	1.0	0.124418	0.012519	0.248836
EIF5	down	2	1.0	-0.124357	0.0341524	0.248714
ARNT	down	2	1.0	-0.124333	0.00168556	0.248667
CXXC1P1	down	2	1.0	-0.12428	0.0479798	0.24856
KCTD10	up	2	1.0	0.124252	0.0417273	0.248505
DLG2	down	2	1.0	-0.124197	0.0202295	0.248395
PAN2	up	2	1.0	0.124136	0.204713	0.248271
FIGNL1	up	2	1.0	0.124114	0.232551	0.248229
GAP43	up	2	1.0	0.12407	0.166522	0.24814
VGLL1	down	2	1.0	-0.124034	0.0260795	0.248069
FAM47C	down	2	1.0	-0.124019	0.00613849	0.248037
PRY2	down	2	1.0	-0.123936	0.0283829	0.247871
LIN9	down	2	1.0	-0.123927	0.0364984	0.247853
SIRPD	up	2	1.0	0.123906	0.000604682	0.247813
NAT6	up	2	1.0	0.123903	0.0793199	0.247806
PACSIN3	down	2	1.0	-0.12387	0.0544581	0.24774
MTA1	down	2	1.0	-0.123867	0.0461522	0.247735
TEC	down	2	1.0	-0.123859	0.0278478	0.247718
MYOM3	down	2	1.0	-0.12384	0.00781211	0.247679
ERC2-IT1	down	2	1.0	-0.12377	0.00232178	0.24754
ZNF573	down	2	1.0	-0.123769	0.014549	0.247538
NFATC2IP	up	2	1.0	0.123741	0.046575	0.247482
HOXC9	down	2	1.0	-0.123741	0.0586734	0.247482
RBM15B	down	2	1.0	-0.123694	0.104392	0.247389
ABCC10	up	2	1.0	0.123683	0.00525565	0.247365
ZNF776	down	2	1.0	-0.123677	0.0558161	0.247354
CST9L	down	2	1.0	-0.123603	0.0623927	0.247205
STUB1	down	2	1.0	-0.123591	0.0377582	0.247181
LRRD1	down	2	1.0	-0.123585	0.010684	0.24717
ASF1B	up	2	1.0	0.123573	0.0866577	0.247147
SETD4	down	2	1.0	-0.123521	0.0561196	0.247041
ALG6	down	2	1.0	-0.123475	0.158178	0.24695
TMTC3	down	2	1.0	-0.123466	0.0847432	0.246932
RPE	down	2	1.0	-0.123436	0.166756	0.246871
CAMLG	down	2	1.0	-0.123422	0.195106	0.246845
CRYBB1	down	2	1.0	-0.123401	0.0223089	0.246802
FGF16	down	2	1.0	-0.123358	0.017143	0.246717
WDR53	down	2	1.0	-0.12333	0.00312588	0.246661
ZCCHC7	up	2	1.0	0.123306	0.085953	0.246613
STRADA	up	2	1.0	0.123297	0.0160842	0.246595
MORN3	down	2	1.0	-0.123294	0.00707724	0.246587
OXLD1	down	2	1.0	-0.123289	0.0874054	0.246579
RNF26	down	2	1.0	-0.123282	0.00145437	0.246564
GSX1	down	2	1.0	-0.123278	0.024612	0.246556
KLHDC8A	down	2	1.0	-0.123195	0.00707387	0.24639
KIAA1328	down	2	1.0	-0.123154	0.0142141	0.246307
EIF2B5	down	2	1.0	-0.123144	0.0013674	0.246287
RAB7B	up	2	1.0	0.123134	0.000529579	0.246269
WNT10B	up	2	1.0	0.123102	0.088319	0.246205
NTF3	up	2	1.0	0.123074	0.019719	0.246148
LOC150776	up	2	1.0	0.12304	5.67784e-06	0.24608
TRIM44	up	2	1.0	0.123022	0.0386109	0.246044
GTF2H1	down	2	1.0	-0.123015	0.0803311	0.246031
IRX4	down	2	1.0	-0.122964	0.0478263	0.245928
ZMYND8	down	2	1.0	-0.122933	0.0479542	0.245866
GJA10	down	2	1.0	-0.122882	0.0281988	0.245764
TNNT3	down	2	1.0	-0.122882	0.0201196	0.245763
ZNF709	down	2	1.0	-0.122871	0.00214959	0.245742
LOC171391	down	2	1.0	-0.122871	0.0831832	0.245741
IL1RAPL2	down	2	1.0	-0.122865	0.0675408	0.245731
SLCO2B1	up	2	1.0	0.122855	0.295547	0.24571
RRS1	up	2	1.0	0.122833	0.076869	0.245665
NRG2	down	2	1.0	-0.122806	0.0184821	0.245612
TBX1	down	2	1.0	-0.12279	0.00914606	0.24558
NPTN	down	2	1.0	-0.122765	0.0292051	0.245531
GHRH	down	2	1.0	-0.122747	0.0408861	0.245493
DNER	up	2	1.0	0.122728	0.0720797	0.245455
OPALIN	down	2	1.0	-0.122705	0.0162895	0.245409
ADNP	down	2	1.0	-0.122701	0.061836	0.245402
C20orf197	down	2	1.0	-0.1227	0.0358219	0.245401
PITRM1	up	2	1.0	0.122692	0.0397956	0.245383
LOC400692	down	2	1.0	-0.12268	0.00634012	0.245361
ERH	up	2	1.0	0.12268	0.0273061	0.245361
MEGF10	down	2	1.0	-0.12268	0.00793509	0.24536
OR52D1	down	2	1.0	-0.122651	0.111068	0.245303
MYL3	down	2	1.0	-0.122649	0.0650005	0.245299
LRRTM4	down	2	1.0	-0.122604	0.0800981	0.245208
SNTN	down	2	1.0	-0.122583	0.00505717	0.245166
MC3R	down	2	1.0	-0.122555	0.0253924	0.24511
PODXL2	down	2	1.0	-0.122516	6.78494e-06	0.245032
MARCH10	down	2	1.0	-0.122515	0.0355924	0.24503
CHTOP	down	2	1.0	-0.122507	0.00705599	0.245014
TSPAN32	up	2	1.0	0.122479	0.0149373	0.244957
RPA3	down	2	1.0	-0.122459	0.0824979	0.244919
RPL3L	down	2	1.0	-0.122444	0.139857	0.244889
BAZ1B	up	2	1.0	0.122427	0.0212929	0.244854
FAM222B	down	2	1.0	-0.122403	0.0521136	0.244807
FAM78B	down	2	1.0	-0.122386	0.0132673	0.244773
VPS37C	down	2	1.0	-0.122376	0.00541416	0.244753
VPS72	down	2	1.0	-0.122321	0.0442406	0.244642
C17orf74	down	2	1.0	-0.122284	0.0285273	0.244569
VN1R4	down	2	1.0	-0.12222	0.0578022	0.244441
ERP29	up	2	1.0	0.122192	0.0432814	0.244383
BAIAP2-AS1	down	2	1.0	-0.122181	0.0176124	0.244362
CLEC3A	down	2	1.0	-0.12216	0.0255146	0.24432
C11orf88	down	2	1.0	-0.122108	0.0286361	0.244217
C5orf45	up	2	1.0	0.122103	0.208676	0.244206
CPSF3L	down	2	1.0	-0.122096	0.223701	0.244193
MORC2	up	2	1.0	0.122087	0.158385	0.244174
SCT	down	2	1.0	-0.122081	0.0557296	0.244162
AIRE	down	2	1.0	-0.122079	0.0725344	0.244158
MAP3K7	up	2	1.0	0.122069	0.0836088	0.244137
TTC27	down	2	1.0	-0.122005	0.0714559	0.24401
CLUAP1	up	2	1.0	0.121971	0.209057	0.243942
IFT122	down	2	1.0	-0.121934	0.0221406	0.243867
THRSP	down	2	1.0	-0.121912	0.00776197	0.243825
ZNF227	up	2	1.0	0.121911	0.157556	0.243821
DLK1	down	2	1.0	-0.121875	0.00530006	0.24375
STXBP5L	down	2	1.0	-0.121863	0.012765	0.243727
SLC38A6	up	2	1.0	0.121835	0.401205	0.24367
STOML3	down	2	1.0	-0.121826	0.120213	0.243653
BBC3	down	2	1.0	-0.121745	0.0110973	0.243489
DANT2	down	2	1.0	-0.121744	0.0659031	0.243488
SMR3A	down	2	1.0	-0.121724	0.0592373	0.243447
KIDINS220	down	2	1.0	-0.121718	0.0147658	0.243436
LRP2BP	up	2	1.0	0.121679	0.0123703	0.243358
KCNIP2	down	2	1.0	-0.121667	0.00447377	0.243334
ADAMTS20	down	2	1.0	-0.121634	4.55911e-05	0.243267
UVRAG	up	2	1.0	0.121627	0.0103631	0.243254
IFNL1	down	2	1.0	-0.121618	0.0228522	0.243236
CCDC54	down	2	1.0	-0.121602	0.010909	0.243205
OR8D1	down	2	1.0	-0.121602	0.0256902	0.243203
ST8SIA2	down	2	1.0	-0.1216	0.108057	0.2432
HSPA1L	down	2	1.0	-0.121546	0.0283802	0.243092
ITPR3	down	2	1.0	-0.121499	0.0340898	0.242998
CNTNAP4	down	2	1.0	-0.121496	0.00712562	0.242991
SLC35F4	down	2	1.0	-0.121474	0.0012658	0.242948
A2ML1	down	2	1.0	-0.121473	0.0123657	0.242947
LOC79160	down	2	1.0	-0.121471	0.115866	0.242942
CCDC71	down	2	1.0	-0.121453	0.0567275	0.242907
POU3F2	down	2	1.0	-0.121408	0.0267325	0.242816
CFAP47	down	2	1.0	-0.121408	0.0405248	0.242815
ATP2B3	down	2	1.0	-0.121367	0.0166009	0.242734
LGALS7B	down	2	1.0	-0.121365	0.0449842	0.242729
SOWAHC	down	2	1.0	-0.121358	0.0408735	0.242715
FOXC2	down	2	1.0	-0.121312	0.0565465	0.242625
LOC55338	down	2	1.0	-0.121293	0.00624748	0.242586
CABP5	down	2	1.0	-0.121281	0.00180751	0.242562
C7orf34	down	2	1.0	-0.121279	0.0145567	0.242559
PRX	down	2	1.0	-0.121233	0.000794514	0.242466
ZIM3	down	2	1.0	-0.121224	0.00855906	0.242449
HBM	down	2	1.0	-0.121221	0.0186076	0.242442
RNF41	up	2	1.0	0.121188	0.00233788	0.242375
NKAP	down	2	1.0	-0.121186	0.000448495	0.242373
VAMP3	down	2	1.0	-0.121167	0.314939	0.242335
ZNF826P	down	2	1.0	-0.121158	0.415199	0.242315
RAB11FIP5	up	2	1.0	0.121155	0.0183498	0.242309
HOXC8	down	2	1.0	-0.121151	0.008512	0.242302
HYDIN	down	2	1.0	-0.121139	0.00213344	0.242277
CPOX	down	2	1.0	-0.121129	0.224865	0.242258
LINC01530	down	2	1.0	-0.12112	0.0716514	0.24224
TANC1	up	2	1.0	0.121093	0.0842877	0.242187
PLPP7	up	2	1.0	0.121083	0.0198368	0.242167
GPANK1	down	2	1.0	-0.121069	0.00124582	0.242138
GP9	down	2	1.0	-0.121067	0.0952282	0.242133
PRDM6	up	2	1.0	0.121054	0.0624701	0.242109
C20orf166-AS1	down	2	1.0	-0.121028	0.118251	0.242057
SPATA17	down	2	1.0	-0.121004	0.00429127	0.242008
GADD45A	down	2	1.0	-0.120984	0.111118	0.241968
SPACA1	down	2	1.0	-0.120953	0.0455119	0.241906
JPH3	down	2	1.0	-0.120924	0.0168174	0.241848
CRCT1	down	2	1.0	-0.120885	0.000153251	0.241769
PAK5	down	2	1.0	-0.120883	0.025723	0.241766
ZBED8	down	2	1.0	-0.120871	0.295454	0.241742
C10orf11	down	2	1.0	-0.120847	0.197312	0.241694
PCGF1	down	2	1.0	-0.12083	0.00144536	0.241661
MRPL37	down	2	1.0	-0.120828	0.0454735	0.241656
FAM135B	down	2	1.0	-0.120826	0.0342602	0.241651
DCAF10	down	2	1.0	-0.120816	0.0118885	0.241632
NPC1L1	down	2	1.0	-0.120816	0.00492577	0.241631
NEUROD6	down	2	1.0	-0.120814	0.0887748	0.241628
GRIPAP1	up	2	1.0	0.120784	0.193278	0.241569
NLRP8	down	2	1.0	-0.120777	0.0355087	0.241554
C19orf43	down	2	1.0	-0.120751	0.00115419	0.241503
AKAP4	down	2	1.0	-0.120749	0.0255623	0.241499
C11orf44	down	2	1.0	-0.120711	0.0109261	0.241423
CD320	up	2	1.0	0.120695	0.0125298	0.241391
TMEM55B	down	2	1.0	-0.12068	0.0065848	0.241359
PGK2	down	2	1.0	-0.12068	0.017225	0.241359
SLC35E2	down	2	1.0	-0.12065	0.0191129	0.2413
TRIM62	up	2	1.0	0.120642	0.0068752	0.241284
NEUROG1	down	2	1.0	-0.120621	0.00624959	0.241243
GABARAP	down	2	1.0	-0.120618	0.000171892	0.241235
KLHL10	down	2	1.0	-0.120614	0.00677287	0.241227
SAP30BP	up	2	1.0	0.120562	0.273445	0.241124
IBSP	down	2	1.0	-0.120528	0.0112856	0.241057
ERGIC1	down	2	1.0	-0.120469	0.000641893	0.240938
ZBED6CL	up	2	1.0	0.12046	0.0192415	0.24092
DLGAP1	down	2	1.0	-0.120388	0.0358792	0.240776
KIF5A	down	2	1.0	-0.120372	0.000332011	0.240745
SPEG	down	2	1.0	-0.120359	0.029988	0.240718
C7orf57	down	2	1.0	-0.120318	0.0131924	0.240637
C19orf44	up	2	1.0	0.12019	0.0621638	0.240379
RPS19	up	2	1.0	0.120175	0.00147075	0.240349
FUT9	down	2	1.0	-0.120166	0.0212886	0.240332
ELSPBP1	down	2	1.0	-0.120146	0.029129	0.240292
DHX16	down	2	1.0	-0.120082	0.00297535	0.240165
EWSAT1	down	2	1.0	-0.12007	0.000458813	0.24014
CFAP45	down	2	1.0	-0.120037	0.201562	0.240074
DIP2C	down	2	1.0	-0.120021	0.0254879	0.240041
ZBTB22	down	2	1.0	-0.120001	0.026723	0.240002
MAGEE2	down	2	1.0	-0.119999	0.00574084	0.239998
LOC254028	down	2	1.0	-0.119997	0.0642362	0.239993
NACC2	up	2	1.0	0.119982	0.0252849	0.239965
TEX15	down	2	1.0	-0.119976	0.0101458	0.239953
NMRK2	down	2	1.0	-0.119974	0.02804	0.239947
KIF1A	down	2	1.0	-0.11997	0.0706902	0.23994
LINC01587	down	2	1.0	-0.119896	0.00107091	0.239791
GHSR	down	2	1.0	-0.119867	0.0305503	0.239735
GATA3-AS1	down	2	1.0	-0.119844	0.0251962	0.239687
RFC5	down	2	1.0	-0.119803	0.157961	0.239606
LIN28A	down	2	1.0	-0.119781	0.00824028	0.239562
C2orf16	down	2	1.0	-0.119759	0.0316257	0.239517
DCDC2	down	2	1.0	-0.119722	0.0564042	0.239443
SLC22A1	down	2	1.0	-0.119709	0.114196	0.239417
CRB1	down	2	1.0	-0.119696	0.0478088	0.239391
RTCB	down	2	1.0	-0.119692	0.100808	0.239384
IL27	down	2	1.0	-0.119692	0.00778827	0.239383
NXNL1	down	2	1.0	-0.119685	0.0655725	0.23937
INPPL1	up	2	1.0	0.11965	0.0432872	0.2393
GEMIN8	up	2	1.0	0.119622	0.0514759	0.239245
WWC1	down	2	1.0	-0.119612	0.0200114	0.239225
EMP2	up	2	1.0	0.119597	0.292092	0.239195
ACP6	up	2	1.0	0.119585	0.258272	0.239169
UNC119B	down	2	1.0	-0.119547	0.00272441	0.239094
DIS3L2	down	2	1.0	-0.119538	0.132346	0.239077
TBX6	down	2	1.0	-0.119538	0.0119272	0.239076
C11orf63	down	2	1.0	-0.119509	0.0494207	0.239018
C3orf38	down	2	1.0	-0.119475	0.193371	0.238949
OTOS	down	2	1.0	-0.119468	0.0168136	0.238936
NDUFS6	down	2	1.0	-0.119447	0.00223322	0.238894
NEK8	down	2	1.0	-0.119392	0.0796105	0.238784
PRPF8	up	2	1.0	0.119382	0.0100507	0.238764
ALPK1	up	2	1.0	0.119382	0.0923869	0.238764
TREML3P	up	2	1.0	0.119375	0.0322163	0.238749
KRTAP4-5	down	2	1.0	-0.119364	0.0438357	0.238728
CEP85	down	2	1.0	-0.11934	0.0414993	0.23868
MRPS31	up	2	1.0	0.119338	0.0838859	0.238677
XAGE-4	down	2	1.0	-0.119334	0.34185	0.238669
HORMAD1	down	2	1.0	-0.119325	0.0879057	0.23865
DBIL5P2	down	2	1.0	-0.119314	0.017133	0.238629
TRPM1	down	2	1.0	-0.1193	0.0095048	0.2386
CRYGN	down	2	1.0	-0.119292	0.0280008	0.238584
TMEM266	up	2	1.0	0.119272	0.0283581	0.238544
CCDC117	up	2	1.0	0.119233	0.0802008	0.238466
CCDC126	down	2	1.0	-0.119233	0.061409	0.238465
C1orf87	down	2	1.0	-0.119225	0.0100041	0.238451
IGF2BP1	down	2	1.0	-0.119221	0.0487998	0.238442
MRPS23	up	2	1.0	0.119213	0.286837	0.238426
PLCH2	down	2	1.0	-0.119176	0.0453915	0.238352
RREB1	down	2	1.0	-0.119165	0.00518443	0.238331
RIBC2	up	2	1.0	0.11913	0.119157	0.238259
LOC729866	down	2	1.0	-0.119097	0.0241843	0.238195
TPI1	down	2	1.0	-0.119088	0.0766037	0.238176
STK40	up	2	1.0	0.119064	0.0017695	0.238128
ZNF317	down	2	1.0	-0.119045	0.00307358	0.23809
ZFX	up	2	1.0	0.119013	0.0168028	0.238026
PODN	up	2	1.0	0.119006	0.195146	0.238011
SOGA1	up	2	1.0	0.119002	0.110198	0.238004
DBR1	down	2	1.0	-0.118996	0.0732736	0.237992
HSPB9	down	2	1.0	-0.118979	0.0222377	0.237959
DLX6	down	2	1.0	-0.118952	0.00546184	0.237904
CA6	down	2	1.0	-0.118951	0.0263682	0.237902
ANKRD6	up	2	1.0	0.118944	0.353413	0.237888
NEFM	down	2	1.0	-0.118914	0.053733	0.237828
LRRC58	up	2	1.0	0.118898	0.0463848	0.237795
PFKFB1	down	2	1.0	-0.118891	0.107919	0.237782
PRMT7	down	2	1.0	-0.11889	0.0642926	0.237779
NUDT18	down	2	1.0	-0.11889	0.127405	0.237779
RMI2	down	2	1.0	-0.118887	0.213581	0.237774
TRMT12	down	2	1.0	-0.118827	0.0366891	0.237654
SLIT1	down	2	1.0	-0.118802	0.0327775	0.237603
PGM2	up	2	1.0	0.118781	0.153196	0.237563
CXCL14	up	2	1.0	0.118777	0.277374	0.237554
CHRNA4	down	2	1.0	-0.11877	0.00739434	0.23754
FUBP1	up	2	1.0	0.118766	0.208853	0.237532
LYZL6	down	2	1.0	-0.118763	0.00718912	0.237526
MDN1	down	2	1.0	-0.118758	0.0135745	0.237516
CASKIN2	down	2	1.0	-0.11874	0.12383	0.23748
ZNF777	down	2	1.0	-0.118725	0.0347803	0.23745
GLB1L3	down	2	1.0	-0.11871	0.0659056	0.237421
PCDHB10	up	2	1.0	0.118664	0.00602059	0.237329
COG8	down	2	1.0	-0.118662	0.000435791	0.237325
FBXL12	down	2	1.0	-0.11864	0.0681558	0.23728
PSMA2	down	2	1.0	-0.11863	0.117898	0.23726
KCTD18	down	2	1.0	-0.118621	0.0384456	0.237243
ALDOAP2	down	2	1.0	-0.118601	0.0312318	0.237202
C15orf41	down	2	1.0	-0.118556	0.0204693	0.237113
CGREF1	up	2	1.0	0.118554	0.165752	0.237109
STX17	up	2	1.0	0.11853	0.0773822	0.237059
TIMM17A	up	2	1.0	0.118511	0.100912	0.237022
AMD1	up	2	1.0	0.118416	0.172778	0.236831
UNC80	down	2	1.0	-0.11838	0.0155023	0.23676
CLVS1	down	2	1.0	-0.118377	0.104376	0.236754
HSPA8	up	2	1.0	0.118373	0.00421596	0.236745
SLC25A46	down	2	1.0	-0.118348	0.01289	0.236696
RAB15	down	2	1.0	-0.11828	0.293165	0.23656
CCDC102A	up	2	1.0	0.118253	0.0136668	0.236505
ASIC4	down	2	1.0	-0.118251	0.026184	0.236502
KCNJ5	down	2	1.0	-0.118238	0.00205684	0.236476
LOC100287290	down	2	1.0	-0.118236	0.0104556	0.236472
RDM1	down	2	1.0	-0.118229	0.0845292	0.236458
RNF139	down	2	1.0	-0.118225	0.0030577	0.236451
SIX3	down	2	1.0	-0.118202	0.0214461	0.236405
ANP32C	down	2	1.0	-0.118092	0.0195356	0.236184
HORMAD2	down	2	1.0	-0.118069	0.00648549	0.236137
UBIAD1	down	2	1.0	-0.118036	0.0277803	0.236073
MAGEA10	down	2	1.0	-0.117987	0.00891556	0.235974
CBY1	down	2	1.0	-0.11798	0.0180752	0.23596
COL10A1	up	2	1.0	0.117964	0.107725	0.235929
LOC554206	down	2	1.0	-0.117865	0.0313566	0.235731
OSGEPL1	down	2	1.0	-0.117855	0.0859893	0.23571
NXPH3	down	2	1.0	-0.117821	0.013672	0.235643
NEUROD4	down	2	1.0	-0.117773	0.00513049	0.235545
PSMG2	down	2	1.0	-0.117755	0.00866769	0.235509
ANAPC7	up	2	1.0	0.117735	0.155101	0.23547
FLJ37201	down	2	1.0	-0.117722	0.0545793	0.235444
CCDC63	down	2	1.0	-0.117715	0.0605734	0.235429
MAGEA8	down	2	1.0	-0.117714	0.0985411	0.235428
ESYT3	down	2	1.0	-0.117681	0.0245111	0.235362
KRT13	down	2	1.0	-0.117625	0.0867295	0.23525
RPL41	down	2	1.0	-0.117572	0.00195324	0.235143
FAM131C	down	2	1.0	-0.117566	0.00181758	0.235131
NRTN	down	2	1.0	-0.117538	0.108425	0.235076
NEGR1	down	2	1.0	-0.117527	0.0725942	0.235054
CELF1	down	2	1.0	-0.117526	0.000611637	0.235053
SPATA19	down	2	1.0	-0.117518	0.0447696	0.235036
PAPOLG	down	2	1.0	-0.117491	0.0435135	0.234982
USF1	up	2	1.0	0.117485	0.00594358	0.23497
DMPK	down	2	1.0	-0.11741	0.177242	0.23482
TMEM132B	down	2	1.0	-0.117359	0.00692945	0.234717
BMP4	up	2	1.0	0.11734	0.374796	0.23468
RCN2	up	2	1.0	0.11733	0.348466	0.234661
SLC12A7	down	2	1.0	-0.117325	0.371101	0.23465
ZSCAN4	down	2	1.0	-0.117324	0.00530533	0.234647
MAPK7	up	2	1.0	0.117322	0.111361	0.234644
ISOC2	up	2	1.0	0.117298	0.101754	0.234596
SRSF12	down	2	1.0	-0.117274	0.0285839	0.234548
NCAPD3	up	2	1.0	0.117274	0.210228	0.234548
TRIM54	down	2	1.0	-0.117238	0.0703613	0.234475
RIMS2	down	2	1.0	-0.117201	0.00910862	0.234403
SPATA9	down	2	1.0	-0.117191	0.0349125	0.234382
REC114	down	2	1.0	-0.117171	0.0036502	0.234342
KDM3B	down	2	1.0	-0.117156	0.0164551	0.234313
MECP2	up	2	1.0	0.117154	0.0605312	0.234308
LYZL2	down	2	1.0	-0.117121	0.0683952	0.234243
MIR7-3HG	down	2	1.0	-0.117102	0.048281	0.234204
SAFB	up	2	1.0	0.117086	0.240244	0.234171
ARVCF	down	2	1.0	-0.11708	0.016805	0.234161
PRPF31	down	2	1.0	-0.117078	0.0547758	0.234157
IGDCC3	down	2	1.0	-0.117057	0.00840577	0.234113
FADD	down	2	1.0	-0.11702	0.00463793	0.234041
KCNK7	down	2	1.0	-0.117015	0.0851076	0.23403
RNF19A	up	2	1.0	0.117015	0.180787	0.23403
SYN2	down	2	1.0	-0.116999	0.000100306	0.233998
EIF3G	up	2	1.0	0.116992	0.0582384	0.233983
TNRC6B	down	2	1.0	-0.116975	0.108353	0.233949
COL26A1	down	2	1.0	-0.116961	0.0548914	0.233922
C22orf29	up	2	1.0	0.116957	0.103538	0.233913
CCT8	up	2	1.0	0.116955	0.0677988	0.233909
PTPRU	up	2	1.0	0.116946	0.0117388	0.233892
NYAP1	down	2	1.0	-0.116931	0.00570006	0.233863
ACADL	down	2	1.0	-0.116904	0.010881	0.233809
MAT2A	up	2	1.0	0.116897	0.175427	0.233794
LHFPL4	down	2	1.0	-0.116884	0.0419622	0.233769
OVCA2	down	2	1.0	-0.11686	0.0539284	0.23372
PDE11A	down	2	1.0	-0.11682	0.00156981	0.233641
LHX3	down	2	1.0	-0.116805	0.0208814	0.233611
FLJ26850	down	2	1.0	-0.116776	0.177738	0.233552
THAP12	down	2	1.0	-0.116738	0.0423197	0.233476
TREX2	down	2	1.0	-0.116701	0.0538966	0.233402
ABCD1	up	2	1.0	0.116673	0.218605	0.233346
PPM1D	down	2	1.0	-0.116653	0.0157739	0.233306
ACSBG2	down	2	1.0	-0.11665	0.0294251	0.233301
CHD1L	up	2	1.0	0.11664	0.0991224	0.23328
SHBG	down	2	1.0	-0.116601	0.00448532	0.233201
SHANK1	down	2	1.0	-0.116596	0.0138088	0.233192
LOC400965	down	2	1.0	-0.116584	0.0512533	0.233168
WAC	down	2	1.0	-0.116572	0.000744283	0.233144
FBXO24	down	2	1.0	-0.116541	0.12197	0.233083
PAPOLB	down	2	1.0	-0.11649	0.0372421	0.232979
GABRG1	down	2	1.0	-0.116442	0.000499534	0.232884
ORC6	up	2	1.0	0.116437	0.0449926	0.232874
DNTTIP2	up	2	1.0	0.116436	0.0896461	0.232872
TCAP	down	2	1.0	-0.116347	0.057307	0.232693
UCN3	down	2	1.0	-0.116332	0.0385027	0.232664
DPH5	down	2	1.0	-0.116315	0.196529	0.232629
EYA1	down	2	1.0	-0.116253	0.41328	0.232507
AGBL4	down	2	1.0	-0.116239	0.00215418	0.232478
NOD1	up	2	1.0	0.116229	0.228656	0.232458
HAO2	down	2	1.0	-0.116217	0.0684206	0.232434
NUP155	up	2	1.0	0.116195	0.108127	0.232391
SIM2	down	2	1.0	-0.116193	0.0161592	0.232385
DRC1	down	2	1.0	-0.116159	0.0276916	0.232318
SEPT7	up	2	1.0	0.11615	0.0467107	0.2323
TAS2R9	down	2	1.0	-0.116044	0.0341299	0.232087
GMPR2	down	2	1.0	-0.116021	0.0136904	0.232043
EPM2A	down	2	1.0	-0.11601	0.127409	0.232021
DRD1	down	2	1.0	-0.116003	0.0120629	0.232007
GRID2	down	2	1.0	-0.116001	0.000115883	0.232003
ARPP21	down	2	1.0	-0.115983	0.0225288	0.231965
VGLL4	down	2	1.0	-0.115968	0.0321738	0.231935
MED29	down	2	1.0	-0.115957	0.00138517	0.231913
FGF22	down	2	1.0	-0.115938	0.0060336	0.231876
BBOX1	down	2	1.0	-0.115923	0.0143365	0.231846
PRDX3	down	2	1.0	-0.115923	0.05242	0.231845
RNF146	down	2	1.0	-0.115834	0.00670775	0.231669
LINC00523	down	2	1.0	-0.115834	0.014286	0.231668
DDB1	up	2	1.0	0.115823	0.038348	0.231646
ADGRG4	down	2	1.0	-0.115802	0.075977	0.231605
TRIM6-TRIM34	down	2	1.0	-0.115793	0.0686513	0.231586
MRPL24	down	2	1.0	-0.115651	0.25696	0.231302
HHLA1	down	2	1.0	-0.115633	0.00712212	0.231267
SRSF1	down	2	1.0	-0.115631	0.225457	0.231262
ZNF562	up	2	1.0	0.115628	0.0671566	0.231256
RALY	down	2	1.0	-0.115624	0.0520668	0.231249
SRSF6	up	2	1.0	0.115623	0.342634	0.231245
ACRV1	down	2	1.0	-0.115608	0.000623949	0.231216
PLAC1	down	2	1.0	-0.115583	0.0427506	0.231166
BAAT	down	2	1.0	-0.115566	0.00990738	0.231132
CCK	down	2	1.0	-0.115559	0.0669661	0.231118
ZAR1	down	2	1.0	-0.115548	0.00423104	0.231096
WBP11	down	2	1.0	-0.115543	0.0253962	0.231087
ZNF549	down	2	1.0	-0.115541	0.00302983	0.231082
FRA10AC1	down	2	1.0	-0.115512	0.13839	0.231024
SLC45A3	down	2	1.0	-0.115491	0.0529918	0.230981
ZNF516	up	2	1.0	0.115474	0.229316	0.230949
NMUR1	down	2	1.0	-0.115441	0.000722249	0.230882
SMAD9	down	2	1.0	-0.115417	0.0235115	0.230833
CNGB1	down	2	1.0	-0.115407	0.000432703	0.230814
MAB21L2	up	2	1.0	0.115396	0.184748	0.230792
SLC6A2	down	2	1.0	-0.115382	0.00877408	0.230765
ADAMTS18	down	2	1.0	-0.115367	0.0640697	0.230734
PUS7L	up	2	1.0	0.115345	0.160369	0.230691
GBP3	up	2	1.0	0.115317	0.353308	0.230634
CECR6	up	2	1.0	0.115315	0.0857324	0.230629
GNAL	down	2	1.0	-0.115281	0.00849817	0.230562
OPN4	down	2	1.0	-0.115275	0.043062	0.23055
CACNA1G	down	2	1.0	-0.115218	0.0981178	0.230436
SULT1E1	down	2	1.0	-0.115212	0.00204451	0.230424
RBM48	down	2	1.0	-0.1152	0.132346	0.2304
DRD4	down	2	1.0	-0.115173	0.0150675	0.230347
SLC50A1	up	2	1.0	0.115114	0.190047	0.230228
FLG	down	2	1.0	-0.115094	0.0219127	0.230189
TRIM14	down	2	1.0	-0.115035	0.0517994	0.23007
OGFRP1	down	2	1.0	-0.115014	0.0421447	0.230028
SRP14	down	2	1.0	-0.114985	4.66738e-05	0.229969
GCC1	down	2	1.0	-0.114983	0.0296418	0.229965
FAM127B	down	2	1.0	-0.114962	0.011655	0.229924
DIO1	down	2	1.0	-0.114914	0.0186711	0.229828
KRT85	down	2	1.0	-0.114908	0.0067721	0.229816
TRADD	up	2	1.0	0.114904	0.0877369	0.229809
PAX7	down	2	1.0	-0.114892	0.120942	0.229784
NADK	down	2	1.0	-0.114885	0.128077	0.22977
MCAT	down	2	1.0	-0.114853	0.0999177	0.229706
PRND	down	2	1.0	-0.114827	0.0109139	0.229654
MEGF8	down	2	1.0	-0.114774	0.101054	0.229548
ZNF638	up	2	1.0	0.114758	0.142667	0.229516
SLC43A2	up	2	1.0	0.114746	0.0305975	0.229492
STYXL1	down	2	1.0	-0.114743	0.177864	0.229487
TTLL5	down	2	1.0	-0.114731	0.0102871	0.229462
KLF17	down	2	1.0	-0.114719	0.00807922	0.229439
XAGE1B	down	2	1.0	-0.114705	0.0753941	0.229409
FOLR2	up	2	1.0	0.114683	0.637715	0.229365
GADD45G	up	2	1.0	0.114658	0.000923174	0.229317
ZNF23	down	2	1.0	-0.114599	0.0826983	0.229197
NIM1K	down	2	1.0	-0.114588	0.0321459	0.229177
RECQL4	up	2	1.0	0.114563	0.025957	0.229125
HGFAC	down	2	1.0	-0.114541	0.00266936	0.229083
DEFB121	down	2	1.0	-0.114481	0.0237561	0.228962
CRYGD	down	2	1.0	-0.114477	0.026752	0.228954
KCNK17	down	2	1.0	-0.114423	0.00727954	0.228846
TMEM40	down	2	1.0	-0.114418	0.00811762	0.228837
CYP2W1	down	2	1.0	-0.114337	0.0146779	0.228674
ADAMTS16	down	2	1.0	-0.114322	0.0320847	0.228643
CD101	down	2	1.0	-0.114275	0.224688	0.22855
MGAT5B	down	2	1.0	-0.114274	0.154273	0.228548
ARSF	down	2	1.0	-0.11425	0.00987874	0.2285
FLJ35816	down	2	1.0	-0.114197	0.000806909	0.228395
SLC11A2	up	2	1.0	0.114192	0.033761	0.228384
MAPT	down	2	1.0	-0.114191	0.0269565	0.228382
SARS2	down	2	1.0	-0.114159	0.238143	0.228319
ZNF569	up	2	1.0	0.114147	0.113693	0.228294
NEURL4	down	2	1.0	-0.114128	5.61669e-06	0.228256
RPS14P3	down	2	1.0	-0.114088	0.000277246	0.228176
BTBD10	down	2	1.0	-0.114009	0.0876529	0.228019
NPAS3	down	2	1.0	-0.114006	0.0135598	0.228012
ZSCAN10	down	2	1.0	-0.114001	0.0929959	0.228003
RELL2	up	2	1.0	0.113884	0.0521136	0.227767
KIF2B	down	2	1.0	-0.113868	0.0078912	0.227737
ZNF71	down	2	1.0	-0.113847	0.00308436	0.227693
CERS1	down	2	1.0	-0.113842	0.00645278	0.227684
KCTD2	down	2	1.0	-0.113779	0.00173088	0.227559
OR10C1	down	2	1.0	-0.113778	0.0095201	0.227556
MRPL10	down	2	1.0	-0.113768	0.0177245	0.227536
RPL13AP5	down	2	1.0	-0.113722	0.000297821	0.227444
ADCY10P1	down	2	1.0	-0.113711	0.0829295	0.227423
SNTG1	down	2	1.0	-0.113689	0.00731598	0.227378
CPNE6	down	2	1.0	-0.113679	0.00901097	0.227357
GOLGA2P3Y	down	2	1.0	-0.113669	0.0253025	0.227338
TMPRSS6	down	2	1.0	-0.113649	0.330747	0.227298
OSBPL6	down	2	1.0	-0.113645	0.00556327	0.227291
HCRT	down	2	1.0	-0.113614	0.00357585	0.227229
ECE1	down	2	1.0	-0.113611	0.101319	0.227222
LGALS8-AS1	down	2	1.0	-0.113557	0.0199521	0.227114
APOL5	down	2	1.0	-0.113554	0.0143692	0.227108
RPAP2	up	2	1.0	0.113501	0.069231	0.227002
LINC00461	down	2	1.0	-0.113482	0.0570254	0.226964
TLE6	down	2	1.0	-0.113463	0.0040907	0.226925
KCNMB4	up	2	1.0	0.113462	0.358999	0.226925
ARL6IP4	down	2	1.0	-0.113429	5.29224e-07	0.226858
FSD1	down	2	1.0	-0.113421	0.0707008	0.226842
WDR38	down	2	1.0	-0.113409	0.0480481	0.226818
QTRT2	down	2	1.0	-0.113408	0.00914908	0.226815
FGF20	down	2	1.0	-0.113406	0.012535	0.226812
TTLL2	down	2	1.0	-0.113376	0.0148511	0.226753
RPL18	down	2	1.0	-0.113374	0.0184211	0.226748
ZNF576	down	2	1.0	-0.113366	0.0790473	0.226731
PHOX2A	down	2	1.0	-0.113358	0.0753009	0.226716
STARD3NL	up	2	1.0	0.113349	0.040666	0.226697
RNASE7	down	2	1.0	-0.113334	0.00594549	0.226668
OR1D5	down	2	1.0	-0.11332	0.0400779	0.22664
CSHL1	down	2	1.0	-0.113311	0.00174828	0.226623
HIF3A	down	2	1.0	-0.113222	0.0135891	0.226443
CCDC26	down	2	1.0	-0.113163	0.0190703	0.226327
HIRIP3	down	2	1.0	-0.113162	0.119545	0.226324
TMEM182	down	2	1.0	-0.113131	0.00843951	0.226263
ECHDC3	down	2	1.0	-0.113009	0.396805	0.226019
LCE2B	down	2	1.0	-0.112991	0.0243503	0.225981
OBP2A	down	2	1.0	-0.112967	0.153179	0.225935
PDHA2	down	2	1.0	-0.112909	0.125932	0.225818
DPPA5	down	2	1.0	-0.112902	0.00687146	0.225804
SMCP	down	2	1.0	-0.112862	0.0234633	0.225724
TFAP4	down	2	1.0	-0.112792	0.02138	0.225583
GDI2	up	2	1.0	0.112761	0.00297411	0.225522
ASPHD1	up	2	1.0	0.112745	0.150558	0.225491
DESI2	down	2	1.0	-0.11273	0.145924	0.225461
TBX20	down	2	1.0	-0.112721	0.00721225	0.225442
PABPC3	down	2	1.0	-0.112703	0.0149634	0.225407
ZMYM2	down	2	1.0	-0.112703	0.00285475	0.225406
ITPKC	down	2	1.0	-0.112672	0.148284	0.225343
BLZF1	down	2	1.0	-0.11264	0.0303979	0.22528
NRXN2	down	2	1.0	-0.112629	0.00580326	0.225257
CDH8	down	2	1.0	-0.112601	0.00617276	0.225203
DHCR7	up	2	1.0	0.112599	0.372744	0.225197
KCTD6	up	2	1.0	0.112589	0.0869421	0.225178
HACL1	down	2	1.0	-0.112526	0.247365	0.225053
EXO5	down	2	1.0	-0.112485	0.0366099	0.224971
GATSL2	up	2	1.0	0.112435	0.256586	0.22487
FGF17	down	2	1.0	-0.112424	0.0309096	0.224849
NLGN3	down	2	1.0	-0.112403	0.0844989	0.224805
OARD1	down	2	1.0	-0.112399	0.0286809	0.224798
SSPO	down	2	1.0	-0.112374	0.0833601	0.224749
ALG3	up	2	1.0	0.112364	0.084775	0.224727
C12orf76	down	2	1.0	-0.112349	0.0217456	0.224697
RTN4	down	2	1.0	-0.112333	0.00488674	0.224667
ODF1	down	2	1.0	-0.112326	0.0136627	0.224653
CMTM8	down	2	1.0	-0.11231	0.299499	0.224619
RGS9BP	down	2	1.0	-0.112304	0.174848	0.224607
MKNK1	down	2	1.0	-0.112277	0.106242	0.224554
DCAF12	down	2	1.0	-0.112251	0.0127543	0.224503
POMP	up	2	1.0	0.11224	0.0283349	0.22448
ZNF99	down	2	1.0	-0.112209	0.0003224	0.224418
APOBEC4	down	2	1.0	-0.112189	0.0177191	0.224378
PKDREJ	down	2	1.0	-0.11217	0.0193257	0.224339
GATSL3	down	2	1.0	-0.11216	0.0252614	0.224321
WDR63	down	2	1.0	-0.112154	0.00297556	0.224308
YIF1A	up	2	1.0	0.112142	0.0957943	0.224284
OPN1MW2	down	2	1.0	-0.112142	0.0357062	0.224283
LMOD3	down	2	1.0	-0.112118	0.0381194	0.224236
DRAXIN	down	2	1.0	-0.112101	0.0740554	0.224202
SSTR3	down	2	1.0	-0.112087	0.00212429	0.224174
NR0B1	down	2	1.0	-0.112079	0.0285593	0.224157
ANKRD1	down	2	1.0	-0.112019	0.043887	0.224039
NMD3	up	2	1.0	0.112011	0.222607	0.224021
MRFAP1	up	2	1.0	0.111994	0.00412885	0.223988
PAN3	down	2	1.0	-0.11193	0.0809325	0.223859
CDIP1	down	2	1.0	-0.111917	0.357766	0.223834
DMBX1	down	2	1.0	-0.11188	0.0254965	0.223761
C1orf194	down	2	1.0	-0.111844	0.0684256	0.223687
CENPVL2	down	2	1.0	-0.111812	0.00306315	0.223624
GLP1R	down	2	1.0	-0.111786	0.00461568	0.223571
KRT84	down	2	1.0	-0.111731	0.0812577	0.223463
TCEB3B	down	2	1.0	-0.111726	0.0202102	0.223452
OMD	down	2	1.0	-0.111723	0.0934312	0.223445
GFAP	down	2	1.0	-0.111659	0.0145649	0.223319
SPAG6	down	2	1.0	-0.111578	0.00148238	0.223156
IQUB	down	2	1.0	-0.111573	0.000267285	0.223145
OR4D1	down	2	1.0	-0.111564	0.218203	0.223128
CLDN14	up	2	1.0	0.111546	0.139106	0.223092
LINC00909	down	2	1.0	-0.111535	0.0639791	0.22307
PDZD9	down	2	1.0	-0.111508	0.00752044	0.223015
ATXN10	up	2	1.0	0.111502	0.0662491	0.223004
SLC32A1	down	2	1.0	-0.111444	0.00741429	0.222888
FSTL5	down	2	1.0	-0.111438	0.00729703	0.222877
PPP1R27	down	2	1.0	-0.111426	0.0356047	0.222851
LRRIQ3	down	2	1.0	-0.111407	0.00416698	0.222814
TOM1	down	2	1.0	-0.111388	0.145262	0.222776
LHX9	down	2	1.0	-0.111338	0.00866027	0.222676
GGTA1P	down	2	1.0	-0.111315	0.544253	0.22263
PTH2	down	2	1.0	-0.111295	0.0244852	0.222591
LINC00324	down	2	1.0	-0.111293	0.320212	0.222586
PTPN5	down	2	1.0	-0.111286	0.0331737	0.222573
ZMAT5	down	2	1.0	-0.111261	0.00238098	0.222522
SLC12A1	down	2	1.0	-0.111258	0.0457251	0.222517
FAM58A	up	2	1.0	0.111228	0.0832209	0.222457
POLR3C	up	2	1.0	0.111191	0.140307	0.222382
RAB40A	down	2	1.0	-0.111184	0.0508725	0.222368
TCF20	down	2	1.0	-0.111161	0.0508679	0.222323
FAM26D	down	2	1.0	-0.111151	0.0127613	0.222303
SPICE1	down	2	1.0	-0.111151	0.205333	0.222302
LGALS3BP	down	2	1.0	-0.111122	0.303939	0.222244
RHBG	down	2	1.0	-0.111092	0.0274561	0.222185
HSF2BP	down	2	1.0	-0.111087	0.0322686	0.222174
PAFAH1B2	up	2	1.0	0.111079	0.181664	0.222157
RBM12B	down	2	1.0	-0.110999	0.00632428	0.221998
PNMA3	down	2	1.0	-0.110985	0.120511	0.22197
ACOX3	down	2	1.0	-0.110976	0.178935	0.221952
SERAC1	down	2	1.0	-0.110955	0.0115663	0.22191
C16orf92	down	2	1.0	-0.110919	0.0122846	0.221838
EPHA5	down	2	1.0	-0.110914	0.0201818	0.221829
TMA16	up	2	1.0	0.110911	0.422033	0.221823
TEPSIN	down	2	1.0	-0.110902	0.00760148	0.221804
PABPC1L2B	down	2	1.0	-0.110892	0.190682	0.221785
PCDHB8	down	2	1.0	-0.11087	0.0135928	0.22174
PSD2	down	2	1.0	-0.110863	0.000742297	0.221726
TGM1	down	2	1.0	-0.110833	0.0259034	0.221665
RBFOX3	down	2	1.0	-0.110823	0.101729	0.221647
PRSS37	down	2	1.0	-0.110807	0.0582523	0.221614
TTC23L	down	2	1.0	-0.110711	0.0842877	0.221422
FAM50A	up	2	1.0	0.110646	0.352182	0.221292
TAF3	up	2	1.0	0.110646	0.00544292	0.221291
OSCP1	up	2	1.0	0.110558	0.0921754	0.221116
ARRDC1	down	2	1.0	-0.110542	0.119075	0.221083
USP26	down	2	1.0	-0.110535	0.0473957	0.221071
KCNB2	down	2	1.0	-0.110507	0.0105026	0.221014
SYCE1	down	2	1.0	-0.110499	0.00437383	0.220998
ACSL6	down	2	1.0	-0.110477	0.0025024	0.220955
PIGM	down	2	1.0	-0.110475	0.126835	0.22095
HTR5A	down	2	1.0	-0.110438	0.0773492	0.220877
DDX49	down	2	1.0	-0.110418	0.161856	0.220837
TFDP3	down	2	1.0	-0.110407	0.00869731	0.220813
BTBD16	down	2	1.0	-0.110399	0.0311153	0.220798
CMA1	down	2	1.0	-0.110399	0.384385	0.220798
SAP130	down	2	1.0	-0.110335	0.0538468	0.220669
NKIRAS2	up	2	1.0	0.110314	0.104268	0.220629
TBC1D5	down	2	1.0	-0.110291	0.0662888	0.220581
SNORA71A	down	2	1.0	-0.11028	0.0536588	0.220559
UBQLN2	up	2	1.0	0.110253	0.0581304	0.220505
MS4A5	down	2	1.0	-0.110246	0.031565	0.220491
ZNF645	down	2	1.0	-0.110244	0.000463099	0.220489
PAX1	down	2	1.0	-0.110233	0.0160375	0.220465
OAZ3	up	2	1.0	0.110224	0.22458	0.220447
LINC00643	up	2	1.0	0.110215	0.00670138	0.22043
ATP8A2	down	2	1.0	-0.110191	0.0151455	0.220383
PTGER2	up	2	1.0	0.110177	0.44276	0.220354
KAT2A	down	2	1.0	-0.110142	0.0321289	0.220284
DACH2	down	2	1.0	-0.11011	0.0215817	0.220219
ERVW-1	down	2	1.0	-0.11008	0.0731373	0.220159
ILKAP	up	2	1.0	0.109996	0.0355943	0.219992
MTAP	up	2	1.0	0.109937	0.036596	0.219873
TAC1	up	2	1.0	0.109895	0.253296	0.219791
WWC2-AS2	down	2	1.0	-0.109891	0.0575025	0.219783
PLAC4	down	2	1.0	-0.109868	0.056747	0.219735
KIAA1841	down	2	1.0	-0.109867	0.143163	0.219734
ZPLD1	down	2	1.0	-0.109864	0.00876525	0.219727
GLI2	up	2	1.0	0.109858	0.0533845	0.219715
SOX15	down	2	1.0	-0.109812	0.0233532	0.219625
MYH16	down	2	1.0	-0.109805	0.0069718	0.219611
DEUP1	down	2	1.0	-0.109783	0.0976932	0.219566
KCNT1	down	2	1.0	-0.109765	0.0219415	0.219529
IGHMBP2	up	2	1.0	0.10974	0.0166912	0.219481
CNTNAP5	down	2	1.0	-0.109732	0.0528743	0.219464
SYNPO2L	down	2	1.0	-0.109713	0.00274859	0.219425
MPV17L2	up	2	1.0	0.109708	0.138467	0.219416
KNCN	down	2	1.0	-0.109637	0.00410097	0.219274
HTR6	down	2	1.0	-0.109609	0.0881025	0.219217
SCN1A	down	2	1.0	-0.109607	0.0275056	0.219215
RHAG	down	2	1.0	-0.109599	0.00164129	0.219198
YIPF6	down	2	1.0	-0.10955	0.127912	0.219099
TENM1	down	2	1.0	-0.109547	0.15752	0.219094
GALR2	down	2	1.0	-0.109535	0.019862	0.219069
PRIMA1	up	2	1.0	0.109494	0.0532517	0.218988
EIF3CL	down	2	1.0	-0.10948	0.0320956	0.21896
NABP2	down	2	1.0	-0.109475	0.162986	0.21895
MON2	down	2	1.0	-0.109435	0.0558761	0.21887
SLC17A2	down	2	1.0	-0.109393	0.00358677	0.218786
TSPAN13	up	2	1.0	0.109393	0.333547	0.218786
HAP1	down	2	1.0	-0.109366	0.030305	0.218733
KLHL1	down	2	1.0	-0.109366	0.0208243	0.218732
NTRK3	down	2	1.0	-0.109342	0.0613547	0.218684
ZNF764	down	2	1.0	-0.109329	0.240228	0.218659
CASP8AP2	down	2	1.0	-0.109319	0.0905752	0.218637
ITGBL1	down	2	1.0	-0.109316	0.00279021	0.218632
NKAIN3	down	2	1.0	-0.109309	0.0127072	0.218618
KANSL1	down	2	1.0	-0.109304	0.000235533	0.218609
CCDC113	down	2	1.0	-0.109279	0.177766	0.218557
ATG2B	up	2	1.0	0.109236	0.122082	0.218472
HCFC1R1	up	2	1.0	0.109155	0.0832351	0.218309
KRT75	down	2	1.0	-0.109146	0.0123119	0.218293
MCTS1	down	2	1.0	-0.109121	0.00627072	0.218243
CHMP7	up	2	1.0	0.10912	0.0937129	0.218241
EHMT2	down	2	1.0	-0.109112	0.0092342	0.218225
KCNA4	down	2	1.0	-0.109112	0.0518377	0.218224
TMEM143	down	2	1.0	-0.109094	0.036539	0.218187
TTC5	down	2	1.0	-0.10905	0.185013	0.2181
KRBOX4	up	2	1.0	0.109048	0.375967	0.218097
PLCG1	up	2	1.0	0.109016	0.17169	0.218033
RBMXL2	down	2	1.0	-0.109015	0.0309401	0.218029
SLC24A2	down	2	1.0	-0.10896	0.00669155	0.21792
STK35	down	2	1.0	-0.108914	0.0376502	0.217828
SHOX2	down	2	1.0	-0.108859	0.000223742	0.217717
BRD8	down	2	1.0	-0.108856	0.0941306	0.217713
ZFHX2	down	2	1.0	-0.108812	0.0192198	0.217624
PPIC	down	2	1.0	-0.108759	0.216336	0.217518
PRDX2	down	2	1.0	-0.108752	0.00314874	0.217503
RPRD1B	down	2	1.0	-0.108733	0.053103	0.217466
CEP152	down	2	1.0	-0.108684	0.0636542	0.217368
BPESC1	down	2	1.0	-0.108668	0.0091043	0.217335
ZNF583	down	2	1.0	-0.108664	0.30706	0.217328
PENK	down	2	1.0	-0.108613	0.165004	0.217226
C18orf12	down	2	1.0	-0.108604	0.00123073	0.217209
EPB41L4A-AS2	down	2	1.0	-0.108594	0.279228	0.217188
MUS81	down	2	1.0	-0.108592	0.0183622	0.217185
LHX5	down	2	1.0	-0.108588	0.102113	0.217176
SFTPD	down	2	1.0	-0.108575	0.0166084	0.217149
FGG	down	2	1.0	-0.108572	0.0580936	0.217145
HPS4	down	2	1.0	-0.108494	0.0694827	0.216988
LINC01551	down	2	1.0	-0.108479	0.0441505	0.216957
ADGRF3	down	2	1.0	-0.108468	0.0158827	0.216935
PXT1	down	2	1.0	-0.108441	0.00111566	0.216881
OR10J1	down	2	1.0	-0.108399	0.00219564	0.216798
OR10H1	down	2	1.0	-0.108393	0.0391982	0.216787
PLPPR5	down	2	1.0	-0.108387	0.0137051	0.216773
P4HA2	down	2	1.0	-0.108381	0.0700116	0.216762
IQCF2	down	2	1.0	-0.108344	0.0943011	0.216687
ASB4	down	2	1.0	-0.108299	0.0070534	0.216597
MAEA	down	2	1.0	-0.108299	0.0246609	0.216597
UBC	up	2	1.0	0.108269	0.0272399	0.216537
KDM4D	down	2	1.0	-0.108199	0.00624882	0.216398
WDR11	down	2	1.0	-0.108175	0.0346414	0.216349
GFRA4	down	2	1.0	-0.108168	0.0184693	0.216335
HMGXB4	up	2	1.0	0.108146	0.00794953	0.216292
USF2	up	2	1.0	0.108145	0.0257584	0.216291
ICAM5	down	2	1.0	-0.108136	0.193372	0.216272
SERTAD1	up	2	1.0	0.10813	0.341332	0.21626
PCP4L1	down	2	1.0	-0.108101	0.124849	0.216203
MAGEC1	down	2	1.0	-0.108089	0.0571049	0.216177
PRB2	down	2	1.0	-0.108079	0.184215	0.216158
C15orf54	down	2	1.0	-0.108063	0.0102189	0.216126
FOXO1	up	2	1.0	0.108016	0.429104	0.216033
TPPP3	up	2	1.0	0.107989	0.615594	0.215978
GOLGA7	down	2	1.0	-0.107987	0.00351356	0.215975
IGSF22	down	2	1.0	-0.107944	0.222145	0.215888
NPM2	down	2	1.0	-0.107879	0.133854	0.215757
TOMM20	down	2	1.0	-0.107849	0.325302	0.215697
OR4D2	down	2	1.0	-0.107824	0.0338582	0.215647
TAAR8	down	2	1.0	-0.107819	0.00565945	0.215638
SERPINA12	down	2	1.0	-0.107734	0.00233105	0.215467
NSF	down	2	1.0	-0.107732	0.138274	0.215464
GCM2	down	2	1.0	-0.10773	0.0921504	0.21546
CD151	down	2	1.0	-0.107726	0.171956	0.215451
CABP7	down	2	1.0	-0.107669	0.162166	0.215339
ABCB8	down	2	1.0	-0.107661	0.00370172	0.215322
DCTN6	up	2	1.0	0.107641	0.410003	0.215282
SFI1	down	2	1.0	-0.107626	0.0634247	0.215253
CSDE1	down	2	1.0	-0.107624	0.00165923	0.215249
YWHAE	down	2	1.0	-0.107616	0.0524418	0.215231
GPR12	down	2	1.0	-0.107597	0.0943491	0.215194
SPAM1	down	2	1.0	-0.107594	0.0149374	0.215188
LRAT	down	2	1.0	-0.107576	0.0251561	0.215151
ZCCHC17	up	2	1.0	0.107546	0.245718	0.215091
TNFRSF19	down	2	1.0	-0.107524	0.0107193	0.215049
KRTAP19-3	down	2	1.0	-0.10751	0.101691	0.21502
TRHR	down	2	1.0	-0.107506	0.0758741	0.215012
ZNF665	down	2	1.0	-0.107484	0.0589865	0.214969
OR52A1	down	2	1.0	-0.10748	0.0660933	0.21496
OR10H2	down	2	1.0	-0.107453	0.106324	0.214906
SCEL	down	2	1.0	-0.107433	0.11297	0.214866
HDGFL1	down	2	1.0	-0.107393	0.0946992	0.214785
DIP2B	down	2	1.0	-0.107391	0.0411416	0.214782
APOA5	down	2	1.0	-0.10739	0.00093431	0.214779
TSSK2	down	2	1.0	-0.107358	0.012469	0.214716
SLITRK5	down	2	1.0	-0.107339	0.0765203	0.214677
MLN	down	2	1.0	-0.107325	0.035542	0.214651
CECR5-AS1	down	2	1.0	-0.107301	0.123817	0.214603
GOLGA3	down	2	1.0	-0.107242	0.0915054	0.214483
C1orf100	down	2	1.0	-0.107214	0.00297595	0.214428
MS4A15	down	2	1.0	-0.107197	0.00874806	0.214395
KLRA1P	down	2	1.0	-0.107195	0.0332535	0.21439
RARS	up	2	1.0	0.107177	0.142745	0.214355
SNRPD3	up	2	1.0	0.107152	0.0112324	0.214305
LOC645261	down	2	1.0	-0.107109	0.158113	0.214218
ZNF287	down	2	1.0	-0.107104	0.0306406	0.214208
OR51B6	down	2	1.0	-0.107088	0.126835	0.214175
ZPBP2	down	2	1.0	-0.107079	0.0383492	0.214159
LRRC18	down	2	1.0	-0.107042	0.0679308	0.214085
SEBOX	down	2	1.0	-0.106958	0.0293067	0.213917
GYPA	down	2	1.0	-0.106955	0.0349184	0.213911
LINC01565	down	2	1.0	-0.10695	0.0205893	0.213901
CBX1	down	2	1.0	-0.106932	0.0120131	0.213865
ADAM11	down	2	1.0	-0.106921	0.0152627	0.213842
EBF4	up	2	1.0	0.106906	0.192429	0.213812
PIK3R4	down	2	1.0	-0.106901	0.0144573	0.213802
GPR137	down	2	1.0	-0.10685	0.0981358	0.213701
LRP1B	down	2	1.0	-0.106826	0.0863154	0.213653
CLPS	down	2	1.0	-0.106806	0.0380506	0.213612
SPATA4	down	2	1.0	-0.106797	0.0193422	0.213594
LOC284009	down	2	1.0	-0.106774	0.0655596	0.213548
BARD1	up	2	1.0	0.106705	0.268624	0.21341
EFCC1	up	2	1.0	0.106698	0.000844816	0.213396
CST8	down	2	1.0	-0.106681	0.0225017	0.213362
C11orf70	up	2	1.0	0.106678	0.038016	0.213356
GRM6	down	2	1.0	-0.106656	0.146786	0.213312
UCP3	down	2	1.0	-0.106649	0.00311442	0.213298
DUSP5P1	down	2	1.0	-0.106629	0.0497993	0.213258
KLK14	down	2	1.0	-0.106587	0.0191852	0.213174
ZFP1	up	2	1.0	0.106586	0.146616	0.213172
FLII	up	2	1.0	0.106518	0.45479	0.213037
SLC7A9	up	2	1.0	0.106463	0.339661	0.212927
LIPE	down	2	1.0	-0.106462	0.029015	0.212923
SLC7A3	down	2	1.0	-0.10645	0.191671	0.2129
SNX3	down	2	1.0	-0.106435	0.0415201	0.212869
PADI3	down	2	1.0	-0.106426	0.030072	0.212852
PCBD1	down	2	1.0	-0.10641	0.406371	0.212819
MMS19	up	2	1.0	0.1064	0.0155732	0.212801
NCR1	down	2	1.0	-0.106351	0.00251204	0.212702
PSMC5	up	2	1.0	0.106303	0.0720443	0.212607
EIF3F	down	2	1.0	-0.106276	0.161682	0.212551
LRRC4C	down	2	1.0	-0.106265	0.0751909	0.21253
ZNF236	down	2	1.0	-0.106205	0.0262293	0.21241
LZTS2	down	2	1.0	-0.106192	0.0069157	0.212383
MYOG	down	2	1.0	-0.106183	0.0324105	0.212366
FAM173A	down	2	1.0	-0.106135	0.120108	0.212271
RPS6	down	2	1.0	-0.106091	0.0368251	0.212183
HDAC10	down	2	1.0	-0.106082	0.00438366	0.212165
SIRT2	up	2	1.0	0.10607	0.142412	0.21214
PCYT1B	down	2	1.0	-0.106022	0.017085	0.212045
RSPH6A	down	2	1.0	-0.10599	0.0325405	0.21198
MTUS1	up	2	1.0	0.105982	0.47116	0.211963
WDR17	down	2	1.0	-0.105979	0.0118391	0.211958
ZIM2	down	2	1.0	-0.105965	0.14075	0.211931
ZNF48	down	2	1.0	-0.105952	0.0154627	0.211905
HRH3	down	2	1.0	-0.105944	0.0166425	0.211889
GPR158	down	2	1.0	-0.105915	0.204531	0.211831
DRD2	down	2	1.0	-0.105911	0.0065788	0.211822
RUNDC3A	down	2	1.0	-0.10591	0.134268	0.211821
CCZ1B	down	2	1.0	-0.105886	0.00089039	0.211771
RTCA	up	2	1.0	0.105874	0.13429	0.211748
CHST7	up	2	1.0	0.105869	0.330406	0.211738
C10orf91	down	2	1.0	-0.10584	0.0221655	0.211679
CAMKV	down	2	1.0	-0.105827	0.0172869	0.211655
CCDC40	down	2	1.0	-0.105813	0.0201011	0.211627
RAB6A	down	2	1.0	-0.105786	0.0380853	0.211572
TRIM35	down	2	1.0	-0.10578	0.0047411	0.211561
RSF1	down	2	1.0	-0.105705	0.112866	0.21141
LBX1	down	2	1.0	-0.105645	0.160333	0.211289
PAX2	down	2	1.0	-0.105635	0.00196337	0.211269
RNF20	down	2	1.0	-0.105608	0.0593826	0.211215
DAOA-AS1	down	2	1.0	-0.105578	0.00119586	0.211157
GTF2I	up	2	1.0	0.105571	0.0258694	0.211141
IGFBP1	down	2	1.0	-0.105548	0.0143429	0.211095
ANKRD2	down	2	1.0	-0.105532	0.0231523	0.211064
PIAS4	down	2	1.0	-0.105499	0.0736475	0.210999
ZNF582	down	2	1.0	-0.10546	0.0357354	0.210921
PRTN3	down	2	1.0	-0.105412	0.00216671	0.210824
KRTAP13-1	down	2	1.0	-0.105393	0.00924461	0.210786
NTSR2	down	2	1.0	-0.105393	0.059186	0.210786
SPATA45	down	2	1.0	-0.10537	0.0202835	0.21074
LINC00598	down	2	1.0	-0.105351	0.037401	0.210701
RGS13	up	2	1.0	0.105302	0.0284915	0.210604
HGC6.3	down	2	1.0	-0.105302	0.0488649	0.210603
ZFP30	down	2	1.0	-0.105297	0.133483	0.210594
EFHD1	down	2	1.0	-0.105266	0.317327	0.210531
C16orf91	down	2	1.0	-0.105142	0.169331	0.210284
NPNT	down	2	1.0	-0.105119	0.00220025	0.210237
UBE4A	down	2	1.0	-0.105101	0.00467265	0.210203
KLHL20	down	2	1.0	-0.10507	0.0940353	0.21014
FBXO46	down	2	1.0	-0.10503	0.28992	0.21006
MLANA	down	2	1.0	-0.105022	0.00587195	0.210043
PSMA1	up	2	1.0	0.104994	0.0567002	0.209989
KLHDC7A	down	2	1.0	-0.104988	0.0137665	0.209976
GABRQ	down	2	1.0	-0.104987	0.0211509	0.209975
PCDHB18P	down	2	1.0	-0.104985	0.0375518	0.20997
TARS	up	2	1.0	0.104978	0.177904	0.209956
PSMC1	up	2	1.0	0.104977	0.0544982	0.209954
ZNHIT3	down	2	1.0	-0.104972	0.0236162	0.209943
ZNF560	down	2	1.0	-0.104965	0.0825058	0.209929
TTC28-AS1	down	2	1.0	-0.104963	0.104295	0.209926
IL13	down	2	1.0	-0.104891	0.152659	0.209782
TRMT2A	up	2	1.0	0.104862	0.00320136	0.209724
A1BG	up	2	1.0	0.104862	0.018096	0.209723
ZNF653	down	2	1.0	-0.104851	0.137009	0.209701
IRGC	down	2	1.0	-0.104832	0.0415201	0.209664
LHX1	down	2	1.0	-0.104823	0.00448063	0.209646
OR2C1	down	2	1.0	-0.104819	0.050899	0.209638
AKAP14	down	2	1.0	-0.10481	0.120495	0.209621
CCDC57	down	2	1.0	-0.104792	0.000109652	0.209584
SRPK3	down	2	1.0	-0.104783	0.146716	0.209567
GSTM5	down	2	1.0	-0.104773	0.343335	0.209546
SLC1A5	up	2	1.0	0.104711	0.223701	0.209421
KLHL40	down	2	1.0	-0.104705	0.0255365	0.20941
INSRR	down	2	1.0	-0.104704	0.00413912	0.209409
UCN	down	2	1.0	-0.104682	0.0791889	0.209363
FATE1	down	2	1.0	-0.104669	0.030765	0.209339
RPL21P28	down	2	1.0	-0.10467	0.0562412	0.209339
HSFY2	down	2	1.0	-0.104649	5.94445e-05	0.209299
SKA3	up	2	1.0	0.104634	0.460072	0.209269
LINC00951	down	2	1.0	-0.104608	0.0929061	0.209215
MAPK8IP3	down	2	1.0	-0.104585	0.0199395	0.209169
PLD5	down	2	1.0	-0.104572	0.0982573	0.209144
KCTD5	down	2	1.0	-0.104566	0.147531	0.209133
TNP2	down	2	1.0	-0.104538	0.0420232	0.209075
NUCB1	up	2	1.0	0.104525	0.44542	0.20905
FAM24A	down	2	1.0	-0.104494	0.0214772	0.208988
PTPRZ1	up	2	1.0	0.104438	0.17584	0.208875
KLHL26	down	2	1.0	-0.104414	0.0339049	0.208827
AQP6	down	2	1.0	-0.104411	0.0909157	0.208823
TXNDC2	down	2	1.0	-0.104397	0.0509189	0.208793
HBZ	down	2	1.0	-0.104386	0.0770411	0.208772
PRKAG3	down	2	1.0	-0.104374	0.011772	0.208749
GATAD2A	down	2	1.0	-0.104348	0.00831473	0.208696
COL6A6	up	2	1.0	0.104338	0.0720683	0.208676
IWS1	up	2	1.0	0.104315	0.229646	0.208629
HOXC12	down	2	1.0	-0.104273	0.00245409	0.208545
C17orf105	down	2	1.0	-0.104258	0.0280102	0.208515
PRR3	up	2	1.0	0.104256	0.0418774	0.208512
KCNQ1DN	down	2	1.0	-0.104247	0.0217301	0.208495
CHERP	down	2	1.0	-0.104209	0.0314482	0.208418
ANXA9	down	2	1.0	-0.10418	0.177638	0.208361
CHST9	down	2	1.0	-0.104169	0.0816833	0.208339
KCNJ16	down	2	1.0	-0.104167	0.00565945	0.208334
HMX1	down	2	1.0	-0.104129	0.173459	0.208258
DEFB129	down	2	1.0	-0.10412	0.00351676	0.20824
GABARAPL3	down	2	1.0	-0.104092	0.133323	0.208183
WDPCP	up	2	1.0	0.104048	0.00853939	0.208096
LACRT	down	2	1.0	-0.104047	0.0184219	0.208093
LRRN4	down	2	1.0	-0.104023	0.161302	0.208046
C20orf173	down	2	1.0	-0.104019	0.00341134	0.208039
CEP57L1	down	2	1.0	-0.104014	0.0743795	0.208028
C11orf87	down	2	1.0	-0.103959	0.0258546	0.207917
SH2D5	down	2	1.0	-0.103955	0.159509	0.20791
SSC4D	down	2	1.0	-0.103954	0.00148885	0.207908
TTC9C	down	2	1.0	-0.1039	0.0709021	0.2078
KCNH7	down	2	1.0	-0.103894	0.0168611	0.207787
PEMT	down	2	1.0	-0.103863	0.156734	0.207725
WNT8B	down	2	1.0	-0.10382	0.0834352	0.207641
DSCR8	down	2	1.0	-0.103813	0.00643017	0.207627
CYP1A2	down	2	1.0	-0.103807	0.0368251	0.207613
SPSB4	down	2	1.0	-0.103796	0.176209	0.207592
CRLF1	down	2	1.0	-0.103794	0.0339711	0.207589
PSMC4	up	2	1.0	0.103784	0.00599974	0.207569
AASDH	down	2	1.0	-0.103753	0.0422028	0.207506
CCDC28B	down	2	1.0	-0.103742	0.143185	0.207483
KCNV2	down	2	1.0	-0.103724	0.00148385	0.207449
GABRD	down	2	1.0	-0.103676	0.218077	0.207352
ROM1	down	2	1.0	-0.103661	0.174581	0.207323
VPS54	up	2	1.0	0.103661	0.144793	0.207322
FAM53A	down	2	1.0	-0.103638	0.0403779	0.207276
SERPINI2	down	2	1.0	-0.103597	0.00603061	0.207193
SLC25A39	down	2	1.0	-0.103586	0.23008	0.207172
DPYSL4	down	2	1.0	-0.103569	0.00543807	0.207138
ANGPTL8	down	2	1.0	-0.103569	0.123268	0.207138
GPC5	down	2	1.0	-0.10351	0.169281	0.20702
GNG5	down	2	1.0	-0.103503	0.0306371	0.207005
LINC01405	down	2	1.0	-0.103483	0.114169	0.206967
TCHH	down	2	1.0	-0.103476	0.152889	0.206951
PKNOX2	down	2	1.0	-0.103467	0.133642	0.206935
ZSCAN5A	down	2	1.0	-0.103465	0.0582361	0.20693
TBX10	down	2	1.0	-0.103444	0.253431	0.206889
C16orf74	up	2	1.0	0.103436	0.00189985	0.206872
NCKAP1	down	2	1.0	-0.103413	0.0980106	0.206826
FBXO40	down	2	1.0	-0.103371	0.0122198	0.206741
SPATA31A5	down	2	1.0	-0.103369	0.00117416	0.206738
PCDH10	down	2	1.0	-0.103369	0.000764366	0.206737
ACIN1	up	2	1.0	0.103368	0.107321	0.206737
SPAG11A	down	2	1.0	-0.103346	0.0951602	0.206691
CHUK	down	2	1.0	-0.103327	0.120256	0.206654
ADIG	down	2	1.0	-0.103277	0.0161783	0.206554
SALL2	up	2	1.0	0.103262	0.0574845	0.206523
NSL1	down	2	1.0	-0.103231	0.206566	0.206463
POLR1B	up	2	1.0	0.103182	0.267279	0.206363
BAG6	down	2	1.0	-0.103177	0.17254	0.206354
SOX2	down	2	1.0	-0.103165	0.0109644	0.20633
MED15	up	2	1.0	0.103158	0.270538	0.206316
DMP1	down	2	1.0	-0.103073	0.0184942	0.206146
CFAP73	down	2	1.0	-0.103041	0.0764012	0.206082
RALYL	down	2	1.0	-0.102979	0.0417953	0.205958
CES4A	down	2	1.0	-0.102973	0.258134	0.205945
CNOT10	down	2	1.0	-0.102965	0.178785	0.205931
MAF1	down	2	1.0	-0.102947	0.13567	0.205893
OBP2B	down	2	1.0	-0.10291	0.00944748	0.205821
CTU2	down	2	1.0	-0.102908	0.0238607	0.205816
NPBWR1	down	2	1.0	-0.102835	0.0671215	0.20567
MRPS10	up	2	1.0	0.102798	0.0437747	0.205596
CCDC105	down	2	1.0	-0.10279	0.241944	0.205579
B4GALNT1	down	2	1.0	-0.102777	0.0258118	0.205555
CDH22	down	2	1.0	-0.102777	0.0683922	0.205555
NRBP2	down	2	1.0	-0.102756	0.0612085	0.205513
THUMPD1	down	2	1.0	-0.102744	0.0189704	0.205489
PDCD1	up	2	1.0	0.102714	0.00695413	0.205428
HIPK3	up	2	1.0	0.102692	0.0537658	0.205385
ZNF732	down	2	1.0	-0.102688	0.0111023	0.205376
RNF34	up	2	1.0	0.102677	0.0797893	0.205353
PDE6B	down	2	1.0	-0.102654	0.00777635	0.205307
ZBTB48	down	2	1.0	-0.102647	0.000141509	0.205294
ELF5	down	2	1.0	-0.102647	0.00693672	0.205294
BIN1	up	2	1.0	0.102562	0.0761776	0.205124
ZNF135	down	2	1.0	-0.102559	0.0657543	0.205118
SLURP1	down	2	1.0	-0.102557	0.158839	0.205115
WBSCR28	down	2	1.0	-0.102522	0.132709	0.205045
GABRR1	down	2	1.0	-0.102502	0.0161079	0.205004
C5orf42	down	2	1.0	-0.102499	0.214324	0.204997
MYBPC2	up	2	1.0	0.102489	0.0271174	0.204979
SERPINC1	down	2	1.0	-0.102448	0.122239	0.204896
HEATR9	down	2	1.0	-0.102415	0.0868355	0.204831
GNPDA1	down	2	1.0	-0.102392	0.106242	0.204784
DVL3	down	2	1.0	-0.102386	0.0134735	0.204771
ZKSCAN8	down	2	1.0	-0.102356	0.0503603	0.204713
TIMM10B	down	2	1.0	-0.102355	0.0343393	0.20471
BBS9	down	2	1.0	-0.102337	0.0929606	0.204674
CCT6B	down	2	1.0	-0.102323	0.0770151	0.204647
COPS7A	up	2	1.0	0.102286	0.113724	0.204573
RANBP9	down	2	1.0	-0.10224	6.67959e-05	0.204481
VEGFB	up	2	1.0	0.102184	0.186013	0.204368
PTK2B	up	2	1.0	0.102161	0.0776157	0.204322
ARNT2	up	2	1.0	0.102107	0.040459	0.204214
SGSM3	up	2	1.0	0.102103	0.00347013	0.204207
CHRNB1	down	2	1.0	-0.102081	0.159796	0.204162
OR51B5	down	2	1.0	-0.102077	0.139954	0.204155
LOC100132319	down	2	1.0	-0.102073	0.232979	0.204147
APEX1	down	2	1.0	-0.10207	0.0389382	0.20414
MASP2	down	2	1.0	-0.102009	0.0477735	0.204019
HDGF	down	2	1.0	-0.102	0.0507517	0.204001
WFDC13	down	2	1.0	-0.101914	0.00164136	0.203828
CT83	up	2	1.0	0.101885	0.00689059	0.203771
PIGO	down	2	1.0	-0.101849	0.209772	0.203698
CDC42BPB	up	2	1.0	0.101805	0.0875837	0.203611
DIP2A	down	2	1.0	-0.101781	0.0622817	0.203561
STAC2	down	2	1.0	-0.101773	0.101885	0.203545
SPTLC2	down	2	1.0	-0.101756	0.0487023	0.203512
FAM47A	down	2	1.0	-0.101743	0.0275145	0.203486
KIAA0100	up	2	1.0	0.101731	0.152782	0.203462
ZNF646	down	2	1.0	-0.101718	0.153962	0.203435
RRP8	down	2	1.0	-0.101712	0.0631674	0.203424
C1orf111	down	2	1.0	-0.101705	0.0108714	0.203411
KCNK4	down	2	1.0	-0.101703	0.0640697	0.203407
PANX2	up	2	1.0	0.10168	0.0286929	0.203361
OR5P3	down	2	1.0	-0.101623	0.0135847	0.203247
HIST1H1T	down	2	1.0	-0.101579	0.00659552	0.203159
NPAS4	down	2	1.0	-0.101567	0.0569238	0.203134
WASIR2	down	2	1.0	-0.101561	0.00880071	0.203122
COL2A1	up	2	1.0	0.101551	0.0168696	0.203102
UBE2U	down	2	1.0	-0.101474	0.018799	0.202949
ULK1	up	2	1.0	0.101468	0.188876	0.202937
CASP14	down	2	1.0	-0.101453	0.0929061	0.202907
CFAP221	down	2	1.0	-0.101428	0.0744153	0.202856
ZIC4	down	2	1.0	-0.101418	0.103942	0.202836
B3GNT6	down	2	1.0	-0.10138	0.281809	0.202759
PIH1D1	up	2	1.0	0.101356	0.0527	0.202713
POU4F2	down	2	1.0	-0.101347	0.430031	0.202694
CST9	down	2	1.0	-0.101293	0.0165868	0.202586
PSD4	up	2	1.0	0.101287	0.104078	0.202574
WBSCR17	down	2	1.0	-0.101246	0.0520768	0.202493
HIST1H4I	down	2	1.0	-0.101147	0.229384	0.202294
ATP2A1	down	2	1.0	-0.101126	0.0303421	0.202251
GUCY2F	down	2	1.0	-0.101077	0.00602416	0.202154
HILS1	down	2	1.0	-0.101063	0.0640216	0.202126
RGAG4	up	2	1.0	0.101061	0.0642837	0.202123
SOHLH1	down	2	1.0	-0.101056	0.0139443	0.202113
IL17B	down	2	1.0	-0.101032	0.134213	0.202064
FAM71D	down	2	1.0	-0.101013	0.174201	0.202025
GTF2H3	down	2	1.0	-0.101003	0.382191	0.202006
TALDO1	up	2	1.0	0.100951	0.0491786	0.201902
TCTEX1D1	up	2	1.0	0.100949	0.0262673	0.201899
FGFR1OP	down	2	1.0	-0.100931	0.311051	0.201863
SENP7	up	2	1.0	0.100926	0.0590798	0.201851
TAS2R1	down	2	1.0	-0.1009	0.0133288	0.201799
ZFP37	up	2	1.0	0.100899	0.0639203	0.201797
ZNF556	down	2	1.0	-0.100892	0.000445762	0.201784
C7orf33	down	2	1.0	-0.100872	0.0770836	0.201744
ONECUT1	down	2	1.0	-0.100863	0.00892463	0.201726
MCMBP	down	2	1.0	-0.1008	0.00880024	0.2016
CAND2	down	2	1.0	-0.100762	0.00854439	0.201524
UNC13A	up	2	1.0	0.100682	0.0465983	0.201365
BTNL2	down	2	1.0	-0.100663	0.0580914	0.201326
PRR35	down	2	1.0	-0.100633	0.0572867	0.201266
SH3BGRL3	up	2	1.0	0.100624	0.112779	0.201247
SFR1	up	2	1.0	0.100587	0.165008	0.201175
NPFFR2	up	2	1.0	0.100571	0.0439875	0.201141
SRRM2	up	2	1.0	0.100559	0.256146	0.201119
OR2F1	down	2	1.0	-0.100556	0.0583766	0.201113
MRPS34	down	2	1.0	-0.100534	0.186548	0.201067
STRN3	down	2	1.0	-0.10053	0.0337083	0.20106
LIN28B	down	2	1.0	-0.100433	0.0260948	0.200866
SARAF	up	2	1.0	0.100404	0.0292987	0.200808
SCOC-AS1	down	2	1.0	-0.1004	0.0110836	0.2008
SNX19	down	2	1.0	-0.100375	0.0390299	0.200749
FYCO1	up	2	1.0	0.10037	0.0281306	0.20074
FAM87A	down	2	1.0	-0.100351	0.0578174	0.200702
CARD18	down	2	1.0	-0.100306	0.0176827	0.200611
XPO6	up	2	1.0	0.100301	0.250501	0.200602
KERA	down	2	1.0	-0.10025	0.109284	0.200501
ZIC2	down	2	1.0	-0.100248	0.0669661	0.200496
CYP51A1	down	2	1.0	-0.100218	0.448664	0.200436
CUEDC2	up	2	1.0	0.100186	0.0673574	0.200371
IGSF1	down	2	1.0	-0.100153	0.0407985	0.200306
LY6G6D	down	2	1.0	-0.100101	0.163441	0.200201
FRS3	down	2	1.0	-0.100095	0.0151209	0.20019
HTR7	down	2	1.0	-0.100075	0.0737171	0.200151
TH	down	2	1.0	-0.100051	0.134802	0.200103
ISM2	down	2	1.0	-0.10005	0.0112115	0.2001
ERV3-1	up	2	1.0	0.100043	0.0630685	0.200087
RPTN	down	2	1.0	-0.100021	0.000714624	0.200041
RPL8	down	2	1.0	-0.100009	0.000688207	0.200018
ZNF114	down	2	1.0	-0.0999924	0.121694	0.199985
SP8	down	2	1.0	-0.0999285	0.022891	0.199857
GSDMB	up	2	1.0	0.099921	0.141398	0.199842
EXD1	down	2	1.0	-0.0999209	0.189061	0.199842
DTNBP1	up	2	1.0	0.0998638	0.00272381	0.199728
WSCD2	down	2	1.0	-0.0998434	0.20856	0.199687
TEKT1	down	2	1.0	-0.099835	0.0651903	0.19967
STK26	down	2	1.0	-0.0998283	0.0015891	0.199657
CALHM1	down	2	1.0	-0.0998094	0.136561	0.199619
ZNF266	up	2	1.0	0.0997958	0.445924	0.199592
MYL7	down	2	1.0	-0.0997148	0.0274295	0.19943
WDR3	up	2	1.0	0.0996858	0.396092	0.199372
RAE1	down	2	1.0	-0.0996763	0.106191	0.199353
SCUBE1	down	2	1.0	-0.0996692	0.171853	0.199338
WNT1	down	2	1.0	-0.099649	0.065523	0.199298
FAM174A	down	2	1.0	-0.0996367	0.238469	0.199273
AACS	down	2	1.0	-0.0996179	0.235246	0.199236
CXorf67	down	2	1.0	-0.0996073	0.154429	0.199215
REEP6	down	2	1.0	-0.0996023	0.197649	0.199205
SHFM1	up	2	1.0	0.0995873	0.00843759	0.199175
ADAM2	down	2	1.0	-0.0995596	0.000918022	0.199119
MARCKSL1	up	2	1.0	0.09954	0.0108251	0.19908
ECE2	down	2	1.0	-0.0995275	0.0117604	0.199055
DDX52	down	2	1.0	-0.0994947	0.0289353	0.198989
SNRNP25	down	2	1.0	-0.0994893	0.396956	0.198979
ATP6V0C	up	2	1.0	0.0994884	0.108005	0.198977
SVIL	up	2	1.0	0.0994881	0.269192	0.198976
HEXIM2	down	2	1.0	-0.0994366	0.0282399	0.198873
BCORL1	down	2	1.0	-0.0994223	0.00806634	0.198845
MYH4	down	2	1.0	-0.0993771	0.00791786	0.198754
OR7A10	down	2	1.0	-0.099364	0.00391774	0.198728
LPAR2	up	2	1.0	0.0993336	0.278736	0.198667
TP53BP2	up	2	1.0	0.0993248	0.0984445	0.19865
TXNDC8	down	2	1.0	-0.0993133	0.0402239	0.198627
C16orf82	down	2	1.0	-0.0992972	0.0157959	0.198594
SAT2	up	2	1.0	0.0992683	0.0151837	0.198537
ZNF146	up	2	1.0	0.0992542	0.0893837	0.198508
EMX1	down	2	1.0	-0.0992407	0.00222573	0.198481
ZNF804B	down	2	1.0	-0.0992355	0.0166614	0.198471
PCNA	up	2	1.0	0.0992262	0.242559	0.198452
PARP3	up	2	1.0	0.0992173	0.044243	0.198435
FMO9P	down	2	1.0	-0.0992064	0.00248247	0.198413
MEAF6	down	2	1.0	-0.0991935	0.0588097	0.198387
RNF4	up	2	1.0	0.0991352	0.136001	0.19827
RIBC1	down	2	1.0	-0.0990826	0.072161	0.198165
SLC5A5	down	2	1.0	-0.0990774	0.0782935	0.198155
UPK2	down	2	1.0	-0.0990768	0.00112816	0.198154
ARMT1	down	2	1.0	-0.0990654	0.144004	0.198131
TOR1A	down	2	1.0	-0.0989919	0.0474666	0.197984
LINC00905	down	2	1.0	-0.0989808	0.00627559	0.197962
LINGO1	down	2	1.0	-0.0989423	0.0305013	0.197885
FMO6P	down	2	1.0	-0.0989225	0.0362213	0.197845
PAXIP1	down	2	1.0	-0.0988992	0.00430205	0.197798
STX7	down	2	1.0	-0.098893	0.316953	0.197786
MAP6D1	down	2	1.0	-0.098882	0.0997086	0.197764
NKX6-2	down	2	1.0	-0.0988361	0.0114019	0.197672
MKRN3	down	2	1.0	-0.098794	0.182142	0.197588
KEL	up	2	1.0	0.098735	0.061977	0.19747
PDE6C	down	2	1.0	-0.0987165	0.0615518	0.197433
GAFA3	down	2	1.0	-0.0986926	0.0474889	0.197385
KRT3	down	2	1.0	-0.0986065	0.133704	0.197213
RPF2	up	2	1.0	0.0985984	0.304244	0.197197
C20orf141	down	2	1.0	-0.0985605	0.0408412	0.197121
TAS2R41	down	2	1.0	-0.0984993	0.118393	0.196999
ANKS6	down	2	1.0	-0.0984837	0.0827343	0.196967
TEX13B	down	2	1.0	-0.0984417	0.00403542	0.196883
PRR19	down	2	1.0	-0.098392	0.131176	0.196784
CAPSL	down	2	1.0	-0.0983896	0.00576231	0.196779
MYBPH	down	2	1.0	-0.0983451	0.0569813	0.19669
ZNF185	up	2	1.0	0.0983294	0.152289	0.196659
TRAIP	down	2	1.0	-0.0983228	0.097343	0.196646
IFRD1	down	2	1.0	-0.0982961	0.145624	0.196592
ATP8B4	up	2	1.0	0.0982825	0.374117	0.196565
FDX1L	down	2	1.0	-0.0982538	0.101179	0.196508
GRIN3B	down	2	1.0	-0.0982367	0.137817	0.196473
GALNT13	down	2	1.0	-0.0982332	0.0694465	0.196466
EXOSC6	down	2	1.0	-0.0982314	0.149347	0.196463
RSPRY1	down	2	1.0	-0.09823	0.0761304	0.19646
FEM1A	down	2	1.0	-0.0982173	0.104311	0.196435
SRD5A2	down	2	1.0	-0.0982053	0.0341234	0.196411
CNGA4	down	2	1.0	-0.0982046	0.0158939	0.196409
ZNF687	down	2	1.0	-0.0981391	0.00556484	0.196278
MYT1	down	2	1.0	-0.0981236	0.00932956	0.196247
ATMIN	down	2	1.0	-0.0980888	0.0273401	0.196178
PROX1	up	2	1.0	0.0980851	0.127951	0.19617
TBC1D8B	down	2	1.0	-0.0980612	0.243926	0.196122
PDIA2	down	2	1.0	-0.0979403	0.0286882	0.195881
LOC643659	down	2	1.0	-0.0979264	0.126505	0.195853
CALM2	down	2	1.0	-0.0979136	0.0523403	0.195827
GUCA1A	down	2	1.0	-0.0978898	0.00363222	0.19578
MSS51	up	2	1.0	0.0978875	0.380332	0.195775
TMEM219	down	2	1.0	-0.0978591	0.232874	0.195718
RUFY1	down	2	1.0	-0.0977996	0.0701369	0.195599
MOK	down	2	1.0	-0.0977821	0.170954	0.195564
TP53TG5	down	2	1.0	-0.0977793	0.205146	0.195559
FLJ20712	down	2	1.0	-0.0977405	0.0398901	0.195481
CDK5RAP1	up	2	1.0	0.0976949	0.248689	0.19539
CHD5	down	2	1.0	-0.0976718	0.0253755	0.195344
CACNG8	down	2	1.0	-0.0976573	0.00415944	0.195315
FAM217A	down	2	1.0	-0.0975543	0.0253992	0.195109
H2BFM	down	2	1.0	-0.0975381	0.134422	0.195076
CENPBD1P1	down	2	1.0	-0.0975347	0.131844	0.195069
PHF21B	down	2	1.0	-0.0974884	0.0260735	0.194977
HS3ST5	down	2	1.0	-0.0974623	0.154362	0.194925
DLX4	down	2	1.0	-0.0974338	0.0278857	0.194868
GPR22	down	2	1.0	-0.0974173	0.00394797	0.194835
MYL6	down	2	1.0	-0.097415	0.00413207	0.19483
POU5F2	down	2	1.0	-0.0974115	0.00292006	0.194823
MIR17HG	down	2	1.0	-0.0974112	0.0267374	0.194822
PLAGL2	down	2	1.0	-0.0973816	0.0548753	0.194763
RASL10B	down	2	1.0	-0.0973811	0.147611	0.194762
DNAH9	down	2	1.0	-0.09734	0.15502	0.19468
FANCB	up	2	1.0	0.0973254	0.0189635	0.194651
GEMIN6	up	2	1.0	0.0973233	0.323858	0.194647
APOBEC2	down	2	1.0	-0.097313	0.198703	0.194626
NUP35	up	2	1.0	0.0972825	0.0615912	0.194565
TAS1R1	down	2	1.0	-0.0972655	0.00184715	0.194531
RGS22	down	2	1.0	-0.0972577	0.13306	0.194515
ASCL1	down	2	1.0	-0.0972411	0.0274721	0.194482
DROSHA	down	2	1.0	-0.0971993	0.0701012	0.194399
AMELX	down	2	1.0	-0.0971043	0.0654893	0.194209
OSGIN1	down	2	1.0	-0.0970155	0.0360577	0.194031
LRRC52	down	2	1.0	-0.0970112	0.080873	0.194022
FBXO21	down	2	1.0	-0.0969944	0.122044	0.193989
PRM2	down	2	1.0	-0.0969824	0.12047	0.193965
FBXO38	down	2	1.0	-0.0969818	0.0694449	0.193964
HPRT1	down	2	1.0	-0.0969469	0.119946	0.193894
TIMM22	up	2	1.0	0.096936	0.323028	0.193872
KRT71	down	2	1.0	-0.0969081	0.0253686	0.193816
ALDH16A1	up	2	1.0	0.0969015	0.00251692	0.193803
GOLGA5	up	2	1.0	0.0968636	0.210106	0.193727
KCNA7	down	2	1.0	-0.0968266	0.0136275	0.193653
CDH9	down	2	1.0	-0.096767	0.0350265	0.193534
TAF1C	up	2	1.0	0.096753	0.00250377	0.193506
SLC22A24	down	2	1.0	-0.0967406	0.00722038	0.193481
APEH	down	2	1.0	-0.0967351	0.311626	0.19347
LINC00693	down	2	1.0	-0.0967201	0.038893	0.19344
ZNF526	up	2	1.0	0.096716	0.143475	0.193432
PON1	down	2	1.0	-0.0967088	0.0937092	0.193418
P2RX3	down	2	1.0	-0.0967037	0.0249208	0.193407
MAST3	up	2	1.0	0.0966807	0.206685	0.193361
EHBP1	up	2	1.0	0.0966322	0.458503	0.193264
STXBP2	down	2	1.0	-0.0966193	0.0255659	0.193239
H2AFB1	down	2	1.0	-0.0966063	0.103731	0.193213
GCNT3	up	2	1.0	0.0965942	0.318101	0.193188
GRM7	down	2	1.0	-0.0965703	0.0649066	0.193141
ARL5C	down	2	1.0	-0.0965414	0.0621755	0.193083
OR8D2	down	2	1.0	-0.0965362	0.106729	0.193072
CRNN	down	2	1.0	-0.0965333	0.0775597	0.193067
LOC101927830	down	2	1.0	-0.0965299	0.0764876	0.19306
MGARP	down	2	1.0	-0.0965106	0.0151281	0.193021
GATA1	down	2	1.0	-0.0964852	0.150583	0.19297
LPO	down	2	1.0	-0.0964431	0.0897393	0.192886
SPATA31D1	down	2	1.0	-0.0964365	0.0360251	0.192873
ZRANB1	down	2	1.0	-0.0964349	0.05497	0.19287
MYLPF	down	2	1.0	-0.0963476	0.0820795	0.192695
DNAH2	up	2	1.0	0.096338	0.0898276	0.192676
OR2K2	down	2	1.0	-0.0962894	0.0107892	0.192579
FOXR2	down	2	1.0	-0.0962569	0.0118313	0.192514
SUV39H2	up	2	1.0	0.09625	0.404525	0.1925
IFNW1	down	2	1.0	-0.0962188	0.0465088	0.192438
LOC100128185	down	2	1.0	-0.0962097	0.00163645	0.192419
RPS20	up	2	1.0	0.0961884	0.0376371	0.192377
CRHR1-IT1	down	2	1.0	-0.0961843	0.040976	0.192369
GDNF	down	2	1.0	-0.0961716	0.0103992	0.192343
C12orf74	down	2	1.0	-0.0961428	0.110103	0.192286
PCDH9	down	2	1.0	-0.0961319	0.11283	0.192264
RYR2	up	2	1.0	0.0961293	0.153836	0.192259
OGFOD3	down	2	1.0	-0.0960888	0.0129432	0.192178
TUBB4B	up	2	1.0	0.0960822	0.0978661	0.192164
LUZP6	up	2	1.0	0.0960778	0.0415949	0.192156
CSMD3	down	2	1.0	-0.0960566	0.145685	0.192113
KLF16	up	2	1.0	0.0959986	0.148851	0.191997
FGF13	down	2	1.0	-0.095996	0.0438285	0.191992
BCL7C	down	2	1.0	-0.0959875	0.210623	0.191975
ATXN2	down	2	1.0	-0.0959658	0.00440395	0.191932
ZNF70	up	2	1.0	0.0959557	0.101966	0.191911
PUM1	down	2	1.0	-0.0959342	0.0116048	0.191868
FAM175B	down	2	1.0	-0.0959131	0.0296586	0.191826
PATZ1	down	2	1.0	-0.0957689	0.018221	0.191538
ATP1B1	down	2	1.0	-0.0957671	0.0143172	0.191534
ACTRT3	down	2	1.0	-0.0957357	0.11219	0.191471
IL1RAPL1	down	2	1.0	-0.0957119	0.0306665	0.191424
GRPEL1	down	2	1.0	-0.0956979	0.15794	0.191396
SRSF2	up	2	1.0	0.0956697	0.148058	0.191339
ISM1	down	2	1.0	-0.095649	0.0312344	0.191298
IL4	down	2	1.0	-0.0956485	0.0237238	0.191297
TMCO2	down	2	1.0	-0.0956379	0.164907	0.191276
CSN2	down	2	1.0	-0.0956095	0.0187959	0.191219
CMYA5	down	2	1.0	-0.095417	0.00702046	0.190834
CDKN2A-AS1	down	2	1.0	-0.0953952	0.0264264	0.19079
RAB9BP1	down	2	1.0	-0.0953362	0.00247073	0.190672
ATG12	up	2	1.0	0.0953265	0.22955	0.190653
TRIM25	down	2	1.0	-0.0953151	0.15615	0.19063
KIAA1614	down	2	1.0	-0.095308	0.0268642	0.190616
TCEAL8	up	2	1.0	0.0953052	0.143416	0.19061
C6orf25	down	2	1.0	-0.0952982	0.148204	0.190596
FBXO39	down	2	1.0	-0.0952727	0.0766692	0.190545
KIN	down	2	1.0	-0.0952565	0.0296109	0.190513
RPL27	up	2	1.0	0.0952187	3.18657e-05	0.190437
RPL34	down	2	1.0	-0.0951991	0.0601057	0.190398
RABEPK	up	2	1.0	0.0951958	0.113251	0.190392
EPHA1	down	2	1.0	-0.095167	0.0879353	0.190334
APOC3	down	2	1.0	-0.0951469	0.119052	0.190294
DCAF4L2	down	2	1.0	-0.0951415	0.0174429	0.190283
CDH7	down	2	1.0	-0.0951244	0.00623675	0.190249
INGX	down	2	1.0	-0.0951159	0.0370334	0.190232
IMPG1	down	2	1.0	-0.0951068	0.0610971	0.190214
NDUFAF3	down	2	1.0	-0.0951018	0.004529	0.190204
FGFRL1	down	2	1.0	-0.0950522	0.0380398	0.190104
CATX-1	down	2	1.0	-0.0950246	0.030072	0.190049
OR7A5	down	2	1.0	-0.0949486	0.10462	0.189897
PLAG1	up	2	1.0	0.0949191	0.467744	0.189838
YWHAH	down	2	1.0	-0.0949074	0.249185	0.189815
HTRA2	up	2	1.0	0.0949031	0.0167095	0.189806
SPACA3	down	2	1.0	-0.0948895	0.0360735	0.189779
PLA2G2E	down	2	1.0	-0.0948699	0.128026	0.18974
NUP214	down	2	1.0	-0.0948661	0.0043596	0.189732
SCN4B	down	2	1.0	-0.0948457	0.0630862	0.189691
RAPSN	down	2	1.0	-0.0948107	0.0593243	0.189621
OR10D3	down	2	1.0	-0.0948037	0.0439344	0.189607
CFAP61	down	2	1.0	-0.0947959	0.00249677	0.189592
KRT83	down	2	1.0	-0.0947802	0.0712649	0.18956
ZNF555	up	2	1.0	0.0947724	0.0238607	0.189545
PROK1	down	2	1.0	-0.0947311	0.0560688	0.189462
EFHB	down	2	1.0	-0.094675	0.0837736	0.18935
NOP14	up	2	1.0	0.0946676	0.220332	0.189335
UBA52	up	2	1.0	0.094635	0.0145986	0.18927
OTX1	down	2	1.0	-0.0946263	0.0366755	0.189253
RAB27A	up	2	1.0	0.0946263	0.23818	0.189253
LINC00319	down	2	1.0	-0.0946233	0.0351629	0.189247
MICU1	down	2	1.0	-0.0946054	0.210156	0.189211
GRIK3	down	2	1.0	-0.0945919	0.0116059	0.189184
MBL2	down	2	1.0	-0.0945307	0.0140395	0.189061
TPO	up	2	1.0	0.0945224	0.0600551	0.189045
SYT6	down	2	1.0	-0.0944973	0.0737795	0.188995
EDC3	up	2	1.0	0.0944908	0.032191	0.188982
TBL3	down	2	1.0	-0.0944814	0.32918	0.188963
SARNP	up	2	1.0	0.0944726	0.256957	0.188945
SLC35F3	down	2	1.0	-0.0944674	0.0165193	0.188935
ZNF599	down	2	1.0	-0.0944414	0.0342602	0.188883
ELMOD1	down	2	1.0	-0.0944301	0.00931944	0.18886
TIMP4	up	2	1.0	0.0944129	0.0229619	0.188826
FLAD1	down	2	1.0	-0.0943955	0.248564	0.188791
CYP11B1	down	2	1.0	-0.0943672	0.00250589	0.188734
NUP54	down	2	1.0	-0.094355	0.121656	0.18871
POLE3	down	2	1.0	-0.0943275	0.132084	0.188655
SIX2	down	2	1.0	-0.0943157	0.179548	0.188631
TBX18	down	2	1.0	-0.0942726	0.253294	0.188545
SCN3B	up	2	1.0	0.0942663	0.0153325	0.188533
ANKRD31	down	2	1.0	-0.0942624	0.0119978	0.188525
PPBPP2	down	2	1.0	-0.0942279	0.0540519	0.188456
ILF3	up	2	1.0	0.0942277	0.144225	0.188455
TMEM59L	down	2	1.0	-0.094214	0.127951	0.188428
TRIM51	down	2	1.0	-0.0942041	0.14343	0.188408
LINC00326	down	2	1.0	-0.0942021	0.0621664	0.188404
RSBN1L	down	2	1.0	-0.0941912	0.158817	0.188382
SLCO4A1-AS1	up	2	1.0	0.0941846	0.0647184	0.188369
IRF2BP1	down	2	1.0	-0.0941797	0.0326079	0.188359
ADAM18	down	2	1.0	-0.094099	0.063566	0.188198
KHDRBS1	up	2	1.0	0.0940871	0.149095	0.188174
C9orf135	down	2	1.0	-0.0940756	0.0747552	0.188151
KDM1A	up	2	1.0	0.0940495	0.207722	0.188099
CCDC42	down	2	1.0	-0.0939947	0.0905488	0.187989
NDUFB4	down	2	1.0	-0.0939825	0.321615	0.187965
LYPD4	down	2	1.0	-0.0939581	0.0405877	0.187916
KRT32	down	2	1.0	-0.0939514	0.0666943	0.187903
N4BP3	down	2	1.0	-0.0939227	0.0937092	0.187845
PTCD2	up	2	1.0	0.093908	0.393916	0.187816
MYT1L	down	2	1.0	-0.0938567	0.12359	0.187713
EIF4ENIF1	down	2	1.0	-0.0938543	0.00166683	0.187709
FAM170B	down	2	1.0	-0.093842	0.193938	0.187684
NAGA	down	2	1.0	-0.0938333	0.0336254	0.187667
HOXB1	down	2	1.0	-0.0937788	0.182971	0.187558
TUBA3FP	down	2	1.0	-0.0937701	0.00197329	0.18754
GC	down	2	1.0	-0.0937561	0.0453534	0.187512
DNAJC2	up	2	1.0	0.0937378	0.213601	0.187476
COL11A2	down	2	1.0	-0.0937036	0.0242884	0.187407
AGTR2	down	2	1.0	-0.0936796	0.0247478	0.187359
CTNNA3	down	2	1.0	-0.0936497	0.00921619	0.187299
KCNC3	down	2	1.0	-0.0936373	0.0147411	0.187275
HIRA	down	2	1.0	-0.0935538	0.0724552	0.187108
ASB17	down	2	1.0	-0.0935474	0.0297236	0.187095
PRAMEF12	down	2	1.0	-0.0935274	0.112724	0.187055
PHKG1	down	2	1.0	-0.0935214	0.0841957	0.187043
WRAP53	up	2	1.0	0.0935191	0.0404309	0.187038
GAMT	up	2	1.0	0.09351	0.138466	0.18702
GPR156	down	2	1.0	-0.0934717	0.0279714	0.186943
MYO3A	down	2	1.0	-0.0933889	0.138751	0.186778
FZD2	up	2	1.0	0.0933783	0.0214272	0.186757
ADGRD2	down	2	1.0	-0.0933503	0.0792627	0.186701
C1GALT1C1L	down	2	1.0	-0.0933	0.216423	0.1866
JMJD8	up	2	1.0	0.0932903	0.015302	0.186581
LOC654780	down	2	1.0	-0.0932778	0.0761413	0.186556
ITIH1	down	2	1.0	-0.0932777	0.0857921	0.186555
WBP2NL	down	2	1.0	-0.0932755	0.0621923	0.186551
VAX2	down	2	1.0	-0.093272	0.0121729	0.186544
C14orf37	down	2	1.0	-0.0932634	0.176132	0.186527
TRMT44	down	2	1.0	-0.0932615	0.103445	0.186523
PGLYRP2	down	2	1.0	-0.0932301	0.0580017	0.18646
C18orf25	down	2	1.0	-0.0932221	0.047513	0.186444
ABCD4	down	2	1.0	-0.0931982	0.0244843	0.186396
MREG	down	2	1.0	-0.0931716	0.0111112	0.186343
MTMR10	down	2	1.0	-0.0931685	9.85318e-05	0.186337
MTUS2	down	2	1.0	-0.0931684	0.055171	0.186337
ALX4	down	2	1.0	-0.0931676	0.0484451	0.186335
EMX2	down	2	1.0	-0.0931534	0.0011482	0.186307
LYRM4	up	2	1.0	0.0931533	0.473048	0.186307
NGF	down	2	1.0	-0.0931524	0.0926499	0.186305
BSPRY	down	2	1.0	-0.0930982	0.173081	0.186196
ZMYM1	down	2	1.0	-0.0930876	0.0517423	0.186175
C5orf47	down	2	1.0	-0.0930173	0.0504542	0.186035
TBX4	down	2	1.0	-0.0929702	0.158319	0.18594
SSU72	down	2	1.0	-0.0929652	0.00625439	0.18593
KRT18	up	2	1.0	0.0929572	0.153251	0.185914
CLEC4M	down	2	1.0	-0.092953	0.0309096	0.185906
FBXO2	up	2	1.0	0.0928757	0.0585854	0.185751
ZXDB	down	2	1.0	-0.0928362	0.0512313	0.185672
KDM5A	down	2	1.0	-0.0928111	0.0912081	0.185622
EMC9	down	2	1.0	-0.0927626	0.296963	0.185525
FOXO3B	down	2	1.0	-0.092761	0.122357	0.185522
PPP1R3A	down	2	1.0	-0.0927344	0.010224	0.185469
GAS2L2	down	2	1.0	-0.0927326	0.238537	0.185465
NETO1	up	2	1.0	0.0927299	0.0406109	0.18546
RHOV	down	2	1.0	-0.0927234	0.180982	0.185447
CASP9	down	2	1.0	-0.0927176	0.030305	0.185435
NOB1	up	2	1.0	0.0926959	0.220542	0.185392
SERPINB13	down	2	1.0	-0.0926922	0.0177655	0.185384
TVP23A	up	2	1.0	0.0926881	0.0320709	0.185376
CPSF4	up	2	1.0	0.0926761	0.0790067	0.185352
NUDT10	down	2	1.0	-0.0926662	0.037327	0.185332
UROC1	down	2	1.0	-0.0926623	0.0896841	0.185325
RYR1	down	2	1.0	-0.092658	0.00134991	0.185316
GTF2F1	down	2	1.0	-0.0926373	0.125921	0.185275
ZNF318	up	2	1.0	0.0926304	0.0549644	0.185261
CUL9	down	2	1.0	-0.0926149	0.131009	0.18523
PTMA	up	2	1.0	0.0926124	0.0290527	0.185225
GALR3	down	2	1.0	-0.0926124	0.225795	0.185225
CDH16	down	2	1.0	-0.0926113	0.0515271	0.185223
PIPOX	down	2	1.0	-0.0926065	0.20712	0.185213
SF3A1	up	2	1.0	0.0925426	0.225397	0.185085
IDI2-AS1	down	2	1.0	-0.0925235	0.181551	0.185047
DPPA2	down	2	1.0	-0.0925056	0.0093816	0.185011
METTL21B	up	2	1.0	0.09248	0.219902	0.18496
RCOR2	down	2	1.0	-0.0924785	0.0840614	0.184957
TMBIM4	down	2	1.0	-0.0924627	0.0869824	0.184925
TNN	down	2	1.0	-0.0924563	0.111395	0.184913
SLC25A18	down	2	1.0	-0.0924461	0.222726	0.184892
CCDC187	down	2	1.0	-0.0923967	0.153854	0.184793
CFAP53	down	2	1.0	-0.0923768	0.225121	0.184754
YTHDF2	up	2	1.0	0.0923583	7.9539e-06	0.184717
ABCF3	up	2	1.0	0.0923447	0.0786707	0.184689
LHFPL2	down	2	1.0	-0.092322	0.0810026	0.184644
DUSP13	down	2	1.0	-0.0923172	0.0744043	0.184634
SPINK6	down	2	1.0	-0.0923133	0.00459867	0.184627
TRIML2	down	2	1.0	-0.092291	0.209933	0.184582
HCN1	down	2	1.0	-0.0922529	0.0324189	0.184506
ASTN1	down	2	1.0	-0.092251	0.0307033	0.184502
SDR9C7	down	2	1.0	-0.0922089	0.0850521	0.184418
SYNM	down	2	1.0	-0.0922014	0.0430808	0.184403
PSMD8	up	2	1.0	0.0921957	0.268414	0.184391
USP44	down	2	1.0	-0.0921692	0.0835816	0.184338
TTTY5	down	2	1.0	-0.0921588	0.031256	0.184318
RFPL2	down	2	1.0	-0.0921587	0.157806	0.184317
NAG18	down	2	1.0	-0.0921178	0.192522	0.184236
SHCBP1L	down	2	1.0	-0.0920549	0.076934	0.18411
DEFB118	down	2	1.0	-0.0920491	0.0840639	0.184098
ANKRD45	down	2	1.0	-0.0920327	0.179494	0.184065
TULP1	down	2	1.0	-0.0920237	0.0305737	0.184047
SPNS3	up	2	1.0	0.0920215	0.0478824	0.184043
DNAJC17	down	2	1.0	-0.09193	0.17166	0.18386
DFFB	up	2	1.0	0.0919057	0.193723	0.183811
LPA	down	2	1.0	-0.0918972	0.00519	0.183794
RFPL3	down	2	1.0	-0.0918066	0.0811152	0.183613
CHIC1	down	2	1.0	-0.0917367	0.0663154	0.183473
RNF17	down	2	1.0	-0.0917276	0.0251078	0.183455
NR2C2AP	down	2	1.0	-0.0916952	0.349406	0.18339
C1orf94	down	2	1.0	-0.091693	0.129047	0.183386
EAF1	up	2	1.0	0.091634	0.0770221	0.183268
FAM71E2	down	2	1.0	-0.0916029	0.0216208	0.183206
WDR93	down	2	1.0	-0.0915973	0.0937843	0.183195
C9orf43	up	2	1.0	0.0915737	0.023475	0.183147
MGAT4EP	down	2	1.0	-0.0915518	0.0325139	0.183104
TMEM217	up	2	1.0	0.0915436	0.169351	0.183087
KNDC1	down	2	1.0	-0.0915313	0.00699724	0.183063
KRT25	down	2	1.0	-0.0915212	0.0344683	0.183042
ZNF92	down	2	1.0	-0.091514	0.0792541	0.183028
TMCO4	down	2	1.0	-0.091496	0.0132911	0.182992
CRYBB2P1	down	2	1.0	-0.0914874	0.00194642	0.182975
WFDC10B	down	2	1.0	-0.0914829	0.230723	0.182966
PNLIPRP3	down	2	1.0	-0.0914763	0.0310236	0.182953
MAML1	down	2	1.0	-0.0914675	0.102694	0.182935
MYL4	up	2	1.0	0.0914323	0.209441	0.182865
LOC284788	down	2	1.0	-0.0913972	0.0434727	0.182794
LOC162137	down	2	1.0	-0.0913044	0.141112	0.182609
C12orf75	up	2	1.0	0.0912761	0.302858	0.182552
SPSB2	down	2	1.0	-0.0912344	0.140327	0.182469
RASL11A	down	2	1.0	-0.091206	0.248707	0.182412
PUM3	up	2	1.0	0.0911953	0.270722	0.182391
GALR1	down	2	1.0	-0.0911539	0.130341	0.182308
L1CAM	up	2	1.0	0.0911158	0.0493096	0.182232
GPR17	down	2	1.0	-0.0910228	0.0229649	0.182046
GPC2	down	2	1.0	-0.0909856	0.0825167	0.181971
DEFB103A	up	2	1.0	0.0909643	0.0485957	0.181929
PHEX	down	2	1.0	-0.0909006	0.00230033	0.181801
VWA9	down	2	1.0	-0.0908577	0.070726	0.181715
SLC5A7	down	2	1.0	-0.0908356	0.00254072	0.181671
SPP2	down	2	1.0	-0.0908162	0.00250997	0.181632
CACNA1B	down	2	1.0	-0.0907808	0.105506	0.181562
DLX1	down	2	1.0	-0.0907618	0.0394434	0.181524
E2F8	down	2	1.0	-0.0907452	0.370293	0.18149
COL8A2	up	2	1.0	0.0907085	0.0213867	0.181417
AQR	down	2	1.0	-0.0906951	0.0422702	0.18139
IMPDH2	down	2	1.0	-0.0906641	0.210954	0.181328
ASPRV1	down	2	1.0	-0.0906625	0.0893055	0.181325
PRELID3A	down	2	1.0	-0.090648	0.158967	0.181296
HYAL4	down	2	1.0	-0.0906399	0.0641252	0.18128
ZCCHC12	down	2	1.0	-0.090639	0.0873469	0.181278
SPO11	down	2	1.0	-0.0905726	0.0117183	0.181145
DHRS2	down	2	1.0	-0.0905722	0.162389	0.181144
RANBP10	down	2	1.0	-0.0905549	0.0383828	0.18111
MOGAT1	down	2	1.0	-0.0905508	0.0396332	0.181102
ARL4D	down	2	1.0	-0.090548	0.0935425	0.181096
ASXL2	up	2	1.0	0.0904473	0.331714	0.180895
AQP2	down	2	1.0	-0.0904359	0.0164997	0.180872
TMEM130	down	2	1.0	-0.0904115	0.102089	0.180823
PGBD1	up	2	1.0	0.0903538	0.0147742	0.180708
MYOC	down	2	1.0	-0.0903493	0.0943684	0.180699
CASR	down	2	1.0	-0.0903475	0.0360577	0.180695
AMER2	down	2	1.0	-0.0902917	0.0647334	0.180583
PDCL	down	2	1.0	-0.0902709	0.268281	0.180542
GLO1	down	2	1.0	-0.0902558	0.120571	0.180512
BPIFC	down	2	1.0	-0.0902244	0.0478505	0.180449
POLR3E	down	2	1.0	-0.0902196	0.026055	0.180439
HPD	down	2	1.0	-0.0901313	0.09578	0.180263
TGM4	down	2	1.0	-0.0901004	0.122592	0.180201
ATP13A5	down	2	1.0	-0.0900188	0.0608453	0.180038
KLF14	down	2	1.0	-0.0900158	0.0220472	0.180032
ABHD17B	down	2	1.0	-0.0899322	0.0728055	0.179864
SLC9A5	down	2	1.0	-0.0898309	0.0395768	0.179662
AANAT	down	2	1.0	-0.0898239	0.0694208	0.179648
EFCAB10	down	2	1.0	-0.0897958	0.152544	0.179592
TSPYL1	down	2	1.0	-0.0897628	0.010943	0.179526
PHF8	down	2	1.0	-0.0897405	0.00816548	0.179481
LMO7	down	2	1.0	-0.0897036	0.341836	0.179407
SUGT1P1	down	2	1.0	-0.0896823	0.179401	0.179365
IGF2BP2-AS1	down	2	1.0	-0.0896813	0.0627405	0.179363
TLR7	up	2	1.0	0.089649	0.240416	0.179298
UBE2D3	down	2	1.0	-0.0896306	0.0602281	0.179261
ZCCHC8	down	2	1.0	-0.089585	0.0216065	0.17917
RPS10-NUDT3	down	2	1.0	-0.0895589	0.141188	0.179118
CTAGE1	down	2	1.0	-0.0895565	0.0785729	0.179113
MGRN1	up	2	1.0	0.0895435	0.188923	0.179087
BCDIN3D	up	2	1.0	0.0894486	0.367323	0.178897
IFNE	up	2	1.0	0.08943	0.0218426	0.17886
FGF19	down	2	1.0	-0.089415	0.00716288	0.17883
ATP8B5P	down	2	1.0	-0.0893811	0.171563	0.178762
SF3B2	up	2	1.0	0.0893495	0.0381539	0.178699
C7orf50	up	2	1.0	0.0892976	0.00328544	0.178595
CPPED1	down	2	1.0	-0.0892321	0.441117	0.178464
CNBD1	down	2	1.0	-0.0892051	0.00350844	0.17841
SYT3	down	2	1.0	-0.0891973	0.0156447	0.178395
HIST2H4B	down	2	1.0	-0.0891822	0.221155	0.178364
CCDC6	down	2	1.0	-0.0891438	0.0971044	0.178288
PM20D1	up	2	1.0	0.0891198	0.0757845	0.17824
SPATA6	down	2	1.0	-0.0891119	0.0195618	0.178224
FBN3	down	2	1.0	-0.0890909	0.0170945	0.178182
PGLYRP4	up	2	1.0	0.0890586	0.0518281	0.178117
CNOT6	down	2	1.0	-0.0890191	0.203389	0.178038
PRR18	down	2	1.0	-0.0890058	6.78146e-05	0.178012
TSSK1B	down	2	1.0	-0.0889682	0.180174	0.177936
HSPA4	up	2	1.0	0.0888881	0.15892	0.177776
CES5A	down	2	1.0	-0.0888774	0.139974	0.177755
KRTAP11-1	down	2	1.0	-0.0888625	0.0994015	0.177725
FXR2	up	2	1.0	0.0888475	0.210146	0.177695
LINC00301	down	2	1.0	-0.0888232	0.0950651	0.177646
TNFSF18	down	2	1.0	-0.08882	0.00839295	0.17764
MTCH1	down	2	1.0	-0.0888126	0.0040641	0.177625
ZNF300	up	2	1.0	0.0887919	0.265136	0.177584
CCDC181	down	2	1.0	-0.0887726	0.0160271	0.177545
SLC4A1AP	down	2	1.0	-0.0887598	0.115866	0.17752
UNC5A	down	2	1.0	-0.0887555	0.0327895	0.177511
DAW1	down	2	1.0	-0.0887554	0.0444709	0.177511
FBXO30	up	2	1.0	0.0887508	0.325431	0.177502
FDXACB1	up	2	1.0	0.088717	0.217467	0.177434
TOP3A	down	2	1.0	-0.0886814	0.140325	0.177363
TRIM32	down	2	1.0	-0.0886708	0.155589	0.177342
SBK1	down	2	1.0	-0.088668	0.163299	0.177336
ASB15	down	2	1.0	-0.0886381	0.275481	0.177276
AKAP8L	down	2	1.0	-0.0886071	0.00175594	0.177214
TERB1	down	2	1.0	-0.0885936	0.0497426	0.177187
PALM	down	2	1.0	-0.0885698	0.0293116	0.17714
PMCHL2	down	2	1.0	-0.0885538	0.0117319	0.177108
TTTY10	down	2	1.0	-0.0885537	0.281401	0.177107
KRT33A	down	2	1.0	-0.0885475	0.053549	0.177095
PEF1	up	2	1.0	0.0885425	0.0364851	0.177085
MYOZ2	down	2	1.0	-0.0885381	0.0108432	0.177076
CYP4F30P	down	2	1.0	-0.0885347	0.0362224	0.177069
C10orf126	down	2	1.0	-0.0885147	0.0190247	0.177029
MROH2B	down	2	1.0	-0.0884633	0.0708553	0.176927
PBDC1	down	2	1.0	-0.088463	0.132463	0.176926
DEK	up	2	1.0	0.0884237	0.124525	0.176847
CABP4	down	2	1.0	-0.0884122	0.0717902	0.176824
LOC100133131	down	2	1.0	-0.0884031	0.00459553	0.176806
SIX5	down	2	1.0	-0.0883746	0.0215932	0.176749
ASGR1	up	2	1.0	0.0882995	0.0498292	0.176599
SLC17A3	down	2	1.0	-0.0882845	0.0692363	0.176569
ESCO1	down	2	1.0	-0.0882808	0.059657	0.176562
RFESD	down	2	1.0	-0.0882452	0.214603	0.17649
LINC00529	down	2	1.0	-0.0882171	0.0559017	0.176434
FRMPD4	down	2	1.0	-0.0882046	0.141338	0.176409
TFAP2D	down	2	1.0	-0.0881321	0.075977	0.176264
USP28	up	2	1.0	0.0881148	0.086295	0.17623
JRK	down	2	1.0	-0.0880549	0.0196604	0.17611
ZNF692	up	2	1.0	0.0879919	0.48237	0.175984
SYN1	down	2	1.0	-0.0879098	0.00853939	0.17582
DEFB132	down	2	1.0	-0.0878926	0.0190099	0.175785
ZNRD1	up	2	1.0	0.0878883	0.375374	0.175777
LOC100131496	down	2	1.0	-0.0878547	0.00365227	0.175709
SLC27A6	down	2	1.0	-0.0877718	0.0549101	0.175544
NPPB	down	2	1.0	-0.0877593	0.0947524	0.175519
DYDC2	down	2	1.0	-0.0877483	0.0386392	0.175497
MAGEA11	down	2	1.0	-0.0877371	0.0616236	0.175474
KCNC2	down	2	1.0	-0.0877275	0.100949	0.175455
OXT	down	2	1.0	-0.0877177	0.165003	0.175435
CTR9	up	2	1.0	0.0876919	0.295144	0.175384
SORCS3	down	2	1.0	-0.087635	0.0758212	0.17527
IP6K1	down	2	1.0	-0.0876238	0.0542516	0.175248
GOLGA6L6	down	2	1.0	-0.0876191	0.24289	0.175238
TEX33	down	2	1.0	-0.0876109	0.169345	0.175222
OS9	up	2	1.0	0.0875981	0.0904834	0.175196
ARL9	up	2	1.0	0.0875915	0.33735	0.175183
PICK1	down	2	1.0	-0.0874992	0.0694208	0.174998
LSM7	up	2	1.0	0.0874986	0.132827	0.174997
TAS1R2	down	2	1.0	-0.0874761	0.0148759	0.174952
OR5I1	down	2	1.0	-0.0874697	0.0415789	0.174939
SLC52A2	up	2	1.0	0.0873938	0.0864533	0.174788
CNTN5	down	2	1.0	-0.0873905	0.0440475	0.174781
LINC00216	down	2	1.0	-0.0873686	0.0488951	0.174737
SCN10A	down	2	1.0	-0.0873629	0.185594	0.174726
TRIM72	down	2	1.0	-0.0873163	0.094593	0.174633
CSRNP2	up	2	1.0	0.0873026	0.331528	0.174605
FAM98B	down	2	1.0	-0.0872939	0.201218	0.174588
PPFIA2	up	2	1.0	0.0872767	0.311174	0.174553
DEDD2	down	2	1.0	-0.0872339	0.0815969	0.174468
NAA30	down	2	1.0	-0.087198	0.211585	0.174396
FAM46D	down	2	1.0	-0.0871707	0.0157899	0.174341
CFHR4	down	2	1.0	-0.0871283	0.0340928	0.174257
AKR1D1	down	2	1.0	-0.0871033	0.0313466	0.174207
PFN1	up	2	1.0	0.0870879	0.207148	0.174176
MDP1	down	2	1.0	-0.0870735	0.329744	0.174147
TEX35	down	2	1.0	-0.0870614	0.0596776	0.174123
JPH2	down	2	1.0	-0.0870605	0.142649	0.174121
LUZP4	down	2	1.0	-0.0870292	0.0337299	0.174058
LRRC20	up	2	1.0	0.0869759	0.213851	0.173952
PVALB	up	2	1.0	0.0869713	0.0600942	0.173943
TRIM17	down	2	1.0	-0.0869712	0.0529838	0.173942
GJA8	down	2	1.0	-0.0869406	0.0111519	0.173881
PON2	down	2	1.0	-0.0869347	0.147339	0.173869
KRT10	down	2	1.0	-0.0869068	0.119274	0.173814
APMAP	down	2	1.0	-0.0868893	0.168762	0.173779
GPBAR1	down	2	1.0	-0.0868645	0.233457	0.173729
GRIK1	down	2	1.0	-0.0868358	0.00912764	0.173672
ANKS3	down	2	1.0	-0.0868285	0.168581	0.173657
SPACA4	down	2	1.0	-0.0868136	0.0159235	0.173627
SPATA22	down	2	1.0	-0.0867943	0.0028881	0.173589
TDG	up	2	1.0	0.0867707	0.0467445	0.173541
BRD3	down	2	1.0	-0.0867365	0.0849092	0.173473
MRPL58	up	2	1.0	0.0867342	0.171039	0.173468
CRX	down	2	1.0	-0.0867201	0.0427491	0.17344
PPIL4	down	2	1.0	-0.0866988	0.115356	0.173398
TEX28	down	2	1.0	-0.0866916	0.00474935	0.173383
RPP40	up	2	1.0	0.0865955	0.26417	0.173191
PLA2G1B	down	2	1.0	-0.0865599	0.0464169	0.17312
SLC2A4	down	2	1.0	-0.0865203	0.0284125	0.173041
SPPL2C	down	2	1.0	-0.0865199	0.0193118	0.17304
SRP9	down	2	1.0	-0.0864793	0.332144	0.172959
RIPPLY3	down	2	1.0	-0.0864266	0.289572	0.172853
MTURN	down	2	1.0	-0.0864	0.388151	0.1728
BMP10	down	2	1.0	-0.0863961	0.0999992	0.172792
AGTR1	down	2	1.0	-0.0863341	0.0338841	0.172668
CRELD1	up	2	1.0	0.0862765	0.00932301	0.172553
CDKN1B	up	2	1.0	0.0862685	0.227775	0.172537
CYLC2	down	2	1.0	-0.0862394	0.037847	0.172479
NAA20	up	2	1.0	0.0861941	0.097391	0.172388
STK11IP	down	2	1.0	-0.0861796	0.477863	0.172359
ASB5	down	2	1.0	-0.0861786	0.00107091	0.172357
ZNF324B	down	2	1.0	-0.0861747	0.05394	0.172349
MTRR	up	2	1.0	0.086155	0.0673574	0.17231
CEP57	down	2	1.0	-0.086107	0.301575	0.172214
MAD1L1	up	2	1.0	0.0860989	0.240087	0.172198
ERVH48-1	down	2	1.0	-0.0860777	0.182735	0.172155
NEUROG2	down	2	1.0	-0.086074	0.156946	0.172148
CD1E	down	2	1.0	-0.0859325	0.157728	0.171865
SCGB3A1	down	2	1.0	-0.0859012	0.343998	0.171802
CRAMP1	down	2	1.0	-0.0858792	0.00948508	0.171758
OTOGL	down	2	1.0	-0.0858392	0.0121746	0.171678
NKX2-3	up	2	1.0	0.0858283	0.336689	0.171657
GPR45	down	2	1.0	-0.0858251	0.0385291	0.17165
PRSS54	down	2	1.0	-0.0858103	0.103725	0.171621
ABCB5	down	2	1.0	-0.0858079	0.0374882	0.171616
GLS2	down	2	1.0	-0.0857494	0.0202151	0.171499
MPDU1	down	2	1.0	-0.0857468	0.195138	0.171494
FOXK2	down	2	1.0	-0.0856763	0.078339	0.171353
GUCY2D	down	2	1.0	-0.0856709	0.350424	0.171342
TAMM41	down	2	1.0	-0.0856556	0.178707	0.171311
SPATA6L	up	2	1.0	0.0856415	0.125517	0.171283
ACTL8	down	2	1.0	-0.0855992	0.0430132	0.171198
USP16	down	2	1.0	-0.0855866	0.225482	0.171173
TMEM132D	down	2	1.0	-0.0855296	0.100074	0.171059
POU3F4	down	2	1.0	-0.0854998	0.0554592	0.171
ZBTB43	up	2	1.0	0.0854905	0.42783	0.170981
RYR3	down	2	1.0	-0.0854787	0.0150206	0.170957
BTF3	down	2	1.0	-0.0854663	0.0198669	0.170933
DNAH11	down	2	1.0	-0.0854467	0.00050522	0.170893
FAM19A4	down	2	1.0	-0.0853814	0.0536261	0.170763
ATCAY	down	2	1.0	-0.0852766	0.17074	0.170553
TATDN2	down	2	1.0	-0.085232	0.156016	0.170464
PRH2	down	2	1.0	-0.085196	0.217729	0.170392
RHOT1	down	2	1.0	-0.0851956	0.0721213	0.170391
RALA	down	2	1.0	-0.0851847	0.0395323	0.170369
ZMYND10	down	2	1.0	-0.0851546	0.227737	0.170309
EEF1B2	down	2	1.0	-0.0851532	0.0315291	0.170306
SERTM1	down	2	1.0	-0.0851317	0.209715	0.170263
FGF21	down	2	1.0	-0.0851178	0.0743793	0.170236
BSN	down	2	1.0	-0.0851136	0.0393295	0.170227
LOC100131170	down	2	1.0	-0.0850993	0.264772	0.170199
LRRC63	down	2	1.0	-0.0850908	0.0442813	0.170182
PRM1	down	2	1.0	-0.0849965	0.00628663	0.169993
MPO	down	2	1.0	-0.0849878	0.157964	0.169976
GPHA2	down	2	1.0	-0.0849696	0.0297709	0.169939
PART1	down	2	1.0	-0.0849485	0.153661	0.169897
FBXO42	up	2	1.0	0.084883	0.229974	0.169766
EME1	up	2	1.0	0.0848345	0.0102081	0.169669
HIST1H3G	up	2	1.0	0.0848333	0.289751	0.169667
CAPZA3	down	2	1.0	-0.0848249	0.00782209	0.16965
RHPN1	up	2	1.0	0.0847778	0.144996	0.169556
LRP2	down	2	1.0	-0.0847705	0.0148179	0.169541
ECEL1	down	2	1.0	-0.0847453	0.0734451	0.169491
NPAS1	down	2	1.0	-0.0847235	0.0452768	0.169447
SOX10	down	2	1.0	-0.0847028	0.109191	0.169406
R3HCC1	down	2	1.0	-0.0847019	0.16283	0.169404
DPY19L2	up	2	1.0	0.0846781	0.0867295	0.169356
RNF217	up	2	1.0	0.0846689	0.535354	0.169338
PASD1	down	2	1.0	-0.0846636	0.00397938	0.169327
ZNF689	down	2	1.0	-0.0846055	0.290899	0.169211
LOC100129449	down	2	1.0	-0.0845921	0.033156	0.169184
PTGES3	down	2	1.0	-0.0845679	0.199172	0.169136
MCRS1	down	2	1.0	-0.0845402	0.0979969	0.16908
CFAP157	down	2	1.0	-0.0845344	0.224978	0.169069
METTL4	up	2	1.0	0.0845053	0.251446	0.169011
NENF	up	2	1.0	0.0844721	0.00739254	0.168944
VWC2	down	2	1.0	-0.0844654	0.0124604	0.168931
LAMP1	up	2	1.0	0.0843781	0.203167	0.168756
SNIP1	down	2	1.0	-0.0843593	0.235341	0.168719
PUF60	down	2	1.0	-0.084302	0.052986	0.168604
MBD3L1	down	2	1.0	-0.0842391	0.1014	0.168478
PRKCE	down	2	1.0	-0.0841587	0.0297903	0.168317
PRR32	down	2	1.0	-0.0841275	0.202115	0.168255
MZF1	down	2	1.0	-0.08408	0.228813	0.16816
ZNF479	down	2	1.0	-0.0840706	0.0209345	0.168141
CCDC168	down	2	1.0	-0.0840444	0.133593	0.168089
CCDC27	down	2	1.0	-0.0840425	0.238249	0.168085
DZANK1	down	2	1.0	-0.0839796	0.0211486	0.167959
DGKK	down	2	1.0	-0.0839778	0.130564	0.167956
LMX1A	down	2	1.0	-0.0839745	0.0401072	0.167949
WDR97	down	2	1.0	-0.083966	0.140122	0.167932
FGF3	down	2	1.0	-0.0839392	0.0615707	0.167878
ZNF519	down	2	1.0	-0.0838673	0.157076	0.167735
GMEB1	down	2	1.0	-0.0838199	0.15525	0.16764
PRG3	down	2	1.0	-0.0838093	0.0163513	0.167619
GBX2	down	2	1.0	-0.0837925	0.0281998	0.167585
SPEM1	down	2	1.0	-0.0837464	0.0815818	0.167493
GABRA3	down	2	1.0	-0.0837386	0.107413	0.167477
ZNF274	up	2	1.0	0.0837304	0.154717	0.167461
ADCY2	down	2	1.0	-0.0837121	0.0930159	0.167424
PPP2R2C	down	2	1.0	-0.0836293	0.0495826	0.167259
SHANK2-AS3	down	2	1.0	-0.0836122	0.00960004	0.167224
C9orf62	down	2	1.0	-0.0836012	0.0132029	0.167202
SLC5A8	down	2	1.0	-0.0836	0.0253328	0.1672
TBC1D27	up	2	1.0	0.0835804	0.22483	0.167161
TOPBP1	up	2	1.0	0.0835719	0.367126	0.167144
GRIK1-AS1	down	2	1.0	-0.0835449	0.26152	0.16709
CDKN2D	down	2	1.0	-0.0835288	0.059636	0.167058
DCAF12L1	down	2	1.0	-0.0835271	0.0331599	0.167054
PIP	up	2	1.0	0.0834654	0.109075	0.166931
PDRG1	down	2	1.0	-0.0834109	0.0884931	0.166822
WASF2	down	2	1.0	-0.0833996	0.222352	0.166799
BANF2	down	2	1.0	-0.0833524	0.0715993	0.166705
UGT3A1	down	2	1.0	-0.0833187	0.0903773	0.166637
SNAPC4	up	2	1.0	0.0832493	0.144483	0.166499
YY1AP1	up	2	1.0	0.0832496	0.266344	0.166499
TACR3	down	2	1.0	-0.0832356	0.127247	0.166471
STARD6	down	2	1.0	-0.0832183	0.0631727	0.166437
CIDEB	down	2	1.0	-0.0832058	0.216069	0.166412
LVRN	up	2	1.0	0.083184	0.0276991	0.166368
RBM12	up	2	1.0	0.0831044	0.092494	0.166209
HDX	up	2	1.0	0.0830054	0.186876	0.166011
TAX1BP1	down	2	1.0	-0.083005	0.0699951	0.16601
SPRY2	down	2	1.0	-0.0829982	0.563198	0.165996
ZSCAN22	down	2	1.0	-0.0829447	0.0572078	0.165889
FLJ11710	up	2	1.0	0.0828812	0.0930511	0.165762
LEMD3	down	2	1.0	-0.0828319	0.0132759	0.165664
USP31	up	2	1.0	0.0828191	0.31223	0.165638
KIAA1656	down	2	1.0	-0.0828073	0.0385699	0.165615
WDFY3-AS2	down	2	1.0	-0.0827726	0.037327	0.165545
CYP20A1	down	2	1.0	-0.0827631	0.0623107	0.165526
CYP4Z1	up	2	1.0	0.0827495	0.00569982	0.165499
TBX22	down	2	1.0	-0.0827244	0.220454	0.165449
COQ6	down	2	1.0	-0.0827097	0.0807216	0.165419
MRGBP	up	2	1.0	0.0826736	0.0569604	0.165347
KCNJ4	down	2	1.0	-0.082668	0.0848426	0.165336
DDX4	down	2	1.0	-0.082632	0.189485	0.165264
SLC9B1	down	2	1.0	-0.0825917	0.0493514	0.165183
RAPGEF6	down	2	1.0	-0.0825232	0.134184	0.165046
OR7C1	down	2	1.0	-0.0825096	0.0518843	0.165019
ZSCAN2	down	2	1.0	-0.0824854	0.00205258	0.164971
RAB3IL1	up	2	1.0	0.0824631	0.10064	0.164926
XAB2	up	2	1.0	0.0824569	0.159003	0.164914
HAMP	up	2	1.0	0.0824561	0.170778	0.164912
GABRA1	down	2	1.0	-0.0824436	0.109833	0.164887
GPR21	down	2	1.0	-0.0824387	0.178194	0.164877
DMC1	down	2	1.0	-0.0824117	0.030215	0.164823
SYNPR	up	2	1.0	0.0824094	0.0484587	0.164819
APOF	down	2	1.0	-0.0823706	0.121122	0.164741
SGCA	down	2	1.0	-0.0822637	0.307196	0.164527
CDKAL1	down	2	1.0	-0.0822623	0.0895608	0.164525
HTR1A	down	2	1.0	-0.0822323	0.0365495	0.164465
DHX38	up	2	1.0	0.0822169	0.455774	0.164434
THAP5	down	2	1.0	-0.0821993	0.175295	0.164399
HCN2	down	2	1.0	-0.0821347	0.25196	0.164269
SNRNP200	up	2	1.0	0.0821223	0.0125566	0.164245
DSC1	down	2	1.0	-0.0820907	0.165736	0.164181
PCDHA3	down	2	1.0	-0.0820478	0.230321	0.164096
C14orf105	down	2	1.0	-0.0820436	0.0979408	0.164087
RGS17	up	2	1.0	0.0820311	0.106508	0.164062
KIF25	down	2	1.0	-0.0820212	0.0396433	0.164042
ARID3B	up	2	1.0	0.0819588	0.087411	0.163918
SAMD10	down	2	1.0	-0.0819547	0.084746	0.163909
SLC13A4	down	2	1.0	-0.0819479	0.100056	0.163896
DISP1	down	2	1.0	-0.0819378	0.34138	0.163876
GABRB1	down	2	1.0	-0.0819203	0.0070887	0.163841
KIAA1654	down	2	1.0	-0.0819002	0.0428769	0.1638
TNIP2	down	2	1.0	-0.0818675	0.224291	0.163735
ZNF669	down	2	1.0	-0.0818499	0.0309061	0.1637
FAM221B	down	2	1.0	-0.0817625	0.266341	0.163525
ASB16	down	2	1.0	-0.0817365	0.198907	0.163473
WBSCR22	down	2	1.0	-0.0817314	0.0602239	0.163463
SENP1	down	2	1.0	-0.0816973	0.0673045	0.163395
GMCL1P1	down	2	1.0	-0.0814842	0.345455	0.162968
TMEM105	down	2	1.0	-0.0814773	0.0889021	0.162955
HTN1	down	2	1.0	-0.0814714	0.0190209	0.162943
UBN2	down	2	1.0	-0.0814509	0.109602	0.162902
CALCA	down	2	1.0	-0.0814365	0.135289	0.162873
BNIP1	down	2	1.0	-0.0814091	0.416054	0.162818
FXYD7	down	2	1.0	-0.0813829	0.00494917	0.162766
IL25	down	2	1.0	-0.081376	0.0968036	0.162752
GCH1	up	2	1.0	0.0813638	0.47046	0.162728
TEX13A	down	2	1.0	-0.0813505	0.112866	0.162701
ABCG4	down	2	1.0	-0.0813437	0.0292579	0.162687
CENPL	up	2	1.0	0.0813431	0.330896	0.162686
POLR3A	down	2	1.0	-0.0813389	0.0345973	0.162678
STEAP1	up	2	1.0	0.0812619	0.509167	0.162524
ABI1	down	2	1.0	-0.08123	0.0695014	0.16246
LINC00029	down	2	1.0	-0.0812073	0.109897	0.162415
KCNA6	down	2	1.0	-0.081155	0.100307	0.16231
GP6	down	2	1.0	-0.081143	0.0952212	0.162286
GID4	down	2	1.0	-0.0811368	0.0965962	0.162274
CFC1B	down	2	1.0	-0.0811263	0.29788	0.162253
LINC00615	down	2	1.0	-0.0811244	0.0198178	0.162249
AFAP1	down	2	1.0	-0.0810956	0.134213	0.162191
C17orf58	down	2	1.0	-0.0810785	0.123475	0.162157
NDRG4	down	2	1.0	-0.0810509	0.0727073	0.162102
PPIL3	up	2	1.0	0.0810494	0.507542	0.162099
NPY2R	down	2	1.0	-0.0810117	0.0934524	0.162023
SCGB1D1	down	2	1.0	-0.0809938	0.00967791	0.161988
LOC284379	down	2	1.0	-0.0809873	0.144441	0.161975
EIF2B2	up	2	1.0	0.0809869	0.0318939	0.161974
LALBA	down	2	1.0	-0.0809802	0.0241636	0.16196
PEX6	down	2	1.0	-0.0809535	0.212083	0.161907
CTNNBL1	up	2	1.0	0.0809331	0.214663	0.161866
AMIGO3	up	2	1.0	0.0809102	0.00984204	0.16182
ANKRD54	down	2	1.0	-0.0808728	0.162597	0.161746
ADSL	up	2	1.0	0.0808616	0.330917	0.161723
UMPS	down	2	1.0	-0.0808443	0.109931	0.161689
DNAJB8	down	2	1.0	-0.0808158	0.104952	0.161632
YIPF3	down	2	1.0	-0.080808	0.259542	0.161616
DR1	down	2	1.0	-0.0807821	0.0158178	0.161564
TMEM145	down	2	1.0	-0.0807625	0.00710092	0.161525
GPR83	down	2	1.0	-0.0807526	0.154927	0.161505
TSR2	down	2	1.0	-0.0806672	0.158181	0.161334
CCDC60	up	2	1.0	0.0806376	0.407016	0.161275
C2orf83	down	2	1.0	-0.080598	0.176857	0.161196
ADNP2	up	2	1.0	0.080564	0.102713	0.161128
PEX5	down	2	1.0	-0.0805608	0.348104	0.161122
C2CD3	down	2	1.0	-0.0805282	0.112005	0.161056
CHRNA10	down	2	1.0	-0.08052	0.0854289	0.16104
HRASLS	down	2	1.0	-0.0804926	0.012568	0.160985
GLRA1	down	2	1.0	-0.0804368	0.0734083	0.160874
C6orf118	down	2	1.0	-0.0804303	0.0734255	0.160861
KRT78	down	2	1.0	-0.080396	0.0593028	0.160792
SERP2	down	2	1.0	-0.0803127	0.020534	0.160625
RAB1A	up	2	1.0	0.0803109	0.0874447	0.160622
KRT86	down	2	1.0	-0.0802628	0.446288	0.160526
CRY2	down	2	1.0	-0.0802348	0.00832089	0.16047
GPR101	down	2	1.0	-0.0802297	0.127244	0.160459
WDR12	down	2	1.0	-0.0802106	0.525468	0.160421
PPIL2	down	2	1.0	-0.080181	0.0487313	0.160362
SPAG8	down	2	1.0	-0.0801774	0.0771305	0.160355
CEP72	up	2	1.0	0.080148	0.240792	0.160296
TMC1	down	2	1.0	-0.0801139	0.0366858	0.160228
CCNYL2	down	2	1.0	-0.0801116	0.129237	0.160223
LILRA4	down	2	1.0	-0.0800885	0.0883437	0.160177
SLC12A5	down	2	1.0	-0.0800687	0.161569	0.160137
NIF3L1	down	2	1.0	-0.0800535	0.370812	0.160107
CLP1	down	2	1.0	-0.0800285	0.0873997	0.160057
ANKRD7	down	2	1.0	-0.0800094	0.0331915	0.160019
CBLN4	down	2	1.0	-0.0799976	0.0214866	0.159995
LINC00308	down	2	1.0	-0.0799513	0.232913	0.159903
BFSP1	up	2	1.0	0.0798994	0.0288106	0.159799
KCNH2	down	2	1.0	-0.079893	0.00974869	0.159786
CNTN2	down	2	1.0	-0.0798485	0.0894372	0.159697
TGIF2LY	down	2	1.0	-0.0798456	0.129808	0.159691
ZDHHC16	up	2	1.0	0.0798152	0.0383907	0.15963
TERB2	down	2	1.0	-0.0797335	0.165445	0.159467
EFNB1	down	2	1.0	-0.0796897	0.223775	0.159379
EPX	down	2	1.0	-0.0795598	0.0487792	0.15912
AWAT1	down	2	1.0	-0.07955	0.170073	0.1591
RAB39A	up	2	1.0	0.0794798	0.417383	0.15896
KRT2	up	2	1.0	0.0794769	0.209236	0.158954
KPTN	up	2	1.0	0.0794698	0.34415	0.15894
GIP	down	2	1.0	-0.0794513	0.0858999	0.158903
DHODH	down	2	1.0	-0.0794436	0.221007	0.158887
FUT2	up	2	1.0	0.0794393	0.331983	0.158879
NLRP10	down	2	1.0	-0.0793888	0.164938	0.158778
MGAT4C	down	2	1.0	-0.0793598	0.0156209	0.15872
NLRP9	down	2	1.0	-0.0793289	0.132784	0.158658
SEC14L4	down	2	1.0	-0.0793215	0.240757	0.158643
GRK7	down	2	1.0	-0.0793138	0.113463	0.158628
INHA	down	2	1.0	-0.0792964	0.172782	0.158593
MATN4	down	2	1.0	-0.0792701	0.222587	0.15854
COPS7B	up	2	1.0	0.0792379	0.0184821	0.158476
SCN2B	down	2	1.0	-0.0791869	0.105879	0.158374
NPVF	down	2	1.0	-0.0791648	0.0116777	0.15833
NSUN2	up	2	1.0	0.0791025	0.0965729	0.158205
MECR	down	2	1.0	-0.0790987	0.186322	0.158197
DDX25	down	2	1.0	-0.0790851	0.208429	0.15817
EIF3E	down	2	1.0	-0.0790723	0.256576	0.158145
BPIFB2	down	2	1.0	-0.0790604	0.00545386	0.158121
ZNF609	up	2	1.0	0.079028	0.268954	0.158056
DUSP15	down	2	1.0	-0.0790074	0.203348	0.158015
DCTN3	down	2	1.0	-0.0790044	0.0491637	0.158009
NXNL2	down	2	1.0	-0.0789998	0.165747	0.158
CCDC83	down	2	1.0	-0.0789573	0.00979959	0.157915
ZNF510	down	2	1.0	-0.0789465	0.056152	0.157893
KIAA0368	down	2	1.0	-0.0788479	0.20046	0.157696
LINC00610	down	2	1.0	-0.0787973	0.05298	0.157595
PDZD4	down	2	1.0	-0.0787579	0.382753	0.157516
DHX8	down	2	1.0	-0.078728	0.0752798	0.157456
PRDM12	down	2	1.0	-0.0786774	0.241135	0.157355
SCGB2A2	down	2	1.0	-0.0785858	0.112726	0.157172
MORC1	down	2	1.0	-0.0785525	0.144917	0.157105
TREML4	down	2	1.0	-0.0785455	0.122583	0.157091
ALB	down	2	1.0	-0.0784634	0.0411922	0.156927
MYNN	up	2	1.0	0.0784302	0.0392192	0.15686
PTGFRN	up	2	1.0	0.0784191	0.221362	0.156838
IFT43	up	2	1.0	0.0784187	0.362654	0.156837
FLYWCH1	up	2	1.0	0.0783829	0.0772888	0.156766
C11orf45	down	2	1.0	-0.0783681	0.159922	0.156736
RIN3	down	2	1.0	-0.0783398	0.246227	0.15668
CCDC155	down	2	1.0	-0.0783284	0.0212963	0.156657
KRTAP1-5	down	2	1.0	-0.0783168	0.118492	0.156634
NPCDR1	down	2	1.0	-0.0783118	0.0844269	0.156624
TCTE1	down	2	1.0	-0.0783091	0.0751116	0.156618
ZNF444	down	2	1.0	-0.0782693	0.313535	0.156539
TTC21A	down	2	1.0	-0.0782465	0.0160374	0.156493
FNDC8	down	2	1.0	-0.0782347	0.154925	0.156469
TSPY26P	down	2	1.0	-0.0782304	0.0825174	0.156461
SPTA1	down	2	1.0	-0.0781778	0.284822	0.156356
GABBR2	up	2	1.0	0.0781756	0.208734	0.156351
FKBP8	up	2	1.0	0.0781715	0.0311485	0.156343
C1orf145	up	2	1.0	0.0781242	0.0563757	0.156248
COL25A1	down	2	1.0	-0.0780872	0.0828336	0.156174
SLITRK2	down	2	1.0	-0.0780679	0.0520583	0.156136
APCS	down	2	1.0	-0.0780636	0.0288146	0.156127
LENG9	down	2	1.0	-0.0779845	0.290238	0.155969
OR1E2	down	2	1.0	-0.0779488	0.104729	0.155898
C11orf42	down	2	1.0	-0.0779448	0.171916	0.15589
SSX1	down	2	1.0	-0.0779061	0.00277171	0.155812
ANXA7	up	2	1.0	0.0778893	0.0727836	0.155779
LRRIQ1	down	2	1.0	-0.0778883	0.182848	0.155777
FBXW12	down	2	1.0	-0.0778863	0.134483	0.155773
C10orf62	down	2	1.0	-0.0778857	0.0293037	0.155771
SLC25A31	down	2	1.0	-0.0778529	0.054275	0.155706
MLNR	down	2	1.0	-0.0777838	0.0241503	0.155568
ZNF496	down	2	1.0	-0.0777638	0.0557885	0.155528
OR2S2	down	2	1.0	-0.0777581	0.0512957	0.155516
TANGO6	up	2	1.0	0.0777113	0.162753	0.155423
NLRP5	down	2	1.0	-0.0777086	0.0887243	0.155417
PDC	down	2	1.0	-0.0776427	0.00387793	0.155285
IL20	down	2	1.0	-0.0775821	0.032231	0.155164
RSPH10B2	down	2	1.0	-0.0775489	0.124464	0.155098
BPIFA3	down	2	1.0	-0.077538	0.019728	0.155076
PDDC1	down	2	1.0	-0.0775263	0.115841	0.155053
CABP2	down	2	1.0	-0.0775223	0.0450761	0.155045
MUC7	down	2	1.0	-0.0774377	0.152617	0.154875
GCGR	down	2	1.0	-0.0773983	0.14497	0.154797
PRDM16	up	2	1.0	0.0773342	0.296932	0.154668
NR0B2	down	2	1.0	-0.0773331	0.0492573	0.154666
CCDC12	down	2	1.0	-0.0773167	0.166063	0.154633
RNU6-501P	down	2	1.0	-0.0772705	0.104971	0.154541
PACSIN1	down	2	1.0	-0.0772238	0.10514	0.154448
IFNA14	down	2	1.0	-0.0772205	0.269511	0.154441
KLRG2	down	2	1.0	-0.0771676	0.135322	0.154335
ANAPC11	up	2	1.0	0.0770413	0.16227	0.154083
MORC3	up	2	1.0	0.07702	0.209866	0.15404
CHRM4	down	2	1.0	-0.0770158	0.200219	0.154032
C7orf49	up	2	1.0	0.0769584	0.319622	0.153917
C9orf50	down	2	1.0	-0.0769214	0.0336976	0.153843
BREA2	down	2	1.0	-0.076888	0.0460268	0.153776
RING1	up	2	1.0	0.0768702	0.172493	0.15374
TAS2R19	down	2	1.0	-0.0768381	0.273129	0.153676
DYM	down	2	1.0	-0.076802	0.423401	0.153604
HSD17B10	up	2	1.0	0.0767357	0.0786192	0.153471
KRT31	down	2	1.0	-0.0767233	0.112178	0.153447
LOC93463	down	2	1.0	-0.0766817	0.202943	0.153363
CCDC107	up	2	1.0	0.076675	0.386456	0.15335
DSCAM	down	2	1.0	-0.0766411	0.112434	0.153282
MYH1	down	2	1.0	-0.0766025	0.0395001	0.153205
OSBP2	down	2	1.0	-0.0765381	0.156799	0.153076
FAM227B	down	2	1.0	-0.0765313	0.0277169	0.153063
TFPT	up	2	1.0	0.0765279	0.14336	0.153056
MCHR2	down	2	1.0	-0.0765146	0.141117	0.153029
C15orf56	down	2	1.0	-0.0764796	0.0896893	0.152959
RTP1	down	2	1.0	-0.0764738	0.280002	0.152948
CYSRT1	down	2	1.0	-0.0764705	0.361454	0.152941
CYLC1	down	2	1.0	-0.0764621	0.057086	0.152924
CPLX1	up	2	1.0	0.0764538	0.196452	0.152908
OTUD3	down	2	1.0	-0.0764517	0.0569817	0.152903
SENP5	up	2	1.0	0.0763816	0.23455	0.152763
CHGB	up	2	1.0	0.0763029	0.616586	0.152606
TANC2	down	2	1.0	-0.0762837	0.0041367	0.152567
SPATA41	down	2	1.0	-0.0761676	0.207732	0.152335
LINC01105	down	2	1.0	-0.0761273	0.0209188	0.152255
EMC4	down	2	1.0	-0.0761028	0.0189672	0.152206
HYPM	down	2	1.0	-0.0760765	0.361894	0.152153
STAM	up	2	1.0	0.0760428	0.00551912	0.152086
MC4R	up	2	1.0	0.0760188	0.179315	0.152038
OCR1	down	2	1.0	-0.0760151	0.0654887	0.15203
DDX28	down	2	1.0	-0.0760123	0.173252	0.152025
SGSM2	up	2	1.0	0.0760067	0.427028	0.152013
THPO	down	2	1.0	-0.0759701	0.044578	0.15194
CCT8L2	down	2	1.0	-0.0759537	0.0780962	0.151907
HSD17B14	up	2	1.0	0.0759336	0.210741	0.151867
AKT1S1	down	2	1.0	-0.0759304	0.462313	0.151861
DMRTA2	down	2	1.0	-0.0759071	0.188563	0.151814
POU3F1	up	2	1.0	0.0759036	0.0573471	0.151807
PKN3	up	2	1.0	0.0758372	0.0512187	0.151674
MANEAL	up	2	1.0	0.0757871	0.257496	0.151574
FSHR	down	2	1.0	-0.0757645	0.00395787	0.151529
ATIC	down	2	1.0	-0.0757152	0.197028	0.15143
CDK5	up	2	1.0	0.0757014	0.513694	0.151403
RPS9	down	2	1.0	-0.0756961	0.20127	0.151392
ITGA2B	down	2	1.0	-0.0756819	0.00348799	0.151364
SLC25A14	down	2	1.0	-0.0756283	0.265664	0.151257
ODF3L2	down	2	1.0	-0.0755743	0.127113	0.151149
SMAD3	down	2	1.0	-0.075558	0.143758	0.151116
LINC00477	down	2	1.0	-0.0755522	0.00201155	0.151104
TFAP2E	up	2	1.0	0.0755198	0.141385	0.15104
GRPEL2	up	2	1.0	0.0754722	0.183551	0.150944
NLRP13	down	2	1.0	-0.0754683	0.0781391	0.150937
TRIM28	up	2	1.0	0.0754457	0.0251194	0.150891
INO80C	down	2	1.0	-0.0754384	0.330616	0.150877
MED18	down	2	1.0	-0.0753653	0.105814	0.150731
BHLHE23	down	2	1.0	-0.0753373	0.0309482	0.150675
SSTR4	down	2	1.0	-0.0753079	0.198947	0.150616
ADAM20	down	2	1.0	-0.0752913	0.283848	0.150583
PRIM2	down	2	1.0	-0.0752813	0.12834	0.150563
THEM5	down	2	1.0	-0.075262	0.0422788	0.150524
MCM7	up	2	1.0	0.0752338	0.575132	0.150468
HSP90AA1	up	2	1.0	0.0752078	0.0131726	0.150416
ZBTB11-AS1	down	2	1.0	-0.0752029	0.107189	0.150406
NKX2-8	down	2	1.0	-0.0751195	0.0313204	0.150239
CDON	down	2	1.0	-0.0750734	0.12034	0.150147
INSM1	down	2	1.0	-0.0750174	0.707105	0.150035
NUFIP1	up	2	1.0	0.07495	0.202548	0.1499
PSMA7	up	2	1.0	0.0749131	0.297065	0.149826
USP32P2	down	2	1.0	-0.0749004	0.670923	0.149801
HECW1-IT1	down	2	1.0	-0.0748313	0.128028	0.149663
SCN11A	up	2	1.0	0.0748228	0.234593	0.149646
C4orf46	down	2	1.0	-0.0748144	0.0228602	0.149629
ATXN3L	down	2	1.0	-0.0748083	0.00647643	0.149617
PARD6A	up	2	1.0	0.0747796	0.124326	0.149559
GRHPR	down	2	1.0	-0.0747568	0.152936	0.149514
SPATC1L	down	2	1.0	-0.0747524	0.108493	0.149505
NRBF2	up	2	1.0	0.0747479	0.465799	0.149496
ZNF670	up	2	1.0	0.0746909	0.0502459	0.149382
DOK7	down	2	1.0	-0.0745824	0.638853	0.149165
PCDH15	down	2	1.0	-0.0745548	0.0508855	0.14911
GKN1	down	2	1.0	-0.0745391	0.0306406	0.149078
CHIA	up	2	1.0	0.0744819	0.119596	0.148964
LOXHD1	down	2	1.0	-0.0744378	0.0569985	0.148876
TP53	down	2	1.0	-0.0744219	0.406795	0.148844
TRIML1	down	2	1.0	-0.0744208	0.203347	0.148842
MRM2	up	2	1.0	0.0743144	0.099797	0.148629
FAM204A	down	2	1.0	-0.0743034	0.30855	0.148607
FAM43B	down	2	1.0	-0.0742956	0.294047	0.148591
CNTN6	down	2	1.0	-0.0742417	0.0722181	0.148483
SNX17	up	2	1.0	0.0742022	0.363426	0.148404
PNLIP	down	2	1.0	-0.0741112	0.0234955	0.148222
DHTKD1	down	2	1.0	-0.0740898	0.341513	0.14818
CHIAP2	down	2	1.0	-0.0740866	0.220581	0.148173
MAST1	down	2	1.0	-0.0740494	0.0970614	0.148099
RRAD	up	2	1.0	0.0740254	0.0156115	0.148051
YBX1	down	2	1.0	-0.0740144	0.00137394	0.148029
DAZAP1	down	2	1.0	-0.074002	0.241535	0.148004
SLC5A6	down	2	1.0	-0.0739537	0.468285	0.147907
ADSS	up	2	1.0	0.0739158	0.542299	0.147832
CHCHD6	down	2	1.0	-0.0738374	0.185201	0.147675
DALRD3	down	2	1.0	-0.0737933	0.169964	0.147587
RAB40AL	down	2	1.0	-0.0737918	0.398711	0.147584
SYT9	down	2	1.0	-0.0737759	0.0419031	0.147552
CST13P	down	2	1.0	-0.0737135	0.133423	0.147427
NKX6-1	down	2	1.0	-0.0736679	0.135978	0.147336
PPFIA1	down	2	1.0	-0.0736519	0.331609	0.147304
LINC00943	down	2	1.0	-0.0735839	0.0856591	0.147168
BMPR1B	down	2	1.0	-0.0734941	0.0221326	0.146988
FGD6	down	2	1.0	-0.0734669	0.0201216	0.146934
TTLL7	up	2	1.0	0.0734547	0.411443	0.146909
ZNF750	down	2	1.0	-0.0734535	0.0438536	0.146907
C10orf67	down	2	1.0	-0.0734397	0.0758634	0.146879
ATG4A	up	2	1.0	0.0734348	0.479647	0.14687
SPSB1	up	2	1.0	0.0733804	0.156786	0.146761
KCNH3	down	2	1.0	-0.0733253	0.119749	0.146651
NEFL	down	2	1.0	-0.0732936	0.230833	0.146587
MCM4	up	2	1.0	0.073285	0.498084	0.14657
RPL10A	down	2	1.0	-0.0732742	0.223703	0.146548
PSMD9	up	2	1.0	0.0732487	0.382318	0.146497
ENOX1	up	2	1.0	0.0732247	0.163134	0.146449
GNAO1	down	2	1.0	-0.0732157	0.16727	0.146431
ANKRD30BP3	down	2	1.0	-0.0732101	0.0554421	0.14642
IQSEC3	down	2	1.0	-0.0731992	0.064072	0.146398
EPHA6	down	2	1.0	-0.0731966	0.040541	0.146393
CPN2	down	2	1.0	-0.0730666	0.06652	0.146133
UBL7	down	2	1.0	-0.0730652	0.234989	0.14613
KRT33B	down	2	1.0	-0.0729758	0.304203	0.145952
PROCA1	up	2	1.0	0.0729604	0.157975	0.145921
GABRG2	down	2	1.0	-0.0729377	0.0106657	0.145875
TIMM10	down	2	1.0	-0.072863	0.191311	0.145726
FTL	up	2	1.0	0.0728095	0.349537	0.145619
PROP1	down	2	1.0	-0.0728047	0.167752	0.145609
CCDC81	down	2	1.0	-0.0727976	0.260864	0.145595
BAX	down	2	1.0	-0.0727686	0.335265	0.145537
HMHB1	down	2	1.0	-0.0727448	0.279404	0.14549
TSPOAP1	down	2	1.0	-0.0727271	0.505476	0.145454
ZBTB41	down	2	1.0	-0.0727233	0.419929	0.145447
ZNF622	down	2	1.0	-0.0726974	0.152096	0.145395
FMR1NB	down	2	1.0	-0.0726751	0.227007	0.14535
SLC35C2	up	2	1.0	0.0726473	0.150667	0.145295
LIM2	down	2	1.0	-0.0725974	0.0817929	0.145195
LRRC55	up	2	1.0	0.0725866	0.0297039	0.145173
MAGEL2	down	2	1.0	-0.0725862	0.677069	0.145172
PTPRJ	down	2	1.0	-0.0725436	0.208473	0.145087
BLOC1S3	down	2	1.0	-0.0725385	0.0272884	0.145077
IGF2-AS	down	2	1.0	-0.0725214	0.189175	0.145043
ERICH6	down	2	1.0	-0.0724644	0.0943397	0.144929
FGF8	down	2	1.0	-0.0724218	0.0983616	0.144844
OR2F2	down	2	1.0	-0.0724097	0.173252	0.144819
LOC554207	down	2	1.0	-0.0724071	0.109709	0.144814
LCA5L	down	2	1.0	-0.0723979	0.0395585	0.144796
ZNF474	down	2	1.0	-0.0723533	0.361682	0.144707
FNDC9	down	2	1.0	-0.0723191	0.100631	0.144638
WNT9A	down	2	1.0	-0.0722088	0.0963632	0.144418
NR5A1	down	2	1.0	-0.0721418	0.23849	0.144284
LKAAEAR1	down	2	1.0	-0.0721137	0.0905777	0.144227
PPP1R3C	down	2	1.0	-0.0720887	0.342618	0.144177
KCNH8	up	2	1.0	0.072075	0.575419	0.14415
SEPT3	up	2	1.0	0.0720052	0.277331	0.14401
CIDEC	down	2	1.0	-0.0719866	0.602955	0.143973
WNT9B	down	2	1.0	-0.0719686	0.31424	0.143937
LOC100049716	down	2	1.0	-0.0718749	0.395945	0.14375
DAP3	up	2	1.0	0.0718219	0.339083	0.143644
TRPC2	down	2	1.0	-0.0718106	0.0883061	0.143621
P3H4	down	2	1.0	-0.0717914	0.0858774	0.143583
CACNG1	down	2	1.0	-0.071777	0.317099	0.143554
NFKBIB	down	2	1.0	-0.0717288	0.152646	0.143458
IGFL1	down	2	1.0	-0.0717253	0.0809829	0.143451
IAPP	down	2	1.0	-0.0716837	0.136277	0.143367
NAV3	down	2	1.0	-0.0716663	0.0187962	0.143333
FER1L5	down	2	1.0	-0.0716658	0.0549887	0.143332
KCNF1	down	2	1.0	-0.0716616	0.232715	0.143323
ZFR2	down	2	1.0	-0.0716439	0.0477193	0.143288
GSKIP	down	2	1.0	-0.0716178	0.353484	0.143236
C12orf57	up	2	1.0	0.0715328	0.403628	0.143066
SMCR8	down	2	1.0	-0.0714644	0.175219	0.142929
LMX1B	down	2	1.0	-0.0714546	0.217076	0.142909
NPBWR2	down	2	1.0	-0.0714359	0.188244	0.142872
ZNF786	down	2	1.0	-0.0714252	0.252688	0.14285
TP53I11	down	2	1.0	-0.0714212	0.26447	0.142842
TBC1D22A-AS1	down	2	1.0	-0.0714005	0.387036	0.142801
TAF7	down	2	1.0	-0.0713939	0.183177	0.142788
LOC440934	down	2	1.0	-0.0713649	0.333114	0.14273
GTF2E1	up	2	1.0	0.0713372	0.258644	0.142674
RDH10	down	2	1.0	-0.0713228	0.0136949	0.142646
BEGAIN	down	2	1.0	-0.0713094	0.158373	0.142619
WDR18	up	2	1.0	0.0712733	0.0826983	0.142547
MED13L	up	2	1.0	0.0712429	0.241038	0.142486
ATP6V0A4	down	2	1.0	-0.0712041	0.268822	0.142408
STK32C	down	2	1.0	-0.0711896	0.359899	0.142379
OR12D2	down	2	1.0	-0.0711863	0.0643602	0.142373
RGL3	down	2	1.0	-0.0711852	0.231921	0.14237
LYSMD3	up	2	1.0	0.071179	0.604368	0.142358
LINC00518	down	2	1.0	-0.0711563	0.24879	0.142313
FBXW11	down	2	1.0	-0.0711552	0.0629349	0.14231
MMD2	down	2	1.0	-0.0711144	0.0378185	0.142229
NGDN	down	2	1.0	-0.0710936	0.262234	0.142187
SYT15	down	2	1.0	-0.0709476	0.0714278	0.141895
ACTL7A	down	2	1.0	-0.0709468	0.21966	0.141894
GTPBP10	up	2	1.0	0.0709421	0.198907	0.141884
FLJ37786	down	2	1.0	-0.0709372	0.0184596	0.141874
SDE2	up	2	1.0	0.0708942	0.610317	0.141788
GDF10	down	2	1.0	-0.0708833	0.0436427	0.141767
CARS2	up	2	1.0	0.0708533	0.186738	0.141707
DKFZp779M0652	down	2	1.0	-0.0708244	0.402194	0.141649
INSM2	down	2	1.0	-0.0707262	0.0610406	0.141452
KIF27	down	2	1.0	-0.0707133	0.231873	0.141427
USP39	down	2	1.0	-0.0707123	0.119596	0.141425
CLTC	down	2	1.0	-0.0707106	0.00873022	0.141421
C4orf17	down	2	1.0	-0.070689	0.232536	0.141378
RBM34	down	2	1.0	-0.0706885	0.400102	0.141377
MMP20	down	2	1.0	-0.0706526	0.0296353	0.141305
EFCAB13	down	2	1.0	-0.0706449	0.177025	0.14129
BANP	down	2	1.0	-0.0706176	0.223225	0.141235
ULBP1	down	2	1.0	-0.070608	0.00576307	0.141216
GPR78	down	2	1.0	-0.0706048	0.0348218	0.14121
MATN1	down	2	1.0	-0.0705276	0.0490121	0.141055
SLC22A9	down	2	1.0	-0.0704489	0.123633	0.140898
PRPS1L1	down	2	1.0	-0.0703812	0.0380669	0.140762
UCMA	down	2	1.0	-0.070257	0.277494	0.140514
SPAG17	down	2	1.0	-0.070224	0.175564	0.140448
CSNK1G2-AS1	down	2	1.0	-0.0701719	0.281204	0.140344
LAMTOR5	down	2	1.0	-0.0701332	0.0233061	0.140266
TGM7	down	2	1.0	-0.070113	0.159217	0.140226
C6orf201	down	2	1.0	-0.0701098	0.366237	0.14022
FNDC7	down	2	1.0	-0.0700946	0.0369621	0.140189
ALS2CR11	down	2	1.0	-0.0700725	0.00606879	0.140145
ANKRD34A	down	2	1.0	-0.0700699	0.0567489	0.14014
RELB	down	2	1.0	-0.0700457	0.454791	0.140091
ADAM7	down	2	1.0	-0.0700367	0.0155456	0.140073
EFCAB3	down	2	1.0	-0.0700185	0.106529	0.140037
ORC3	up	2	1.0	0.0699796	0.427515	0.139959
OCA2	down	2	1.0	-0.0699243	0.325302	0.139849
PKD1L1	down	2	1.0	-0.0699089	0.105083	0.139818
TAAR1	down	2	1.0	-0.0698592	0.180757	0.139718
PPP1R32	down	2	1.0	-0.0697742	0.284835	0.139548
C5orf34	up	2	1.0	0.0697675	0.530288	0.139535
NLRP4	down	2	1.0	-0.0697311	0.0411533	0.139462
CCDC61	down	2	1.0	-0.0697263	0.055527	0.139453
TSPO2	up	2	1.0	0.0697251	0.0995152	0.13945
ZC3H4	down	2	1.0	-0.0697017	0.0301014	0.139403
LSM6	up	2	1.0	0.0696558	0.150049	0.139312
KCND2	down	2	1.0	-0.0696336	0.239664	0.139267
SMU1	down	2	1.0	-0.0696224	0.0789239	0.139245
FAM96B	down	2	1.0	-0.069585	0.0323229	0.13917
VGLL2	down	2	1.0	-0.069573	0.233669	0.139146
RFC2	up	2	1.0	0.0695477	0.427976	0.139095
GTF2H4	up	2	1.0	0.0695248	0.144651	0.13905
L3MBTL4	up	2	1.0	0.0695133	0.111118	0.139027
TCTEX1D2	down	2	1.0	-0.0695064	0.40319	0.139013
SPX	down	2	1.0	-0.069506	0.069231	0.139012
MSTN	down	2	1.0	-0.0694948	0.168365	0.13899
IRX3	down	2	1.0	-0.0694469	0.376274	0.138894
ATXN7L2	up	2	1.0	0.0693987	0.325125	0.138797
CHAF1A	down	2	1.0	-0.0693654	0.332909	0.138731
FOXB1	down	2	1.0	-0.0693529	0.317063	0.138706
BTG1	down	2	1.0	-0.0693295	0.439356	0.138659
MAP3K4	up	2	1.0	0.0693273	0.233754	0.138655
FBXW4P1	down	2	1.0	-0.0692903	0.0252825	0.138581
VGF	down	2	1.0	-0.0692771	0.253679	0.138554
WTIP	up	2	1.0	0.0691984	0.0428897	0.138397
FDFT1	down	2	1.0	-0.0691287	0.130994	0.138257
GSN-AS1	down	2	1.0	-0.0690319	0.22765	0.138064
FBXO45	down	2	1.0	-0.0689769	0.551244	0.137954
OLAH	down	2	1.0	-0.0689718	0.123619	0.137944
SLIT2	down	2	1.0	-0.0689719	0.698783	0.137944
BARX1	down	2	1.0	-0.0689528	0.219828	0.137906
MVD	up	2	1.0	0.0688871	0.443276	0.137774
ST20	up	2	1.0	0.0688836	0.557766	0.137767
PLEKHH3	down	2	1.0	-0.0688776	0.0679152	0.137755
SCGB3A2	down	2	1.0	-0.0688321	0.18295	0.137664
NOX3	down	2	1.0	-0.0687937	0.00944127	0.137587
PRLHR	down	2	1.0	-0.0687731	0.0877295	0.137546
WFDC5	up	2	1.0	0.0687692	0.15563	0.137538
RP9	down	2	1.0	-0.0687111	0.387358	0.137422
MLIP	down	2	1.0	-0.0686952	0.453569	0.13739
TAS2R10	down	2	1.0	-0.0686122	0.00428044	0.137224
TMEM247	down	2	1.0	-0.0685834	0.121255	0.137167
KCNG2	down	2	1.0	-0.068571	0.279939	0.137142
NUP133	down	2	1.0	-0.0685618	0.0606808	0.137124
SWT1	down	2	1.0	-0.0685114	0.316522	0.137023
RPS25	up	2	1.0	0.0684837	0.0549688	0.136967
LOC439951	down	2	1.0	-0.0684732	0.177097	0.136946
FAM208B	up	2	1.0	0.0683824	0.17408	0.136765
SREK1IP1	down	2	1.0	-0.0683508	0.295396	0.136702
FBRS	up	2	1.0	0.068327	0.192089	0.136654
LINC00661	down	2	1.0	-0.068304	0.0155443	0.136608
UBL4A	down	2	1.0	-0.0683024	0.212124	0.136605
ITGAD	down	2	1.0	-0.068201	0.11885	0.136402
C19orf24	up	2	1.0	0.0681695	0.0408742	0.136339
SCRT1	down	2	1.0	-0.0681564	0.225061	0.136313
LOC100134317	up	2	1.0	0.0681187	0.353015	0.136237
VAT1	up	2	1.0	0.0681179	0.587801	0.136236
PRELID1	down	2	1.0	-0.0680941	0.462889	0.136188
CD3EAP	up	2	1.0	0.0680675	0.524765	0.136135
DRAM2	up	2	1.0	0.0680535	0.219959	0.136107
OR2B2	down	2	1.0	-0.0680026	0.248888	0.136005
AP3B1	up	2	1.0	0.0678947	0.366993	0.135789
POU4F3	down	2	1.0	-0.0678733	0.0775065	0.135747
PNKP	up	2	1.0	0.0678625	0.0341875	0.135725
GAA	up	2	1.0	0.0678551	0.586998	0.13571
KRT27	down	2	1.0	-0.0678456	0.30607	0.135691
KCNA5	down	2	1.0	-0.0678146	0.317659	0.135629
TMEM151B	down	2	1.0	-0.0677916	0.00503794	0.135583
RIC8A	up	2	1.0	0.0677705	0.017085	0.135541
GID8	down	2	1.0	-0.0677248	0.194101	0.13545
BLOC1S2	up	2	1.0	0.0677144	0.24153	0.135429
ESM1	up	2	1.0	0.0677137	0.0213537	0.135427
KCTD16	down	2	1.0	-0.0676218	0.082197	0.135244
OR2J3	down	2	1.0	-0.0674615	0.386357	0.134923
TMEM123	down	2	1.0	-0.0674596	0.482748	0.134919
TRPV5	down	2	1.0	-0.0674504	0.152905	0.134901
ARC	down	2	1.0	-0.0674105	0.352512	0.134821
MYH7	down	2	1.0	-0.067315	0.0205075	0.13463
TYW1B	down	2	1.0	-0.0672871	0.306617	0.134574
CTRC	down	2	1.0	-0.0672337	0.355189	0.134467
FGD1	up	2	1.0	0.0671802	0.193589	0.13436
PMVK	up	2	1.0	0.0671623	0.13839	0.134325
PPIEL	down	2	1.0	-0.0670372	0.358458	0.134074
ZIC3	down	2	1.0	-0.0670178	0.0696263	0.134036
TTYH1	down	2	1.0	-0.066948	0.155756	0.133896
POLL	down	2	1.0	-0.0669138	0.098474	0.133828
SCAF8	down	2	1.0	-0.0668557	0.0345812	0.133711
HERC6	down	2	1.0	-0.0667762	0.0241896	0.133552
FAM76A	down	2	1.0	-0.0667639	0.218382	0.133528
RPL13AP17	down	2	1.0	-0.0667631	0.185741	0.133526
TSPAN8	down	2	1.0	-0.0667024	0.312828	0.133405
HRAS	down	2	1.0	-0.0666452	0.34351	0.13329
ZBTB45	down	2	1.0	-0.066635	0.134183	0.13327
RNF13	up	2	1.0	0.0665842	0.54812	0.133168
CER1	down	2	1.0	-0.0665758	0.112178	0.133152
FABP7	down	2	1.0	-0.0665456	0.0895792	0.133091
YAF2	down	2	1.0	-0.0665452	0.102574	0.13309
PPP2CA	up	2	1.0	0.0665348	0.144807	0.13307
TTTY9B	down	2	1.0	-0.0664907	0.120304	0.132981
GCK	down	2	1.0	-0.0664282	0.133147	0.132856
KCNK2	down	2	1.0	-0.0664248	0.207402	0.13285
HMP19	down	2	1.0	-0.0663813	0.574277	0.132763
C10orf88	up	2	1.0	0.0663434	0.334902	0.132687
FIGLA	down	2	1.0	-0.0663389	0.0886304	0.132678
SOAT2	down	2	1.0	-0.0663229	0.203587	0.132646
PSMG1	up	2	1.0	0.0662878	0.0984985	0.132576
NEK11	down	2	1.0	-0.0662681	0.078408	0.132536
POLR2E	down	2	1.0	-0.0662396	0.177412	0.132479
ESPNL	down	2	1.0	-0.0661834	0.0875708	0.132367
KCNJ3	down	2	1.0	-0.0661678	0.0474453	0.132336
C1orf174	down	2	1.0	-0.0660957	0.438245	0.132191
ZDHHC20	up	2	1.0	0.0660896	0.426838	0.132179
SEZ6	down	2	1.0	-0.066087	0.0822163	0.132174
C1orf159	down	2	1.0	-0.0660728	0.339152	0.132146
C7orf69	down	2	1.0	-0.0658858	0.221432	0.131772
C14orf178	down	2	1.0	-0.0658818	0.124773	0.131764
LAMB4	down	2	1.0	-0.0658603	0.0497276	0.131721
SOX11	down	2	1.0	-0.0658499	0.156224	0.1317
RND2	down	2	1.0	-0.0658343	0.210551	0.131669
PSMD11	down	2	1.0	-0.0658142	0.314756	0.131628
BCAS3	down	2	1.0	-0.0658032	0.234772	0.131606
MAP10	down	2	1.0	-0.0657582	0.00188631	0.131516
LSM1	up	2	1.0	0.0657201	0.401097	0.13144
COMMD4	down	2	1.0	-0.0657095	0.561027	0.131419
SERPINF2	up	2	1.0	0.0656932	0.28315	0.131386
GPHB5	down	2	1.0	-0.0656864	0.0750821	0.131373
C1orf122	up	2	1.0	0.0656854	0.266081	0.131371
PIFO	up	2	1.0	0.0655971	0.372858	0.131194
C20orf203	down	2	1.0	-0.0655616	0.0663807	0.131123
TMEM216	down	2	1.0	-0.0654539	0.603541	0.130908
FEZF2	down	2	1.0	-0.0654361	0.0195507	0.130872
SIGLEC8	down	2	1.0	-0.0654137	0.294346	0.130827
LRRC74B	down	2	1.0	-0.0654107	0.14865	0.130821
TMEM175	down	2	1.0	-0.0653757	0.101575	0.130751
BRIP1	down	2	1.0	-0.0653736	0.0260596	0.130747
ZNF672	down	2	1.0	-0.0653453	0.129045	0.130691
TBKBP1	up	2	1.0	0.0653012	0.0590084	0.130602
BRDT	down	2	1.0	-0.0652947	0.325221	0.130589
PIK3CD-AS1	down	2	1.0	-0.0652652	0.333434	0.13053
CEP104	down	2	1.0	-0.0651654	0.545331	0.130331
ATP6V1B1	down	2	1.0	-0.0651365	0.119429	0.130273
PPL	up	2	1.0	0.0650663	0.404786	0.130133
ATG4C	up	2	1.0	0.0650505	0.618747	0.130101
ASGR2	up	2	1.0	0.0650497	0.229994	0.130099
POLR2J	down	2	1.0	-0.0649982	0.484994	0.129996
PRPF19	up	2	1.0	0.0649949	0.113837	0.12999
FLJ33534	down	2	1.0	-0.0649478	0.282722	0.129896
TMEM167B	down	2	1.0	-0.0648811	0.178319	0.129762
PUS7	up	2	1.0	0.0648749	0.369938	0.12975
TMEM196	down	2	1.0	-0.0648602	0.0845922	0.12972
KRT1	down	2	1.0	-0.0648396	0.377668	0.129679
HS3ST4	down	2	1.0	-0.0648063	0.0943353	0.129613
DEFB114	down	2	1.0	-0.0647375	0.487825	0.129475
NCAM2	down	2	1.0	-0.0647204	0.0205934	0.129441
TAS2R7	down	2	1.0	-0.0647028	0.0048132	0.129406
ADAM3A	down	2	1.0	-0.0647015	0.07894	0.129403
DEAF1	down	2	1.0	-0.0646974	0.0235256	0.129395
SRSF9	up	2	1.0	0.064684	0.358105	0.129368
PPP3CB	up	2	1.0	0.0646588	0.309008	0.129318
TRIM46	down	2	1.0	-0.064634	0.280587	0.129268
TMEM52B	down	2	1.0	-0.0645729	0.113932	0.129146
IRAK1BP1	down	2	1.0	-0.0645478	0.576582	0.129096
PMP2	down	2	1.0	-0.0645451	0.399662	0.12909
MAPK15	down	2	1.0	-0.0645245	0.171358	0.129049
PYDC1	down	2	1.0	-0.0644674	0.440275	0.128935
OR2M4	down	2	1.0	-0.0644355	0.167688	0.128871
OR5K1	down	2	1.0	-0.0644327	0.216536	0.128865
CNTROB	down	2	1.0	-0.0643973	0.185917	0.128795
MPP2	down	2	1.0	-0.0643531	0.250186	0.128706
LOC100128988	down	2	1.0	-0.0643234	0.34185	0.128647
SAAL1	down	2	1.0	-0.0642748	0.459212	0.12855
POLM	up	2	1.0	0.0642629	0.00487852	0.128526
CD96	down	2	1.0	-0.0641933	0.565326	0.128387
CCNJ	down	2	1.0	-0.0641894	0.143758	0.128379
NOV	down	2	1.0	-0.064189	0.69725	0.128378
LOC440867	down	2	1.0	-0.0641553	0.0895221	0.128311
RPPH1	down	2	1.0	-0.0641431	0.0589931	0.128286
ELOVL3	up	2	1.0	0.0641232	0.200643	0.128246
TMEM191A	down	2	1.0	-0.0640811	0.474175	0.128162
ZNF337	up	2	1.0	0.0640445	0.58699	0.128089
RGS8	down	2	1.0	-0.0640264	0.13362	0.128053
PPP1R11	down	2	1.0	-0.0639969	0.0711128	0.127994
KRTAP10-12	down	2	1.0	-0.0639766	0.310241	0.127953
CAMKK1	down	2	1.0	-0.0639478	0.0724339	0.127896
KRTAP17-1	down	2	1.0	-0.0639388	0.187874	0.127878
SERPINA5	up	2	1.0	0.0639331	0.3756	0.127866
RNF8	up	2	1.0	0.063873	0.229762	0.127746
BMP15	down	2	1.0	-0.0638363	0.289572	0.127673
CLDN6	down	2	1.0	-0.0638061	0.132527	0.127612
TMEM9	up	2	1.0	0.0637998	0.281741	0.1276
TSNAXIP1	down	2	1.0	-0.0637618	0.245365	0.127524
EXOSC10	down	2	1.0	-0.0637473	0.0312318	0.127495
NRF1	down	2	1.0	-0.0636734	0.151373	0.127347
LRRC74A	down	2	1.0	-0.0636549	0.335545	0.12731
MDS2	down	2	1.0	-0.063634	0.337573	0.127268
CDK5R2	down	2	1.0	-0.0636067	0.43836	0.127213
PGAM5	down	2	1.0	-0.0635623	0.0973372	0.127125
MMP21	down	2	1.0	-0.0634707	0.15564	0.126941
PBOV1	down	2	1.0	-0.0634212	0.0394495	0.126842
MAP3K11	down	2	1.0	-0.0633634	0.298463	0.126727
CA11	up	2	1.0	0.0633419	0.406459	0.126684
BANF1	up	2	1.0	0.0632764	0.469858	0.126553
ANAPC2	down	2	1.0	-0.0632618	0.481969	0.126524
EEF2	down	2	1.0	-0.0631676	0.122069	0.126335
IER5L	up	2	1.0	0.0631159	0.14207	0.126232
C22orf23	down	2	1.0	-0.0630793	0.328177	0.126159
TAF6	up	2	1.0	0.0630437	0.448295	0.126087
SERTAD2	up	2	1.0	0.0629509	0.653006	0.125902
ZNF579	down	2	1.0	-0.0629096	0.572586	0.125819
WNT16	down	2	1.0	-0.0628768	0.0835271	0.125754
PANX3	down	2	1.0	-0.0628553	0.203418	0.125711
HSPD1	down	2	1.0	-0.0628507	0.310308	0.125701
JOSD2	down	2	1.0	-0.0627109	0.437383	0.125422
WDR64	down	2	1.0	-0.0626053	0.191841	0.125211
NLRX1	down	2	1.0	-0.0626051	0.302526	0.12521
MASTL	up	2	1.0	0.0626033	0.460829	0.125207
SSMEM1	down	2	1.0	-0.0625539	0.176222	0.125108
LYPD6	down	2	1.0	-0.0625119	0.249449	0.125024
TTC36	down	2	1.0	-0.0624952	0.0913259	0.12499
LINC00314	down	2	1.0	-0.0623913	0.273132	0.124783
ITGB1BP2	up	2	1.0	0.0623297	0.135275	0.124659
PIP5KL1	down	2	1.0	-0.0623158	0.181863	0.124632
ZNF365	down	2	1.0	-0.0622913	0.0941707	0.124583
FASTKD5	down	2	1.0	-0.0622562	0.336506	0.124512
HIST3H3	down	2	1.0	-0.0622464	0.233563	0.124493
XRCC6	down	2	1.0	-0.0622093	0.204957	0.124419
ARPC5	up	2	1.0	0.0621515	0.288253	0.124303
C1orf112	up	2	1.0	0.0621243	0.387128	0.124249
KLHL32	down	2	1.0	-0.0620433	0.286924	0.124087
CEND1	down	2	1.0	-0.0620262	0.371219	0.124052
GNMT	down	2	1.0	-0.0619121	0.417435	0.123824
SS18L1	down	2	1.0	-0.0619109	0.012937	0.123822
C20orf78	down	2	1.0	-0.0619103	0.11212	0.123821
C4orf45	down	2	1.0	-0.0619019	0.133036	0.123804
USP27X-AS1	down	2	1.0	-0.0618882	0.288411	0.123776
CYP11B2	down	2	1.0	-0.0618266	0.317753	0.123653
TMEM14A	down	2	1.0	-0.0617915	0.237922	0.123583
ZNF333	up	2	1.0	0.0617741	0.0250888	0.123548
HTR2C	down	2	1.0	-0.061692	0.0423182	0.123384
RPRD1A	down	2	1.0	-0.0616851	0.18153	0.12337
GDI1	up	2	1.0	0.0616744	0.554469	0.123349
FAM136A	down	2	1.0	-0.0616537	0.369829	0.123307
RIPK3	down	2	1.0	-0.0616282	0.338987	0.123256
FLJ25758	down	2	1.0	-0.0615953	0.330552	0.123191
SLC22A13	down	2	1.0	-0.0615639	0.0958	0.123128
TMC2	down	2	1.0	-0.0615595	0.141134	0.123119
PNPLA5	down	2	1.0	-0.061467	0.203299	0.122934
CHTF8	up	2	1.0	0.0614565	0.194996	0.122913
METTL21C	down	2	1.0	-0.0614482	0.293148	0.122896
ARG1	up	2	1.0	0.0613981	0.0366608	0.122796
CCDC140	down	2	1.0	-0.0613676	0.021032	0.122735
GSG1	down	2	1.0	-0.0613479	0.0433888	0.122696
TEAD3	down	2	1.0	-0.0613058	0.534415	0.122612
ASMTL	up	2	1.0	0.0612675	0.247726	0.122535
DPYSL5	down	2	1.0	-0.0612174	0.261609	0.122435
LINC00305	down	2	1.0	-0.061123	0.374593	0.122246
LINC01121	down	2	1.0	-0.0610426	0.250854	0.122085
SCN1B	up	2	1.0	0.0610303	0.235149	0.122061
ZMPSTE24	down	2	1.0	-0.0610191	0.0682808	0.122038
DIRAS2	down	2	1.0	-0.0609588	0.0138167	0.121918
ANKRD52	up	2	1.0	0.0609145	0.535383	0.121829
TSACC	down	2	1.0	-0.0608429	0.121914	0.121686
JMJD1C-AS1	down	2	1.0	-0.0608294	0.285605	0.121659
CCL25	down	2	1.0	-0.0608	0.343567	0.1216
LINC00311	down	2	1.0	-0.0607255	0.265996	0.121451
KCNIP1	down	2	1.0	-0.0606933	0.306921	0.121387
CHRNA2	down	2	1.0	-0.0606787	0.158786	0.121357
HNRNPUL1	down	2	1.0	-0.0606214	0.0306697	0.121243
C4orf22	down	2	1.0	-0.060617	0.286021	0.121234
HDGFRP2	down	2	1.0	-0.0605703	0.515563	0.121141
GLRB	down	2	1.0	-0.0605449	0.0329931	0.12109
CSTF1	up	2	1.0	0.0605426	0.298088	0.121085
RSPH4A	down	2	1.0	-0.0604585	0.27644	0.120917
MCOLN1	down	2	1.0	-0.0603206	0.443654	0.120641
MAGEA4	down	2	1.0	-0.0602176	0.230772	0.120435
NPPA	down	2	1.0	-0.0602141	0.114331	0.120428
POPDC2	down	2	1.0	-0.060194	0.233829	0.120388
OR2L13	down	2	1.0	-0.0601842	0.146063	0.120368
NPEPPS	up	2	1.0	0.0601831	0.541118	0.120366
LOC100130331	up	2	1.0	0.0601457	0.0286965	0.120291
TMEM267	up	2	1.0	0.0600996	0.0216232	0.120199
AFM	down	2	1.0	-0.0600861	0.0262747	0.120172
NACAP1	down	2	1.0	-0.0599889	0.108719	0.119978
BABAM1	up	2	1.0	0.0599699	0.161289	0.11994
PCDHB1	down	2	1.0	-0.0599681	0.321175	0.119936
LAMB3	down	2	1.0	-0.0599612	0.57174	0.119922
TRIM23	down	2	1.0	-0.0598859	0.105106	0.119772
RXFP1	down	2	1.0	-0.0598009	0.0544162	0.119602
LOC729173	down	2	1.0	-0.0597942	0.0311177	0.119588
PFDN1	down	2	1.0	-0.0597525	0.17292	0.119505
NRK	down	2	1.0	-0.0597226	0.158155	0.119445
PCNT	down	2	1.0	-0.0596883	0.234923	0.119377
PCDHA2	down	2	1.0	-0.0595376	0.0486287	0.119075
AZU1	down	2	1.0	-0.0595276	0.101669	0.119055
SCRG1	up	2	1.0	0.0595161	0.443781	0.119032
LOC100131510	down	2	1.0	-0.0594879	0.171043	0.118976
SCN4A	down	2	1.0	-0.05945	0.0732098	0.1189
LIPI	down	2	1.0	-0.0593931	0.154184	0.118786
DVL1	up	2	1.0	0.0593895	0.300047	0.118779
LOC652276	down	2	1.0	-0.059364	0.29405	0.118728
TREML1	up	2	1.0	0.0593236	0.166481	0.118647
PATE2	down	2	1.0	-0.0593174	0.234086	0.118635
RHOT2	down	2	1.0	-0.0592943	0.157201	0.118589
ISG20L2	up	2	1.0	0.0592939	0.226647	0.118588
CALML5	down	2	1.0	-0.0592603	0.326236	0.118521
DPM1	down	2	1.0	-0.0592379	0.674246	0.118476
LAMTOR2	up	2	1.0	0.0592122	0.0965104	0.118424
G6PC2	down	2	1.0	-0.0592045	0.188256	0.118409
VWCE	down	2	1.0	-0.0591454	0.212124	0.118291
CRHR2	down	2	1.0	-0.0591119	0.0725081	0.118224
TCEAL2	down	2	1.0	-0.0590525	0.337113	0.118105
MAFK	down	2	1.0	-0.0590075	0.279939	0.118015
ALDOA	up	2	1.0	0.0589678	0.169685	0.117936
AIPL1	down	2	1.0	-0.0589659	0.206764	0.117932
S100Z	up	2	1.0	0.0589551	0.32326	0.11791
LGI3	down	2	1.0	-0.0589532	0.164065	0.117906
SH3BP5L	down	2	1.0	-0.0589049	0.39243	0.11781
OR1D2	down	2	1.0	-0.0588829	0.0746035	0.117766
XRCC3	down	2	1.0	-0.0588776	0.229635	0.117755
SERPIND1	up	2	1.0	0.058869	0.141206	0.117738
KRTAP3-3	down	2	1.0	-0.0588429	0.217345	0.117686
FRMD7	down	2	1.0	-0.0588366	0.279867	0.117673
SLC4A1	down	2	1.0	-0.0588207	0.0102678	0.117641
FAM134C	down	2	1.0	-0.0587712	0.0511274	0.117542
TFAP2B	down	2	1.0	-0.0587334	0.113365	0.117467
CARMIL3	down	2	1.0	-0.0586572	0.366411	0.117314
NPTXR	down	2	1.0	-0.0586405	0.237894	0.117281
RPL35	up	2	1.0	0.0586363	0.446058	0.117273
PRO2964	down	2	1.0	-0.0584771	0.153971	0.116954
ZNF296	up	2	1.0	0.0584578	0.368181	0.116916
ZDHHC24	down	2	1.0	-0.058402	0.171956	0.116804
HABP2	up	2	1.0	0.0583915	0.0748709	0.116783
ZNF484	down	2	1.0	-0.0583819	0.32302	0.116764
KRTAP10-11	down	2	1.0	-0.0583738	0.528907	0.116748
DMRTC2	down	2	1.0	-0.0583378	0.25946	0.116676
IGFALS	down	2	1.0	-0.0583079	0.219278	0.116616
NNAT	down	2	1.0	-0.0582847	0.169892	0.116569
MFSD6L	down	2	1.0	-0.0582773	0.173891	0.116555
CCDC148	down	2	1.0	-0.0582059	0.078924	0.116412
UHMK1	down	2	1.0	-0.0581128	0.0826774	0.116226
POLR1D	up	2	1.0	0.0580884	0.400397	0.116177
FAM50B	down	2	1.0	-0.0580882	0.0994419	0.116176
CCDC173	down	2	1.0	-0.0579779	0.211713	0.115956
PRDM14	down	2	1.0	-0.0579088	0.255831	0.115818
MAGEB18	down	2	1.0	-0.057889	0.267787	0.115778
SLC34A1	down	2	1.0	-0.0578798	0.0963579	0.11576
TRIM4	down	2	1.0	-0.0578649	0.460658	0.11573
PRMT3	down	2	1.0	-0.0578613	0.621435	0.115723
XIRP2	down	2	1.0	-0.0578574	0.19517	0.115715
PRPF6	up	2	1.0	0.0578148	0.493565	0.11563
SLC22A25	down	2	1.0	-0.0578044	0.163877	0.115609
FAM210B	down	2	1.0	-0.0577731	0.101046	0.115546
MYCBPAP	down	2	1.0	-0.057759	0.347432	0.115518
CCL5	up	2	1.0	0.0576885	0.557211	0.115377
DLX2	down	2	1.0	-0.0576462	0.15795	0.115292
CENPJ	down	2	1.0	-0.0575952	0.364143	0.11519
TMPRSS12	down	2	1.0	-0.0575202	0.201724	0.11504
UPP2	down	2	1.0	-0.0574047	0.286708	0.114809
TTC25	down	2	1.0	-0.0573133	0.379043	0.114627
MSX1	up	2	1.0	0.0572596	0.227858	0.114519
CCDC184	up	2	1.0	0.0572462	0.287363	0.114492
ACMSD	up	2	1.0	0.0572112	0.305798	0.114422
CTCF	down	2	1.0	-0.0571842	0.180337	0.114368
GPKOW	down	2	1.0	-0.0571677	0.0996013	0.114335
ZCCHC5	down	2	1.0	-0.0571513	0.134293	0.114303
TAOK1	down	2	1.0	-0.0571508	0.275125	0.114302
ZBED4	down	2	1.0	-0.0570645	0.371673	0.114129
NSUN4	down	2	1.0	-0.0570573	0.190274	0.114115
C7orf62	down	2	1.0	-0.0570503	0.148331	0.114101
TMEM121	down	2	1.0	-0.0570157	0.163522	0.114031
LRRC42	up	2	1.0	0.0569127	0.386101	0.113825
LSM14B	down	2	1.0	-0.0569074	0.166848	0.113815
ETNPPL	down	2	1.0	-0.056818	0.256384	0.113636
C1orf105	down	2	1.0	-0.0567711	0.192868	0.113542
AAR2	down	2	1.0	-0.0567301	0.240552	0.11346
RSL24D1	up	2	1.0	0.0567247	0.421098	0.113449
C22orf15	down	2	1.0	-0.0566405	0.33862	0.113281
CDY1B	down	2	1.0	-0.0565242	0.185351	0.113048
SNRPA	up	2	1.0	0.056517	0.282486	0.113034
ZNF707	down	2	1.0	-0.0565078	0.102091	0.113016
RFX1	down	2	1.0	-0.0564172	0.158317	0.112834
ATF2	down	2	1.0	-0.0564012	0.0353938	0.112802
SDHAF2	down	2	1.0	-0.0563625	0.451214	0.112725
WDR25	up	2	1.0	0.0563148	0.0476646	0.11263
OR51E1	up	2	1.0	0.0563148	0.226328	0.11263
CCDC137	up	2	1.0	0.0563018	0.433019	0.112604
MED19	down	2	1.0	-0.0563	0.508961	0.1126
TSPEAR	down	2	1.0	-0.0562893	0.280525	0.112579
WDR87	down	2	1.0	-0.0562819	0.158516	0.112564
EID2	up	2	1.0	0.0562141	0.446484	0.112428
FIS1	down	2	1.0	-0.0561742	0.351893	0.112348
CXorf58	down	2	1.0	-0.0560912	0.192121	0.112182
CRIP1	down	2	1.0	-0.0560241	0.748529	0.112048
LAMTOR1	down	2	1.0	-0.0559963	0.343688	0.111993
TAOK2	down	2	1.0	-0.0559873	0.310886	0.111975
CEBPZ	down	2	1.0	-0.0559219	0.320076	0.111844
LINC00174	down	2	1.0	-0.0558055	0.0709893	0.111611
ZIC5	down	2	1.0	-0.0557873	0.0618489	0.111575
TCL1B	down	2	1.0	-0.0555556	0.505888	0.111111
BCORP1	down	2	1.0	-0.0555457	0.49338	0.111091
SLBP	up	2	1.0	0.0555027	0.0780068	0.111005
TMEM179	down	2	1.0	-0.0554747	0.19084	0.110949
SRSF3	up	2	1.0	0.0554557	0.0802074	0.110911
HCRTR1	down	2	1.0	-0.0554258	0.364282	0.110852
LINC00612	down	2	1.0	-0.055406	0.1571	0.110812
UNC79	down	2	1.0	-0.0553964	0.217345	0.110793
TUBA3D	up	2	1.0	0.0553733	0.267222	0.110747
UBN1	up	2	1.0	0.0553655	0.152832	0.110731
KAAG1	down	2	1.0	-0.0553534	0.369837	0.110707
CSN1S2AP	down	2	1.0	-0.0553157	0.296288	0.110631
NCAN	down	2	1.0	-0.0553087	0.0561615	0.110617
U2AF1L4	up	2	1.0	0.0553035	0.541303	0.110607
MAP2K4	down	2	1.0	-0.055298	0.341139	0.110596
C17orf78	down	2	1.0	-0.0552885	0.121067	0.110577
TRPC5	down	2	1.0	-0.055288	0.168297	0.110576
MUC15	down	2	1.0	-0.0552634	0.19444	0.110527
CRYBA4	up	2	1.0	0.0552466	0.272943	0.110493
DRG1	down	2	1.0	-0.0552462	0.363418	0.110492
GMEB2	down	2	1.0	-0.0552295	0.45737	0.110459
POU1F1	down	2	1.0	-0.0550798	0.247386	0.11016
C5orf46	down	2	1.0	-0.0550376	0.292076	0.110075
LOC646383	down	2	1.0	-0.0550359	0.37588	0.110072
COX7B2	down	2	1.0	-0.0549827	0.237059	0.109965
LOC100130815	down	2	1.0	-0.0549424	0.247833	0.109885
FAM193B	up	2	1.0	0.0549218	0.602205	0.109844
ZNF788	up	2	1.0	0.0548683	0.405586	0.109737
PP2D1	down	2	1.0	-0.0548293	0.0938263	0.109659
PLEKHG5	down	2	1.0	-0.0548175	0.438831	0.109635
YES1	down	2	1.0	-0.0548133	0.148862	0.109627
IL1RL2	down	2	1.0	-0.0547964	0.037399	0.109593
C10orf35	up	2	1.0	0.0547744	0.171641	0.109549
C16orf86	down	2	1.0	-0.0546443	0.296617	0.109289
SOX21	down	2	1.0	-0.0546351	0.166446	0.10927
B3GNT2	down	2	1.0	-0.054609	0.0940825	0.109218
YTHDC1	down	2	1.0	-0.0545991	0.0418586	0.109198
HMGN1	down	2	1.0	-0.0545295	0.00230634	0.109059
KTI12	up	2	1.0	0.0545073	0.253107	0.109015
SAGE1	down	2	1.0	-0.0544475	0.185823	0.108895
TTC29	down	2	1.0	-0.0544167	0.286837	0.108833
PGAM2	down	2	1.0	-0.0544025	0.184766	0.108805
LINC00544	down	2	1.0	-0.0544004	0.197111	0.108801
OR3A1	down	2	1.0	-0.0543708	0.21324	0.108742
KRTAP2-3	down	2	1.0	-0.0543334	0.237723	0.108667
MAP4K2	up	2	1.0	0.0543126	0.473272	0.108625
C8B	down	2	1.0	-0.0542508	0.286842	0.108502
CCDC190	down	2	1.0	-0.0542501	0.347482	0.1085
PEX5L	down	2	1.0	-0.0541473	0.182262	0.108295
B3GAT1	up	2	1.0	0.0540966	0.499207	0.108193
CNOT4	down	2	1.0	-0.0540748	0.237736	0.10815
SLC7A13	down	2	1.0	-0.0540082	0.0856925	0.108016
PPEF1	down	2	1.0	-0.0539912	0.257113	0.107982
TRIM37	up	2	1.0	0.0539794	0.579487	0.107959
LRRC71	down	2	1.0	-0.053931	0.456283	0.107862
TUBA4B	up	2	1.0	0.0539171	0.30277	0.107834
LYRM1	down	2	1.0	-0.0538365	0.52009	0.107673
REXO4	down	2	1.0	-0.0538114	0.296847	0.107623
KCNJ6	down	2	1.0	-0.0538049	0.376868	0.10761
DSG1	down	2	1.0	-0.0536551	0.380158	0.10731
TAF1L	down	2	1.0	-0.0536474	0.0399302	0.107295
PRNT	down	2	1.0	-0.0535572	0.489478	0.107114
BTG4	down	2	1.0	-0.0535566	0.0152982	0.107113
COX8C	down	2	1.0	-0.0535421	0.306717	0.107084
ZNF280A	down	2	1.0	-0.0534923	0.0479321	0.106985
GRN	down	2	1.0	-0.0534588	0.390281	0.106918
CNEP1R1	up	2	1.0	0.0534572	0.578145	0.106914
HESX1	down	2	1.0	-0.0534418	0.364789	0.106884
MIR30C2	up	2	1.0	0.0534248	0.409327	0.10685
CPNE9	down	2	1.0	-0.0533515	0.258589	0.106703
DSCR9	down	2	1.0	-0.0533371	0.165831	0.106674
CD2BP2	up	2	1.0	0.0533354	0.145919	0.106671
DOK6	down	2	1.0	-0.0533236	0.325974	0.106647
NEUROG3	down	2	1.0	-0.0533214	0.43084	0.106643
OR1I1	down	2	1.0	-0.0532892	0.51284	0.106578
ZNF804A	up	2	1.0	0.0532682	0.480303	0.106536
TSGA10IP	down	2	1.0	-0.0531453	0.281871	0.106291
CERS3	down	2	1.0	-0.0531344	0.414676	0.106269
HOXC10	down	2	1.0	-0.0531309	0.197893	0.106262
GML	down	2	1.0	-0.0530048	0.189122	0.10601
C8orf46	down	2	1.0	-0.0528981	0.0679152	0.105796
DYNLL1	down	2	1.0	-0.0527721	0.311386	0.105544
DHX15	down	2	1.0	-0.0527341	0.220163	0.105468
TRAP1	down	2	1.0	-0.0526831	0.316926	0.105366
FAM178B	down	2	1.0	-0.0524943	0.369166	0.104989
LINC00310	down	2	1.0	-0.0524266	0.362979	0.104853
MTX1	down	2	1.0	-0.052422	0.375231	0.104844
GNGT1	down	2	1.0	-0.0523977	0.00282091	0.104795
PSMD5	down	2	1.0	-0.0523877	0.226652	0.104775
TMEM79	down	2	1.0	-0.0523404	0.521822	0.104681
RLN1	down	2	1.0	-0.052312	0.152936	0.104624
GCSAML	down	2	1.0	-0.052281	0.54215	0.104562
CARM1	up	2	1.0	0.0522658	0.410141	0.104532
RPS6KB2	down	2	1.0	-0.0522294	0.205307	0.104459
GBAP1	down	2	1.0	-0.052152	0.183781	0.104304
PALB2	up	2	1.0	0.0521173	0.242391	0.104235
OR1G1	down	2	1.0	-0.0519345	0.0616236	0.103869
CTTN	up	2	1.0	0.051834	0.535527	0.103668
CDH18	down	2	1.0	-0.0518019	0.0562412	0.103604
CALY	down	2	1.0	-0.0517661	0.530261	0.103532
CTBP1	down	2	1.0	-0.0517483	0.0162183	0.103497
COMMD9	up	2	1.0	0.0516894	0.48525	0.103379
RAP1GDS1	down	2	1.0	-0.0516812	0.424408	0.103362
TCF15	down	2	1.0	-0.0516776	0.441738	0.103355
GABRA6	down	2	1.0	-0.0516611	0.333842	0.103322
CRYGA	down	2	1.0	-0.0516392	0.403165	0.103278
KIF1BP	up	2	1.0	0.051617	0.495124	0.103234
SCNN1D	down	2	1.0	-0.0516016	0.210235	0.103203
OPRK1	down	2	1.0	-0.0514914	0.22462	0.102983
NISCH	down	2	1.0	-0.0514441	0.424227	0.102888
OPN1SW	up	2	1.0	0.0513143	0.56043	0.102629
HGH1	down	2	1.0	-0.0511825	0.522646	0.102365
OTOF	down	2	1.0	-0.0511817	0.416275	0.102363
MAN1B1	down	2	1.0	-0.0509988	0.546244	0.101998
DYDC1	down	2	1.0	-0.0509648	0.284285	0.10193
MAGEF1	up	2	1.0	0.0509475	0.055365	0.101895
C9orf66	down	2	1.0	-0.0508688	0.0043151	0.101738
MSL2	down	2	1.0	-0.0508132	0.258479	0.101626
PTGIS	down	2	1.0	-0.0507483	0.120967	0.101497
PPP4R3CP	down	2	1.0	-0.050723	0.445575	0.101446
HTN3	down	2	1.0	-0.0506898	0.428163	0.10138
LRCH4	down	2	1.0	-0.0506501	0.33791	0.1013
EIF2B1	down	2	1.0	-0.0506256	0.0803311	0.101251
FBXW8	down	2	1.0	-0.0505991	0.159942	0.101198
RIN1	up	2	1.0	0.0505934	0.0862214	0.101187
GAS8-AS1	down	2	1.0	-0.0505099	0.281871	0.10102
KLHL25	up	2	1.0	0.0504841	0.462	0.100968
ARMC3	down	2	1.0	-0.0504751	0.318982	0.10095
FAM166A	down	2	1.0	-0.0504308	0.55758	0.100862
MMADHC	up	2	1.0	0.0502628	0.613821	0.100526
UNK	up	2	1.0	0.0501883	0.242847	0.100377
MUC19	down	2	1.0	-0.0501767	0.15794	0.100353
AMBP	down	2	1.0	-0.0501566	0.513628	0.100313
HS6ST3	down	2	1.0	-0.0501274	0.0429854	0.100255
DLEU7	down	2	1.0	-0.0499388	0.237422	0.0998775
GOLPH3	down	2	1.0	-0.0499381	0.23312	0.0998762
PCDH8	down	2	1.0	-0.0499374	0.289365	0.0998749
SZT2	up	2	1.0	0.0499329	0.674652	0.0998657
SEC1P	down	2	1.0	-0.0498912	0.570827	0.0997825
ABHD17A	down	2	1.0	-0.0498608	0.0794398	0.0997217
KMT5A	down	2	1.0	-0.049703	0.500981	0.0994061
PLXNB3	down	2	1.0	-0.0496643	0.439681	0.0993285
UBXN2A	up	2	1.0	0.0496602	0.407273	0.0993203
RALGAPB	down	2	1.0	-0.0496491	0.459348	0.0992981
ELFN2	down	2	1.0	-0.0496285	0.172717	0.0992571
NUP153	up	2	1.0	0.0495956	0.448441	0.0991912
ENDOU	down	2	1.0	-0.0495121	0.177456	0.0990242
CAPNS2	down	2	1.0	-0.0494876	0.244801	0.0989751
DSTNP2	up	2	1.0	0.0494422	0.225729	0.0988844
TRPC3	down	2	1.0	-0.0494081	0.225881	0.0988162
CST11	down	2	1.0	-0.0493053	0.0643623	0.0986107
CD5L	down	2	1.0	-0.0492688	0.140246	0.0985377
FAM169B	down	2	1.0	-0.049177	0.279294	0.098354
UBQLN3	down	2	1.0	-0.0491083	0.0326575	0.0982165
PRRG3	down	2	1.0	-0.0490625	0.376117	0.098125
DDC-AS1	down	2	1.0	-0.0490263	0.5484	0.0980526
CRISP1	down	2	1.0	-0.0489708	0.305146	0.0979416
TMEM159	down	2	1.0	-0.0489404	0.647761	0.0978808
TMPRSS11B	down	2	1.0	-0.0489241	0.227856	0.0978483
TUBA3C	up	2	1.0	0.0488692	0.360732	0.0977383
FDXR	down	2	1.0	-0.0488302	0.560552	0.0976603
DUS1L	down	2	1.0	-0.0488268	0.530483	0.0976536
TRMT11	up	2	1.0	0.04882	0.496362	0.09764
BST1	down	2	1.0	-0.0487921	0.584173	0.0975843
RPL30	up	2	1.0	0.0487917	0.415611	0.0975834
COPRS	up	2	1.0	0.0487542	0.197455	0.0975084
CFAP206	down	2	1.0	-0.048742	0.287727	0.097484
RBMX2	up	2	1.0	0.0487109	0.217432	0.0974218
MEPE	down	2	1.0	-0.0485712	0.176283	0.0971424
BOD1L2	down	2	1.0	-0.0485678	0.240072	0.0971356
SMN2	down	2	1.0	-0.0485483	0.600476	0.0970966
EIF4EBP1	down	2	1.0	-0.048462	0.245125	0.096924
SGK1	up	2	1.0	0.0484345	0.546548	0.0968691
SNAP47	up	2	1.0	0.0483756	0.452295	0.0967512
CPXCR1	down	2	1.0	-0.0483508	0.281123	0.0967015
CNGB3	down	2	1.0	-0.0483432	0.193997	0.0966865
LOC151174	down	2	1.0	-0.0483203	0.300229	0.0966407
XPR1	down	2	1.0	-0.0483194	0.635505	0.0966388
ACTL10	down	2	1.0	-0.0482667	0.501631	0.0965335
FUCA2	up	2	1.0	0.0481943	0.245043	0.0963885
LBR	up	2	1.0	0.0481846	0.317772	0.0963692
USHBP1	up	2	1.0	0.0481657	0.570501	0.0963313
ASPSCR1	down	2	1.0	-0.0480903	0.446063	0.0961805
GPR1	up	2	1.0	0.0479761	0.0834447	0.0959522
GH1	up	2	1.0	0.0479333	0.193804	0.0958666
TMEM200B	down	2	1.0	-0.0478915	0.454403	0.0957829
HUS1B	down	2	1.0	-0.0477899	0.083403	0.0955798
KRT82	down	2	1.0	-0.0477516	0.534193	0.0955031
HEMGN	down	2	1.0	-0.0477269	0.187063	0.0954538
TMEM222	up	2	1.0	0.0476388	0.442618	0.0952777
PRG2	up	2	1.0	0.0475407	0.260606	0.0950814
PGR	down	2	1.0	-0.0475127	0.476735	0.0950254
CSNK2A2	up	2	1.0	0.047453	0.223874	0.0949059
IFNK	down	2	1.0	-0.0474465	0.332512	0.094893
PSRC1	up	2	1.0	0.0474004	0.312553	0.0948008
FNDC11	down	2	1.0	-0.0473947	0.251546	0.0947894
MYO18A	down	2	1.0	-0.0473831	0.317792	0.0947663
FSCN2	down	2	1.0	-0.0473159	0.572021	0.0946319
AQP4-AS1	down	2	1.0	-0.047303	0.253541	0.0946061
PCDHB7	up	2	1.0	0.0472409	0.229369	0.0944818
JADE3	up	2	1.0	0.0471189	0.0909018	0.0942378
TMEM75	down	2	1.0	-0.0471036	0.367953	0.0942073
LOC84843	down	2	1.0	-0.0470983	0.316791	0.0941967
KIAA0087	down	2	1.0	-0.0470327	0.226499	0.0940655
DIRC1	down	2	1.0	-0.0467437	0.121121	0.0934874
GLIS1	up	2	1.0	0.0466945	0.622681	0.093389
GABRR3	down	2	1.0	-0.0466382	0.398696	0.0932764
GNAT1	down	2	1.0	-0.0465955	0.124239	0.0931909
TBC1D14	down	2	1.0	-0.0464971	0.373427	0.0929942
C12orf50	down	2	1.0	-0.0464936	0.516646	0.0929873
NOP9	down	2	1.0	-0.0464196	0.374425	0.0928392
CPS1-IT1	down	2	1.0	-0.0463906	0.0794962	0.0927811
ROBO3	down	2	1.0	-0.0463764	0.57526	0.0927528
SUMO3	up	2	1.0	0.0463688	0.385002	0.0927375
LINC01101	down	2	1.0	-0.0463494	0.610882	0.0926988
LOC100130744	down	2	1.0	-0.0463115	0.11563	0.092623
HDAC1	down	2	1.0	-0.0463012	0.501145	0.0926024
ADGRB1	up	2	1.0	0.0462089	0.120263	0.0924179
DDX42	down	2	1.0	-0.046191	0.108304	0.0923819
NUBP1	up	2	1.0	0.0461491	0.419438	0.0922981
GPM6A	down	2	1.0	-0.0460863	0.408602	0.0921727
TEX14	up	2	1.0	0.0460156	0.434362	0.0920313
CRYBA1	down	2	1.0	-0.0458652	0.230179	0.0917303
MED25	down	2	1.0	-0.0458273	0.0795094	0.0916546
XKRY2	down	2	1.0	-0.0457664	0.068581	0.0915328
LMAN1L	down	2	1.0	-0.0457645	0.46236	0.091529
GAL3ST3	down	2	1.0	-0.0457215	0.222115	0.091443
SOCS7	up	2	1.0	0.0457064	0.629581	0.0914128
NYX	down	2	1.0	-0.045672	0.406291	0.0913439
KRTDAP	down	2	1.0	-0.0456699	0.189301	0.0913399
POLA1	up	2	1.0	0.0456594	0.670167	0.0913188
POLR1C	up	2	1.0	0.0455614	0.533168	0.0911227
QRICH1	up	2	1.0	0.0455531	0.369166	0.0911062
C12orf60	down	2	1.0	-0.0454771	0.713077	0.0909541
KHSRP	down	2	1.0	-0.0454684	0.147703	0.0909367
TLX3	down	2	1.0	-0.0453807	0.4969	0.0907614
PWP2	down	2	1.0	-0.0453552	0.204932	0.0907105
LOC728283	down	2	1.0	-0.0453178	0.160435	0.0906357
RPS3	up	2	1.0	0.0453148	0.387841	0.0906295
GPR137C	down	2	1.0	-0.0451346	0.426206	0.0902692
RXFP3	down	2	1.0	-0.0450857	0.434533	0.0901713
WRB	down	2	1.0	-0.045038	0.81663	0.090076
CACNG2	down	2	1.0	-0.0449409	0.601425	0.0898817
OR12D3	down	2	1.0	-0.0448882	0.372161	0.0897765
PHF6	up	2	1.0	0.0448791	0.515809	0.0897581
RANBP3L	down	2	1.0	-0.0448064	0.281123	0.0896128
GPRC6A	down	2	1.0	-0.0447523	0.222181	0.0895046
LOC100127955	down	2	1.0	-0.0447366	0.283973	0.0894732
KCNK12	down	2	1.0	-0.0447121	0.3288	0.0894241
UNC93A	down	2	1.0	-0.0447049	0.130489	0.0894098
CHAMP1	up	2	1.0	0.0445925	0.53843	0.089185
CTRB2	down	2	1.0	-0.0445036	0.420026	0.0890072
PPP1R8	up	2	1.0	0.0444669	0.497072	0.0889338
LOC81691	down	2	1.0	-0.0443739	0.4619	0.0887477
NLGN1	down	2	1.0	-0.0443423	0.549302	0.0886846
CEACAM5	up	2	1.0	0.0442601	0.279154	0.0885203
ZNF677	up	2	1.0	0.0441489	0.216257	0.0882977
BIRC6	up	2	1.0	0.0441426	0.484499	0.0882852
ERVV-1	down	2	1.0	-0.0441186	0.0914869	0.0882372
ZCRB1	up	2	1.0	0.0440603	0.628463	0.0881206
VCPIP1	up	2	1.0	0.0440099	0.335145	0.0880198
THAP7	down	2	1.0	-0.0437649	0.445743	0.0875299
CYP7A1	up	2	1.0	0.0437408	0.205298	0.0874816
RORB	down	2	1.0	-0.0436767	0.0771123	0.0873534
TRIM66	down	2	1.0	-0.0435975	0.468804	0.0871951
NEXN-AS1	up	2	1.0	0.0435501	0.13885	0.0871003
KEAP1	up	2	1.0	0.0435137	0.706127	0.0870274
LECT1	up	2	1.0	0.0434298	0.392579	0.0868595
NOTUM	down	2	1.0	-0.0433671	0.346522	0.0867342
TMOD4	down	2	1.0	-0.0432673	0.597643	0.0865346
BRSK1	up	2	1.0	0.0429382	0.55866	0.0858765
ZNF541	down	2	1.0	-0.0429302	0.451926	0.0858603
ZC3H10	down	2	1.0	-0.04287	0.485236	0.0857401
KRT73	down	2	1.0	-0.042842	0.242246	0.0856841
C20orf85	down	2	1.0	-0.0428402	0.442165	0.0856805
CLDN17	down	2	1.0	-0.0428172	0.33691	0.0856344
CDH26	down	2	1.0	-0.0426874	0.407483	0.0853748
ZNF295-AS1	down	2	1.0	-0.0426003	0.393677	0.0852007
RHBDD3	up	2	1.0	0.042575	0.562857	0.0851499
H2AFY2	down	2	1.0	-0.0425583	0.611619	0.0851165
NSMCE2	down	2	1.0	-0.0424598	0.718774	0.0849196
ASZ1	down	2	1.0	-0.0423492	0.213957	0.0846985
ASNSD1	up	2	1.0	0.0422591	0.453734	0.0845181
KHDRBS3	down	2	1.0	-0.0421721	0.577094	0.0843441
DPYS	down	2	1.0	-0.0420802	0.252507	0.0841604
FAM171A2	down	2	1.0	-0.0420133	0.599706	0.0840266
TRIM11	up	2	1.0	0.0418964	0.508044	0.0837928
SCAF1	up	2	1.0	0.0418694	0.635502	0.0837388
TNFRSF10D	down	2	1.0	-0.0418678	0.226713	0.0837357
ZNF584	up	2	1.0	0.0418374	0.447716	0.0836748
ADAMTSL2	down	2	1.0	-0.0418089	0.363551	0.0836177
KCNQ3	down	2	1.0	-0.0417723	0.258269	0.0835445
TECTB	down	2	1.0	-0.0416277	0.2877	0.0832554
VSTM2L	down	2	1.0	-0.041573	0.490544	0.083146
LDHAL6B	up	2	1.0	0.0415464	0.0318577	0.0830929
SLC26A9	up	2	1.0	0.041493	0.599642	0.0829859
PURG	down	2	1.0	-0.0414894	0.0578739	0.0829787
FBXL22	down	2	1.0	-0.0414593	0.691419	0.0829185
NOC4L	down	2	1.0	-0.0412814	0.593552	0.0825628
STGC3	down	2	1.0	-0.041108	0.644703	0.082216
OR10D1P	down	2	1.0	-0.0410024	0.142667	0.0820049
SPZ1	down	2	1.0	-0.0409141	0.452357	0.0818281
NANOS1	down	2	1.0	-0.0408699	0.544267	0.0817398
MMGT1	down	2	1.0	-0.0407805	0.254561	0.0815611
LOC441178	down	2	1.0	-0.0407273	0.224408	0.0814546
CNOT11	down	2	1.0	-0.0406213	0.136163	0.0812427
GDF2	down	2	1.0	-0.0405115	0.336689	0.0810229
PTTG3P	down	2	1.0	-0.0405078	0.486408	0.0810156
RNF182	down	2	1.0	-0.0404918	0.402692	0.0809836
DYNLRB2	down	2	1.0	-0.0404572	0.15227	0.0809143
NDUFA4	down	2	1.0	-0.0404422	0.47101	0.0808844
PCDHB9	down	2	1.0	-0.0404135	0.330145	0.080827
ITIH3	down	2	1.0	-0.0403216	0.249377	0.0806432
RGS9	down	2	1.0	-0.0401527	0.319114	0.0803055
MOSPD3	down	2	1.0	-0.0400917	0.607228	0.0801834
SMCO1	down	2	1.0	-0.0400734	0.434652	0.0801467
LOC730098	down	2	1.0	-0.0400544	0.364783	0.0801087
IL1F10	down	2	1.0	-0.0398928	0.399985	0.0797857
RABGGTA	down	2	1.0	-0.0398229	0.646281	0.0796459
CLCN1	down	2	1.0	-0.0398021	0.439329	0.0796042
ACTG1P17	down	2	1.0	-0.0397499	0.407947	0.0794998
FAM198A	down	2	1.0	-0.0397371	0.678116	0.0794743
ANO3	down	2	1.0	-0.0397117	0.192169	0.0794233
SRMS	down	2	1.0	-0.0397098	0.290088	0.0794196
ZCWPW1	down	2	1.0	-0.039704	0.536217	0.079408
CALR3	down	2	1.0	-0.0396688	0.214784	0.0793377
YY2	down	2	1.0	-0.0395418	0.51728	0.0790836
CELA2B	down	2	1.0	-0.0395223	0.270895	0.0790447
CCDC185	down	2	1.0	-0.0394921	0.455626	0.0789841
MDGA2	down	2	1.0	-0.0394718	0.33133	0.0789436
CELF2-AS1	down	2	1.0	-0.0394039	0.458555	0.0788077
SYCN	down	2	1.0	-0.0391687	0.429074	0.0783374
ERICH3	down	2	1.0	-0.0390776	0.184748	0.0781553
MMP23A	up	2	1.0	0.0390454	0.581545	0.0780908
DLX5	down	2	1.0	-0.0390428	0.402712	0.0780857
FOXN3-AS2	down	2	1.0	-0.0390278	0.402852	0.0780556
MCEE	up	2	1.0	0.0389273	0.840087	0.0778547
LMO1	down	2	1.0	-0.0388554	0.505194	0.0777107
TMEM41A	up	2	1.0	0.0388259	0.622537	0.0776518
CDK2AP2	up	2	1.0	0.0386565	0.568748	0.0773131
CALCB	down	2	1.0	-0.0386531	0.229314	0.0773061
LOR	down	2	1.0	-0.0385459	0.260702	0.0770918
ARHGAP33	down	2	1.0	-0.0385262	0.190623	0.0770524
GP5	down	2	1.0	-0.0384179	0.305233	0.0768358
DKFZP434L187	down	2	1.0	-0.0384085	0.375452	0.0768169
WT1-AS	down	2	1.0	-0.0383925	0.410949	0.0767849
CPED1	up	2	1.0	0.0383479	0.692426	0.0766959
LRRN4CL	down	2	1.0	-0.0383469	0.817609	0.0766937
KCNK15	down	2	1.0	-0.0383022	0.685728	0.0766044
CCDC172	down	2	1.0	-0.0382845	0.351645	0.076569
IGFL2	down	2	1.0	-0.0381937	0.763666	0.0763874
PINX1	up	2	1.0	0.0381546	0.707366	0.0763092
WBP1L	down	2	1.0	-0.0380612	0.521883	0.0761224
TSSC4	down	2	1.0	-0.0379601	0.605935	0.0759203
POLR3K	down	2	1.0	-0.0379591	0.229121	0.0759182
PLCD4	down	2	1.0	-0.0378216	0.461939	0.0756432
ABCA3	up	2	1.0	0.0377396	0.566925	0.0754793
HACE1	up	2	1.0	0.0376207	0.340135	0.0752414
E2F1	down	2	1.0	-0.0376071	0.618938	0.0752142
FSCB	down	2	1.0	-0.0375312	0.54787	0.0750624
ATAD3A	up	2	1.0	0.037519	0.686757	0.0750379
TRMT10C	down	2	1.0	-0.0374795	0.544785	0.074959
SH3D21	down	2	1.0	-0.0374743	0.771589	0.0749486
PRSS50	down	2	1.0	-0.0374034	0.464396	0.0748068
LINC00896	down	2	1.0	-0.0372585	0.608658	0.074517
IPO13	up	2	1.0	0.0372077	0.465264	0.0744153
HIST1H3C	down	2	1.0	-0.0371937	0.697604	0.0743873
EHMT1	up	2	1.0	0.0370983	0.425292	0.0741966
RNF123	up	2	1.0	0.0370536	0.749339	0.0741072
TRDN	down	2	1.0	-0.0368979	0.342747	0.0737958
SPRED3	down	2	1.0	-0.0367763	0.484893	0.0735526
G3BP2	down	2	1.0	-0.0367429	0.518278	0.0734857
XAGE3	down	2	1.0	-0.0367379	0.525777	0.0734758
ELF2	up	2	1.0	0.0366585	0.615282	0.073317
TRIM55	down	2	1.0	-0.0364733	0.329842	0.0729466
THBS3	up	2	1.0	0.0363835	0.715605	0.072767
CASQ1	down	2	1.0	-0.0362569	0.296604	0.0725137
ORMDL3	up	2	1.0	0.0362407	0.413826	0.0724814
TIGD3	up	2	1.0	0.0361067	0.5852	0.0722133
TXNDC12	down	2	1.0	-0.0360284	0.70958	0.0720567
SDS	down	2	1.0	-0.0359326	0.641111	0.0718652
KRT72	down	2	1.0	-0.0358458	0.444255	0.0716916
GDF3	down	2	1.0	-0.0357273	0.234822	0.0714547
MROH9	down	2	1.0	-0.0356901	0.257232	0.0713803
RBM46	down	2	1.0	-0.0354438	0.232261	0.0708876
PI4KA	down	2	1.0	-0.0353839	0.715852	0.0707678
TPH2	down	2	1.0	-0.0352275	0.518901	0.0704551
CCDC138	up	2	1.0	0.0351921	0.741748	0.0703843
SLC22A2	down	2	1.0	-0.0349907	0.232413	0.0699813
B4GALT7	down	2	1.0	-0.0349759	0.622376	0.0699517
LZTR1	up	2	1.0	0.0349474	0.713493	0.0698947
PPY2P	up	2	1.0	0.0349228	0.525807	0.0698456
HEPACAM	down	2	1.0	-0.0349045	0.52067	0.0698091
BRS3	down	2	1.0	-0.0348709	0.404652	0.0697419
EFNA3	up	2	1.0	0.0348171	0.740542	0.0696343
SMARCC1	down	2	1.0	-0.0347997	0.671211	0.0695993
ZNF879	down	2	1.0	-0.0347961	0.694492	0.0695922
SLC10A4	down	2	1.0	-0.0347836	0.499121	0.0695672
CCNT1	down	2	1.0	-0.0347732	0.714857	0.0695463
BIN3	down	2	1.0	-0.0347204	0.464758	0.0694409
LCNL1	down	2	1.0	-0.0346893	0.370929	0.0693786
CYB5R4	up	2	1.0	0.0346094	0.464016	0.0692188
BPIFA2	down	2	1.0	-0.0345273	0.384844	0.0690545
UTS2R	down	2	1.0	-0.0345095	0.530897	0.069019
NKAPL	down	2	1.0	-0.0343597	0.428506	0.0687194
AES	down	2	1.0	-0.0343016	0.699794	0.0686031
MAGEB4	down	2	1.0	-0.0342566	0.121466	0.0685133
SCGB1A1	down	2	1.0	-0.0341933	0.515526	0.0683867
CAMTA2	down	2	1.0	-0.0341371	0.418527	0.0682741
GADD45GIP1	up	2	1.0	0.0340477	0.693925	0.0680953
AHSP	down	2	1.0	-0.0339455	0.557409	0.0678909
RETN	down	2	1.0	-0.033921	0.621687	0.0678419
ITIH2	down	2	1.0	-0.0338605	0.457787	0.0677209
PAFAH1B3	down	2	1.0	-0.0336662	0.550596	0.0673324
PRR7	up	2	1.0	0.0336244	0.30202	0.0672488
RAB22A	up	2	1.0	0.0336002	0.593161	0.0672003
ARMC6	down	2	1.0	-0.0335448	0.7428	0.0670896
MARCH9	up	2	1.0	0.0335115	0.564461	0.067023
TRIM41	up	2	1.0	0.0332335	0.678909	0.066467
TMEM150A	up	2	1.0	0.0331917	0.629393	0.0663833
RDH16	down	2	1.0	-0.0331827	0.658782	0.0663653
SLC10A3	up	2	1.0	0.0330011	0.397761	0.0660021
TEX38	down	2	1.0	-0.0329255	0.502326	0.065851
LOC90768	up	2	1.0	0.0328621	0.592472	0.0657242
WDYHV1	up	2	1.0	0.03258	0.65854	0.06516
MRGPRX4	down	2	1.0	-0.0322261	0.472514	0.0644522
OR1E1	down	2	1.0	-0.0322194	0.421044	0.0644388
USP20	up	2	1.0	0.032087	0.751288	0.064174
EIF2B4	down	2	1.0	-0.0319885	0.127681	0.063977
STT3B	down	2	1.0	-0.0319702	0.472944	0.0639405
FAM187B	down	2	1.0	-0.0319177	0.623536	0.0638354
CDH10	down	2	1.0	-0.031509	0.328892	0.063018
FSD2	down	2	1.0	-0.0314606	0.52275	0.0629213
LOC100130264	down	2	1.0	-0.0313729	0.478897	0.0627458
SLC4A3	down	2	1.0	-0.031164	0.442728	0.0623279
CAGE1	down	2	1.0	-0.0311381	0.497231	0.0622761
GSC	down	2	1.0	-0.0308821	0.666458	0.0617641
ZKSCAN2	down	2	1.0	-0.0308382	0.598564	0.0616765
ACAP3	up	2	1.0	0.0308115	0.638118	0.061623
PPP1R2P9	down	2	1.0	-0.0307917	0.486117	0.0615834
LOC79999	up	2	1.0	0.0307035	0.620969	0.0614069
RSPH1	up	2	1.0	0.0306574	0.667532	0.0613148
PRO2949	down	2	1.0	-0.030429	0.49063	0.0608581
TMEM140	down	2	1.0	-0.0303411	0.810394	0.0606821
C6orf58	down	2	1.0	-0.0303388	0.449187	0.0606776
IL17C	up	2	1.0	0.0303048	0.667059	0.0606097
ZSWIM2	down	2	1.0	-0.030205	0.232527	0.0604099
LRRC2-AS1	down	2	1.0	-0.0301981	0.352061	0.0603962
NRGN	down	2	1.0	-0.0301827	0.642038	0.0603654
PCNX3	up	2	1.0	0.0301548	0.645133	0.0603096
C8orf22	down	2	1.0	-0.0301098	0.524765	0.0602196
H1FX-AS1	down	2	1.0	-0.0300388	0.587009	0.0600777
KCTD19	down	2	1.0	-0.0298067	0.493141	0.0596135
MARCO	down	2	1.0	-0.0297729	0.678821	0.0595459
IL20RB	up	2	1.0	0.0297621	0.739366	0.0595243
RCVRN	up	2	1.0	0.0297252	0.599729	0.0594505
STAC3	up	2	1.0	0.0296311	0.496053	0.0592623
PCDHB6	down	2	1.0	-0.0295354	0.405575	0.0590708
C12orf10	up	2	1.0	0.0294722	0.560849	0.0589443
GAR1	down	2	1.0	-0.029402	0.487524	0.058804
LRRC61	down	2	1.0	-0.029234	0.63434	0.0584679
MCF2	down	2	1.0	-0.0291684	0.432045	0.0583368
PARN	up	2	1.0	0.0291195	0.561715	0.058239
FBXO15	up	2	1.0	0.029094	0.68921	0.0581879
LYPD3	up	2	1.0	0.0290516	0.480857	0.0581031
DMGDH	down	2	1.0	-0.0289933	0.368025	0.0579867
FGFBP3	down	2	1.0	-0.0289108	0.46335	0.0578216
MAGEB6	down	2	1.0	-0.0287827	0.674398	0.0575654
ADGRB2	down	2	1.0	-0.0287647	0.603196	0.0575295
PTS	down	2	1.0	-0.0285403	0.531512	0.0570806
HENMT1	up	2	1.0	0.0284524	0.521959	0.0569047
OR5V1	up	2	1.0	0.0283819	0.546683	0.0567637
DCLK3	down	2	1.0	-0.0283679	0.609104	0.0567358
LRRC41	down	2	1.0	-0.0283581	0.0655167	0.0567163
FLJ13224	down	2	1.0	-0.0283461	0.658441	0.0566922
TMEM151A	down	2	1.0	-0.0283313	0.607893	0.0566626
C18orf21	down	2	1.0	-0.028296	0.753739	0.0565919
ELP5	up	2	1.0	0.0282175	0.812656	0.0564349
C2CD4C	down	2	1.0	-0.0281713	0.656148	0.0563426
AGK	down	2	1.0	-0.0281542	0.25689	0.0563084
SLC2A2	down	2	1.0	-0.0280515	0.173444	0.056103
AHSG	down	2	1.0	-0.0279744	0.483697	0.0559487
PPP1R35	up	2	1.0	0.0279624	0.38781	0.0559247
CDK7	down	2	1.0	-0.0279407	0.642679	0.0558813
CFAP58	down	2	1.0	-0.0277023	0.605935	0.0554045
AP3B2	down	2	1.0	-0.0276851	0.665669	0.0553702
GJC2	down	2	1.0	-0.0276157	0.671774	0.0552314
SNX31	down	2	1.0	-0.0276094	0.563806	0.0552188
SUSD6	up	2	1.0	0.027595	0.843451	0.05519
LRRC3DN	down	2	1.0	-0.0275364	0.738682	0.0550728
NUPR1	down	2	1.0	-0.0274818	0.841158	0.0549636
SPATC1	down	2	1.0	-0.0273962	0.620629	0.0547924
IFIT1	up	2	1.0	0.0272681	0.920243	0.0545363
SLC34A2	down	2	1.0	-0.0271258	0.433242	0.0542515
CCDC170	down	2	1.0	-0.0270999	0.785359	0.0541998
EFCAB12	down	2	1.0	-0.0270971	0.719775	0.0541942
GPR3	up	2	1.0	0.0270512	0.533066	0.0541024
TNFRSF14	up	2	1.0	0.0269039	0.560101	0.0538079
SWI5	up	2	1.0	0.0267838	0.602941	0.0535676
IFNA5	down	2	1.0	-0.0265048	0.686717	0.0530096
PYCRL	up	2	1.0	0.0264674	0.426784	0.0529347
IER5	up	2	1.0	0.0264205	0.458218	0.0528411
COG6	up	2	1.0	0.0261333	0.57445	0.0522665
C7	up	2	1.0	0.026048	0.900645	0.0520959
POLR3F	up	2	1.0	0.0260475	0.799649	0.052095
DDIT4L	up	2	1.0	0.0259053	0.678639	0.0518106
USP5	up	2	1.0	0.0258383	0.780487	0.0516765
HPCAL4	down	2	1.0	-0.0257628	0.453365	0.0515256
POLR2C	up	2	1.0	0.0257578	0.598195	0.0515157
LINC00158	down	2	1.0	-0.0256796	0.629021	0.0513592
SCGB1D2	down	2	1.0	-0.0256656	0.409496	0.0513313
VBP1	down	2	1.0	-0.0254271	0.763125	0.0508542
MIR22HG	down	2	1.0	-0.025296	0.755609	0.0505919
HARBI1	down	2	1.0	-0.0251873	0.504638	0.0503747
C1QBP	up	2	1.0	0.0251193	0.904742	0.0502387
ANKRD30A	down	2	1.0	-0.025023	0.561793	0.050046
FAM110D	down	2	1.0	-0.0247956	0.602942	0.0495911
FAM181A	down	2	1.0	-0.024553	0.632554	0.049106
CRYGB	down	2	1.0	-0.0245164	0.719608	0.0490328
RNF169	up	2	1.0	0.024462	0.735794	0.0489239
YARS2	up	2	1.0	0.0244173	0.490169	0.0488347
C14orf39	down	2	1.0	-0.0243021	0.479339	0.0486043
MSANTD1	down	2	1.0	-0.0242877	0.725852	0.0485754
EN2	down	2	1.0	-0.0242699	0.555044	0.0485398
KLHL30-AS1	down	2	1.0	-0.0241992	0.703556	0.0483985
MYL2	down	2	1.0	-0.0241155	0.532249	0.0482311
C7orf61	down	2	1.0	-0.0240694	0.731644	0.0481389
MTG1	up	2	1.0	0.0240448	0.835377	0.0480897
RP1	down	2	1.0	-0.0240435	0.320341	0.0480869
BPIFB1	down	2	1.0	-0.0237436	0.612926	0.0474871
ZACN	down	2	1.0	-0.0236909	0.595617	0.0473819
PLEKHA3	down	2	1.0	-0.0234371	0.631643	0.0468741
OOSP2	down	2	1.0	-0.0233489	0.72729	0.0466978
SKIDA1	down	2	1.0	-0.0231137	0.589562	0.0462274
ZNF22	up	2	1.0	0.0230687	0.791255	0.0461374
PNPLA6	down	2	1.0	-0.0228724	0.782862	0.0457448
RPS19BP1	up	2	1.0	0.0228476	0.690407	0.0456951
TMED1	up	2	1.0	0.0222771	0.291808	0.0445542
ZBTB5	down	2	1.0	-0.0221239	0.623395	0.0442477
PRR12	up	2	1.0	0.0220831	0.426592	0.0441661
MAGEB2	down	2	1.0	-0.0219464	0.713754	0.0438929
USH2A	down	2	1.0	-0.021688	0.510041	0.0433759
RNF133	down	2	1.0	-0.0215443	0.619138	0.0430886
BRAT1	up	2	1.0	0.0214887	0.222927	0.0429775
CCNA1	down	2	1.0	-0.0214507	0.686418	0.0429014
SLC35E3	down	2	1.0	-0.0214034	0.554912	0.0428069
DEXI	down	2	1.0	-0.0211967	0.586011	0.0423935
PMPCA	up	2	1.0	0.0211907	0.341973	0.0423814
ASCL5	up	2	1.0	0.0209953	0.658074	0.0419905
DEFA4	up	2	1.0	0.0207588	0.519248	0.0415176
PAEP	down	2	1.0	-0.0206929	0.674019	0.0413858
LOC51145	up	2	1.0	0.0206014	0.804171	0.0412028
CNNM1	up	2	1.0	0.0205973	0.5987	0.0411946
DSCR4	down	2	1.0	-0.0204914	0.75442	0.0409828
ACTL9	down	2	1.0	-0.0203667	0.588326	0.0407335
TEX29	down	2	1.0	-0.0202506	0.699462	0.0405012
LOC389895	down	2	1.0	-0.0200661	0.76488	0.0401323
MFSD6	up	2	1.0	0.020043	0.842604	0.0400861
FAM71C	down	2	1.0	-0.0199827	0.718282	0.0399653
ARF5	down	2	1.0	-0.0198899	0.845758	0.0397799
FANCD2OS	up	2	1.0	0.0196607	0.730615	0.0393215
C9	up	2	1.0	0.0194053	0.38935	0.0388105
IL5	down	2	1.0	-0.0193553	0.694709	0.0387107
STAR	down	2	1.0	-0.0188406	0.554541	0.0376812
CHRM2	down	2	1.0	-0.0184525	0.592054	0.0369051
YPEL5	up	2	1.0	0.0184441	0.743696	0.0368882
COLQ	up	2	1.0	0.0183147	0.740904	0.0366294
TRAF2	up	2	1.0	0.0180457	0.819511	0.0360915
MGAT4D	down	2	1.0	-0.0178565	0.560734	0.0357131
PTH	down	2	1.0	-0.0177237	0.599457	0.0354473
CAPN11	up	2	1.0	0.0171247	0.755315	0.0342493
LXN	down	2	1.0	-0.0163289	0.92248	0.0326578
CITED1	up	2	1.0	0.0159834	0.739229	0.0319668
NECAB1	up	2	1.0	0.0156896	0.741004	0.0313792
ZBTB17	down	2	1.0	-0.0153247	0.613835	0.0306493
FRG1	down	2	1.0	-0.0152228	0.890014	0.0304455
CRISP3	up	2	1.0	0.0152125	0.837163	0.030425
GAS8	down	2	1.0	-0.0151531	0.822642	0.0303061
C12orf45	down	2	1.0	-0.0147338	0.874811	0.0294676
CWC22	up	2	1.0	0.0146782	0.773218	0.0293563
IRX5	down	2	1.0	-0.014675	0.695866	0.02935
DPH3P1	up	2	1.0	0.0146057	0.799036	0.0292114
UNC45B	down	2	1.0	-0.0145911	0.636786	0.0291821
LINC00656	down	2	1.0	-0.0136857	0.667646	0.0273713
A4GNT	down	2	1.0	-0.0136743	0.696919	0.0273486
WDR24	down	2	1.0	-0.0136599	0.851635	0.0273198
EFHD2	down	2	1.0	-0.0135375	0.830031	0.0270749
MRPS27	down	2	1.0	-0.0134018	0.737099	0.0268037
TYW3	up	2	1.0	0.0133654	0.785359	0.0267308
NGFR	up	2	1.0	0.0127538	0.885939	0.0255075
AVP	up	2	1.0	0.0123767	0.886653	0.0247534
GNPTG	up	2	1.0	0.011676	0.825684	0.023352
HLCS	down	2	1.0	-0.011226	0.867808	0.0224519
IFNA8	down	2	1.0	-0.0110929	0.791208	0.0221859
LENG1	down	2	1.0	-0.0110483	0.895946	0.0220966
IL3	down	2	1.0	-0.0102805	0.842604	0.020561
ASB16-AS1	up	2	1.0	0.0101362	0.858862	0.0202724
KCNAB3	down	2	1.0	-0.00934338	0.864677	0.0186868
AMMECR1L	down	2	1.0	-0.00869902	0.887667	0.017398
LOC100131508	down	2	1.0	-0.00832133	0.798283	0.0166427
SF3A3	down	2	1.0	-0.00705885	0.933605	0.0141177
SIGLEC15	down	2	1.0	-0.006884	0.894621	0.013768
ZNF76	down	2	1.0	-0.00685198	0.87834	0.013704
TRPC4AP	up	2	1.0	0.00624669	0.822921	0.0124934
TNFRSF13B	down	2	1.0	-0.00603089	0.908969	0.0120618
LEFTY2	up	2	1.0	0.00587209	0.920293	0.0117442
