patient_assignment	tissue_assignment	disease_assignment	celltype	gene_symbol	n_cells	sum_counts	detected_cells	detection_fraction	total_umi	log1p_cpm
C1	R	healthy	B	ACTA2	84	1	1	0.0119048	768054	0.0129359
C1	R	healthy	B	AHR	84	12	11	0.130952	768054	0.145173
C1	R	healthy	B	AKT1	84	3	3	0.0357143	768054	0.0383162
C1	R	healthy	B	ARNTL	84	2	2	0.0238095	768054	0.0257066
C1	R	healthy	B	BCL6	84	0	0	0	768054	0
C1	R	healthy	B	BECN1	84	19	18	0.214286	768054	0.221044
C1	R	healthy	B	BLNK	84	43	31	0.369048	768054	0.444594
C1	R	healthy	B	BRD4	84	12	9	0.107143	768054	0.145173
C1	R	healthy	B	CAT	84	12	12	0.142857	768054	0.145173
C1	R	healthy	B	CD4	84	3	3	0.0357143	768054	0.0383162
C1	R	healthy	B	CD86	84	5	4	0.047619	768054	0.0630683
C1	R	healthy	B	CREB1	84	13	12	0.142857	768054	0.15637
C1	R	healthy	B	CTNNB1	84	4	4	0.047619	768054	0.0507688
C1	R	healthy	B	DNMT1	84	8	8	0.0952381	768054	0.0990843
C1	R	healthy	B	FOXP3	84	0	0	0	768054	0
C1	R	healthy	B	GABPA	84	12	11	0.130952	768054	0.145173
C1	R	healthy	B	HIF1A	84	27	20	0.238095	768054	0.301243
C1	R	healthy	B	HMOX1	84	2	2	0.0238095	768054	0.0257066
C1	R	healthy	B	ICAM1	84	16	10	0.119048	768054	0.18923
C1	R	healthy	B	IFNG	84	5	5	0.0595238	768054	0.0630683
C1	R	healthy	B	IL15	84	6	6	0.0714286	768054	0.0752183
C1	R	healthy	B	IL1B	84	0	0	0	768054	0
C1	R	healthy	B	IL7	84	1	1	0.0119048	768054	0.0129359
C1	R	healthy	B	ITGAM	84	0	0	0	768054	0
C1	R	healthy	B	ITGAX	84	1	1	0.0119048	768054	0.0129359
C1	R	healthy	B	JAK1	84	61	38	0.452381	768054	0.584568
C1	R	healthy	B	LYZ	84	1	1	0.0119048	768054	0.0129359
C1	R	healthy	B	MAFB	84	1	1	0.0119048	768054	0.0129359
C1	R	healthy	B	MAP1LC3B	84	66	39	0.464286	768054	0.620208
C1	R	healthy	B	MAPK14	84	7	7	0.0833333	768054	0.0872225
C1	R	healthy	B	NFKB1	84	22	16	0.190476	768054	0.251877
C1	R	healthy	B	NLRP3	84	0	0	0	768054	0
C1	R	healthy	B	OSM	84	0	0	0	768054	0
C1	R	healthy	B	PARP1	84	67	39	0.464286	768054	0.627186
C1	R	healthy	B	PIAS1	84	32	30	0.357143	768054	0.348286
C1	R	healthy	B	PKM	84	44	31	0.369048	768054	0.452906
C1	R	healthy	B	PRKAA1	84	8	8	0.0952381	768054	0.0990843
C1	R	healthy	B	PTGS2	84	1	1	0.0119048	768054	0.0129359
C1	R	healthy	B	RELA	84	11	9	0.107143	768054	0.133848
C1	R	healthy	B	SH3KBP1	84	14	11	0.130952	768054	0.167444
C1	R	healthy	B	SMAD3	84	6	4	0.047619	768054	0.0752183
C1	R	healthy	B	SOD1	84	64	35	0.416667	768054	0.606104
C1	R	healthy	B	STAT3	84	32	26	0.309524	768054	0.348286
C1	R	healthy	B	STAT5A	84	3	3	0.0357143	768054	0.0383162
C1	R	healthy	B	SYK	84	27	18	0.214286	768054	0.301243
C1	R	healthy	B	TLR4	84	0	0	0	768054	0
C1	R	healthy	B	TNF	84	15	11	0.130952	768054	0.178396
C1	R	healthy	B:B1	ACTA2	1	0	0	0	3770	0
C1	R	healthy	B:B1	AHR	1	0	0	0	3770	0
C1	R	healthy	B:B1	AKT1	1	0	0	0	3770	0
C1	R	healthy	B:B1	ARNTL	1	0	0	0	3770	0
C1	R	healthy	B:B1	BCL6	1	0	0	0	3770	0
C1	R	healthy	B:B1	BECN1	1	0	0	0	3770	0
C1	R	healthy	B:B1	BLNK	1	0	0	0	3770	0
C1	R	healthy	B:B1	BRD4	1	0	0	0	3770	0
C1	R	healthy	B:B1	CAT	1	0	0	0	3770	0
C1	R	healthy	B:B1	CD4	1	0	0	0	3770	0
C1	R	healthy	B:B1	CD86	1	0	0	0	3770	0
C1	R	healthy	B:B1	CREB1	1	0	0	0	3770	0
C1	R	healthy	B:B1	CTNNB1	1	0	0	0	3770	0
C1	R	healthy	B:B1	DNMT1	1	0	0	0	3770	0
C1	R	healthy	B:B1	FOXP3	1	0	0	0	3770	0
C1	R	healthy	B:B1	GABPA	1	0	0	0	3770	0
C1	R	healthy	B:B1	HIF1A	1	0	0	0	3770	0
C1	R	healthy	B:B1	HMOX1	1	0	0	0	3770	0
C1	R	healthy	B:B1	ICAM1	1	0	0	0	3770	0
C1	R	healthy	B:B1	IFNG	1	0	0	0	3770	0
C1	R	healthy	B:B1	IL15	1	0	0	0	3770	0
C1	R	healthy	B:B1	IL1B	1	0	0	0	3770	0
C1	R	healthy	B:B1	IL7	1	0	0	0	3770	0
C1	R	healthy	B:B1	ITGAM	1	0	0	0	3770	0
C1	R	healthy	B:B1	ITGAX	1	0	0	0	3770	0
C1	R	healthy	B:B1	JAK1	1	1	1	1	3770	1.29542
C1	R	healthy	B:B1	LYZ	1	0	0	0	3770	0
C1	R	healthy	B:B1	MAFB	1	0	0	0	3770	0
C1	R	healthy	B:B1	MAP1LC3B	1	0	0	0	3770	0
C1	R	healthy	B:B1	MAPK14	1	0	0	0	3770	0
C1	R	healthy	B:B1	NFKB1	1	0	0	0	3770	0
C1	R	healthy	B:B1	NLRP3	1	0	0	0	3770	0
C1	R	healthy	B:B1	OSM	1	0	0	0	3770	0
C1	R	healthy	B:B1	PARP1	1	0	0	0	3770	0
C1	R	healthy	B:B1	PIAS1	1	0	0	0	3770	0
C1	R	healthy	B:B1	PKM	1	0	0	0	3770	0
C1	R	healthy	B:B1	PRKAA1	1	0	0	0	3770	0
C1	R	healthy	B:B1	PTGS2	1	0	0	0	3770	0
C1	R	healthy	B:B1	RELA	1	0	0	0	3770	0
C1	R	healthy	B:B1	SH3KBP1	1	0	0	0	3770	0
C1	R	healthy	B:B1	SMAD3	1	0	0	0	3770	0
C1	R	healthy	B:B1	SOD1	1	0	0	0	3770	0
C1	R	healthy	B:B1	STAT3	1	0	0	0	3770	0
C1	R	healthy	B:B1	STAT5A	1	0	0	0	3770	0
C1	R	healthy	B:B1	SYK	1	0	0	0	3770	0
C1	R	healthy	B:B1	TLR4	1	0	0	0	3770	0
C1	R	healthy	B:B1	TNF	1	0	0	0	3770	0
C1	R	healthy	B:B10	ACTA2	16	0	0	0	55886	0
C1	R	healthy	B:B10	AHR	16	1	1	0.0625	55886	0.164612
C1	R	healthy	B:B10	AKT1	16	0	0	0	55886	0
C1	R	healthy	B:B10	ARNTL	16	1	1	0.0625	55886	0.164612
C1	R	healthy	B:B10	BCL6	16	0	0	0	55886	0
C1	R	healthy	B:B10	BECN1	16	3	3	0.1875	55886	0.429707
C1	R	healthy	B:B10	BLNK	16	3	2	0.125	55886	0.429707
C1	R	healthy	B:B10	BRD4	16	2	1	0.0625	55886	0.305918
C1	R	healthy	B:B10	CAT	16	0	0	0	55886	0
C1	R	healthy	B:B10	CD4	16	0	0	0	55886	0
C1	R	healthy	B:B10	CD86	16	0	0	0	55886	0
C1	R	healthy	B:B10	CREB1	16	0	0	0	55886	0
C1	R	healthy	B:B10	CTNNB1	16	0	0	0	55886	0
C1	R	healthy	B:B10	DNMT1	16	1	1	0.0625	55886	0.164612
C1	R	healthy	B:B10	FOXP3	16	0	0	0	55886	0
C1	R	healthy	B:B10	GABPA	16	2	2	0.125	55886	0.305918
C1	R	healthy	B:B10	HIF1A	16	1	1	0.0625	55886	0.164612
C1	R	healthy	B:B10	HMOX1	16	0	0	0	55886	0
C1	R	healthy	B:B10	ICAM1	16	0	0	0	55886	0
C1	R	healthy	B:B10	IFNG	16	0	0	0	55886	0
C1	R	healthy	B:B10	IL15	16	0	0	0	55886	0
C1	R	healthy	B:B10	IL1B	16	0	0	0	55886	0
C1	R	healthy	B:B10	IL7	16	0	0	0	55886	0
C1	R	healthy	B:B10	ITGAM	16	0	0	0	55886	0
C1	R	healthy	B:B10	ITGAX	16	0	0	0	55886	0
C1	R	healthy	B:B10	JAK1	16	1	1	0.0625	55886	0.164612
C1	R	healthy	B:B10	LYZ	16	0	0	0	55886	0
C1	R	healthy	B:B10	MAFB	16	0	0	0	55886	0
C1	R	healthy	B:B10	MAP1LC3B	16	6	4	0.25	55886	0.729293
C1	R	healthy	B:B10	MAPK14	16	0	0	0	55886	0
C1	R	healthy	B:B10	NFKB1	16	1	1	0.0625	55886	0.164612
C1	R	healthy	B:B10	NLRP3	16	0	0	0	55886	0
C1	R	healthy	B:B10	OSM	16	0	0	0	55886	0
C1	R	healthy	B:B10	PARP1	16	4	3	0.1875	55886	0.539846
C1	R	healthy	B:B10	PIAS1	16	0	0	0	55886	0
C1	R	healthy	B:B10	PKM	16	2	2	0.125	55886	0.305918
C1	R	healthy	B:B10	PRKAA1	16	1	1	0.0625	55886	0.164612
C1	R	healthy	B:B10	PTGS2	16	0	0	0	55886	0
C1	R	healthy	B:B10	RELA	16	0	0	0	55886	0
C1	R	healthy	B:B10	SH3KBP1	16	1	1	0.0625	55886	0.164612
C1	R	healthy	B:B10	SMAD3	16	0	0	0	55886	0
C1	R	healthy	B:B10	SOD1	16	4	3	0.1875	55886	0.539846
C1	R	healthy	B:B10	STAT3	16	2	2	0.125	55886	0.305918
C1	R	healthy	B:B10	STAT5A	16	0	0	0	55886	0
C1	R	healthy	B:B10	SYK	16	0	0	0	55886	0
C1	R	healthy	B:B10	TLR4	16	0	0	0	55886	0
C1	R	healthy	B:B10	TNF	16	0	0	0	55886	0
C1	R	healthy	B:B11	ACTA2	8	0	0	0	55299	0
C1	R	healthy	B:B11	AHR	8	1	1	0.125	55299	0.166222
C1	R	healthy	B:B11	AKT1	8	0	0	0	55299	0
C1	R	healthy	B:B11	ARNTL	8	0	0	0	55299	0
C1	R	healthy	B:B11	BCL6	8	0	0	0	55299	0
C1	R	healthy	B:B11	BECN1	8	1	1	0.125	55299	0.166222
C1	R	healthy	B:B11	BLNK	8	0	0	0	55299	0
C1	R	healthy	B:B11	BRD4	8	1	1	0.125	55299	0.166222
C1	R	healthy	B:B11	CAT	8	1	1	0.125	55299	0.166222
C1	R	healthy	B:B11	CD4	8	0	0	0	55299	0
C1	R	healthy	B:B11	CD86	8	0	0	0	55299	0
C1	R	healthy	B:B11	CREB1	8	1	1	0.125	55299	0.166222
C1	R	healthy	B:B11	CTNNB1	8	0	0	0	55299	0
C1	R	healthy	B:B11	DNMT1	8	1	1	0.125	55299	0.166222
C1	R	healthy	B:B11	FOXP3	8	0	0	0	55299	0
C1	R	healthy	B:B11	GABPA	8	0	0	0	55299	0
C1	R	healthy	B:B11	HIF1A	8	1	1	0.125	55299	0.166222
C1	R	healthy	B:B11	HMOX1	8	0	0	0	55299	0
C1	R	healthy	B:B11	ICAM1	8	0	0	0	55299	0
C1	R	healthy	B:B11	IFNG	8	0	0	0	55299	0
C1	R	healthy	B:B11	IL15	8	0	0	0	55299	0
C1	R	healthy	B:B11	IL1B	8	0	0	0	55299	0
C1	R	healthy	B:B11	IL7	8	0	0	0	55299	0
C1	R	healthy	B:B11	ITGAM	8	0	0	0	55299	0
C1	R	healthy	B:B11	ITGAX	8	0	0	0	55299	0
C1	R	healthy	B:B11	JAK1	8	5	2	0.25	55299	0.644049
C1	R	healthy	B:B11	LYZ	8	1	1	0.125	55299	0.166222
C1	R	healthy	B:B11	MAFB	8	0	0	0	55299	0
C1	R	healthy	B:B11	MAP1LC3B	8	0	0	0	55299	0
C1	R	healthy	B:B11	MAPK14	8	1	1	0.125	55299	0.166222
C1	R	healthy	B:B11	NFKB1	8	1	1	0.125	55299	0.166222
C1	R	healthy	B:B11	NLRP3	8	0	0	0	55299	0
C1	R	healthy	B:B11	OSM	8	0	0	0	55299	0
C1	R	healthy	B:B11	PARP1	8	5	4	0.5	55299	0.644049
C1	R	healthy	B:B11	PIAS1	8	1	1	0.125	55299	0.166222
C1	R	healthy	B:B11	PKM	8	1	1	0.125	55299	0.166222
C1	R	healthy	B:B11	PRKAA1	8	0	0	0	55299	0
C1	R	healthy	B:B11	PTGS2	8	0	0	0	55299	0
C1	R	healthy	B:B11	RELA	8	1	1	0.125	55299	0.166222
C1	R	healthy	B:B11	SH3KBP1	8	0	0	0	55299	0
C1	R	healthy	B:B11	SMAD3	8	0	0	0	55299	0
C1	R	healthy	B:B11	SOD1	8	4	2	0.25	55299	0.544264
C1	R	healthy	B:B11	STAT3	8	2	2	0.25	55299	0.308712
C1	R	healthy	B:B11	STAT5A	8	0	0	0	55299	0
C1	R	healthy	B:B11	SYK	8	3	1	0.125	55299	0.433408
C1	R	healthy	B:B11	TLR4	8	0	0	0	55299	0
C1	R	healthy	B:B11	TNF	8	0	0	0	55299	0
C1	R	healthy	B:B12	ACTA2	2	0	0	0	27259	0
C1	R	healthy	B:B12	AHR	2	0	0	0	27259	0
C1	R	healthy	B:B12	AKT1	2	0	0	0	27259	0
C1	R	healthy	B:B12	ARNTL	2	0	0	0	27259	0
C1	R	healthy	B:B12	BCL6	2	0	0	0	27259	0
C1	R	healthy	B:B12	BECN1	2	0	0	0	27259	0
C1	R	healthy	B:B12	BLNK	2	0	0	0	27259	0
C1	R	healthy	B:B12	BRD4	2	0	0	0	27259	0
C1	R	healthy	B:B12	CAT	2	0	0	0	27259	0
C1	R	healthy	B:B12	CD4	2	0	0	0	27259	0
C1	R	healthy	B:B12	CD86	2	0	0	0	27259	0
C1	R	healthy	B:B12	CREB1	2	0	0	0	27259	0
C1	R	healthy	B:B12	CTNNB1	2	0	0	0	27259	0
C1	R	healthy	B:B12	DNMT1	2	0	0	0	27259	0
C1	R	healthy	B:B12	FOXP3	2	0	0	0	27259	0
C1	R	healthy	B:B12	GABPA	2	0	0	0	27259	0
C1	R	healthy	B:B12	HIF1A	2	0	0	0	27259	0
C1	R	healthy	B:B12	HMOX1	2	0	0	0	27259	0
C1	R	healthy	B:B12	ICAM1	2	0	0	0	27259	0
C1	R	healthy	B:B12	IFNG	2	0	0	0	27259	0
C1	R	healthy	B:B12	IL15	2	0	0	0	27259	0
C1	R	healthy	B:B12	IL1B	2	0	0	0	27259	0
C1	R	healthy	B:B12	IL7	2	0	0	0	27259	0
C1	R	healthy	B:B12	ITGAM	2	0	0	0	27259	0
C1	R	healthy	B:B12	ITGAX	2	0	0	0	27259	0
C1	R	healthy	B:B12	JAK1	2	1	1	0.5	27259	0.31251
C1	R	healthy	B:B12	LYZ	2	0	0	0	27259	0
C1	R	healthy	B:B12	MAFB	2	0	0	0	27259	0
C1	R	healthy	B:B12	MAP1LC3B	2	0	0	0	27259	0
C1	R	healthy	B:B12	MAPK14	2	0	0	0	27259	0
C1	R	healthy	B:B12	NFKB1	2	0	0	0	27259	0
C1	R	healthy	B:B12	NLRP3	2	0	0	0	27259	0
C1	R	healthy	B:B12	OSM	2	0	0	0	27259	0
C1	R	healthy	B:B12	PARP1	2	2	2	1	27259	0.550259
C1	R	healthy	B:B12	PIAS1	2	2	2	1	27259	0.550259
C1	R	healthy	B:B12	PKM	2	0	0	0	27259	0
C1	R	healthy	B:B12	PRKAA1	2	0	0	0	27259	0
C1	R	healthy	B:B12	PTGS2	2	0	0	0	27259	0
C1	R	healthy	B:B12	RELA	2	0	0	0	27259	0
C1	R	healthy	B:B12	SH3KBP1	2	0	0	0	27259	0
C1	R	healthy	B:B12	SMAD3	2	0	0	0	27259	0
C1	R	healthy	B:B12	SOD1	2	1	1	0.5	27259	0.31251
C1	R	healthy	B:B12	STAT3	2	0	0	0	27259	0
C1	R	healthy	B:B12	STAT5A	2	0	0	0	27259	0
C1	R	healthy	B:B12	SYK	2	1	1	0.5	27259	0.31251
C1	R	healthy	B:B12	TLR4	2	0	0	0	27259	0
C1	R	healthy	B:B12	TNF	2	0	0	0	27259	0
C1	R	healthy	B:B13	ACTA2	2	0	0	0	28829	0
C1	R	healthy	B:B13	AHR	2	1	1	0.5	28829	0.297786
C1	R	healthy	B:B13	AKT1	2	0	0	0	28829	0
C1	R	healthy	B:B13	ARNTL	2	0	0	0	28829	0
C1	R	healthy	B:B13	BCL6	2	0	0	0	28829	0
C1	R	healthy	B:B13	BECN1	2	1	1	0.5	28829	0.297786
C1	R	healthy	B:B13	BLNK	2	2	1	0.5	28829	0.526943
C1	R	healthy	B:B13	BRD4	2	0	0	0	28829	0
C1	R	healthy	B:B13	CAT	2	0	0	0	28829	0
C1	R	healthy	B:B13	CD4	2	0	0	0	28829	0
C1	R	healthy	B:B13	CD86	2	0	0	0	28829	0
C1	R	healthy	B:B13	CREB1	2	0	0	0	28829	0
C1	R	healthy	B:B13	CTNNB1	2	0	0	0	28829	0
C1	R	healthy	B:B13	DNMT1	2	0	0	0	28829	0
C1	R	healthy	B:B13	FOXP3	2	0	0	0	28829	0
C1	R	healthy	B:B13	GABPA	2	0	0	0	28829	0
C1	R	healthy	B:B13	HIF1A	2	0	0	0	28829	0
C1	R	healthy	B:B13	HMOX1	2	0	0	0	28829	0
C1	R	healthy	B:B13	ICAM1	2	0	0	0	28829	0
C1	R	healthy	B:B13	IFNG	2	0	0	0	28829	0
C1	R	healthy	B:B13	IL15	2	0	0	0	28829	0
C1	R	healthy	B:B13	IL1B	2	0	0	0	28829	0
C1	R	healthy	B:B13	IL7	2	0	0	0	28829	0
C1	R	healthy	B:B13	ITGAM	2	0	0	0	28829	0
C1	R	healthy	B:B13	ITGAX	2	0	0	0	28829	0
C1	R	healthy	B:B13	JAK1	2	3	1	0.5	28829	0.713253
C1	R	healthy	B:B13	LYZ	2	0	0	0	28829	0
C1	R	healthy	B:B13	MAFB	2	0	0	0	28829	0
C1	R	healthy	B:B13	MAP1LC3B	2	5	2	1	28829	1.0059
C1	R	healthy	B:B13	MAPK14	2	0	0	0	28829	0
C1	R	healthy	B:B13	NFKB1	2	0	0	0	28829	0
C1	R	healthy	B:B13	NLRP3	2	0	0	0	28829	0
C1	R	healthy	B:B13	OSM	2	0	0	0	28829	0
C1	R	healthy	B:B13	PARP1	2	1	1	0.5	28829	0.297786
C1	R	healthy	B:B13	PIAS1	2	1	1	0.5	28829	0.297786
C1	R	healthy	B:B13	PKM	2	3	2	1	28829	0.713253
C1	R	healthy	B:B13	PRKAA1	2	1	1	0.5	28829	0.297786
C1	R	healthy	B:B13	PTGS2	2	0	0	0	28829	0
C1	R	healthy	B:B13	RELA	2	0	0	0	28829	0
C1	R	healthy	B:B13	SH3KBP1	2	1	1	0.5	28829	0.297786
C1	R	healthy	B:B13	SMAD3	2	0	0	0	28829	0
C1	R	healthy	B:B13	SOD1	2	5	2	1	28829	1.0059
C1	R	healthy	B:B13	STAT3	2	1	1	0.5	28829	0.297786
C1	R	healthy	B:B13	STAT5A	2	0	0	0	28829	0
C1	R	healthy	B:B13	SYK	2	0	0	0	28829	0
C1	R	healthy	B:B13	TLR4	2	0	0	0	28829	0
C1	R	healthy	B:B13	TNF	2	0	0	0	28829	0
C1	R	healthy	B:B14	ACTA2	1	0	0	0	13261	0
C1	R	healthy	B:B14	AHR	1	0	0	0	13261	0
C1	R	healthy	B:B14	AKT1	1	0	0	0	13261	0
C1	R	healthy	B:B14	ARNTL	1	0	0	0	13261	0
C1	R	healthy	B:B14	BCL6	1	0	0	0	13261	0
C1	R	healthy	B:B14	BECN1	1	0	0	0	13261	0
C1	R	healthy	B:B14	BLNK	1	2	1	1	13261	0.919558
C1	R	healthy	B:B14	BRD4	1	0	0	0	13261	0
C1	R	healthy	B:B14	CAT	1	0	0	0	13261	0
C1	R	healthy	B:B14	CD4	1	0	0	0	13261	0
C1	R	healthy	B:B14	CD86	1	0	0	0	13261	0
C1	R	healthy	B:B14	CREB1	1	0	0	0	13261	0
C1	R	healthy	B:B14	CTNNB1	1	0	0	0	13261	0
C1	R	healthy	B:B14	DNMT1	1	0	0	0	13261	0
C1	R	healthy	B:B14	FOXP3	1	0	0	0	13261	0
C1	R	healthy	B:B14	GABPA	1	0	0	0	13261	0
C1	R	healthy	B:B14	HIF1A	1	0	0	0	13261	0
C1	R	healthy	B:B14	HMOX1	1	0	0	0	13261	0
C1	R	healthy	B:B14	ICAM1	1	1	1	1	13261	0.561951
C1	R	healthy	B:B14	IFNG	1	0	0	0	13261	0
C1	R	healthy	B:B14	IL15	1	0	0	0	13261	0
C1	R	healthy	B:B14	IL1B	1	0	0	0	13261	0
C1	R	healthy	B:B14	IL7	1	0	0	0	13261	0
C1	R	healthy	B:B14	ITGAM	1	0	0	0	13261	0
C1	R	healthy	B:B14	ITGAX	1	0	0	0	13261	0
C1	R	healthy	B:B14	JAK1	1	2	1	1	13261	0.919558
C1	R	healthy	B:B14	LYZ	1	0	0	0	13261	0
C1	R	healthy	B:B14	MAFB	1	0	0	0	13261	0
C1	R	healthy	B:B14	MAP1LC3B	1	3	1	1	13261	1.18242
C1	R	healthy	B:B14	MAPK14	1	0	0	0	13261	0
C1	R	healthy	B:B14	NFKB1	1	1	1	1	13261	0.561951
C1	R	healthy	B:B14	NLRP3	1	0	0	0	13261	0
C1	R	healthy	B:B14	OSM	1	0	0	0	13261	0
C1	R	healthy	B:B14	PARP1	1	2	1	1	13261	0.919558
C1	R	healthy	B:B14	PIAS1	1	1	1	1	13261	0.561951
C1	R	healthy	B:B14	PKM	1	2	1	1	13261	0.919558
C1	R	healthy	B:B14	PRKAA1	1	0	0	0	13261	0
C1	R	healthy	B:B14	PTGS2	1	0	0	0	13261	0
C1	R	healthy	B:B14	RELA	1	0	0	0	13261	0
C1	R	healthy	B:B14	SH3KBP1	1	0	0	0	13261	0
C1	R	healthy	B:B14	SMAD3	1	0	0	0	13261	0
C1	R	healthy	B:B14	SOD1	1	1	1	1	13261	0.561951
C1	R	healthy	B:B14	STAT3	1	0	0	0	13261	0
C1	R	healthy	B:B14	STAT5A	1	0	0	0	13261	0
C1	R	healthy	B:B14	SYK	1	1	1	1	13261	0.561951
C1	R	healthy	B:B14	TLR4	1	0	0	0	13261	0
C1	R	healthy	B:B14	TNF	1	0	0	0	13261	0
C1	R	healthy	B:B15	ACTA2	7	0	0	0	97831	0
C1	R	healthy	B:B15	AHR	7	0	0	0	97831	0
C1	R	healthy	B:B15	AKT1	7	0	0	0	97831	0
C1	R	healthy	B:B15	ARNTL	7	0	0	0	97831	0
C1	R	healthy	B:B15	BCL6	7	0	0	0	97831	0
C1	R	healthy	B:B15	BECN1	7	1	1	0.142857	97831	0.0973237
C1	R	healthy	B:B15	BLNK	7	4	3	0.428571	97831	0.342787
C1	R	healthy	B:B15	BRD4	7	0	0	0	97831	0
C1	R	healthy	B:B15	CAT	7	0	0	0	97831	0
C1	R	healthy	B:B15	CD4	7	0	0	0	97831	0
C1	R	healthy	B:B15	CD86	7	0	0	0	97831	0
C1	R	healthy	B:B15	CREB1	7	1	1	0.142857	97831	0.0973237
C1	R	healthy	B:B15	CTNNB1	7	1	1	0.142857	97831	0.0973237
C1	R	healthy	B:B15	DNMT1	7	0	0	0	97831	0
C1	R	healthy	B:B15	FOXP3	7	0	0	0	97831	0
C1	R	healthy	B:B15	GABPA	7	2	2	0.285714	97831	0.18601
C1	R	healthy	B:B15	HIF1A	7	6	4	0.571429	97831	0.478283
C1	R	healthy	B:B15	HMOX1	7	0	0	0	97831	0
C1	R	healthy	B:B15	ICAM1	7	0	0	0	97831	0
C1	R	healthy	B:B15	IFNG	7	0	0	0	97831	0
C1	R	healthy	B:B15	IL15	7	1	1	0.142857	97831	0.0973237
C1	R	healthy	B:B15	IL1B	7	0	0	0	97831	0
C1	R	healthy	B:B15	IL7	7	0	0	0	97831	0
C1	R	healthy	B:B15	ITGAM	7	0	0	0	97831	0
C1	R	healthy	B:B15	ITGAX	7	0	0	0	97831	0
C1	R	healthy	B:B15	JAK1	7	7	4	0.571429	97831	0.539716
C1	R	healthy	B:B15	LYZ	7	0	0	0	97831	0
C1	R	healthy	B:B15	MAFB	7	0	0	0	97831	0
C1	R	healthy	B:B15	MAP1LC3B	7	9	6	0.857143	97831	0.652301
C1	R	healthy	B:B15	MAPK14	7	1	1	0.142857	97831	0.0973237
C1	R	healthy	B:B15	NFKB1	7	4	3	0.428571	97831	0.342787
C1	R	healthy	B:B15	NLRP3	7	0	0	0	97831	0
C1	R	healthy	B:B15	OSM	7	0	0	0	97831	0
C1	R	healthy	B:B15	PARP1	7	6	3	0.428571	97831	0.478283
C1	R	healthy	B:B15	PIAS1	7	5	5	0.714286	97831	0.412828
C1	R	healthy	B:B15	PKM	7	4	3	0.428571	97831	0.342787
C1	R	healthy	B:B15	PRKAA1	7	0	0	0	97831	0
C1	R	healthy	B:B15	PTGS2	7	1	1	0.142857	97831	0.0973237
C1	R	healthy	B:B15	RELA	7	1	1	0.142857	97831	0.0973237
C1	R	healthy	B:B15	SH3KBP1	7	0	0	0	97831	0
C1	R	healthy	B:B15	SMAD3	7	0	0	0	97831	0
C1	R	healthy	B:B15	SOD1	7	9	5	0.714286	97831	0.652301
C1	R	healthy	B:B15	STAT3	7	1	1	0.142857	97831	0.0973237
C1	R	healthy	B:B15	STAT5A	7	0	0	0	97831	0
C1	R	healthy	B:B15	SYK	7	1	1	0.142857	97831	0.0973237
C1	R	healthy	B:B15	TLR4	7	0	0	0	97831	0
C1	R	healthy	B:B15	TNF	7	0	0	0	97831	0
C1	R	healthy	B:B16	ACTA2	4	0	0	0	34348	0
C1	R	healthy	B:B16	AHR	4	0	0	0	34348	0
C1	R	healthy	B:B16	AKT1	4	0	0	0	34348	0
C1	R	healthy	B:B16	ARNTL	4	0	0	0	34348	0
C1	R	healthy	B:B16	BCL6	4	0	0	0	34348	0
C1	R	healthy	B:B16	BECN1	4	2	2	0.5	34348	0.458864
C1	R	healthy	B:B16	BLNK	4	2	2	0.5	34348	0.458864
C1	R	healthy	B:B16	BRD4	4	0	0	0	34348	0
C1	R	healthy	B:B16	CAT	4	0	0	0	34348	0
C1	R	healthy	B:B16	CD4	4	0	0	0	34348	0
C1	R	healthy	B:B16	CD86	4	0	0	0	34348	0
C1	R	healthy	B:B16	CREB1	4	0	0	0	34348	0
C1	R	healthy	B:B16	CTNNB1	4	1	1	0.25	34348	0.255524
C1	R	healthy	B:B16	DNMT1	4	2	2	0.5	34348	0.458864
C1	R	healthy	B:B16	FOXP3	4	0	0	0	34348	0
C1	R	healthy	B:B16	GABPA	4	1	1	0.25	34348	0.255524
C1	R	healthy	B:B16	HIF1A	4	1	1	0.25	34348	0.255524
C1	R	healthy	B:B16	HMOX1	4	0	0	0	34348	0
C1	R	healthy	B:B16	ICAM1	4	0	0	0	34348	0
C1	R	healthy	B:B16	IFNG	4	0	0	0	34348	0
C1	R	healthy	B:B16	IL15	4	0	0	0	34348	0
C1	R	healthy	B:B16	IL1B	4	0	0	0	34348	0
C1	R	healthy	B:B16	IL7	4	0	0	0	34348	0
C1	R	healthy	B:B16	ITGAM	4	0	0	0	34348	0
C1	R	healthy	B:B16	ITGAX	4	0	0	0	34348	0
C1	R	healthy	B:B16	JAK1	4	3	2	0.5	34348	0.627762
C1	R	healthy	B:B16	LYZ	4	0	0	0	34348	0
C1	R	healthy	B:B16	MAFB	4	0	0	0	34348	0
C1	R	healthy	B:B16	MAP1LC3B	4	4	3	0.75	34348	0.772213
C1	R	healthy	B:B16	MAPK14	4	0	0	0	34348	0
C1	R	healthy	B:B16	NFKB1	4	0	0	0	34348	0
C1	R	healthy	B:B16	NLRP3	4	0	0	0	34348	0
C1	R	healthy	B:B16	OSM	4	0	0	0	34348	0
C1	R	healthy	B:B16	PARP1	4	3	2	0.5	34348	0.627762
C1	R	healthy	B:B16	PIAS1	4	0	0	0	34348	0
C1	R	healthy	B:B16	PKM	4	3	1	0.25	34348	0.627762
C1	R	healthy	B:B16	PRKAA1	4	0	0	0	34348	0
C1	R	healthy	B:B16	PTGS2	4	0	0	0	34348	0
C1	R	healthy	B:B16	RELA	4	0	0	0	34348	0
C1	R	healthy	B:B16	SH3KBP1	4	1	1	0.25	34348	0.255524
C1	R	healthy	B:B16	SMAD3	4	0	0	0	34348	0
C1	R	healthy	B:B16	SOD1	4	3	1	0.25	34348	0.627762
C1	R	healthy	B:B16	STAT3	4	1	1	0.25	34348	0.255524
C1	R	healthy	B:B16	STAT5A	4	1	1	0.25	34348	0.255524
C1	R	healthy	B:B16	SYK	4	1	1	0.25	34348	0.255524
C1	R	healthy	B:B16	TLR4	4	0	0	0	34348	0
C1	R	healthy	B:B16	TNF	4	1	1	0.25	34348	0.255524
C1	R	healthy	B:B2	ACTA2	5	0	0	0	25948	0
C1	R	healthy	B:B2	AHR	5	0	0	0	25948	0
C1	R	healthy	B:B2	AKT1	5	1	1	0.2	25948	0.325979
C1	R	healthy	B:B2	ARNTL	5	0	0	0	25948	0
C1	R	healthy	B:B2	BCL6	5	0	0	0	25948	0
C1	R	healthy	B:B2	BECN1	5	1	1	0.2	25948	0.325979
C1	R	healthy	B:B2	BLNK	5	5	3	0.6	25948	1.07395
C1	R	healthy	B:B2	BRD4	5	0	0	0	25948	0
C1	R	healthy	B:B2	CAT	5	1	1	0.2	25948	0.325979
C1	R	healthy	B:B2	CD4	5	0	0	0	25948	0
C1	R	healthy	B:B2	CD86	5	0	0	0	25948	0
C1	R	healthy	B:B2	CREB1	5	3	2	0.4	25948	0.768328
C1	R	healthy	B:B2	CTNNB1	5	0	0	0	25948	0
C1	R	healthy	B:B2	DNMT1	5	1	1	0.2	25948	0.325979
C1	R	healthy	B:B2	FOXP3	5	0	0	0	25948	0
C1	R	healthy	B:B2	GABPA	5	1	1	0.2	25948	0.325979
C1	R	healthy	B:B2	HIF1A	5	3	3	0.6	25948	0.768328
C1	R	healthy	B:B2	HMOX1	5	0	0	0	25948	0
C1	R	healthy	B:B2	ICAM1	5	3	1	0.2	25948	0.768328
C1	R	healthy	B:B2	IFNG	5	1	1	0.2	25948	0.325979
C1	R	healthy	B:B2	IL15	5	0	0	0	25948	0
C1	R	healthy	B:B2	IL1B	5	0	0	0	25948	0
C1	R	healthy	B:B2	IL7	5	1	1	0.2	25948	0.325979
C1	R	healthy	B:B2	ITGAM	5	0	0	0	25948	0
C1	R	healthy	B:B2	ITGAX	5	1	1	0.2	25948	0.325979
C1	R	healthy	B:B2	JAK1	5	8	3	0.6	25948	1.40685
C1	R	healthy	B:B2	LYZ	5	0	0	0	25948	0
C1	R	healthy	B:B2	MAFB	5	0	0	0	25948	0
C1	R	healthy	B:B2	MAP1LC3B	5	6	4	0.8	25948	1.19765
C1	R	healthy	B:B2	MAPK14	5	0	0	0	25948	0
C1	R	healthy	B:B2	NFKB1	5	0	0	0	25948	0
C1	R	healthy	B:B2	NLRP3	5	0	0	0	25948	0
C1	R	healthy	B:B2	OSM	5	0	0	0	25948	0
C1	R	healthy	B:B2	PARP1	5	4	3	0.6	25948	0.932772
C1	R	healthy	B:B2	PIAS1	5	1	1	0.2	25948	0.325979
C1	R	healthy	B:B2	PKM	5	5	3	0.6	25948	1.07395
C1	R	healthy	B:B2	PRKAA1	5	1	1	0.2	25948	0.325979
C1	R	healthy	B:B2	PTGS2	5	0	0	0	25948	0
C1	R	healthy	B:B2	RELA	5	0	0	0	25948	0
C1	R	healthy	B:B2	SH3KBP1	5	0	0	0	25948	0
C1	R	healthy	B:B2	SMAD3	5	1	1	0.2	25948	0.325979
C1	R	healthy	B:B2	SOD1	5	4	3	0.6	25948	0.932772
C1	R	healthy	B:B2	STAT3	5	3	2	0.4	25948	0.768328
C1	R	healthy	B:B2	STAT5A	5	0	0	0	25948	0
C1	R	healthy	B:B2	SYK	5	5	3	0.6	25948	1.07395
C1	R	healthy	B:B2	TLR4	5	0	0	0	25948	0
C1	R	healthy	B:B2	TNF	5	3	2	0.4	25948	0.768328
C1	R	healthy	B:B3	ACTA2	1	0	0	0	1511	0
C1	R	healthy	B:B3	AHR	1	0	0	0	1511	0
C1	R	healthy	B:B3	AKT1	1	0	0	0	1511	0
C1	R	healthy	B:B3	ARNTL	1	0	0	0	1511	0
C1	R	healthy	B:B3	BCL6	1	0	0	0	1511	0
C1	R	healthy	B:B3	BECN1	1	0	0	0	1511	0
C1	R	healthy	B:B3	BLNK	1	0	0	0	1511	0
C1	R	healthy	B:B3	BRD4	1	0	0	0	1511	0
C1	R	healthy	B:B3	CAT	1	0	0	0	1511	0
C1	R	healthy	B:B3	CD4	1	0	0	0	1511	0
C1	R	healthy	B:B3	CD86	1	0	0	0	1511	0
C1	R	healthy	B:B3	CREB1	1	0	0	0	1511	0
C1	R	healthy	B:B3	CTNNB1	1	0	0	0	1511	0
C1	R	healthy	B:B3	DNMT1	1	0	0	0	1511	0
C1	R	healthy	B:B3	FOXP3	1	0	0	0	1511	0
C1	R	healthy	B:B3	GABPA	1	0	0	0	1511	0
C1	R	healthy	B:B3	HIF1A	1	0	0	0	1511	0
C1	R	healthy	B:B3	HMOX1	1	0	0	0	1511	0
C1	R	healthy	B:B3	ICAM1	1	0	0	0	1511	0
C1	R	healthy	B:B3	IFNG	1	0	0	0	1511	0
C1	R	healthy	B:B3	IL15	1	0	0	0	1511	0
C1	R	healthy	B:B3	IL1B	1	0	0	0	1511	0
C1	R	healthy	B:B3	IL7	1	0	0	0	1511	0
C1	R	healthy	B:B3	ITGAM	1	0	0	0	1511	0
C1	R	healthy	B:B3	ITGAX	1	0	0	0	1511	0
C1	R	healthy	B:B3	JAK1	1	0	0	0	1511	0
C1	R	healthy	B:B3	LYZ	1	0	0	0	1511	0
C1	R	healthy	B:B3	MAFB	1	0	0	0	1511	0
C1	R	healthy	B:B3	MAP1LC3B	1	0	0	0	1511	0
C1	R	healthy	B:B3	MAPK14	1	0	0	0	1511	0
C1	R	healthy	B:B3	NFKB1	1	0	0	0	1511	0
C1	R	healthy	B:B3	NLRP3	1	0	0	0	1511	0
C1	R	healthy	B:B3	OSM	1	0	0	0	1511	0
C1	R	healthy	B:B3	PARP1	1	0	0	0	1511	0
C1	R	healthy	B:B3	PIAS1	1	0	0	0	1511	0
C1	R	healthy	B:B3	PKM	1	0	0	0	1511	0
C1	R	healthy	B:B3	PRKAA1	1	0	0	0	1511	0
C1	R	healthy	B:B3	PTGS2	1	0	0	0	1511	0
C1	R	healthy	B:B3	RELA	1	0	0	0	1511	0
C1	R	healthy	B:B3	SH3KBP1	1	1	1	1	1511	2.03053
C1	R	healthy	B:B3	SMAD3	1	0	0	0	1511	0
C1	R	healthy	B:B3	SOD1	1	0	0	0	1511	0
C1	R	healthy	B:B3	STAT3	1	1	1	1	1511	2.03053
C1	R	healthy	B:B3	STAT5A	1	0	0	0	1511	0
C1	R	healthy	B:B3	SYK	1	0	0	0	1511	0
C1	R	healthy	B:B3	TLR4	1	0	0	0	1511	0
C1	R	healthy	B:B3	TNF	1	0	0	0	1511	0
C1	R	healthy	B:B4	ACTA2	2	0	0	0	4229	0
C1	R	healthy	B:B4	AHR	2	0	0	0	4229	0
C1	R	healthy	B:B4	AKT1	2	0	0	0	4229	0
C1	R	healthy	B:B4	ARNTL	2	0	0	0	4229	0
C1	R	healthy	B:B4	BCL6	2	0	0	0	4229	0
C1	R	healthy	B:B4	BECN1	2	0	0	0	4229	0
C1	R	healthy	B:B4	BLNK	2	2	2	1	4229	1.74558
C1	R	healthy	B:B4	BRD4	2	0	0	0	4229	0
C1	R	healthy	B:B4	CAT	2	1	1	0.5	4229	1.21332
C1	R	healthy	B:B4	CD4	2	0	0	0	4229	0
C1	R	healthy	B:B4	CD86	2	0	0	0	4229	0
C1	R	healthy	B:B4	CREB1	2	0	0	0	4229	0
C1	R	healthy	B:B4	CTNNB1	2	0	0	0	4229	0
C1	R	healthy	B:B4	DNMT1	2	0	0	0	4229	0
C1	R	healthy	B:B4	FOXP3	2	0	0	0	4229	0
C1	R	healthy	B:B4	GABPA	2	0	0	0	4229	0
C1	R	healthy	B:B4	HIF1A	2	2	1	0.5	4229	1.74558
C1	R	healthy	B:B4	HMOX1	2	0	0	0	4229	0
C1	R	healthy	B:B4	ICAM1	2	0	0	0	4229	0
C1	R	healthy	B:B4	IFNG	2	0	0	0	4229	0
C1	R	healthy	B:B4	IL15	2	0	0	0	4229	0
C1	R	healthy	B:B4	IL1B	2	0	0	0	4229	0
C1	R	healthy	B:B4	IL7	2	0	0	0	4229	0
C1	R	healthy	B:B4	ITGAM	2	0	0	0	4229	0
C1	R	healthy	B:B4	ITGAX	2	0	0	0	4229	0
C1	R	healthy	B:B4	JAK1	2	2	2	1	4229	1.74558
C1	R	healthy	B:B4	LYZ	2	0	0	0	4229	0
C1	R	healthy	B:B4	MAFB	2	0	0	0	4229	0
C1	R	healthy	B:B4	MAP1LC3B	2	0	0	0	4229	0
C1	R	healthy	B:B4	MAPK14	2	0	0	0	4229	0
C1	R	healthy	B:B4	NFKB1	2	0	0	0	4229	0
C1	R	healthy	B:B4	NLRP3	2	0	0	0	4229	0
C1	R	healthy	B:B4	OSM	2	0	0	0	4229	0
C1	R	healthy	B:B4	PARP1	2	0	0	0	4229	0
C1	R	healthy	B:B4	PIAS1	2	1	1	0.5	4229	1.21332
C1	R	healthy	B:B4	PKM	2	1	1	0.5	4229	1.21332
C1	R	healthy	B:B4	PRKAA1	2	1	1	0.5	4229	1.21332
C1	R	healthy	B:B4	PTGS2	2	0	0	0	4229	0
C1	R	healthy	B:B4	RELA	2	0	0	0	4229	0
C1	R	healthy	B:B4	SH3KBP1	2	0	0	0	4229	0
C1	R	healthy	B:B4	SMAD3	2	0	0	0	4229	0
C1	R	healthy	B:B4	SOD1	2	0	0	0	4229	0
C1	R	healthy	B:B4	STAT3	2	2	2	1	4229	1.74558
C1	R	healthy	B:B4	STAT5A	2	0	0	0	4229	0
C1	R	healthy	B:B4	SYK	2	0	0	0	4229	0
C1	R	healthy	B:B4	TLR4	2	0	0	0	4229	0
C1	R	healthy	B:B4	TNF	2	0	0	0	4229	0
C1	R	healthy	B:B5	ACTA2	3	0	0	0	13184	0
C1	R	healthy	B:B5	AHR	3	1	1	0.333333	13184	0.564458
C1	R	healthy	B:B5	AKT1	3	0	0	0	13184	0
C1	R	healthy	B:B5	ARNTL	3	0	0	0	13184	0
C1	R	healthy	B:B5	BCL6	3	0	0	0	13184	0
C1	R	healthy	B:B5	BECN1	3	1	1	0.333333	13184	0.564458
C1	R	healthy	B:B5	BLNK	3	2	2	0.666667	13184	0.923064
C1	R	healthy	B:B5	BRD4	3	1	1	0.333333	13184	0.564458
C1	R	healthy	B:B5	CAT	3	1	1	0.333333	13184	0.564458
C1	R	healthy	B:B5	CD4	3	0	0	0	13184	0
C1	R	healthy	B:B5	CD86	3	0	0	0	13184	0
C1	R	healthy	B:B5	CREB1	3	1	1	0.333333	13184	0.564458
C1	R	healthy	B:B5	CTNNB1	3	0	0	0	13184	0
C1	R	healthy	B:B5	DNMT1	3	0	0	0	13184	0
C1	R	healthy	B:B5	FOXP3	3	0	0	0	13184	0
C1	R	healthy	B:B5	GABPA	3	0	0	0	13184	0
C1	R	healthy	B:B5	HIF1A	3	0	0	0	13184	0
C1	R	healthy	B:B5	HMOX1	3	2	2	0.666667	13184	0.923064
C1	R	healthy	B:B5	ICAM1	3	0	0	0	13184	0
C1	R	healthy	B:B5	IFNG	3	0	0	0	13184	0
C1	R	healthy	B:B5	IL15	3	0	0	0	13184	0
C1	R	healthy	B:B5	IL1B	3	0	0	0	13184	0
C1	R	healthy	B:B5	IL7	3	0	0	0	13184	0
C1	R	healthy	B:B5	ITGAM	3	0	0	0	13184	0
C1	R	healthy	B:B5	ITGAX	3	0	0	0	13184	0
C1	R	healthy	B:B5	JAK1	3	3	3	1	13184	1.18647
C1	R	healthy	B:B5	LYZ	3	0	0	0	13184	0
C1	R	healthy	B:B5	MAFB	3	0	0	0	13184	0
C1	R	healthy	B:B5	MAP1LC3B	3	1	1	0.333333	13184	0.564458
C1	R	healthy	B:B5	MAPK14	3	2	2	0.666667	13184	0.923064
C1	R	healthy	B:B5	NFKB1	3	2	1	0.333333	13184	0.923064
C1	R	healthy	B:B5	NLRP3	3	0	0	0	13184	0
C1	R	healthy	B:B5	OSM	3	0	0	0	13184	0
C1	R	healthy	B:B5	PARP1	3	2	1	0.333333	13184	0.923064
C1	R	healthy	B:B5	PIAS1	3	2	2	0.666667	13184	0.923064
C1	R	healthy	B:B5	PKM	3	1	1	0.333333	13184	0.564458
C1	R	healthy	B:B5	PRKAA1	3	0	0	0	13184	0
C1	R	healthy	B:B5	PTGS2	3	0	0	0	13184	0
C1	R	healthy	B:B5	RELA	3	0	0	0	13184	0
C1	R	healthy	B:B5	SH3KBP1	3	1	1	0.333333	13184	0.564458
C1	R	healthy	B:B5	SMAD3	3	2	1	0.333333	13184	0.923064
C1	R	healthy	B:B5	SOD1	3	3	2	0.666667	13184	1.18647
C1	R	healthy	B:B5	STAT3	3	3	2	0.666667	13184	1.18647
C1	R	healthy	B:B5	STAT5A	3	0	0	0	13184	0
C1	R	healthy	B:B5	SYK	3	4	2	0.666667	13184	1.39475
C1	R	healthy	B:B5	TLR4	3	0	0	0	13184	0
C1	R	healthy	B:B5	TNF	3	0	0	0	13184	0
C1	R	healthy	B:B6	ACTA2	21	1	1	0.047619	364784	0.0270445
C1	R	healthy	B:B6	AHR	21	5	4	0.190476	364784	0.128453
C1	R	healthy	B:B6	AKT1	21	2	2	0.0952381	364784	0.0533767
C1	R	healthy	B:B6	ARNTL	21	1	1	0.047619	364784	0.0270445
C1	R	healthy	B:B6	BCL6	21	0	0	0	364784	0
C1	R	healthy	B:B6	BECN1	21	8	7	0.333333	364784	0.198283
C1	R	healthy	B:B6	BLNK	21	19	13	0.619048	364784	0.419273
C1	R	healthy	B:B6	BRD4	21	6	4	0.190476	364784	0.152275
C1	R	healthy	B:B6	CAT	21	8	8	0.380952	364784	0.198283
C1	R	healthy	B:B6	CD4	21	3	3	0.142857	364784	0.0790334
C1	R	healthy	B:B6	CD86	21	5	4	0.190476	364784	0.128453
C1	R	healthy	B:B6	CREB1	21	7	7	0.333333	364784	0.175544
C1	R	healthy	B:B6	CTNNB1	21	1	1	0.047619	364784	0.0270445
C1	R	healthy	B:B6	DNMT1	21	3	3	0.142857	364784	0.0790334
C1	R	healthy	B:B6	FOXP3	21	0	0	0	364784	0
C1	R	healthy	B:B6	GABPA	21	6	5	0.238095	364784	0.152275
C1	R	healthy	B:B6	HIF1A	21	11	7	0.333333	364784	0.263555
C1	R	healthy	B:B6	HMOX1	21	0	0	0	364784	0
C1	R	healthy	B:B6	ICAM1	21	4	3	0.142857	364784	0.104048
C1	R	healthy	B:B6	IFNG	21	1	1	0.047619	364784	0.0270445
C1	R	healthy	B:B6	IL15	21	4	4	0.190476	364784	0.104048
C1	R	healthy	B:B6	IL1B	21	0	0	0	364784	0
C1	R	healthy	B:B6	IL7	21	0	0	0	364784	0
C1	R	healthy	B:B6	ITGAM	21	0	0	0	364784	0
C1	R	healthy	B:B6	ITGAX	21	0	0	0	364784	0
C1	R	healthy	B:B6	JAK1	21	19	13	0.619048	364784	0.419273
C1	R	healthy	B:B6	LYZ	21	0	0	0	364784	0
C1	R	healthy	B:B6	MAFB	21	0	0	0	364784	0
C1	R	healthy	B:B6	MAP1LC3B	21	29	15	0.714286	364784	0.585
C1	R	healthy	B:B6	MAPK14	21	3	3	0.142857	364784	0.0790334
C1	R	healthy	B:B6	NFKB1	21	12	8	0.380952	364784	0.284398
C1	R	healthy	B:B6	NLRP3	21	0	0	0	364784	0
C1	R	healthy	B:B6	OSM	21	0	0	0	364784	0
C1	R	healthy	B:B6	PARP1	21	35	17	0.809524	364784	0.672675
C1	R	healthy	B:B6	PIAS1	21	14	12	0.571429	364784	0.324825
C1	R	healthy	B:B6	PKM	21	21	15	0.714286	364784	0.454689
C1	R	healthy	B:B6	PRKAA1	21	3	3	0.142857	364784	0.0790334
C1	R	healthy	B:B6	PTGS2	21	0	0	0	364784	0
C1	R	healthy	B:B6	RELA	21	8	6	0.285714	364784	0.198283
C1	R	healthy	B:B6	SH3KBP1	21	7	5	0.238095	364784	0.175544
C1	R	healthy	B:B6	SMAD3	21	1	1	0.047619	364784	0.0270445
C1	R	healthy	B:B6	SOD1	21	29	14	0.666667	364784	0.585
C1	R	healthy	B:B6	STAT3	21	15	11	0.52381	364784	0.344442
C1	R	healthy	B:B6	STAT5A	21	2	2	0.0952381	364784	0.0533767
C1	R	healthy	B:B6	SYK	21	10	7	0.333333	364784	0.242267
C1	R	healthy	B:B6	TLR4	21	0	0	0	364784	0
C1	R	healthy	B:B6	TNF	21	6	3	0.142857	364784	0.152275
C1	R	healthy	B:B7	ACTA2	10	0	0	0	35594	0
C1	R	healthy	B:B7	AHR	10	3	3	0.3	35594	0.611307
C1	R	healthy	B:B7	AKT1	10	0	0	0	35594	0
C1	R	healthy	B:B7	ARNTL	10	0	0	0	35594	0
C1	R	healthy	B:B7	BCL6	10	0	0	0	35594	0
C1	R	healthy	B:B7	BECN1	10	0	0	0	35594	0
C1	R	healthy	B:B7	BLNK	10	1	1	0.1	35594	0.247599
C1	R	healthy	B:B7	BRD4	10	1	1	0.1	35594	0.247599
C1	R	healthy	B:B7	CAT	10	0	0	0	35594	0
C1	R	healthy	B:B7	CD4	10	0	0	0	35594	0
C1	R	healthy	B:B7	CD86	10	0	0	0	35594	0
C1	R	healthy	B:B7	CREB1	10	0	0	0	35594	0
C1	R	healthy	B:B7	CTNNB1	10	0	0	0	35594	0
C1	R	healthy	B:B7	DNMT1	10	0	0	0	35594	0
C1	R	healthy	B:B7	FOXP3	10	0	0	0	35594	0
C1	R	healthy	B:B7	GABPA	10	0	0	0	35594	0
C1	R	healthy	B:B7	HIF1A	10	1	1	0.1	35594	0.247599
C1	R	healthy	B:B7	HMOX1	10	0	0	0	35594	0
C1	R	healthy	B:B7	ICAM1	10	8	5	0.5	35594	1.17791
C1	R	healthy	B:B7	IFNG	10	3	3	0.3	35594	0.611307
C1	R	healthy	B:B7	IL15	10	1	1	0.1	35594	0.247599
C1	R	healthy	B:B7	IL1B	10	0	0	0	35594	0
C1	R	healthy	B:B7	IL7	10	0	0	0	35594	0
C1	R	healthy	B:B7	ITGAM	10	0	0	0	35594	0
C1	R	healthy	B:B7	ITGAX	10	0	0	0	35594	0
C1	R	healthy	B:B7	JAK1	10	3	3	0.3	35594	0.611307
C1	R	healthy	B:B7	LYZ	10	0	0	0	35594	0
C1	R	healthy	B:B7	MAFB	10	1	1	0.1	35594	0.247599
C1	R	healthy	B:B7	MAP1LC3B	10	2	2	0.2	35594	0.445898
C1	R	healthy	B:B7	MAPK14	10	0	0	0	35594	0
C1	R	healthy	B:B7	NFKB1	10	0	0	0	35594	0
C1	R	healthy	B:B7	NLRP3	10	0	0	0	35594	0
C1	R	healthy	B:B7	OSM	10	0	0	0	35594	0
C1	R	healthy	B:B7	PARP1	10	3	2	0.2	35594	0.611307
C1	R	healthy	B:B7	PIAS1	10	3	3	0.3	35594	0.611307
C1	R	healthy	B:B7	PKM	10	1	1	0.1	35594	0.247599
C1	R	healthy	B:B7	PRKAA1	10	1	1	0.1	35594	0.247599
C1	R	healthy	B:B7	PTGS2	10	0	0	0	35594	0
C1	R	healthy	B:B7	RELA	10	0	0	0	35594	0
C1	R	healthy	B:B7	SH3KBP1	10	2	1	0.1	35594	0.445898
C1	R	healthy	B:B7	SMAD3	10	0	0	0	35594	0
C1	R	healthy	B:B7	SOD1	10	1	1	0.1	35594	0.247599
C1	R	healthy	B:B7	STAT3	10	1	1	0.1	35594	0.247599
C1	R	healthy	B:B7	STAT5A	10	0	0	0	35594	0
C1	R	healthy	B:B7	SYK	10	1	1	0.1	35594	0.247599
C1	R	healthy	B:B7	TLR4	10	0	0	0	35594	0
C1	R	healthy	B:B7	TNF	10	5	5	0.5	35594	0.877438
C1	R	healthy	B:B9	ACTA2	1	0	0	0	6321	0
C1	R	healthy	B:B9	AHR	1	0	0	0	6321	0
C1	R	healthy	B:B9	AKT1	1	0	0	0	6321	0
C1	R	healthy	B:B9	ARNTL	1	0	0	0	6321	0
C1	R	healthy	B:B9	BCL6	1	0	0	0	6321	0
C1	R	healthy	B:B9	BECN1	1	1	1	1	6321	0.948575
C1	R	healthy	B:B9	BLNK	1	1	1	1	6321	0.948575
C1	R	healthy	B:B9	BRD4	1	1	1	1	6321	0.948575
C1	R	healthy	B:B9	CAT	1	0	0	0	6321	0
C1	R	healthy	B:B9	CD4	1	0	0	0	6321	0
C1	R	healthy	B:B9	CD86	1	0	0	0	6321	0
C1	R	healthy	B:B9	CREB1	1	0	0	0	6321	0
C1	R	healthy	B:B9	CTNNB1	1	1	1	1	6321	0.948575
C1	R	healthy	B:B9	DNMT1	1	0	0	0	6321	0
C1	R	healthy	B:B9	FOXP3	1	0	0	0	6321	0
C1	R	healthy	B:B9	GABPA	1	0	0	0	6321	0
C1	R	healthy	B:B9	HIF1A	1	1	1	1	6321	0.948575
C1	R	healthy	B:B9	HMOX1	1	0	0	0	6321	0
C1	R	healthy	B:B9	ICAM1	1	0	0	0	6321	0
C1	R	healthy	B:B9	IFNG	1	0	0	0	6321	0
C1	R	healthy	B:B9	IL15	1	0	0	0	6321	0
C1	R	healthy	B:B9	IL1B	1	0	0	0	6321	0
C1	R	healthy	B:B9	IL7	1	0	0	0	6321	0
C1	R	healthy	B:B9	ITGAM	1	0	0	0	6321	0
C1	R	healthy	B:B9	ITGAX	1	0	0	0	6321	0
C1	R	healthy	B:B9	JAK1	1	3	1	1	6321	1.74852
C1	R	healthy	B:B9	LYZ	1	0	0	0	6321	0
C1	R	healthy	B:B9	MAFB	1	0	0	0	6321	0
C1	R	healthy	B:B9	MAP1LC3B	1	1	1	1	6321	0.948575
C1	R	healthy	B:B9	MAPK14	1	0	0	0	6321	0
C1	R	healthy	B:B9	NFKB1	1	1	1	1	6321	0.948575
C1	R	healthy	B:B9	NLRP3	1	0	0	0	6321	0
C1	R	healthy	B:B9	OSM	1	0	0	0	6321	0
C1	R	healthy	B:B9	PARP1	1	0	0	0	6321	0
C1	R	healthy	B:B9	PIAS1	1	1	1	1	6321	0.948575
C1	R	healthy	B:B9	PKM	1	0	0	0	6321	0
C1	R	healthy	B:B9	PRKAA1	1	0	0	0	6321	0
C1	R	healthy	B:B9	PTGS2	1	0	0	0	6321	0
C1	R	healthy	B:B9	RELA	1	1	1	1	6321	0.948575
C1	R	healthy	B:B9	SH3KBP1	1	0	0	0	6321	0
C1	R	healthy	B:B9	SMAD3	1	2	1	1	6321	1.42649
C1	R	healthy	B:B9	SOD1	1	0	0	0	6321	0
C1	R	healthy	B:B9	STAT3	1	0	0	0	6321	0
C1	R	healthy	B:B9	STAT5A	1	0	0	0	6321	0
C1	R	healthy	B:B9	SYK	1	0	0	0	6321	0
C1	R	healthy	B:B9	TLR4	1	0	0	0	6321	0
C1	R	healthy	B:B9	TNF	1	0	0	0	6321	0
C1	R	healthy	NK	ACTA2	6	0	0	0	24049	0
C1	R	healthy	NK	AHR	6	0	0	0	24049	0
C1	R	healthy	NK	AKT1	6	0	0	0	24049	0
C1	R	healthy	NK	ARNTL	6	0	0	0	24049	0
C1	R	healthy	NK	BCL6	6	2	2	0.333333	24049	0.605209
C1	R	healthy	NK	BECN1	6	0	0	0	24049	0
C1	R	healthy	NK	BLNK	6	0	0	0	24049	0
C1	R	healthy	NK	BRD4	6	0	0	0	24049	0
C1	R	healthy	NK	CAT	6	1	1	0.166667	24049	0.347707
C1	R	healthy	NK	CD4	6	0	0	0	24049	0
C1	R	healthy	NK	CD86	6	0	0	0	24049	0
C1	R	healthy	NK	CREB1	6	2	1	0.166667	24049	0.605209
C1	R	healthy	NK	CTNNB1	6	0	0	0	24049	0
C1	R	healthy	NK	DNMT1	6	0	0	0	24049	0
C1	R	healthy	NK	FOXP3	6	0	0	0	24049	0
C1	R	healthy	NK	GABPA	6	0	0	0	24049	0
C1	R	healthy	NK	HIF1A	6	3	3	0.5	24049	0.809798
C1	R	healthy	NK	HMOX1	6	0	0	0	24049	0
C1	R	healthy	NK	ICAM1	6	9	3	0.5	24049	1.55653
C1	R	healthy	NK	IFNG	6	33	5	0.833333	24049	2.68934
C1	R	healthy	NK	IL15	6	0	0	0	24049	0
C1	R	healthy	NK	IL1B	6	0	0	0	24049	0
C1	R	healthy	NK	IL7	6	0	0	0	24049	0
C1	R	healthy	NK	ITGAM	6	1	1	0.166667	24049	0.347707
C1	R	healthy	NK	ITGAX	6	0	0	0	24049	0
C1	R	healthy	NK	JAK1	6	5	4	0.666667	24049	1.12463
C1	R	healthy	NK	LYZ	6	0	0	0	24049	0
C1	R	healthy	NK	MAFB	6	0	0	0	24049	0
C1	R	healthy	NK	MAP1LC3B	6	2	2	0.333333	24049	0.605209
C1	R	healthy	NK	MAPK14	6	2	2	0.333333	24049	0.605209
C1	R	healthy	NK	NFKB1	6	9	4	0.666667	24049	1.55653
C1	R	healthy	NK	NLRP3	6	0	0	0	24049	0
C1	R	healthy	NK	OSM	6	0	0	0	24049	0
C1	R	healthy	NK	PARP1	6	1	1	0.166667	24049	0.347707
C1	R	healthy	NK	PIAS1	6	0	0	0	24049	0
C1	R	healthy	NK	PKM	6	25	3	0.5	24049	2.43321
C1	R	healthy	NK	PRKAA1	6	1	1	0.166667	24049	0.347707
C1	R	healthy	NK	PTGS2	6	0	0	0	24049	0
C1	R	healthy	NK	RELA	6	0	0	0	24049	0
C1	R	healthy	NK	SH3KBP1	6	7	2	0.333333	24049	1.36372
C1	R	healthy	NK	SMAD3	6	1	1	0.166667	24049	0.347707
C1	R	healthy	NK	SOD1	6	2	2	0.333333	24049	0.605209
C1	R	healthy	NK	STAT3	6	3	3	0.5	24049	0.809798
C1	R	healthy	NK	STAT5A	6	2	2	0.333333	24049	0.605209
C1	R	healthy	NK	SYK	6	1	1	0.166667	24049	0.347707
C1	R	healthy	NK	TLR4	6	0	0	0	24049	0
C1	R	healthy	NK	TNF	6	32	4	0.666667	24049	2.66069
C1	R	healthy	T	ACTA2	162	10	10	0.0617284	738195	0.127043
C1	R	healthy	T	AHR	162	87	56	0.345679	738195	0.77866
C1	R	healthy	T	AKT1	162	14	14	0.0864198	738195	0.173661
C1	R	healthy	T	ARNTL	162	31	28	0.17284	738195	0.350617
C1	R	healthy	T	BCL6	162	8	7	0.0432099	738195	0.102893
C1	R	healthy	T	BECN1	162	30	30	0.185185	738195	0.341031
C1	R	healthy	T	BLNK	162	2	1	0.00617284	738195	0.0267326
C1	R	healthy	T	BRD4	162	43	36	0.222222	738195	0.459007
C1	R	healthy	T	CAT	162	20	19	0.117284	738195	0.23975
C1	R	healthy	T	CD4	162	64	46	0.283951	738195	0.624322
C1	R	healthy	T	CD86	162	0	0	0	738195	0
C1	R	healthy	T	CREB1	162	31	27	0.166667	738195	0.350617
C1	R	healthy	T	CTNNB1	162	27	24	0.148148	738195	0.311709
C1	R	healthy	T	DNMT1	162	48	41	0.253086	738195	0.500918
C1	R	healthy	T	FOXP3	162	12	7	0.0432099	738195	0.150623
C1	R	healthy	T	GABPA	162	8	8	0.0493827	738195	0.102893
C1	R	healthy	T	HIF1A	162	48	40	0.246914	738195	0.500918
C1	R	healthy	T	HMOX1	162	1	1	0.00617284	738195	0.0134556
C1	R	healthy	T	ICAM1	162	36	31	0.191358	738195	0.397215
C1	R	healthy	T	IFNG	162	88	23	0.141975	738195	0.784859
C1	R	healthy	T	IL15	162	4	4	0.0246914	738195	0.0527691
C1	R	healthy	T	IL1B	162	0	0	0	738195	0
C1	R	healthy	T	IL7	162	0	0	0	738195	0
C1	R	healthy	T	ITGAM	162	1	1	0.00617284	738195	0.0134556
C1	R	healthy	T	ITGAX	162	0	0	0	738195	0
C1	R	healthy	T	JAK1	162	164	94	0.580247	738195	1.16989
C1	R	healthy	T	LYZ	162	0	0	0	738195	0
C1	R	healthy	T	MAFB	162	1	1	0.00617284	738195	0.0134556
C1	R	healthy	T	MAP1LC3B	162	146	90	0.555556	738195	1.09118
C1	R	healthy	T	MAPK14	162	9	8	0.0493827	738195	0.115041
C1	R	healthy	T	NFKB1	162	78	51	0.314815	738195	0.721069
C1	R	healthy	T	NLRP3	162	8	8	0.0493827	738195	0.102893
C1	R	healthy	T	OSM	162	10	10	0.0617284	738195	0.127043
C1	R	healthy	T	PARP1	162	45	36	0.222222	738195	0.475983
C1	R	healthy	T	PIAS1	162	49	40	0.246914	738195	0.509093
C1	R	healthy	T	PKM	162	140	83	0.512346	738195	1.06351
C1	R	healthy	T	PRKAA1	162	34	31	0.191358	738195	0.378836
C1	R	healthy	T	PTGS2	162	0	0	0	738195	0
C1	R	healthy	T	RELA	162	27	26	0.160494	738195	0.311709
C1	R	healthy	T	SH3KBP1	162	100	64	0.395062	738195	0.856394
C1	R	healthy	T	SMAD3	162	19	18	0.111111	738195	0.229034
C1	R	healthy	T	SOD1	162	175	110	0.679012	738195	1.2151
C1	R	healthy	T	STAT3	162	176	88	0.54321	738195	1.21912
C1	R	healthy	T	STAT5A	162	22	21	0.12963	738195	0.260843
C1	R	healthy	T	SYK	162	0	0	0	738195	0
C1	R	healthy	T	TLR4	162	0	0	0	738195	0
C1	R	healthy	T	TNF	162	208	68	0.419753	738195	1.33964
C1	R	healthy	T:T1	ACTA2	8	0	0	0	13029	0
C1	R	healthy	T:T1	AHR	8	1	1	0.125	13029	0.569577
C1	R	healthy	T:T1	AKT1	8	0	0	0	13029	0
C1	R	healthy	T:T1	ARNTL	8	0	0	0	13029	0
C1	R	healthy	T:T1	BCL6	8	0	0	0	13029	0
C1	R	healthy	T:T1	BECN1	8	0	0	0	13029	0
C1	R	healthy	T:T1	BLNK	8	0	0	0	13029	0
C1	R	healthy	T:T1	BRD4	8	1	1	0.125	13029	0.569577
C1	R	healthy	T:T1	CAT	8	1	1	0.125	13029	0.569577
C1	R	healthy	T:T1	CD4	8	0	0	0	13029	0
C1	R	healthy	T:T1	CD86	8	0	0	0	13029	0
C1	R	healthy	T:T1	CREB1	8	0	0	0	13029	0
C1	R	healthy	T:T1	CTNNB1	8	0	0	0	13029	0
C1	R	healthy	T:T1	DNMT1	8	2	2	0.25	13029	0.930208
C1	R	healthy	T:T1	FOXP3	8	0	0	0	13029	0
C1	R	healthy	T:T1	GABPA	8	0	0	0	13029	0
C1	R	healthy	T:T1	HIF1A	8	3	3	0.375	13029	1.1947
C1	R	healthy	T:T1	HMOX1	8	0	0	0	13029	0
C1	R	healthy	T:T1	ICAM1	8	0	0	0	13029	0
C1	R	healthy	T:T1	IFNG	8	0	0	0	13029	0
C1	R	healthy	T:T1	IL15	8	0	0	0	13029	0
C1	R	healthy	T:T1	IL1B	8	0	0	0	13029	0
C1	R	healthy	T:T1	IL7	8	0	0	0	13029	0
C1	R	healthy	T:T1	ITGAM	8	0	0	0	13029	0
C1	R	healthy	T:T1	ITGAX	8	0	0	0	13029	0
C1	R	healthy	T:T1	JAK1	8	2	2	0.25	13029	0.930208
C1	R	healthy	T:T1	LYZ	8	0	0	0	13029	0
C1	R	healthy	T:T1	MAFB	8	0	0	0	13029	0
C1	R	healthy	T:T1	MAP1LC3B	8	4	4	0.5	13029	1.40366
C1	R	healthy	T:T1	MAPK14	8	1	1	0.125	13029	0.569577
C1	R	healthy	T:T1	NFKB1	8	3	2	0.25	13029	1.1947
C1	R	healthy	T:T1	NLRP3	8	1	1	0.125	13029	0.569577
C1	R	healthy	T:T1	OSM	8	1	1	0.125	13029	0.569577
C1	R	healthy	T:T1	PARP1	8	1	1	0.125	13029	0.569577
C1	R	healthy	T:T1	PIAS1	8	1	1	0.125	13029	0.569577
C1	R	healthy	T:T1	PKM	8	1	1	0.125	13029	0.569577
C1	R	healthy	T:T1	PRKAA1	8	1	1	0.125	13029	0.569577
C1	R	healthy	T:T1	PTGS2	8	0	0	0	13029	0
C1	R	healthy	T:T1	RELA	8	1	1	0.125	13029	0.569577
C1	R	healthy	T:T1	SH3KBP1	8	0	0	0	13029	0
C1	R	healthy	T:T1	SMAD3	8	1	1	0.125	13029	0.569577
C1	R	healthy	T:T1	SOD1	8	3	3	0.375	13029	1.1947
C1	R	healthy	T:T1	STAT3	8	1	1	0.125	13029	0.569577
C1	R	healthy	T:T1	STAT5A	8	1	1	0.125	13029	0.569577
C1	R	healthy	T:T1	SYK	8	0	0	0	13029	0
C1	R	healthy	T:T1	TLR4	8	0	0	0	13029	0
C1	R	healthy	T:T1	TNF	8	1	1	0.125	13029	0.569577
C1	R	healthy	T:T10	ACTA2	13	2	2	0.153846	39937	0.405991
C1	R	healthy	T:T10	AHR	13	2	2	0.153846	39937	0.405991
C1	R	healthy	T:T10	AKT1	13	2	2	0.153846	39937	0.405991
C1	R	healthy	T:T10	ARNTL	13	0	0	0	39937	0
C1	R	healthy	T:T10	BCL6	13	1	1	0.0769231	39937	0.223459
C1	R	healthy	T:T10	BECN1	13	1	1	0.0769231	39937	0.223459
C1	R	healthy	T:T10	BLNK	13	0	0	0	39937	0
C1	R	healthy	T:T10	BRD4	13	4	3	0.230769	39937	0.693936
C1	R	healthy	T:T10	CAT	13	2	2	0.153846	39937	0.405991
C1	R	healthy	T:T10	CD4	13	1	1	0.0769231	39937	0.223459
C1	R	healthy	T:T10	CD86	13	0	0	0	39937	0
C1	R	healthy	T:T10	CREB1	13	1	1	0.0769231	39937	0.223459
C1	R	healthy	T:T10	CTNNB1	13	1	1	0.0769231	39937	0.223459
C1	R	healthy	T:T10	DNMT1	13	4	4	0.307692	39937	0.693936
C1	R	healthy	T:T10	FOXP3	13	0	0	0	39937	0
C1	R	healthy	T:T10	GABPA	13	0	0	0	39937	0
C1	R	healthy	T:T10	HIF1A	13	1	1	0.0769231	39937	0.223459
C1	R	healthy	T:T10	HMOX1	13	0	0	0	39937	0
C1	R	healthy	T:T10	ICAM1	13	0	0	0	39937	0
C1	R	healthy	T:T10	IFNG	13	6	1	0.0769231	39937	0.917237
C1	R	healthy	T:T10	IL15	13	1	1	0.0769231	39937	0.223459
C1	R	healthy	T:T10	IL1B	13	0	0	0	39937	0
C1	R	healthy	T:T10	IL7	13	0	0	0	39937	0
C1	R	healthy	T:T10	ITGAM	13	0	0	0	39937	0
C1	R	healthy	T:T10	ITGAX	13	0	0	0	39937	0
C1	R	healthy	T:T10	JAK1	13	6	4	0.307692	39937	0.917237
C1	R	healthy	T:T10	LYZ	13	0	0	0	39937	0
C1	R	healthy	T:T10	MAFB	13	1	1	0.0769231	39937	0.223459
C1	R	healthy	T:T10	MAP1LC3B	13	11	7	0.538462	39937	1.32291
C1	R	healthy	T:T10	MAPK14	13	1	1	0.0769231	39937	0.223459
C1	R	healthy	T:T10	NFKB1	13	1	1	0.0769231	39937	0.223459
C1	R	healthy	T:T10	NLRP3	13	0	0	0	39937	0
C1	R	healthy	T:T10	OSM	13	0	0	0	39937	0
C1	R	healthy	T:T10	PARP1	13	3	3	0.230769	39937	0.560292
C1	R	healthy	T:T10	PIAS1	13	2	2	0.153846	39937	0.405991
C1	R	healthy	T:T10	PKM	13	13	9	0.692308	39937	1.44812
C1	R	healthy	T:T10	PRKAA1	13	3	3	0.230769	39937	0.560292
C1	R	healthy	T:T10	PTGS2	13	0	0	0	39937	0
C1	R	healthy	T:T10	RELA	13	1	1	0.0769231	39937	0.223459
C1	R	healthy	T:T10	SH3KBP1	13	11	7	0.538462	39937	1.32291
C1	R	healthy	T:T10	SMAD3	13	1	1	0.0769231	39937	0.223459
C1	R	healthy	T:T10	SOD1	13	12	8	0.615385	39937	1.38748
C1	R	healthy	T:T10	STAT3	13	11	6	0.461538	39937	1.32291
C1	R	healthy	T:T10	STAT5A	13	1	1	0.0769231	39937	0.223459
C1	R	healthy	T:T10	SYK	13	0	0	0	39937	0
C1	R	healthy	T:T10	TLR4	13	0	0	0	39937	0
C1	R	healthy	T:T10	TNF	13	16	3	0.230769	39937	1.6107
C1	R	healthy	T:T14	ACTA2	22	2	2	0.0909091	117730	0.156901
C1	R	healthy	T:T14	AHR	22	11	8	0.363636	117730	0.659767
C1	R	healthy	T:T14	AKT1	22	3	3	0.136364	117730	0.226992
C1	R	healthy	T:T14	ARNTL	22	6	5	0.227273	117730	0.411872
C1	R	healthy	T:T14	BCL6	22	2	2	0.0909091	117730	0.156901
C1	R	healthy	T:T14	BECN1	22	5	5	0.227273	117730	0.353962
C1	R	healthy	T:T14	BLNK	22	0	0	0	117730	0
C1	R	healthy	T:T14	BRD4	22	4	4	0.181818	117730	0.292491
C1	R	healthy	T:T14	CAT	22	5	5	0.227273	117730	0.353962
C1	R	healthy	T:T14	CD4	22	1	1	0.0454545	117730	0.0815248
C1	R	healthy	T:T14	CD86	22	0	0	0	117730	0
C1	R	healthy	T:T14	CREB1	22	5	4	0.181818	117730	0.353962
C1	R	healthy	T:T14	CTNNB1	22	5	5	0.227273	117730	0.353962
C1	R	healthy	T:T14	DNMT1	22	8	6	0.272727	117730	0.518509
C1	R	healthy	T:T14	FOXP3	22	0	0	0	117730	0
C1	R	healthy	T:T14	GABPA	22	2	2	0.0909091	117730	0.156901
C1	R	healthy	T:T14	HIF1A	22	9	8	0.363636	117730	0.567845
C1	R	healthy	T:T14	HMOX1	22	1	1	0.0454545	117730	0.0815248
C1	R	healthy	T:T14	ICAM1	22	6	4	0.181818	117730	0.411872
C1	R	healthy	T:T14	IFNG	22	65	8	0.363636	117730	1.87504
C1	R	healthy	T:T14	IL15	22	0	0	0	117730	0
C1	R	healthy	T:T14	IL1B	22	0	0	0	117730	0
C1	R	healthy	T:T14	IL7	22	0	0	0	117730	0
C1	R	healthy	T:T14	ITGAM	22	0	0	0	117730	0
C1	R	healthy	T:T14	ITGAX	22	0	0	0	117730	0
C1	R	healthy	T:T14	JAK1	22	38	18	0.818182	117730	1.44166
C1	R	healthy	T:T14	LYZ	22	0	0	0	117730	0
C1	R	healthy	T:T14	MAFB	22	0	0	0	117730	0
C1	R	healthy	T:T14	MAP1LC3B	22	37	16	0.727273	117730	1.42137
C1	R	healthy	T:T14	MAPK14	22	2	2	0.0909091	117730	0.156901
C1	R	healthy	T:T14	NFKB1	22	11	8	0.363636	117730	0.659767
C1	R	healthy	T:T14	NLRP3	22	0	0	0	117730	0
C1	R	healthy	T:T14	OSM	22	0	0	0	117730	0
C1	R	healthy	T:T14	PARP1	22	4	4	0.181818	117730	0.292491
C1	R	healthy	T:T14	PIAS1	22	8	7	0.318182	117730	0.518509
C1	R	healthy	T:T14	PKM	22	25	14	0.636364	117730	1.13896
C1	R	healthy	T:T14	PRKAA1	22	2	1	0.0454545	117730	0.156901
C1	R	healthy	T:T14	PTGS2	22	0	0	0	117730	0
C1	R	healthy	T:T14	RELA	22	4	4	0.181818	117730	0.292491
C1	R	healthy	T:T14	SH3KBP1	22	11	6	0.272727	117730	0.659767
C1	R	healthy	T:T14	SMAD3	22	1	1	0.0454545	117730	0.0815248
C1	R	healthy	T:T14	SOD1	22	25	14	0.636364	117730	1.13896
C1	R	healthy	T:T14	STAT3	22	27	13	0.590909	117730	1.19192
C1	R	healthy	T:T14	STAT5A	22	5	4	0.181818	117730	0.353962
C1	R	healthy	T:T14	SYK	22	0	0	0	117730	0
C1	R	healthy	T:T14	TLR4	22	0	0	0	117730	0
C1	R	healthy	T:T14	TNF	22	39	9	0.409091	117730	1.46156
C1	R	healthy	T:T15	ACTA2	1	0	0	0	4702	0
C1	R	healthy	T:T15	AHR	1	0	0	0	4702	0
C1	R	healthy	T:T15	AKT1	1	0	0	0	4702	0
C1	R	healthy	T:T15	ARNTL	1	0	0	0	4702	0
C1	R	healthy	T:T15	BCL6	1	0	0	0	4702	0
C1	R	healthy	T:T15	BECN1	1	1	1	1	4702	1.14
C1	R	healthy	T:T15	BLNK	1	0	0	0	4702	0
C1	R	healthy	T:T15	BRD4	1	0	0	0	4702	0
C1	R	healthy	T:T15	CAT	1	0	0	0	4702	0
C1	R	healthy	T:T15	CD4	1	0	0	0	4702	0
C1	R	healthy	T:T15	CD86	1	0	0	0	4702	0
C1	R	healthy	T:T15	CREB1	1	0	0	0	4702	0
C1	R	healthy	T:T15	CTNNB1	1	0	0	0	4702	0
C1	R	healthy	T:T15	DNMT1	1	0	0	0	4702	0
C1	R	healthy	T:T15	FOXP3	1	0	0	0	4702	0
C1	R	healthy	T:T15	GABPA	1	0	0	0	4702	0
C1	R	healthy	T:T15	HIF1A	1	0	0	0	4702	0
C1	R	healthy	T:T15	HMOX1	1	0	0	0	4702	0
C1	R	healthy	T:T15	ICAM1	1	0	0	0	4702	0
C1	R	healthy	T:T15	IFNG	1	0	0	0	4702	0
C1	R	healthy	T:T15	IL15	1	0	0	0	4702	0
C1	R	healthy	T:T15	IL1B	1	0	0	0	4702	0
C1	R	healthy	T:T15	IL7	1	0	0	0	4702	0
C1	R	healthy	T:T15	ITGAM	1	0	0	0	4702	0
C1	R	healthy	T:T15	ITGAX	1	0	0	0	4702	0
C1	R	healthy	T:T15	JAK1	1	2	1	1	4702	1.6589
C1	R	healthy	T:T15	LYZ	1	0	0	0	4702	0
C1	R	healthy	T:T15	MAFB	1	0	0	0	4702	0
C1	R	healthy	T:T15	MAP1LC3B	1	0	0	0	4702	0
C1	R	healthy	T:T15	MAPK14	1	0	0	0	4702	0
C1	R	healthy	T:T15	NFKB1	1	0	0	0	4702	0
C1	R	healthy	T:T15	NLRP3	1	0	0	0	4702	0
C1	R	healthy	T:T15	OSM	1	0	0	0	4702	0
C1	R	healthy	T:T15	PARP1	1	2	1	1	4702	1.6589
C1	R	healthy	T:T15	PIAS1	1	0	0	0	4702	0
C1	R	healthy	T:T15	PKM	1	1	1	1	4702	1.14
C1	R	healthy	T:T15	PRKAA1	1	0	0	0	4702	0
C1	R	healthy	T:T15	PTGS2	1	0	0	0	4702	0
C1	R	healthy	T:T15	RELA	1	1	1	1	4702	1.14
C1	R	healthy	T:T15	SH3KBP1	1	0	0	0	4702	0
C1	R	healthy	T:T15	SMAD3	1	0	0	0	4702	0
C1	R	healthy	T:T15	SOD1	1	0	0	0	4702	0
C1	R	healthy	T:T15	STAT3	1	0	0	0	4702	0
C1	R	healthy	T:T15	STAT5A	1	0	0	0	4702	0
C1	R	healthy	T:T15	SYK	1	0	0	0	4702	0
C1	R	healthy	T:T15	TLR4	1	0	0	0	4702	0
C1	R	healthy	T:T15	TNF	1	4	1	1	4702	2.25203
C1	R	healthy	T:T2	ACTA2	105	4	4	0.0380952	509322	0.0756044
C1	R	healthy	T:T2	AHR	105	67	41	0.390476	509322	0.839615
C1	R	healthy	T:T2	AKT1	105	9	9	0.0857143	509322	0.162719
C1	R	healthy	T:T2	ARNTL	105	24	22	0.209524	509322	0.386088
C1	R	healthy	T:T2	BCL6	105	5	4	0.0380952	509322	0.0936449
C1	R	healthy	T:T2	BECN1	105	19	19	0.180952	509322	0.317031
C1	R	healthy	T:T2	BLNK	105	2	1	0.00952381	509322	0.0385165
C1	R	healthy	T:T2	BRD4	105	30	24	0.228571	509322	0.463116
C1	R	healthy	T:T2	CAT	105	11	10	0.0952381	509322	0.195545
C1	R	healthy	T:T2	CD4	105	52	37	0.352381	509322	0.703575
C1	R	healthy	T:T2	CD86	105	0	0	0	509322	0
C1	R	healthy	T:T2	CREB1	105	22	20	0.190476	509322	0.359035
C1	R	healthy	T:T2	CTNNB1	105	17	16	0.152381	509322	0.288015
C1	R	healthy	T:T2	DNMT1	105	32	27	0.257143	509322	0.487528
C1	R	healthy	T:T2	FOXP3	105	1	1	0.00952381	509322	0.0194437
C1	R	healthy	T:T2	GABPA	105	4	4	0.0380952	509322	0.0756044
C1	R	healthy	T:T2	HIF1A	105	34	27	0.257143	509322	0.511358
C1	R	healthy	T:T2	HMOX1	105	0	0	0	509322	0
C1	R	healthy	T:T2	ICAM1	105	27	24	0.228571	509322	0.425344
C1	R	healthy	T:T2	IFNG	105	17	14	0.133333	509322	0.288015
C1	R	healthy	T:T2	IL15	105	2	2	0.0190476	509322	0.0385165
C1	R	healthy	T:T2	IL1B	105	0	0	0	509322	0
C1	R	healthy	T:T2	IL7	105	0	0	0	509322	0
C1	R	healthy	T:T2	ITGAM	105	1	1	0.00952381	509322	0.0194437
C1	R	healthy	T:T2	ITGAX	105	0	0	0	509322	0
C1	R	healthy	T:T2	JAK1	105	95	61	0.580952	509322	1.05265
C1	R	healthy	T:T2	LYZ	105	0	0	0	509322	0
C1	R	healthy	T:T2	MAFB	105	0	0	0	509322	0
C1	R	healthy	T:T2	MAP1LC3B	105	81	54	0.514286	509322	0.951793
C1	R	healthy	T:T2	MAPK14	105	5	4	0.0380952	509322	0.0936449
C1	R	healthy	T:T2	NFKB1	105	61	38	0.361905	509322	0.787398
C1	R	healthy	T:T2	NLRP3	105	7	7	0.0666667	509322	0.128778
C1	R	healthy	T:T2	OSM	105	8	8	0.0761905	509322	0.145892
C1	R	healthy	T:T2	PARP1	105	26	23	0.219048	509322	0.412429
C1	R	healthy	T:T2	PIAS1	105	32	26	0.247619	509322	0.487528
C1	R	healthy	T:T2	PKM	105	81	50	0.47619	509322	0.951793
C1	R	healthy	T:T2	PRKAA1	105	26	24	0.228571	509322	0.412429
C1	R	healthy	T:T2	PTGS2	105	0	0	0	509322	0
C1	R	healthy	T:T2	RELA	105	20	19	0.180952	509322	0.331229
C1	R	healthy	T:T2	SH3KBP1	105	68	44	0.419048	509322	0.848058
C1	R	healthy	T:T2	SMAD3	105	13	12	0.114286	509322	0.227328
C1	R	healthy	T:T2	SOD1	105	116	74	0.704762	509322	1.18709
C1	R	healthy	T:T2	STAT3	105	121	63	0.6	509322	1.2166
C1	R	healthy	T:T2	STAT5A	105	12	12	0.114286	509322	0.211563
C1	R	healthy	T:T2	SYK	105	0	0	0	509322	0
C1	R	healthy	T:T2	TLR4	105	0	0	0	509322	0
C1	R	healthy	T:T2	TNF	105	146	52	0.495238	509322	1.35236
C1	R	healthy	T:T3	ACTA2	2	0	0	0	4642	0
C1	R	healthy	T:T3	AHR	2	0	0	0	4642	0
C1	R	healthy	T:T3	AKT1	2	0	0	0	4642	0
C1	R	healthy	T:T3	ARNTL	2	0	0	0	4642	0
C1	R	healthy	T:T3	BCL6	2	0	0	0	4642	0
C1	R	healthy	T:T3	BECN1	2	1	1	0.5	4642	1.14875
C1	R	healthy	T:T3	BLNK	2	0	0	0	4642	0
C1	R	healthy	T:T3	BRD4	2	0	0	0	4642	0
C1	R	healthy	T:T3	CAT	2	0	0	0	4642	0
C1	R	healthy	T:T3	CD4	2	1	1	0.5	4642	1.14875
C1	R	healthy	T:T3	CD86	2	0	0	0	4642	0
C1	R	healthy	T:T3	CREB1	2	0	0	0	4642	0
C1	R	healthy	T:T3	CTNNB1	2	0	0	0	4642	0
C1	R	healthy	T:T3	DNMT1	2	0	0	0	4642	0
C1	R	healthy	T:T3	FOXP3	2	0	0	0	4642	0
C1	R	healthy	T:T3	GABPA	2	0	0	0	4642	0
C1	R	healthy	T:T3	HIF1A	2	0	0	0	4642	0
C1	R	healthy	T:T3	HMOX1	2	0	0	0	4642	0
C1	R	healthy	T:T3	ICAM1	2	1	1	0.5	4642	1.14875
C1	R	healthy	T:T3	IFNG	2	0	0	0	4642	0
C1	R	healthy	T:T3	IL15	2	0	0	0	4642	0
C1	R	healthy	T:T3	IL1B	2	0	0	0	4642	0
C1	R	healthy	T:T3	IL7	2	0	0	0	4642	0
C1	R	healthy	T:T3	ITGAM	2	0	0	0	4642	0
C1	R	healthy	T:T3	ITGAX	2	0	0	0	4642	0
C1	R	healthy	T:T3	JAK1	2	0	0	0	4642	0
C1	R	healthy	T:T3	LYZ	2	0	0	0	4642	0
C1	R	healthy	T:T3	MAFB	2	0	0	0	4642	0
C1	R	healthy	T:T3	MAP1LC3B	2	2	2	1	4642	1.66931
C1	R	healthy	T:T3	MAPK14	2	0	0	0	4642	0
C1	R	healthy	T:T3	NFKB1	2	0	0	0	4642	0
C1	R	healthy	T:T3	NLRP3	2	0	0	0	4642	0
C1	R	healthy	T:T3	OSM	2	1	1	0.5	4642	1.14875
C1	R	healthy	T:T3	PARP1	2	1	1	0.5	4642	1.14875
C1	R	healthy	T:T3	PIAS1	2	0	0	0	4642	0
C1	R	healthy	T:T3	PKM	2	0	0	0	4642	0
C1	R	healthy	T:T3	PRKAA1	2	0	0	0	4642	0
C1	R	healthy	T:T3	PTGS2	2	0	0	0	4642	0
C1	R	healthy	T:T3	RELA	2	0	0	0	4642	0
C1	R	healthy	T:T3	SH3KBP1	2	0	0	0	4642	0
C1	R	healthy	T:T3	SMAD3	2	0	0	0	4642	0
C1	R	healthy	T:T3	SOD1	2	3	2	1	4642	2.00992
C1	R	healthy	T:T3	STAT3	2	0	0	0	4642	0
C1	R	healthy	T:T3	STAT5A	2	0	0	0	4642	0
C1	R	healthy	T:T3	SYK	2	0	0	0	4642	0
C1	R	healthy	T:T3	TLR4	2	0	0	0	4642	0
C1	R	healthy	T:T3	TNF	2	1	1	0.5	4642	1.14875
C1	R	healthy	T:T5	ACTA2	3	0	0	0	14861	0
C1	R	healthy	T:T5	AHR	3	0	0	0	14861	0
C1	R	healthy	T:T5	AKT1	3	0	0	0	14861	0
C1	R	healthy	T:T5	ARNTL	3	0	0	0	14861	0
C1	R	healthy	T:T5	BCL6	3	0	0	0	14861	0
C1	R	healthy	T:T5	BECN1	3	1	1	0.333333	14861	0.51456
C1	R	healthy	T:T5	BLNK	3	0	0	0	14861	0
C1	R	healthy	T:T5	BRD4	3	2	2	0.666667	14861	0.852628
C1	R	healthy	T:T5	CAT	3	0	0	0	14861	0
C1	R	healthy	T:T5	CD4	3	2	1	0.333333	14861	0.852628
C1	R	healthy	T:T5	CD86	3	0	0	0	14861	0
C1	R	healthy	T:T5	CREB1	3	1	1	0.333333	14861	0.51456
C1	R	healthy	T:T5	CTNNB1	3	4	2	0.666667	14861	1.30606
C1	R	healthy	T:T5	DNMT1	3	0	0	0	14861	0
C1	R	healthy	T:T5	FOXP3	3	3	2	0.666667	14861	1.10483
C1	R	healthy	T:T5	GABPA	3	1	1	0.333333	14861	0.51456
C1	R	healthy	T:T5	HIF1A	3	1	1	0.333333	14861	0.51456
C1	R	healthy	T:T5	HMOX1	3	0	0	0	14861	0
C1	R	healthy	T:T5	ICAM1	3	1	1	0.333333	14861	0.51456
C1	R	healthy	T:T5	IFNG	3	0	0	0	14861	0
C1	R	healthy	T:T5	IL15	3	0	0	0	14861	0
C1	R	healthy	T:T5	IL1B	3	0	0	0	14861	0
C1	R	healthy	T:T5	IL7	3	0	0	0	14861	0
C1	R	healthy	T:T5	ITGAM	3	0	0	0	14861	0
C1	R	healthy	T:T5	ITGAX	3	0	0	0	14861	0
C1	R	healthy	T:T5	JAK1	3	8	2	0.666667	14861	1.85367
C1	R	healthy	T:T5	LYZ	3	0	0	0	14861	0
C1	R	healthy	T:T5	MAFB	3	0	0	0	14861	0
C1	R	healthy	T:T5	MAP1LC3B	3	3	2	0.666667	14861	1.10483
C1	R	healthy	T:T5	MAPK14	3	0	0	0	14861	0
C1	R	healthy	T:T5	NFKB1	3	1	1	0.333333	14861	0.51456
C1	R	healthy	T:T5	NLRP3	3	0	0	0	14861	0
C1	R	healthy	T:T5	OSM	3	0	0	0	14861	0
C1	R	healthy	T:T5	PARP1	3	2	1	0.333333	14861	0.852628
C1	R	healthy	T:T5	PIAS1	3	0	0	0	14861	0
C1	R	healthy	T:T5	PKM	3	4	3	1	14861	1.30606
C1	R	healthy	T:T5	PRKAA1	3	1	1	0.333333	14861	0.51456
C1	R	healthy	T:T5	PTGS2	3	0	0	0	14861	0
C1	R	healthy	T:T5	RELA	3	0	0	0	14861	0
C1	R	healthy	T:T5	SH3KBP1	3	1	1	0.333333	14861	0.51456
C1	R	healthy	T:T5	SMAD3	3	1	1	0.333333	14861	0.51456
C1	R	healthy	T:T5	SOD1	3	4	3	1	14861	1.30606
C1	R	healthy	T:T5	STAT3	3	5	1	0.333333	14861	1.47351
C1	R	healthy	T:T5	STAT5A	3	0	0	0	14861	0
C1	R	healthy	T:T5	SYK	3	0	0	0	14861	0
C1	R	healthy	T:T5	TLR4	3	0	0	0	14861	0
C1	R	healthy	T:T5	TNF	3	0	0	0	14861	0
C1	R	healthy	T:T6	ACTA2	1	0	0	0	6867	0
C1	R	healthy	T:T6	AHR	1	0	0	0	6867	0
C1	R	healthy	T:T6	AKT1	1	0	0	0	6867	0
C1	R	healthy	T:T6	ARNTL	1	0	0	0	6867	0
C1	R	healthy	T:T6	BCL6	1	0	0	0	6867	0
C1	R	healthy	T:T6	BECN1	1	0	0	0	6867	0
C1	R	healthy	T:T6	BLNK	1	0	0	0	6867	0
C1	R	healthy	T:T6	BRD4	1	1	1	1	6867	0.898632
C1	R	healthy	T:T6	CAT	1	1	1	1	6867	0.898632
C1	R	healthy	T:T6	CD4	1	1	1	1	6867	0.898632
C1	R	healthy	T:T6	CD86	1	0	0	0	6867	0
C1	R	healthy	T:T6	CREB1	1	2	1	1	6867	1.36417
C1	R	healthy	T:T6	CTNNB1	1	0	0	0	6867	0
C1	R	healthy	T:T6	DNMT1	1	0	0	0	6867	0
C1	R	healthy	T:T6	FOXP3	1	0	0	0	6867	0
C1	R	healthy	T:T6	GABPA	1	0	0	0	6867	0
C1	R	healthy	T:T6	HIF1A	1	0	0	0	6867	0
C1	R	healthy	T:T6	HMOX1	1	0	0	0	6867	0
C1	R	healthy	T:T6	ICAM1	1	0	0	0	6867	0
C1	R	healthy	T:T6	IFNG	1	0	0	0	6867	0
C1	R	healthy	T:T6	IL15	1	0	0	0	6867	0
C1	R	healthy	T:T6	IL1B	1	0	0	0	6867	0
C1	R	healthy	T:T6	IL7	1	0	0	0	6867	0
C1	R	healthy	T:T6	ITGAM	1	0	0	0	6867	0
C1	R	healthy	T:T6	ITGAX	1	0	0	0	6867	0
C1	R	healthy	T:T6	JAK1	1	2	1	1	6867	1.36417
C1	R	healthy	T:T6	LYZ	1	0	0	0	6867	0
C1	R	healthy	T:T6	MAFB	1	0	0	0	6867	0
C1	R	healthy	T:T6	MAP1LC3B	1	1	1	1	6867	0.898632
C1	R	healthy	T:T6	MAPK14	1	0	0	0	6867	0
C1	R	healthy	T:T6	NFKB1	1	0	0	0	6867	0
C1	R	healthy	T:T6	NLRP3	1	0	0	0	6867	0
C1	R	healthy	T:T6	OSM	1	0	0	0	6867	0
C1	R	healthy	T:T6	PARP1	1	0	0	0	6867	0
C1	R	healthy	T:T6	PIAS1	1	2	1	1	6867	1.36417
C1	R	healthy	T:T6	PKM	1	3	1	1	6867	1.68059
C1	R	healthy	T:T6	PRKAA1	1	0	0	0	6867	0
C1	R	healthy	T:T6	PTGS2	1	0	0	0	6867	0
C1	R	healthy	T:T6	RELA	1	0	0	0	6867	0
C1	R	healthy	T:T6	SH3KBP1	1	3	1	1	6867	1.68059
C1	R	healthy	T:T6	SMAD3	1	0	0	0	6867	0
C1	R	healthy	T:T6	SOD1	1	3	1	1	6867	1.68059
C1	R	healthy	T:T6	STAT3	1	0	0	0	6867	0
C1	R	healthy	T:T6	STAT5A	1	1	1	1	6867	0.898632
C1	R	healthy	T:T6	SYK	1	0	0	0	6867	0
C1	R	healthy	T:T6	TLR4	1	0	0	0	6867	0
C1	R	healthy	T:T6	TNF	1	0	0	0	6867	0
C1	R	healthy	T:T7	ACTA2	5	2	2	0.4	24285	0.600787
C1	R	healthy	T:T7	AHR	5	6	4	0.8	24285	1.24435
C1	R	healthy	T:T7	AKT1	5	0	0	0	24285	0
C1	R	healthy	T:T7	ARNTL	5	1	1	0.2	24285	0.344849
C1	R	healthy	T:T7	BCL6	5	0	0	0	24285	0
C1	R	healthy	T:T7	BECN1	5	2	2	0.4	24285	0.600787
C1	R	healthy	T:T7	BLNK	5	0	0	0	24285	0
C1	R	healthy	T:T7	BRD4	5	1	1	0.2	24285	0.344849
C1	R	healthy	T:T7	CAT	5	0	0	0	24285	0
C1	R	healthy	T:T7	CD4	5	6	4	0.8	24285	1.24435
C1	R	healthy	T:T7	CD86	5	0	0	0	24285	0
C1	R	healthy	T:T7	CREB1	5	0	0	0	24285	0
C1	R	healthy	T:T7	CTNNB1	5	0	0	0	24285	0
C1	R	healthy	T:T7	DNMT1	5	1	1	0.2	24285	0.344849
C1	R	healthy	T:T7	FOXP3	5	8	4	0.8	24285	1.45727
C1	R	healthy	T:T7	GABPA	5	1	1	0.2	24285	0.344849
C1	R	healthy	T:T7	HIF1A	5	0	0	0	24285	0
C1	R	healthy	T:T7	HMOX1	5	0	0	0	24285	0
C1	R	healthy	T:T7	ICAM1	5	1	1	0.2	24285	0.344849
C1	R	healthy	T:T7	IFNG	5	0	0	0	24285	0
C1	R	healthy	T:T7	IL15	5	1	1	0.2	24285	0.344849
C1	R	healthy	T:T7	IL1B	5	0	0	0	24285	0
C1	R	healthy	T:T7	IL7	5	0	0	0	24285	0
C1	R	healthy	T:T7	ITGAM	5	0	0	0	24285	0
C1	R	healthy	T:T7	ITGAX	5	0	0	0	24285	0
C1	R	healthy	T:T7	JAK1	5	9	4	0.8	24285	1.54884
C1	R	healthy	T:T7	LYZ	5	0	0	0	24285	0
C1	R	healthy	T:T7	MAFB	5	0	0	0	24285	0
C1	R	healthy	T:T7	MAP1LC3B	5	7	4	0.8	24285	1.35646
C1	R	healthy	T:T7	MAPK14	5	0	0	0	24285	0
C1	R	healthy	T:T7	NFKB1	5	1	1	0.2	24285	0.344849
C1	R	healthy	T:T7	NLRP3	5	0	0	0	24285	0
C1	R	healthy	T:T7	OSM	5	0	0	0	24285	0
C1	R	healthy	T:T7	PARP1	5	6	2	0.4	24285	1.24435
C1	R	healthy	T:T7	PIAS1	5	4	3	0.6	24285	0.973467
C1	R	healthy	T:T7	PKM	5	12	4	0.8	24285	1.78193
C1	R	healthy	T:T7	PRKAA1	5	1	1	0.2	24285	0.344849
C1	R	healthy	T:T7	PTGS2	5	0	0	0	24285	0
C1	R	healthy	T:T7	RELA	5	0	0	0	24285	0
C1	R	healthy	T:T7	SH3KBP1	5	6	5	1	24285	1.24435
C1	R	healthy	T:T7	SMAD3	5	1	1	0.2	24285	0.344849
C1	R	healthy	T:T7	SOD1	5	7	4	0.8	24285	1.35646
C1	R	healthy	T:T7	STAT3	5	11	4	0.8	24285	1.71011
C1	R	healthy	T:T7	STAT5A	5	1	1	0.2	24285	0.344849
C1	R	healthy	T:T7	SYK	5	0	0	0	24285	0
C1	R	healthy	T:T7	TLR4	5	0	0	0	24285	0
C1	R	healthy	T:T7	TNF	5	1	1	0.2	24285	0.344849
C1	R	healthy	T:T8	ACTA2	2	0	0	0	2820	0
C1	R	healthy	T:T8	AHR	2	0	0	0	2820	0
C1	R	healthy	T:T8	AKT1	2	0	0	0	2820	0
C1	R	healthy	T:T8	ARNTL	2	0	0	0	2820	0
C1	R	healthy	T:T8	BCL6	2	0	0	0	2820	0
C1	R	healthy	T:T8	BECN1	2	0	0	0	2820	0
C1	R	healthy	T:T8	BLNK	2	0	0	0	2820	0
C1	R	healthy	T:T8	BRD4	2	0	0	0	2820	0
C1	R	healthy	T:T8	CAT	2	0	0	0	2820	0
C1	R	healthy	T:T8	CD4	2	0	0	0	2820	0
C1	R	healthy	T:T8	CD86	2	0	0	0	2820	0
C1	R	healthy	T:T8	CREB1	2	0	0	0	2820	0
C1	R	healthy	T:T8	CTNNB1	2	0	0	0	2820	0
C1	R	healthy	T:T8	DNMT1	2	1	1	0.5	2820	1.51427
C1	R	healthy	T:T8	FOXP3	2	0	0	0	2820	0
C1	R	healthy	T:T8	GABPA	2	0	0	0	2820	0
C1	R	healthy	T:T8	HIF1A	2	0	0	0	2820	0
C1	R	healthy	T:T8	HMOX1	2	0	0	0	2820	0
C1	R	healthy	T:T8	ICAM1	2	0	0	0	2820	0
C1	R	healthy	T:T8	IFNG	2	0	0	0	2820	0
C1	R	healthy	T:T8	IL15	2	0	0	0	2820	0
C1	R	healthy	T:T8	IL1B	2	0	0	0	2820	0
C1	R	healthy	T:T8	IL7	2	0	0	0	2820	0
C1	R	healthy	T:T8	ITGAM	2	0	0	0	2820	0
C1	R	healthy	T:T8	ITGAX	2	0	0	0	2820	0
C1	R	healthy	T:T8	JAK1	2	2	1	0.5	2820	2.0909
C1	R	healthy	T:T8	LYZ	2	0	0	0	2820	0
C1	R	healthy	T:T8	MAFB	2	0	0	0	2820	0
C1	R	healthy	T:T8	MAP1LC3B	2	0	0	0	2820	0
C1	R	healthy	T:T8	MAPK14	2	0	0	0	2820	0
C1	R	healthy	T:T8	NFKB1	2	0	0	0	2820	0
C1	R	healthy	T:T8	NLRP3	2	0	0	0	2820	0
C1	R	healthy	T:T8	OSM	2	0	0	0	2820	0
C1	R	healthy	T:T8	PARP1	2	0	0	0	2820	0
C1	R	healthy	T:T8	PIAS1	2	0	0	0	2820	0
C1	R	healthy	T:T8	PKM	2	0	0	0	2820	0
C1	R	healthy	T:T8	PRKAA1	2	0	0	0	2820	0
C1	R	healthy	T:T8	PTGS2	2	0	0	0	2820	0
C1	R	healthy	T:T8	RELA	2	0	0	0	2820	0
C1	R	healthy	T:T8	SH3KBP1	2	0	0	0	2820	0
C1	R	healthy	T:T8	SMAD3	2	1	1	0.5	2820	1.51427
C1	R	healthy	T:T8	SOD1	2	2	1	0.5	2820	2.0909
C1	R	healthy	T:T8	STAT3	2	0	0	0	2820	0
C1	R	healthy	T:T8	STAT5A	2	1	1	0.5	2820	1.51427
C1	R	healthy	T:T8	SYK	2	0	0	0	2820	0
C1	R	healthy	T:T8	TLR4	2	0	0	0	2820	0
C1	R	healthy	T:T8	TNF	2	0	0	0	2820	0
C1	R	healthy	unknown	ACTA2	69	2	2	0.0289855	162577	0.11602
C1	R	healthy	unknown	AHR	69	19	14	0.202899	162577	0.774117
C1	R	healthy	unknown	AKT1	69	5	5	0.0724638	162577	0.268153
C1	R	healthy	unknown	ARNTL	69	5	4	0.057971	162577	0.268153
C1	R	healthy	unknown	BCL6	69	2	1	0.0144928	162577	0.11602
C1	R	healthy	unknown	BECN1	69	4	4	0.057971	162577	0.219968
C1	R	healthy	unknown	BLNK	69	4	4	0.057971	162577	0.219968
C1	R	healthy	unknown	BRD4	69	9	9	0.130435	162577	0.440564
C1	R	healthy	unknown	CAT	69	7	7	0.101449	162577	0.35807
C1	R	healthy	unknown	CD4	69	9	9	0.130435	162577	0.440564
C1	R	healthy	unknown	CD86	69	1	1	0.0144928	162577	0.0596918
C1	R	healthy	unknown	CREB1	69	8	7	0.101449	162577	0.400167
C1	R	healthy	unknown	CTNNB1	69	5	4	0.057971	162577	0.268153
C1	R	healthy	unknown	DNMT1	69	11	9	0.130435	162577	0.516769
C1	R	healthy	unknown	FOXP3	69	1	1	0.0144928	162577	0.0596918
C1	R	healthy	unknown	GABPA	69	0	0	0	162577	0
C1	R	healthy	unknown	HIF1A	69	11	10	0.144928	162577	0.516769
C1	R	healthy	unknown	HMOX1	69	1	1	0.0144928	162577	0.0596918
C1	R	healthy	unknown	ICAM1	69	13	7	0.101449	162577	0.587576
C1	R	healthy	unknown	IFNG	69	43	9	0.130435	162577	1.29333
C1	R	healthy	unknown	IL15	69	2	2	0.0289855	162577	0.11602
C1	R	healthy	unknown	IL1B	69	17	1	0.0144928	162577	0.71572
C1	R	healthy	unknown	IL7	69	0	0	0	162577	0
C1	R	healthy	unknown	ITGAM	69	2	2	0.0289855	162577	0.11602
C1	R	healthy	unknown	ITGAX	69	2	2	0.0289855	162577	0.11602
C1	R	healthy	unknown	JAK1	69	21	18	0.26087	162577	0.829292
C1	R	healthy	unknown	LYZ	69	32	1	0.0144928	162577	1.08799
C1	R	healthy	unknown	MAFB	69	1	1	0.0144928	162577	0.0596918
C1	R	healthy	unknown	MAP1LC3B	69	19	16	0.231884	162577	0.774117
C1	R	healthy	unknown	MAPK14	69	3	3	0.0434783	162577	0.169344
C1	R	healthy	unknown	NFKB1	69	15	11	0.15942	162577	0.653699
C1	R	healthy	unknown	NLRP3	69	0	0	0	162577	0
C1	R	healthy	unknown	OSM	69	0	0	0	162577	0
C1	R	healthy	unknown	PARP1	69	8	8	0.115942	162577	0.400167
C1	R	healthy	unknown	PIAS1	69	13	11	0.15942	162577	0.587576
C1	R	healthy	unknown	PKM	69	23	18	0.26087	162577	0.881581
C1	R	healthy	unknown	PRKAA1	69	6	6	0.0869565	162577	0.314121
C1	R	healthy	unknown	PTGS2	69	2	2	0.0289855	162577	0.11602
C1	R	healthy	unknown	RELA	69	6	6	0.0869565	162577	0.314121
C1	R	healthy	unknown	SH3KBP1	69	16	15	0.217391	162577	0.68519
C1	R	healthy	unknown	SMAD3	69	5	5	0.0724638	162577	0.268153
C1	R	healthy	unknown	SOD1	69	25	19	0.275362	162577	0.931271
C1	R	healthy	unknown	STAT3	69	31	20	0.289855	162577	1.06705
C1	R	healthy	unknown	STAT5A	69	3	3	0.0434783	162577	0.169344
C1	R	healthy	unknown	SYK	69	1	1	0.0144928	162577	0.0596918
C1	R	healthy	unknown	TLR4	69	1	1	0.0144928	162577	0.0596918
C1	R	healthy	unknown	TNF	69	80	21	0.304348	162577	1.77846
C2	R	healthy	B	ACTA2	948	19	19	0.0200422	7.07593e+06	0.0264974
C2	R	healthy	B	AHR	948	55	50	0.0527426	7.07593e+06	0.0748554
C2	R	healthy	B	AKT1	948	34	33	0.0348101	7.07593e+06	0.0469315
C2	R	healthy	B	ARNTL	948	18	18	0.0189873	7.07593e+06	0.0251202
C2	R	healthy	B	BCL6	948	3	3	0.00316456	7.07593e+06	0.00423077
C2	R	healthy	B	BECN1	948	137	122	0.128692	7.07593e+06	0.176986
C2	R	healthy	B	BLNK	948	381	295	0.311181	7.07593e+06	0.430772
C2	R	healthy	B	BRD4	948	153	138	0.14557	7.07593e+06	0.195753
C2	R	healthy	B	CAT	948	124	113	0.119198	7.07593e+06	0.161474
C2	R	healthy	B	CD4	948	6	5	0.00527426	7.07593e+06	0.00844371
C2	R	healthy	B	CD86	948	76	69	0.0727848	7.07593e+06	0.102021
C2	R	healthy	B	CREB1	948	95	91	0.0959916	7.07593e+06	0.125979
C2	R	healthy	B	CTNNB1	948	64	62	0.0654008	7.07593e+06	0.0865882
C2	R	healthy	B	DNMT1	948	82	74	0.0780591	7.07593e+06	0.109649
C2	R	healthy	B	FOXP3	948	2	1	0.00105485	7.07593e+06	0.0028225
C2	R	healthy	B	GABPA	948	46	44	0.0464135	7.07593e+06	0.0629834
C2	R	healthy	B	HIF1A	948	105	97	0.102321	7.07593e+06	0.138361
C2	R	healthy	B	HMOX1	948	14	13	0.0137131	7.07593e+06	0.0195922
C2	R	healthy	B	ICAM1	948	67	56	0.0590717	7.07593e+06	0.0904687
C2	R	healthy	B	IFNG	948	5	5	0.00527426	7.07593e+06	0.00704136
C2	R	healthy	B	IL15	948	61	55	0.0580169	7.07593e+06	0.0826925
C2	R	healthy	B	IL1B	948	8	1	0.00105485	7.07593e+06	0.0112425
C2	R	healthy	B	IL7	948	5	5	0.00527426	7.07593e+06	0.00704136
C2	R	healthy	B	ITGAM	948	3	2	0.0021097	7.07593e+06	0.00423077
C2	R	healthy	B	ITGAX	948	2	2	0.0021097	7.07593e+06	0.0028225
C2	R	healthy	B	JAK1	948	514	366	0.386076	7.07593e+06	0.546042
C2	R	healthy	B	LYZ	948	21	3	0.00316456	7.07593e+06	0.0292462
C2	R	healthy	B	MAFB	948	0	0	0	7.07593e+06	0
C2	R	healthy	B	MAP1LC3B	948	413	319	0.336498	7.07593e+06	0.459744
C2	R	healthy	B	MAPK14	948	55	55	0.0580169	7.07593e+06	0.0748554
C2	R	healthy	B	NFKB1	948	101	89	0.0938819	7.07593e+06	0.133427
C2	R	healthy	B	NLRP3	948	0	0	0	7.07593e+06	0
C2	R	healthy	B	OSM	948	4	1	0.00105485	7.07593e+06	0.00563705
C2	R	healthy	B	PARP1	948	612	412	0.434599	7.07593e+06	0.62321
C2	R	healthy	B	PIAS1	948	223	198	0.208861	7.07593e+06	0.273953
C2	R	healthy	B	PKM	948	447	335	0.353376	7.07593e+06	0.489634
C2	R	healthy	B	PRKAA1	948	68	63	0.0664557	7.07593e+06	0.0917589
C2	R	healthy	B	PTGS2	948	3	1	0.00105485	7.07593e+06	0.00423077
C2	R	healthy	B	RELA	948	57	54	0.056962	7.07593e+06	0.0774746
C2	R	healthy	B	SH3KBP1	948	142	123	0.129747	7.07593e+06	0.182888
C2	R	healthy	B	SMAD3	948	10	10	0.0105485	7.07593e+06	0.0140335
C2	R	healthy	B	SOD1	948	756	479	0.505274	7.07593e+06	0.726781
C2	R	healthy	B	STAT3	948	251	214	0.225738	7.07593e+06	0.303598
C2	R	healthy	B	STAT5A	948	33	33	0.0348101	7.07593e+06	0.0455822
C2	R	healthy	B	SYK	948	228	202	0.21308	7.07593e+06	0.279312
C2	R	healthy	B	TLR4	948	0	0	0	7.07593e+06	0
C2	R	healthy	B	TNF	948	21	17	0.0179325	7.07593e+06	0.0292462
C2	R	healthy	B:B1	ACTA2	7	0	0	0	53955	0
C2	R	healthy	B:B1	AHR	7	0	0	0	53955	0
C2	R	healthy	B:B1	AKT1	7	0	0	0	53955	0
C2	R	healthy	B:B1	ARNTL	7	0	0	0	53955	0
C2	R	healthy	B:B1	BCL6	7	0	0	0	53955	0
C2	R	healthy	B:B1	BECN1	7	2	2	0.285714	53955	0.315306
C2	R	healthy	B:B1	BLNK	7	5	4	0.571429	53955	0.655808
C2	R	healthy	B:B1	BRD4	7	1	1	0.142857	53955	0.170029
C2	R	healthy	B:B1	CAT	7	2	2	0.285714	53955	0.315306
C2	R	healthy	B:B1	CD4	7	0	0	0	53955	0
C2	R	healthy	B:B1	CD86	7	1	1	0.142857	53955	0.170029
C2	R	healthy	B:B1	CREB1	7	0	0	0	53955	0
C2	R	healthy	B:B1	CTNNB1	7	1	1	0.142857	53955	0.170029
C2	R	healthy	B:B1	DNMT1	7	2	2	0.285714	53955	0.315306
C2	R	healthy	B:B1	FOXP3	7	0	0	0	53955	0
C2	R	healthy	B:B1	GABPA	7	1	1	0.142857	53955	0.170029
C2	R	healthy	B:B1	HIF1A	7	1	1	0.142857	53955	0.170029
C2	R	healthy	B:B1	HMOX1	7	0	0	0	53955	0
C2	R	healthy	B:B1	ICAM1	7	1	1	0.142857	53955	0.170029
C2	R	healthy	B:B1	IFNG	7	0	0	0	53955	0
C2	R	healthy	B:B1	IL15	7	1	1	0.142857	53955	0.170029
C2	R	healthy	B:B1	IL1B	7	0	0	0	53955	0
C2	R	healthy	B:B1	IL7	7	0	0	0	53955	0
C2	R	healthy	B:B1	ITGAM	7	0	0	0	53955	0
C2	R	healthy	B:B1	ITGAX	7	0	0	0	53955	0
C2	R	healthy	B:B1	JAK1	7	6	3	0.428571	53955	0.747653
C2	R	healthy	B:B1	LYZ	7	0	0	0	53955	0
C2	R	healthy	B:B1	MAFB	7	0	0	0	53955	0
C2	R	healthy	B:B1	MAP1LC3B	7	4	4	0.571429	53955	0.554666
C2	R	healthy	B:B1	MAPK14	7	0	0	0	53955	0
C2	R	healthy	B:B1	NFKB1	7	0	0	0	53955	0
C2	R	healthy	B:B1	NLRP3	7	0	0	0	53955	0
C2	R	healthy	B:B1	OSM	7	0	0	0	53955	0
C2	R	healthy	B:B1	PARP1	7	4	3	0.428571	53955	0.554666
C2	R	healthy	B:B1	PIAS1	7	1	1	0.142857	53955	0.170029
C2	R	healthy	B:B1	PKM	7	1	1	0.142857	53955	0.170029
C2	R	healthy	B:B1	PRKAA1	7	0	0	0	53955	0
C2	R	healthy	B:B1	PTGS2	7	0	0	0	53955	0
C2	R	healthy	B:B1	RELA	7	1	1	0.142857	53955	0.170029
C2	R	healthy	B:B1	SH3KBP1	7	3	2	0.285714	53955	0.442131
C2	R	healthy	B:B1	SMAD3	7	0	0	0	53955	0
C2	R	healthy	B:B1	SOD1	7	7	5	0.714286	53955	0.831768
C2	R	healthy	B:B1	STAT3	7	0	0	0	53955	0
C2	R	healthy	B:B1	STAT5A	7	0	0	0	53955	0
C2	R	healthy	B:B1	SYK	7	3	3	0.428571	53955	0.442131
C2	R	healthy	B:B1	TLR4	7	0	0	0	53955	0
C2	R	healthy	B:B1	TNF	7	0	0	0	53955	0
C2	R	healthy	B:B10	ACTA2	14	0	0	0	111313	0
C2	R	healthy	B:B10	AHR	14	0	0	0	111313	0
C2	R	healthy	B:B10	AKT1	14	1	1	0.0714286	111313	0.0860279
C2	R	healthy	B:B10	ARNTL	14	0	0	0	111313	0
C2	R	healthy	B:B10	BCL6	14	0	0	0	111313	0
C2	R	healthy	B:B10	BECN1	14	1	1	0.0714286	111313	0.0860279
C2	R	healthy	B:B10	BLNK	14	3	3	0.214286	111313	0.238631
C2	R	healthy	B:B10	BRD4	14	2	2	0.142857	111313	0.165238
C2	R	healthy	B:B10	CAT	14	2	2	0.142857	111313	0.165238
C2	R	healthy	B:B10	CD4	14	0	0	0	111313	0
C2	R	healthy	B:B10	CD86	14	0	0	0	111313	0
C2	R	healthy	B:B10	CREB1	14	2	2	0.142857	111313	0.165238
C2	R	healthy	B:B10	CTNNB1	14	0	0	0	111313	0
C2	R	healthy	B:B10	DNMT1	14	6	5	0.357143	111313	0.431146
C2	R	healthy	B:B10	FOXP3	14	0	0	0	111313	0
C2	R	healthy	B:B10	GABPA	14	0	0	0	111313	0
C2	R	healthy	B:B10	HIF1A	14	1	1	0.0714286	111313	0.0860279
C2	R	healthy	B:B10	HMOX1	14	0	0	0	111313	0
C2	R	healthy	B:B10	ICAM1	14	6	3	0.214286	111313	0.431146
C2	R	healthy	B:B10	IFNG	14	0	0	0	111313	0
C2	R	healthy	B:B10	IL15	14	1	1	0.0714286	111313	0.0860279
C2	R	healthy	B:B10	IL1B	14	0	0	0	111313	0
C2	R	healthy	B:B10	IL7	14	0	0	0	111313	0
C2	R	healthy	B:B10	ITGAM	14	0	0	0	111313	0
C2	R	healthy	B:B10	ITGAX	14	0	0	0	111313	0
C2	R	healthy	B:B10	JAK1	14	8	6	0.428571	111313	0.541565
C2	R	healthy	B:B10	LYZ	14	0	0	0	111313	0
C2	R	healthy	B:B10	MAFB	14	0	0	0	111313	0
C2	R	healthy	B:B10	MAP1LC3B	14	8	5	0.357143	111313	0.541565
C2	R	healthy	B:B10	MAPK14	14	0	0	0	111313	0
C2	R	healthy	B:B10	NFKB1	14	2	2	0.142857	111313	0.165238
C2	R	healthy	B:B10	NLRP3	14	0	0	0	111313	0
C2	R	healthy	B:B10	OSM	14	0	0	0	111313	0
C2	R	healthy	B:B10	PARP1	14	8	6	0.428571	111313	0.541565
C2	R	healthy	B:B10	PIAS1	14	3	3	0.214286	111313	0.238631
C2	R	healthy	B:B10	PKM	14	2	1	0.0714286	111313	0.165238
C2	R	healthy	B:B10	PRKAA1	14	1	1	0.0714286	111313	0.0860279
C2	R	healthy	B:B10	PTGS2	14	0	0	0	111313	0
C2	R	healthy	B:B10	RELA	14	0	0	0	111313	0
C2	R	healthy	B:B10	SH3KBP1	14	1	1	0.0714286	111313	0.0860279
C2	R	healthy	B:B10	SMAD3	14	0	0	0	111313	0
C2	R	healthy	B:B10	SOD1	14	8	5	0.357143	111313	0.541565
C2	R	healthy	B:B10	STAT3	14	3	3	0.214286	111313	0.238631
C2	R	healthy	B:B10	STAT5A	14	1	1	0.0714286	111313	0.0860279
C2	R	healthy	B:B10	SYK	14	6	5	0.357143	111313	0.431146
C2	R	healthy	B:B10	TLR4	14	0	0	0	111313	0
C2	R	healthy	B:B10	TNF	14	0	0	0	111313	0
C2	R	healthy	B:B11	ACTA2	37	0	0	0	318361	0
C2	R	healthy	B:B11	AHR	37	3	3	0.0810811	318361	0.0900533
C2	R	healthy	B:B11	AKT1	37	1	1	0.027027	318361	0.0309277
C2	R	healthy	B:B11	ARNTL	37	0	0	0	318361	0
C2	R	healthy	B:B11	BCL6	37	0	0	0	318361	0
C2	R	healthy	B:B11	BECN1	37	5	5	0.135135	318361	0.145877
C2	R	healthy	B:B11	BLNK	37	12	11	0.297297	318361	0.319857
C2	R	healthy	B:B11	BRD4	37	9	8	0.216216	318361	0.248966
C2	R	healthy	B:B11	CAT	37	3	3	0.0810811	318361	0.0900533
C2	R	healthy	B:B11	CD4	37	0	0	0	318361	0
C2	R	healthy	B:B11	CD86	37	2	2	0.0540541	318361	0.0609274
C2	R	healthy	B:B11	CREB1	37	2	2	0.0540541	318361	0.0609274
C2	R	healthy	B:B11	CTNNB1	37	2	2	0.0540541	318361	0.0609274
C2	R	healthy	B:B11	DNMT1	37	3	3	0.0810811	318361	0.0900533
C2	R	healthy	B:B11	FOXP3	37	0	0	0	318361	0
C2	R	healthy	B:B11	GABPA	37	2	2	0.0540541	318361	0.0609274
C2	R	healthy	B:B11	HIF1A	37	4	4	0.108108	318361	0.118355
C2	R	healthy	B:B11	HMOX1	37	0	0	0	318361	0
C2	R	healthy	B:B11	ICAM1	37	4	4	0.108108	318361	0.118355
C2	R	healthy	B:B11	IFNG	37	0	0	0	318361	0
C2	R	healthy	B:B11	IL15	37	4	4	0.108108	318361	0.118355
C2	R	healthy	B:B11	IL1B	37	0	0	0	318361	0
C2	R	healthy	B:B11	IL7	37	0	0	0	318361	0
C2	R	healthy	B:B11	ITGAM	37	0	0	0	318361	0
C2	R	healthy	B:B11	ITGAX	37	0	0	0	318361	0
C2	R	healthy	B:B11	JAK1	37	10	8	0.216216	318361	0.273159
C2	R	healthy	B:B11	LYZ	37	0	0	0	318361	0
C2	R	healthy	B:B11	MAFB	37	0	0	0	318361	0
C2	R	healthy	B:B11	MAP1LC3B	37	14	9	0.243243	318361	0.364471
C2	R	healthy	B:B11	MAPK14	37	3	3	0.0810811	318361	0.0900533
C2	R	healthy	B:B11	NFKB1	37	2	2	0.0540541	318361	0.0609274
C2	R	healthy	B:B11	NLRP3	37	0	0	0	318361	0
C2	R	healthy	B:B11	OSM	37	0	0	0	318361	0
C2	R	healthy	B:B11	PARP1	37	17	12	0.324324	318361	0.427869
C2	R	healthy	B:B11	PIAS1	37	7	7	0.189189	318361	0.198749
C2	R	healthy	B:B11	PKM	37	14	12	0.324324	318361	0.364471
C2	R	healthy	B:B11	PRKAA1	37	7	7	0.189189	318361	0.198749
C2	R	healthy	B:B11	PTGS2	37	0	0	0	318361	0
C2	R	healthy	B:B11	RELA	37	2	2	0.0540541	318361	0.0609274
C2	R	healthy	B:B11	SH3KBP1	37	2	2	0.0540541	318361	0.0609274
C2	R	healthy	B:B11	SMAD3	37	0	0	0	318361	0
C2	R	healthy	B:B11	SOD1	37	27	18	0.486486	318361	0.614155
C2	R	healthy	B:B11	STAT3	37	3	3	0.0810811	318361	0.0900533
C2	R	healthy	B:B11	STAT5A	37	0	0	0	318361	0
C2	R	healthy	B:B11	SYK	37	10	9	0.243243	318361	0.273159
C2	R	healthy	B:B11	TLR4	37	0	0	0	318361	0
C2	R	healthy	B:B11	TNF	37	0	0	0	318361	0
C2	R	healthy	B:B12	ACTA2	55	0	0	0	258755	0
C2	R	healthy	B:B12	AHR	55	2	1	0.0181818	258755	0.0744516
C2	R	healthy	B:B12	AKT1	55	1	1	0.0181818	258755	0.0379185
C2	R	healthy	B:B12	ARNTL	55	0	0	0	258755	0
C2	R	healthy	B:B12	BCL6	55	0	0	0	258755	0
C2	R	healthy	B:B12	BECN1	55	3	3	0.0545455	258755	0.109697
C2	R	healthy	B:B12	BLNK	55	12	11	0.2	258755	0.381008
C2	R	healthy	B:B12	BRD4	55	6	5	0.0909091	258755	0.208541
C2	R	healthy	B:B12	CAT	55	4	4	0.0727273	258755	0.143742
C2	R	healthy	B:B12	CD4	55	0	0	0	258755	0
C2	R	healthy	B:B12	CD86	55	0	0	0	258755	0
C2	R	healthy	B:B12	CREB1	55	5	5	0.0909091	258755	0.176666
C2	R	healthy	B:B12	CTNNB1	55	2	2	0.0363636	258755	0.0744516
C2	R	healthy	B:B12	DNMT1	55	1	1	0.0181818	258755	0.0379185
C2	R	healthy	B:B12	FOXP3	55	0	0	0	258755	0
C2	R	healthy	B:B12	GABPA	55	1	1	0.0181818	258755	0.0379185
C2	R	healthy	B:B12	HIF1A	55	0	0	0	258755	0
C2	R	healthy	B:B12	HMOX1	55	0	0	0	258755	0
C2	R	healthy	B:B12	ICAM1	55	1	1	0.0181818	258755	0.0379185
C2	R	healthy	B:B12	IFNG	55	0	0	0	258755	0
C2	R	healthy	B:B12	IL15	55	2	2	0.0363636	258755	0.0744516
C2	R	healthy	B:B12	IL1B	55	0	0	0	258755	0
C2	R	healthy	B:B12	IL7	55	0	0	0	258755	0
C2	R	healthy	B:B12	ITGAM	55	0	0	0	258755	0
C2	R	healthy	B:B12	ITGAX	55	0	0	0	258755	0
C2	R	healthy	B:B12	JAK1	55	28	21	0.381818	258755	0.733379
C2	R	healthy	B:B12	LYZ	55	0	0	0	258755	0
C2	R	healthy	B:B12	MAFB	55	0	0	0	258755	0
C2	R	healthy	B:B12	MAP1LC3B	55	17	14	0.254545	258755	0.505004
C2	R	healthy	B:B12	MAPK14	55	4	4	0.0727273	258755	0.143742
C2	R	healthy	B:B12	NFKB1	55	3	3	0.0545455	258755	0.109697
C2	R	healthy	B:B12	NLRP3	55	0	0	0	258755	0
C2	R	healthy	B:B12	OSM	55	0	0	0	258755	0
C2	R	healthy	B:B12	PARP1	55	28	20	0.363636	258755	0.733379
C2	R	healthy	B:B12	PIAS1	55	9	8	0.145455	258755	0.298488
C2	R	healthy	B:B12	PKM	55	10	9	0.163636	258755	0.326758
C2	R	healthy	B:B12	PRKAA1	55	2	2	0.0363636	258755	0.0744516
C2	R	healthy	B:B12	PTGS2	55	0	0	0	258755	0
C2	R	healthy	B:B12	RELA	55	0	0	0	258755	0
C2	R	healthy	B:B12	SH3KBP1	55	5	5	0.0909091	258755	0.176666
C2	R	healthy	B:B12	SMAD3	55	0	0	0	258755	0
C2	R	healthy	B:B12	SOD1	55	27	19	0.345455	258755	0.714644
C2	R	healthy	B:B12	STAT3	55	13	12	0.218182	258755	0.407068
C2	R	healthy	B:B12	STAT5A	55	1	1	0.0181818	258755	0.0379185
C2	R	healthy	B:B12	SYK	55	18	15	0.272727	258755	0.52806
C2	R	healthy	B:B12	TLR4	55	0	0	0	258755	0
C2	R	healthy	B:B12	TNF	55	0	0	0	258755	0
C2	R	healthy	B:B13	ACTA2	49	1	1	0.0204082	299900	0.0328006
C2	R	healthy	B:B13	AHR	49	3	3	0.0612245	299900	0.0953405
C2	R	healthy	B:B13	AKT1	49	0	0	0	299900	0
C2	R	healthy	B:B13	ARNTL	49	0	0	0	299900	0
C2	R	healthy	B:B13	BCL6	49	0	0	0	299900	0
C2	R	healthy	B:B13	BECN1	49	5	4	0.0816327	299900	0.154198
C2	R	healthy	B:B13	BLNK	49	22	18	0.367347	299900	0.550187
C2	R	healthy	B:B13	BRD4	49	4	4	0.0816327	299900	0.125202
C2	R	healthy	B:B13	CAT	49	7	7	0.142857	299900	0.209784
C2	R	healthy	B:B13	CD4	49	0	0	0	299900	0
C2	R	healthy	B:B13	CD86	49	3	3	0.0612245	299900	0.0953405
C2	R	healthy	B:B13	CREB1	49	8	8	0.163265	299900	0.236459
C2	R	healthy	B:B13	CTNNB1	49	5	5	0.102041	299900	0.154198
C2	R	healthy	B:B13	DNMT1	49	2	2	0.0408163	299900	0.0645594
C2	R	healthy	B:B13	FOXP3	49	0	0	0	299900	0
C2	R	healthy	B:B13	GABPA	49	3	2	0.0408163	299900	0.0953405
C2	R	healthy	B:B13	HIF1A	49	3	3	0.0612245	299900	0.0953405
C2	R	healthy	B:B13	HMOX1	49	0	0	0	299900	0
C2	R	healthy	B:B13	ICAM1	49	0	0	0	299900	0
C2	R	healthy	B:B13	IFNG	49	0	0	0	299900	0
C2	R	healthy	B:B13	IL15	49	2	2	0.0408163	299900	0.0645594
C2	R	healthy	B:B13	IL1B	49	0	0	0	299900	0
C2	R	healthy	B:B13	IL7	49	0	0	0	299900	0
C2	R	healthy	B:B13	ITGAM	49	0	0	0	299900	0
C2	R	healthy	B:B13	ITGAX	49	0	0	0	299900	0
C2	R	healthy	B:B13	JAK1	49	29	20	0.408163	299900	0.676504
C2	R	healthy	B:B13	LYZ	49	0	0	0	299900	0
C2	R	healthy	B:B13	MAFB	49	0	0	0	299900	0
C2	R	healthy	B:B13	MAP1LC3B	49	20	17	0.346939	299900	0.510959
C2	R	healthy	B:B13	MAPK14	49	4	4	0.0816327	299900	0.125202
C2	R	healthy	B:B13	NFKB1	49	5	5	0.102041	299900	0.154198
C2	R	healthy	B:B13	NLRP3	49	0	0	0	299900	0
C2	R	healthy	B:B13	OSM	49	0	0	0	299900	0
C2	R	healthy	B:B13	PARP1	49	19	17	0.346939	299900	0.490752
C2	R	healthy	B:B13	PIAS1	49	9	6	0.122449	299900	0.262441
C2	R	healthy	B:B13	PKM	49	21	17	0.346939	299900	0.530766
C2	R	healthy	B:B13	PRKAA1	49	2	2	0.0408163	299900	0.0645594
C2	R	healthy	B:B13	PTGS2	49	0	0	0	299900	0
C2	R	healthy	B:B13	RELA	49	2	2	0.0408163	299900	0.0645594
C2	R	healthy	B:B13	SH3KBP1	49	6	6	0.122449	299900	0.182377
C2	R	healthy	B:B13	SMAD3	49	0	0	0	299900	0
C2	R	healthy	B:B13	SOD1	49	39	24	0.489796	299900	0.833098
C2	R	healthy	B:B13	STAT3	49	8	7	0.142857	299900	0.236459
C2	R	healthy	B:B13	STAT5A	49	1	1	0.0204082	299900	0.0328006
C2	R	healthy	B:B13	SYK	49	15	13	0.265306	299900	0.405576
C2	R	healthy	B:B13	TLR4	49	0	0	0	299900	0
C2	R	healthy	B:B13	TNF	49	3	2	0.0408163	299900	0.0953405
C2	R	healthy	B:B14	ACTA2	33	0	0	0	215924	0
C2	R	healthy	B:B14	AHR	33	0	0	0	215924	0
C2	R	healthy	B:B14	AKT1	33	3	3	0.0909091	215924	0.130096
C2	R	healthy	B:B14	ARNTL	33	2	2	0.0606061	215924	0.0885832
C2	R	healthy	B:B14	BCL6	33	0	0	0	215924	0
C2	R	healthy	B:B14	BECN1	33	2	2	0.0606061	215924	0.0885832
C2	R	healthy	B:B14	BLNK	33	13	9	0.272727	215924	0.471293
C2	R	healthy	B:B14	BRD4	33	10	9	0.272727	215924	0.380575
C2	R	healthy	B:B14	CAT	33	3	2	0.0606061	215924	0.130096
C2	R	healthy	B:B14	CD4	33	0	0	0	215924	0
C2	R	healthy	B:B14	CD86	33	8	8	0.242424	215924	0.315176
C2	R	healthy	B:B14	CREB1	33	6	5	0.151515	215924	0.245199
C2	R	healthy	B:B14	CTNNB1	33	5	5	0.151515	215924	0.208284
C2	R	healthy	B:B14	DNMT1	33	1	1	0.030303	215924	0.0452722
C2	R	healthy	B:B14	FOXP3	33	0	0	0	215924	0
C2	R	healthy	B:B14	GABPA	33	3	3	0.0909091	215924	0.130096
C2	R	healthy	B:B14	HIF1A	33	2	2	0.0606061	215924	0.0885832
C2	R	healthy	B:B14	HMOX1	33	1	1	0.030303	215924	0.0452722
C2	R	healthy	B:B14	ICAM1	33	3	3	0.0909091	215924	0.130096
C2	R	healthy	B:B14	IFNG	33	1	1	0.030303	215924	0.0452722
C2	R	healthy	B:B14	IL15	33	1	1	0.030303	215924	0.0452722
C2	R	healthy	B:B14	IL1B	33	0	0	0	215924	0
C2	R	healthy	B:B14	IL7	33	0	0	0	215924	0
C2	R	healthy	B:B14	ITGAM	33	0	0	0	215924	0
C2	R	healthy	B:B14	ITGAX	33	0	0	0	215924	0
C2	R	healthy	B:B14	JAK1	33	20	13	0.393939	215924	0.655576
C2	R	healthy	B:B14	LYZ	33	0	0	0	215924	0
C2	R	healthy	B:B14	MAFB	33	0	0	0	215924	0
C2	R	healthy	B:B14	MAP1LC3B	33	17	12	0.363636	215924	0.580714
C2	R	healthy	B:B14	MAPK14	33	2	2	0.0606061	215924	0.0885832
C2	R	healthy	B:B14	NFKB1	33	5	5	0.151515	215924	0.208284
C2	R	healthy	B:B14	NLRP3	33	0	0	0	215924	0
C2	R	healthy	B:B14	OSM	33	0	0	0	215924	0
C2	R	healthy	B:B14	PARP1	33	21	14	0.424242	215924	0.679334
C2	R	healthy	B:B14	PIAS1	33	12	12	0.363636	215924	0.441958
C2	R	healthy	B:B14	PKM	33	19	12	0.363636	215924	0.631239
C2	R	healthy	B:B14	PRKAA1	33	4	4	0.121212	215924	0.169954
C2	R	healthy	B:B14	PTGS2	33	0	0	0	215924	0
C2	R	healthy	B:B14	RELA	33	2	2	0.0606061	215924	0.0885832
C2	R	healthy	B:B14	SH3KBP1	33	10	9	0.272727	215924	0.380575
C2	R	healthy	B:B14	SMAD3	33	0	0	0	215924	0
C2	R	healthy	B:B14	SOD1	33	25	17	0.515152	215924	0.769096
C2	R	healthy	B:B14	STAT3	33	10	9	0.272727	215924	0.380575
C2	R	healthy	B:B14	STAT5A	33	0	0	0	215924	0
C2	R	healthy	B:B14	SYK	33	11	9	0.272727	215924	0.411738
C2	R	healthy	B:B14	TLR4	33	0	0	0	215924	0
C2	R	healthy	B:B14	TNF	33	0	0	0	215924	0
C2	R	healthy	B:B15	ACTA2	17	0	0	0	165423	0
C2	R	healthy	B:B15	AHR	17	1	1	0.0588235	165423	0.0586944
C2	R	healthy	B:B15	AKT1	17	0	0	0	165423	0
C2	R	healthy	B:B15	ARNTL	17	1	1	0.0588235	165423	0.0586944
C2	R	healthy	B:B15	BCL6	17	0	0	0	165423	0
C2	R	healthy	B:B15	BECN1	17	1	1	0.0588235	165423	0.0586944
C2	R	healthy	B:B15	BLNK	17	5	4	0.235294	165423	0.264098
C2	R	healthy	B:B15	BRD4	17	1	1	0.0588235	165423	0.0586944
C2	R	healthy	B:B15	CAT	17	1	1	0.0588235	165423	0.0586944
C2	R	healthy	B:B15	CD4	17	0	0	0	165423	0
C2	R	healthy	B:B15	CD86	17	1	1	0.0588235	165423	0.0586944
C2	R	healthy	B:B15	CREB1	17	2	2	0.117647	165423	0.114134
C2	R	healthy	B:B15	CTNNB1	17	1	1	0.0588235	165423	0.0586944
C2	R	healthy	B:B15	DNMT1	17	1	1	0.0588235	165423	0.0586944
C2	R	healthy	B:B15	FOXP3	17	0	0	0	165423	0
C2	R	healthy	B:B15	GABPA	17	1	1	0.0588235	165423	0.0586944
C2	R	healthy	B:B15	HIF1A	17	1	1	0.0588235	165423	0.0586944
C2	R	healthy	B:B15	HMOX1	17	0	0	0	165423	0
C2	R	healthy	B:B15	ICAM1	17	0	0	0	165423	0
C2	R	healthy	B:B15	IFNG	17	0	0	0	165423	0
C2	R	healthy	B:B15	IL15	17	0	0	0	165423	0
C2	R	healthy	B:B15	IL1B	17	0	0	0	165423	0
C2	R	healthy	B:B15	IL7	17	0	0	0	165423	0
C2	R	healthy	B:B15	ITGAM	17	0	0	0	165423	0
C2	R	healthy	B:B15	ITGAX	17	0	0	0	165423	0
C2	R	healthy	B:B15	JAK1	17	9	8	0.470588	165423	0.434415
C2	R	healthy	B:B15	LYZ	17	0	0	0	165423	0
C2	R	healthy	B:B15	MAFB	17	0	0	0	165423	0
C2	R	healthy	B:B15	MAP1LC3B	17	7	5	0.294118	165423	0.352878
C2	R	healthy	B:B15	MAPK14	17	2	2	0.117647	165423	0.114134
C2	R	healthy	B:B15	NFKB1	17	3	3	0.176471	165423	0.166661
C2	R	healthy	B:B15	NLRP3	17	0	0	0	165423	0
C2	R	healthy	B:B15	OSM	17	0	0	0	165423	0
C2	R	healthy	B:B15	PARP1	17	17	12	0.705882	165423	0.706887
C2	R	healthy	B:B15	PIAS1	17	2	2	0.117647	165423	0.114134
C2	R	healthy	B:B15	PKM	17	7	6	0.352941	165423	0.352878
C2	R	healthy	B:B15	PRKAA1	17	0	0	0	165423	0
C2	R	healthy	B:B15	PTGS2	17	0	0	0	165423	0
C2	R	healthy	B:B15	RELA	17	1	1	0.0588235	165423	0.0586944
C2	R	healthy	B:B15	SH3KBP1	17	1	1	0.0588235	165423	0.0586944
C2	R	healthy	B:B15	SMAD3	17	0	0	0	165423	0
C2	R	healthy	B:B15	SOD1	17	12	6	0.352941	165423	0.545466
C2	R	healthy	B:B15	STAT3	17	3	3	0.176471	165423	0.166661
C2	R	healthy	B:B15	STAT5A	17	1	1	0.0588235	165423	0.0586944
C2	R	healthy	B:B15	SYK	17	1	1	0.0588235	165423	0.0586944
C2	R	healthy	B:B15	TLR4	17	0	0	0	165423	0
C2	R	healthy	B:B15	TNF	17	0	0	0	165423	0
C2	R	healthy	B:B16	ACTA2	5	0	0	0	21704	0
C2	R	healthy	B:B16	AHR	5	0	0	0	21704	0
C2	R	healthy	B:B16	AKT1	5	0	0	0	21704	0
C2	R	healthy	B:B16	ARNTL	5	0	0	0	21704	0
C2	R	healthy	B:B16	BCL6	5	0	0	0	21704	0
C2	R	healthy	B:B16	BECN1	5	1	1	0.2	21704	0.378946
C2	R	healthy	B:B16	BLNK	5	0	0	0	21704	0
C2	R	healthy	B:B16	BRD4	5	0	0	0	21704	0
C2	R	healthy	B:B16	CAT	5	1	1	0.2	21704	0.378946
C2	R	healthy	B:B16	CD4	5	0	0	0	21704	0
C2	R	healthy	B:B16	CD86	5	0	0	0	21704	0
C2	R	healthy	B:B16	CREB1	5	0	0	0	21704	0
C2	R	healthy	B:B16	CTNNB1	5	1	1	0.2	21704	0.378946
C2	R	healthy	B:B16	DNMT1	5	1	1	0.2	21704	0.378946
C2	R	healthy	B:B16	FOXP3	5	0	0	0	21704	0
C2	R	healthy	B:B16	GABPA	5	0	0	0	21704	0
C2	R	healthy	B:B16	HIF1A	5	1	1	0.2	21704	0.378946
C2	R	healthy	B:B16	HMOX1	5	0	0	0	21704	0
C2	R	healthy	B:B16	ICAM1	5	0	0	0	21704	0
C2	R	healthy	B:B16	IFNG	5	0	0	0	21704	0
C2	R	healthy	B:B16	IL15	5	1	1	0.2	21704	0.378946
C2	R	healthy	B:B16	IL1B	5	0	0	0	21704	0
C2	R	healthy	B:B16	IL7	5	0	0	0	21704	0
C2	R	healthy	B:B16	ITGAM	5	0	0	0	21704	0
C2	R	healthy	B:B16	ITGAX	5	0	0	0	21704	0
C2	R	healthy	B:B16	JAK1	5	1	1	0.2	21704	0.378946
C2	R	healthy	B:B16	LYZ	5	0	0	0	21704	0
C2	R	healthy	B:B16	MAFB	5	0	0	0	21704	0
C2	R	healthy	B:B16	MAP1LC3B	5	1	1	0.2	21704	0.378946
C2	R	healthy	B:B16	MAPK14	5	0	0	0	21704	0
C2	R	healthy	B:B16	NFKB1	5	0	0	0	21704	0
C2	R	healthy	B:B16	NLRP3	5	0	0	0	21704	0
C2	R	healthy	B:B16	OSM	5	0	0	0	21704	0
C2	R	healthy	B:B16	PARP1	5	0	0	0	21704	0
C2	R	healthy	B:B16	PIAS1	5	1	1	0.2	21704	0.378946
C2	R	healthy	B:B16	PKM	5	2	1	0.2	21704	0.6531
C2	R	healthy	B:B16	PRKAA1	5	0	0	0	21704	0
C2	R	healthy	B:B16	PTGS2	5	0	0	0	21704	0
C2	R	healthy	B:B16	RELA	5	0	0	0	21704	0
C2	R	healthy	B:B16	SH3KBP1	5	0	0	0	21704	0
C2	R	healthy	B:B16	SMAD3	5	0	0	0	21704	0
C2	R	healthy	B:B16	SOD1	5	4	3	0.6	21704	1.04485
C2	R	healthy	B:B16	STAT3	5	0	0	0	21704	0
C2	R	healthy	B:B16	STAT5A	5	0	0	0	21704	0
C2	R	healthy	B:B16	SYK	5	2	2	0.4	21704	0.6531
C2	R	healthy	B:B16	TLR4	5	0	0	0	21704	0
C2	R	healthy	B:B16	TNF	5	0	0	0	21704	0
C2	R	healthy	B:B17	ACTA2	15	0	0	0	103102	0
C2	R	healthy	B:B17	AHR	15	1	1	0.0666667	103102	0.0925713
C2	R	healthy	B:B17	AKT1	15	0	0	0	103102	0
C2	R	healthy	B:B17	ARNTL	15	0	0	0	103102	0
C2	R	healthy	B:B17	BCL6	15	0	0	0	103102	0
C2	R	healthy	B:B17	BECN1	15	2	2	0.133333	103102	0.177294
C2	R	healthy	B:B17	BLNK	15	2	2	0.133333	103102	0.177294
C2	R	healthy	B:B17	BRD4	15	1	1	0.0666667	103102	0.0925713
C2	R	healthy	B:B17	CAT	15	0	0	0	103102	0
C2	R	healthy	B:B17	CD4	15	0	0	0	103102	0
C2	R	healthy	B:B17	CD86	15	0	0	0	103102	0
C2	R	healthy	B:B17	CREB1	15	2	2	0.133333	103102	0.177294
C2	R	healthy	B:B17	CTNNB1	15	0	0	0	103102	0
C2	R	healthy	B:B17	DNMT1	15	0	0	0	103102	0
C2	R	healthy	B:B17	FOXP3	15	0	0	0	103102	0
C2	R	healthy	B:B17	GABPA	15	0	0	0	103102	0
C2	R	healthy	B:B17	HIF1A	15	1	1	0.0666667	103102	0.0925713
C2	R	healthy	B:B17	HMOX1	15	0	0	0	103102	0
C2	R	healthy	B:B17	ICAM1	15	2	2	0.133333	103102	0.177294
C2	R	healthy	B:B17	IFNG	15	0	0	0	103102	0
C2	R	healthy	B:B17	IL15	15	0	0	0	103102	0
C2	R	healthy	B:B17	IL1B	15	0	0	0	103102	0
C2	R	healthy	B:B17	IL7	15	0	0	0	103102	0
C2	R	healthy	B:B17	ITGAM	15	0	0	0	103102	0
C2	R	healthy	B:B17	ITGAX	15	0	0	0	103102	0
C2	R	healthy	B:B17	JAK1	15	8	5	0.333333	103102	0.574325
C2	R	healthy	B:B17	LYZ	15	0	0	0	103102	0
C2	R	healthy	B:B17	MAFB	15	0	0	0	103102	0
C2	R	healthy	B:B17	MAP1LC3B	15	4	4	0.266667	103102	0.327839
C2	R	healthy	B:B17	MAPK14	15	0	0	0	103102	0
C2	R	healthy	B:B17	NFKB1	15	0	0	0	103102	0
C2	R	healthy	B:B17	NLRP3	15	0	0	0	103102	0
C2	R	healthy	B:B17	OSM	15	0	0	0	103102	0
C2	R	healthy	B:B17	PARP1	15	8	6	0.4	103102	0.574325
C2	R	healthy	B:B17	PIAS1	15	3	3	0.2	103102	0.255397
C2	R	healthy	B:B17	PKM	15	7	6	0.4	103102	0.518162
C2	R	healthy	B:B17	PRKAA1	15	2	2	0.133333	103102	0.177294
C2	R	healthy	B:B17	PTGS2	15	0	0	0	103102	0
C2	R	healthy	B:B17	RELA	15	0	0	0	103102	0
C2	R	healthy	B:B17	SH3KBP1	15	5	4	0.266667	103102	0.395386
C2	R	healthy	B:B17	SMAD3	15	0	0	0	103102	0
C2	R	healthy	B:B17	SOD1	15	13	8	0.533333	103102	0.815757
C2	R	healthy	B:B17	STAT3	15	5	4	0.266667	103102	0.395386
C2	R	healthy	B:B17	STAT5A	15	0	0	0	103102	0
C2	R	healthy	B:B17	SYK	15	1	1	0.0666667	103102	0.0925713
C2	R	healthy	B:B17	TLR4	15	0	0	0	103102	0
C2	R	healthy	B:B17	TNF	15	0	0	0	103102	0
C2	R	healthy	B:B2	ACTA2	20	0	0	0	67781	0
C2	R	healthy	B:B2	AHR	20	3	3	0.15	67781	0.366448
C2	R	healthy	B:B2	AKT1	20	0	0	0	67781	0
C2	R	healthy	B:B2	ARNTL	20	1	1	0.05	67781	0.137615
C2	R	healthy	B:B2	BCL6	20	0	0	0	67781	0
C2	R	healthy	B:B2	BECN1	20	5	5	0.25	67781	0.552545
C2	R	healthy	B:B2	BLNK	20	4	2	0.1	67781	0.463819
C2	R	healthy	B:B2	BRD4	20	5	4	0.2	67781	0.552545
C2	R	healthy	B:B2	CAT	20	7	6	0.3	67781	0.709384
C2	R	healthy	B:B2	CD4	20	0	0	0	67781	0
C2	R	healthy	B:B2	CD86	20	3	3	0.15	67781	0.366448
C2	R	healthy	B:B2	CREB1	20	1	1	0.05	67781	0.137615
C2	R	healthy	B:B2	CTNNB1	20	3	3	0.15	67781	0.366448
C2	R	healthy	B:B2	DNMT1	20	2	2	0.1	67781	0.258563
C2	R	healthy	B:B2	FOXP3	20	2	1	0.05	67781	0.258563
C2	R	healthy	B:B2	GABPA	20	0	0	0	67781	0
C2	R	healthy	B:B2	HIF1A	20	8	6	0.3	67781	0.77945
C2	R	healthy	B:B2	HMOX1	20	0	0	0	67781	0
C2	R	healthy	B:B2	ICAM1	20	0	0	0	67781	0
C2	R	healthy	B:B2	IFNG	20	0	0	0	67781	0
C2	R	healthy	B:B2	IL15	20	1	1	0.05	67781	0.137615
C2	R	healthy	B:B2	IL1B	20	0	0	0	67781	0
C2	R	healthy	B:B2	IL7	20	1	1	0.05	67781	0.137615
C2	R	healthy	B:B2	ITGAM	20	0	0	0	67781	0
C2	R	healthy	B:B2	ITGAX	20	0	0	0	67781	0
C2	R	healthy	B:B2	JAK1	20	21	14	0.7	67781	1.41055
C2	R	healthy	B:B2	LYZ	20	0	0	0	67781	0
C2	R	healthy	B:B2	MAFB	20	0	0	0	67781	0
C2	R	healthy	B:B2	MAP1LC3B	20	10	7	0.35	67781	0.906378
C2	R	healthy	B:B2	MAPK14	20	2	2	0.1	67781	0.258563
C2	R	healthy	B:B2	NFKB1	20	7	5	0.25	67781	0.709384
C2	R	healthy	B:B2	NLRP3	20	0	0	0	67781	0
C2	R	healthy	B:B2	OSM	20	0	0	0	67781	0
C2	R	healthy	B:B2	PARP1	20	13	10	0.5	67781	1.07088
C2	R	healthy	B:B2	PIAS1	20	8	8	0.4	67781	0.77945
C2	R	healthy	B:B2	PKM	20	15	10	0.5	67781	1.16721
C2	R	healthy	B:B2	PRKAA1	20	3	3	0.15	67781	0.366448
C2	R	healthy	B:B2	PTGS2	20	0	0	0	67781	0
C2	R	healthy	B:B2	RELA	20	3	3	0.15	67781	0.366448
C2	R	healthy	B:B2	SH3KBP1	20	7	6	0.3	67781	0.709384
C2	R	healthy	B:B2	SMAD3	20	2	2	0.1	67781	0.258563
C2	R	healthy	B:B2	SOD1	20	16	13	0.65	67781	1.2121
C2	R	healthy	B:B2	STAT3	20	6	6	0.3	67781	0.634036
C2	R	healthy	B:B2	STAT5A	20	3	3	0.15	67781	0.366448
C2	R	healthy	B:B2	SYK	20	4	4	0.2	67781	0.463819
C2	R	healthy	B:B2	TLR4	20	0	0	0	67781	0
C2	R	healthy	B:B2	TNF	20	5	4	0.2	67781	0.552545
C2	R	healthy	B:B3	ACTA2	2	0	0	0	11180	0
C2	R	healthy	B:B3	AHR	2	0	0	0	11180	0
C2	R	healthy	B:B3	AKT1	2	1	1	0.5	11180	0.638931
C2	R	healthy	B:B3	ARNTL	2	0	0	0	11180	0
C2	R	healthy	B:B3	BCL6	2	0	0	0	11180	0
C2	R	healthy	B:B3	BECN1	2	0	0	0	11180	0
C2	R	healthy	B:B3	BLNK	2	0	0	0	11180	0
C2	R	healthy	B:B3	BRD4	2	1	1	0.5	11180	0.638931
C2	R	healthy	B:B3	CAT	2	1	1	0.5	11180	0.638931
C2	R	healthy	B:B3	CD4	2	0	0	0	11180	0
C2	R	healthy	B:B3	CD86	2	0	0	0	11180	0
C2	R	healthy	B:B3	CREB1	2	0	0	0	11180	0
C2	R	healthy	B:B3	CTNNB1	2	0	0	0	11180	0
C2	R	healthy	B:B3	DNMT1	2	0	0	0	11180	0
C2	R	healthy	B:B3	FOXP3	2	0	0	0	11180	0
C2	R	healthy	B:B3	GABPA	2	1	1	0.5	11180	0.638931
C2	R	healthy	B:B3	HIF1A	2	1	1	0.5	11180	0.638931
C2	R	healthy	B:B3	HMOX1	2	0	0	0	11180	0
C2	R	healthy	B:B3	ICAM1	2	0	0	0	11180	0
C2	R	healthy	B:B3	IFNG	2	0	0	0	11180	0
C2	R	healthy	B:B3	IL15	2	1	1	0.5	11180	0.638931
C2	R	healthy	B:B3	IL1B	2	0	0	0	11180	0
C2	R	healthy	B:B3	IL7	2	0	0	0	11180	0
C2	R	healthy	B:B3	ITGAM	2	0	0	0	11180	0
C2	R	healthy	B:B3	ITGAX	2	0	0	0	11180	0
C2	R	healthy	B:B3	JAK1	2	3	1	0.5	11180	1.30383
C2	R	healthy	B:B3	LYZ	2	1	1	0.5	11180	0.638931
C2	R	healthy	B:B3	MAFB	2	0	0	0	11180	0
C2	R	healthy	B:B3	MAP1LC3B	2	0	0	0	11180	0
C2	R	healthy	B:B3	MAPK14	2	0	0	0	11180	0
C2	R	healthy	B:B3	NFKB1	2	1	1	0.5	11180	0.638931
C2	R	healthy	B:B3	NLRP3	2	0	0	0	11180	0
C2	R	healthy	B:B3	OSM	2	0	0	0	11180	0
C2	R	healthy	B:B3	PARP1	2	0	0	0	11180	0
C2	R	healthy	B:B3	PIAS1	2	0	0	0	11180	0
C2	R	healthy	B:B3	PKM	2	0	0	0	11180	0
C2	R	healthy	B:B3	PRKAA1	2	1	1	0.5	11180	0.638931
C2	R	healthy	B:B3	PTGS2	2	0	0	0	11180	0
C2	R	healthy	B:B3	RELA	2	0	0	0	11180	0
C2	R	healthy	B:B3	SH3KBP1	2	0	0	0	11180	0
C2	R	healthy	B:B3	SMAD3	2	0	0	0	11180	0
C2	R	healthy	B:B3	SOD1	2	2	2	1	11180	1.02565
C2	R	healthy	B:B3	STAT3	2	0	0	0	11180	0
C2	R	healthy	B:B3	STAT5A	2	0	0	0	11180	0
C2	R	healthy	B:B3	SYK	2	1	1	0.5	11180	0.638931
C2	R	healthy	B:B3	TLR4	2	0	0	0	11180	0
C2	R	healthy	B:B3	TNF	2	0	0	0	11180	0
C2	R	healthy	B:B4	ACTA2	17	1	1	0.0588235	47340	0.191643
C2	R	healthy	B:B4	AHR	17	3	3	0.176471	47340	0.490856
C2	R	healthy	B:B4	AKT1	17	1	1	0.0588235	47340	0.191643
C2	R	healthy	B:B4	ARNTL	17	1	1	0.0588235	47340	0.191643
C2	R	healthy	B:B4	BCL6	17	0	0	0	47340	0
C2	R	healthy	B:B4	BECN1	17	3	3	0.176471	47340	0.490856
C2	R	healthy	B:B4	BLNK	17	7	5	0.294118	47340	0.90772
C2	R	healthy	B:B4	BRD4	17	7	7	0.411765	47340	0.90772
C2	R	healthy	B:B4	CAT	17	4	4	0.235294	47340	0.612453
C2	R	healthy	B:B4	CD4	17	0	0	0	47340	0
C2	R	healthy	B:B4	CD86	17	0	0	0	47340	0
C2	R	healthy	B:B4	CREB1	17	2	2	0.117647	47340	0.352399
C2	R	healthy	B:B4	CTNNB1	17	2	2	0.117647	47340	0.352399
C2	R	healthy	B:B4	DNMT1	17	1	1	0.0588235	47340	0.191643
C2	R	healthy	B:B4	FOXP3	17	0	0	0	47340	0
C2	R	healthy	B:B4	GABPA	17	1	1	0.0588235	47340	0.191643
C2	R	healthy	B:B4	HIF1A	17	5	5	0.294118	47340	0.720854
C2	R	healthy	B:B4	HMOX1	17	0	0	0	47340	0
C2	R	healthy	B:B4	ICAM1	17	2	2	0.117647	47340	0.352399
C2	R	healthy	B:B4	IFNG	17	0	0	0	47340	0
C2	R	healthy	B:B4	IL15	17	0	0	0	47340	0
C2	R	healthy	B:B4	IL1B	17	0	0	0	47340	0
C2	R	healthy	B:B4	IL7	17	3	3	0.176471	47340	0.490856
C2	R	healthy	B:B4	ITGAM	17	0	0	0	47340	0
C2	R	healthy	B:B4	ITGAX	17	1	1	0.0588235	47340	0.191643
C2	R	healthy	B:B4	JAK1	17	11	11	0.647059	47340	1.20105
C2	R	healthy	B:B4	LYZ	17	1	1	0.0588235	47340	0.191643
C2	R	healthy	B:B4	MAFB	17	0	0	0	47340	0
C2	R	healthy	B:B4	MAP1LC3B	17	9	7	0.411765	47340	1.0651
C2	R	healthy	B:B4	MAPK14	17	1	1	0.0588235	47340	0.191643
C2	R	healthy	B:B4	NFKB1	17	5	3	0.176471	47340	0.720854
C2	R	healthy	B:B4	NLRP3	17	0	0	0	47340	0
C2	R	healthy	B:B4	OSM	17	0	0	0	47340	0
C2	R	healthy	B:B4	PARP1	17	6	4	0.235294	47340	0.818646
C2	R	healthy	B:B4	PIAS1	17	2	2	0.117647	47340	0.352399
C2	R	healthy	B:B4	PKM	17	6	5	0.294118	47340	0.818646
C2	R	healthy	B:B4	PRKAA1	17	1	1	0.0588235	47340	0.191643
C2	R	healthy	B:B4	PTGS2	17	0	0	0	47340	0
C2	R	healthy	B:B4	RELA	17	2	2	0.117647	47340	0.352399
C2	R	healthy	B:B4	SH3KBP1	17	5	3	0.176471	47340	0.720854
C2	R	healthy	B:B4	SMAD3	17	0	0	0	47340	0
C2	R	healthy	B:B4	SOD1	17	7	7	0.411765	47340	0.90772
C2	R	healthy	B:B4	STAT3	17	3	3	0.176471	47340	0.490856
C2	R	healthy	B:B4	STAT5A	17	0	0	0	47340	0
C2	R	healthy	B:B4	SYK	17	4	3	0.176471	47340	0.612453
C2	R	healthy	B:B4	TLR4	17	0	0	0	47340	0
C2	R	healthy	B:B4	TNF	17	3	2	0.117647	47340	0.490856
C2	R	healthy	B:B5	ACTA2	20	0	0	0	66082	0
C2	R	healthy	B:B5	AHR	20	3	3	0.15	66082	0.374306
C2	R	healthy	B:B5	AKT1	20	0	0	0	66082	0
C2	R	healthy	B:B5	ARNTL	20	2	2	0.1	66082	0.264404
C2	R	healthy	B:B5	BCL6	20	1	1	0.05	66082	0.140915
C2	R	healthy	B:B5	BECN1	20	3	3	0.15	66082	0.374306
C2	R	healthy	B:B5	BLNK	20	9	6	0.3	66082	0.859485
C2	R	healthy	B:B5	BRD4	20	1	1	0.05	66082	0.140915
C2	R	healthy	B:B5	CAT	20	5	4	0.2	66082	0.5634
C2	R	healthy	B:B5	CD4	20	0	0	0	66082	0
C2	R	healthy	B:B5	CD86	20	0	0	0	66082	0
C2	R	healthy	B:B5	CREB1	20	3	3	0.15	66082	0.374306
C2	R	healthy	B:B5	CTNNB1	20	0	0	0	66082	0
C2	R	healthy	B:B5	DNMT1	20	2	2	0.1	66082	0.264404
C2	R	healthy	B:B5	FOXP3	20	0	0	0	66082	0
C2	R	healthy	B:B5	GABPA	20	1	1	0.05	66082	0.140915
C2	R	healthy	B:B5	HIF1A	20	12	9	0.45	66082	1.03529
C2	R	healthy	B:B5	HMOX1	20	3	2	0.1	66082	0.374306
C2	R	healthy	B:B5	ICAM1	20	1	1	0.05	66082	0.140915
C2	R	healthy	B:B5	IFNG	20	0	0	0	66082	0
C2	R	healthy	B:B5	IL15	20	2	2	0.1	66082	0.264404
C2	R	healthy	B:B5	IL1B	20	0	0	0	66082	0
C2	R	healthy	B:B5	IL7	20	0	0	0	66082	0
C2	R	healthy	B:B5	ITGAM	20	3	2	0.1	66082	0.374306
C2	R	healthy	B:B5	ITGAX	20	1	1	0.05	66082	0.140915
C2	R	healthy	B:B5	JAK1	20	13	11	0.55	66082	1.08764
C2	R	healthy	B:B5	LYZ	20	0	0	0	66082	0
C2	R	healthy	B:B5	MAFB	20	0	0	0	66082	0
C2	R	healthy	B:B5	MAP1LC3B	20	5	4	0.2	66082	0.5634
C2	R	healthy	B:B5	MAPK14	20	1	1	0.05	66082	0.140915
C2	R	healthy	B:B5	NFKB1	20	4	3	0.15	66082	0.473316
C2	R	healthy	B:B5	NLRP3	20	0	0	0	66082	0
C2	R	healthy	B:B5	OSM	20	0	0	0	66082	0
C2	R	healthy	B:B5	PARP1	20	13	9	0.45	66082	1.08764
C2	R	healthy	B:B5	PIAS1	20	6	6	0.3	66082	0.646036
C2	R	healthy	B:B5	PKM	20	10	9	0.45	66082	0.921585
C2	R	healthy	B:B5	PRKAA1	20	3	3	0.15	66082	0.374306
C2	R	healthy	B:B5	PTGS2	20	0	0	0	66082	0
C2	R	healthy	B:B5	RELA	20	2	2	0.1	66082	0.264404
C2	R	healthy	B:B5	SH3KBP1	20	2	2	0.1	66082	0.264404
C2	R	healthy	B:B5	SMAD3	20	3	3	0.15	66082	0.374306
C2	R	healthy	B:B5	SOD1	20	17	13	0.65	66082	1.27328
C2	R	healthy	B:B5	STAT3	20	10	8	0.4	66082	0.921585
C2	R	healthy	B:B5	STAT5A	20	2	2	0.1	66082	0.264404
C2	R	healthy	B:B5	SYK	20	10	6	0.3	66082	0.921585
C2	R	healthy	B:B5	TLR4	20	0	0	0	66082	0
C2	R	healthy	B:B5	TNF	20	4	4	0.2	66082	0.473316
C2	R	healthy	B:B6	ACTA2	505	17	17	0.0336634	4.794e+06	0.0348467
C2	R	healthy	B:B6	AHR	505	31	27	0.0534653	4.794e+06	0.0626594
C2	R	healthy	B:B6	AKT1	505	26	25	0.049505	4.794e+06	0.0528149
C2	R	healthy	B:B6	ARNTL	505	10	10	0.019802	4.794e+06	0.0206448
C2	R	healthy	B:B6	BCL6	505	1	1	0.0019802	4.794e+06	0.00208377
C2	R	healthy	B:B6	BECN1	505	93	80	0.158416	4.794e+06	0.177303
C2	R	healthy	B:B6	BLNK	505	259	197	0.390099	4.794e+06	0.43195
C2	R	healthy	B:B6	BRD4	505	96	85	0.168317	4.794e+06	0.18253
C2	R	healthy	B:B6	CAT	505	77	69	0.136634	4.794e+06	0.148952
C2	R	healthy	B:B6	CD4	505	5	4	0.00792079	4.794e+06	0.0103757
C2	R	healthy	B:B6	CD86	505	53	46	0.0910891	4.794e+06	0.10486
C2	R	healthy	B:B6	CREB1	505	53	51	0.10099	4.794e+06	0.10486
C2	R	healthy	B:B6	CTNNB1	505	39	37	0.0732673	4.794e+06	0.0782118
C2	R	healthy	B:B6	DNMT1	505	52	45	0.0891089	4.794e+06	0.10298
C2	R	healthy	B:B6	FOXP3	505	0	0	0	4.794e+06	0
C2	R	healthy	B:B6	GABPA	505	30	29	0.0574257	4.794e+06	0.0606983
C2	R	healthy	B:B6	HIF1A	505	55	52	0.10297	4.794e+06	0.108609
C2	R	healthy	B:B6	HMOX1	505	6	6	0.0118812	4.794e+06	0.012438
C2	R	healthy	B:B6	ICAM1	505	42	35	0.0693069	4.794e+06	0.0839822
C2	R	healthy	B:B6	IFNG	505	3	3	0.00594059	4.794e+06	0.00623832
C2	R	healthy	B:B6	IL15	505	42	36	0.0712871	4.794e+06	0.0839822
C2	R	healthy	B:B6	IL1B	505	8	1	0.0019802	4.794e+06	0.0165498
C2	R	healthy	B:B6	IL7	505	1	1	0.0019802	4.794e+06	0.00208377
C2	R	healthy	B:B6	ITGAM	505	0	0	0	4.794e+06	0
C2	R	healthy	B:B6	ITGAX	505	0	0	0	4.794e+06	0
C2	R	healthy	B:B6	JAK1	505	314	216	0.427723	4.794e+06	0.503792
C2	R	healthy	B:B6	LYZ	505	19	1	0.0019802	4.794e+06	0.0388677
C2	R	healthy	B:B6	MAFB	505	0	0	0	4.794e+06	0
C2	R	healthy	B:B6	MAP1LC3B	505	261	199	0.394059	4.794e+06	0.434655
C2	R	healthy	B:B6	MAPK14	505	34	34	0.0673267	4.794e+06	0.06852
C2	R	healthy	B:B6	NFKB1	505	56	49	0.0970297	4.794e+06	0.110479
C2	R	healthy	B:B6	NLRP3	505	0	0	0	4.794e+06	0
C2	R	healthy	B:B6	OSM	505	4	1	0.0019802	4.794e+06	0.00830915
C2	R	healthy	B:B6	PARP1	505	420	270	0.534653	4.794e+06	0.629193
C2	R	healthy	B:B6	PIAS1	505	147	127	0.251485	4.794e+06	0.267454
C2	R	healthy	B:B6	PKM	505	308	224	0.443564	4.794e+06	0.496201
C2	R	healthy	B:B6	PRKAA1	505	36	32	0.0633663	4.794e+06	0.072408
C2	R	healthy	B:B6	PTGS2	505	3	1	0.0019802	4.794e+06	0.00623832
C2	R	healthy	B:B6	RELA	505	36	33	0.0653465	4.794e+06	0.072408
C2	R	healthy	B:B6	SH3KBP1	505	86	75	0.148515	4.794e+06	0.164998
C2	R	healthy	B:B6	SMAD3	505	3	3	0.00594059	4.794e+06	0.00623832
C2	R	healthy	B:B6	SOD1	505	512	306	0.605941	4.794e+06	0.726583
C2	R	healthy	B:B6	STAT3	505	167	138	0.273267	4.794e+06	0.298883
C2	R	healthy	B:B6	STAT5A	505	21	21	0.0415842	4.794e+06	0.0428725
C2	R	healthy	B:B6	SYK	505	125	114	0.225743	4.794e+06	0.231701
C2	R	healthy	B:B6	TLR4	505	0	0	0	4.794e+06	0
C2	R	healthy	B:B6	TNF	505	5	4	0.00792079	4.794e+06	0.0103757
C2	R	healthy	B:B7	ACTA2	146	0	0	0	525561	0
C2	R	healthy	B:B7	AHR	146	4	4	0.0273973	525561	0.0733519
C2	R	healthy	B:B7	AKT1	146	0	0	0	525561	0
C2	R	healthy	B:B7	ARNTL	146	1	1	0.00684932	525561	0.0188485
C2	R	healthy	B:B7	BCL6	146	0	0	0	525561	0
C2	R	healthy	B:B7	BECN1	146	11	10	0.0684932	525561	0.190042
C2	R	healthy	B:B7	BLNK	146	24	20	0.136986	525561	0.376143
C2	R	healthy	B:B7	BRD4	146	9	9	0.0616438	525561	0.158068
C2	R	healthy	B:B7	CAT	146	6	6	0.0410959	525561	0.108104
C2	R	healthy	B:B7	CD4	146	1	1	0.00684932	525561	0.0188485
C2	R	healthy	B:B7	CD86	146	5	5	0.0342466	525561	0.090879
C2	R	healthy	B:B7	CREB1	146	9	8	0.0547945	525561	0.158068
C2	R	healthy	B:B7	CTNNB1	146	3	3	0.0205479	525561	0.0555122
C2	R	healthy	B:B7	DNMT1	146	7	7	0.0479452	525561	0.125038
C2	R	healthy	B:B7	FOXP3	146	0	0	0	525561	0
C2	R	healthy	B:B7	GABPA	146	2	2	0.0136986	525561	0.0373484
C2	R	healthy	B:B7	HIF1A	146	5	5	0.0342466	525561	0.090879
C2	R	healthy	B:B7	HMOX1	146	3	3	0.0205479	525561	0.0555122
C2	R	healthy	B:B7	ICAM1	146	5	4	0.0273973	525561	0.090879
C2	R	healthy	B:B7	IFNG	146	1	1	0.00684932	525561	0.0188485
C2	R	healthy	B:B7	IL15	146	3	3	0.0205479	525561	0.0555122
C2	R	healthy	B:B7	IL1B	146	0	0	0	525561	0
C2	R	healthy	B:B7	IL7	146	0	0	0	525561	0
C2	R	healthy	B:B7	ITGAM	146	0	0	0	525561	0
C2	R	healthy	B:B7	ITGAX	146	0	0	0	525561	0
C2	R	healthy	B:B7	JAK1	146	30	25	0.171233	525561	0.451597
C2	R	healthy	B:B7	LYZ	146	0	0	0	525561	0
C2	R	healthy	B:B7	MAFB	146	0	0	0	525561	0
C2	R	healthy	B:B7	MAP1LC3B	146	33	28	0.191781	525561	0.487291
C2	R	healthy	B:B7	MAPK14	146	1	1	0.00684932	525561	0.0188485
C2	R	healthy	B:B7	NFKB1	146	7	7	0.0479452	525561	0.125038
C2	R	healthy	B:B7	NLRP3	146	0	0	0	525561	0
C2	R	healthy	B:B7	OSM	146	0	0	0	525561	0
C2	R	healthy	B:B7	PARP1	146	34	27	0.184932	525561	0.498912
C2	R	healthy	B:B7	PIAS1	146	13	12	0.0821918	525561	0.221025
C2	R	healthy	B:B7	PKM	146	23	21	0.143836	525561	0.362994
C2	R	healthy	B:B7	PRKAA1	146	4	4	0.0273973	525561	0.0733519
C2	R	healthy	B:B7	PTGS2	146	0	0	0	525561	0
C2	R	healthy	B:B7	RELA	146	6	6	0.0410959	525561	0.108104
C2	R	healthy	B:B7	SH3KBP1	146	8	6	0.0410959	525561	0.141689
C2	R	healthy	B:B7	SMAD3	146	0	0	0	525561	0
C2	R	healthy	B:B7	SOD1	146	38	31	0.212329	525561	0.544088
C2	R	healthy	B:B7	STAT3	146	18	16	0.109589	525561	0.294527
C2	R	healthy	B:B7	STAT5A	146	2	2	0.0136986	525561	0.0373484
C2	R	healthy	B:B7	SYK	146	15	14	0.0958904	525561	0.251077
C2	R	healthy	B:B7	TLR4	146	0	0	0	525561	0
C2	R	healthy	B:B7	TNF	146	0	0	0	525561	0
C2	R	healthy	B:B8	ACTA2	2	0	0	0	5105	0
C2	R	healthy	B:B8	AHR	2	0	0	0	5105	0
C2	R	healthy	B:B8	AKT1	2	0	0	0	5105	0
C2	R	healthy	B:B8	ARNTL	2	0	0	0	5105	0
C2	R	healthy	B:B8	BCL6	2	0	0	0	5105	0
C2	R	healthy	B:B8	BECN1	2	0	0	0	5105	0
C2	R	healthy	B:B8	BLNK	2	1	1	0.5	5105	1.08481
C2	R	healthy	B:B8	BRD4	2	0	0	0	5105	0
C2	R	healthy	B:B8	CAT	2	1	1	0.5	5105	1.08481
C2	R	healthy	B:B8	CD4	2	0	0	0	5105	0
C2	R	healthy	B:B8	CD86	2	0	0	0	5105	0
C2	R	healthy	B:B8	CREB1	2	0	0	0	5105	0
C2	R	healthy	B:B8	CTNNB1	2	0	0	0	5105	0
C2	R	healthy	B:B8	DNMT1	2	0	0	0	5105	0
C2	R	healthy	B:B8	FOXP3	2	0	0	0	5105	0
C2	R	healthy	B:B8	GABPA	2	0	0	0	5105	0
C2	R	healthy	B:B8	HIF1A	2	2	2	1	5105	1.59285
C2	R	healthy	B:B8	HMOX1	2	0	0	0	5105	0
C2	R	healthy	B:B8	ICAM1	2	0	0	0	5105	0
C2	R	healthy	B:B8	IFNG	2	0	0	0	5105	0
C2	R	healthy	B:B8	IL15	2	0	0	0	5105	0
C2	R	healthy	B:B8	IL1B	2	0	0	0	5105	0
C2	R	healthy	B:B8	IL7	2	0	0	0	5105	0
C2	R	healthy	B:B8	ITGAM	2	0	0	0	5105	0
C2	R	healthy	B:B8	ITGAX	2	0	0	0	5105	0
C2	R	healthy	B:B8	JAK1	2	1	1	0.5	5105	1.08481
C2	R	healthy	B:B8	LYZ	2	0	0	0	5105	0
C2	R	healthy	B:B8	MAFB	2	0	0	0	5105	0
C2	R	healthy	B:B8	MAP1LC3B	2	0	0	0	5105	0
C2	R	healthy	B:B8	MAPK14	2	0	0	0	5105	0
C2	R	healthy	B:B8	NFKB1	2	0	0	0	5105	0
C2	R	healthy	B:B8	NLRP3	2	0	0	0	5105	0
C2	R	healthy	B:B8	OSM	2	0	0	0	5105	0
C2	R	healthy	B:B8	PARP1	2	0	0	0	5105	0
C2	R	healthy	B:B8	PIAS1	2	0	0	0	5105	0
C2	R	healthy	B:B8	PKM	2	2	1	0.5	5105	1.59285
C2	R	healthy	B:B8	PRKAA1	2	2	1	0.5	5105	1.59285
C2	R	healthy	B:B8	PTGS2	2	0	0	0	5105	0
C2	R	healthy	B:B8	RELA	2	0	0	0	5105	0
C2	R	healthy	B:B8	SH3KBP1	2	1	1	0.5	5105	1.08481
C2	R	healthy	B:B8	SMAD3	2	0	0	0	5105	0
C2	R	healthy	B:B8	SOD1	2	1	1	0.5	5105	1.08481
C2	R	healthy	B:B8	STAT3	2	2	2	1	5105	1.59285
C2	R	healthy	B:B8	STAT5A	2	0	0	0	5105	0
C2	R	healthy	B:B8	SYK	2	1	1	0.5	5105	1.08481
C2	R	healthy	B:B8	TLR4	2	0	0	0	5105	0
C2	R	healthy	B:B8	TNF	2	0	0	0	5105	0
C2	R	healthy	B:B9	ACTA2	4	0	0	0	10441	0
C2	R	healthy	B:B9	AHR	4	1	1	0.25	10441	0.671802
C2	R	healthy	B:B9	AKT1	4	0	0	0	10441	0
C2	R	healthy	B:B9	ARNTL	4	0	0	0	10441	0
C2	R	healthy	B:B9	BCL6	4	1	1	0.25	10441	0.671802
C2	R	healthy	B:B9	BECN1	4	0	0	0	10441	0
C2	R	healthy	B:B9	BLNK	4	3	2	0.5	10441	1.3541
C2	R	healthy	B:B9	BRD4	4	0	0	0	10441	0
C2	R	healthy	B:B9	CAT	4	0	0	0	10441	0
C2	R	healthy	B:B9	CD4	4	0	0	0	10441	0
C2	R	healthy	B:B9	CD86	4	0	0	0	10441	0
C2	R	healthy	B:B9	CREB1	4	0	0	0	10441	0
C2	R	healthy	B:B9	CTNNB1	4	0	0	0	10441	0
C2	R	healthy	B:B9	DNMT1	4	1	1	0.25	10441	0.671802
C2	R	healthy	B:B9	FOXP3	4	0	0	0	10441	0
C2	R	healthy	B:B9	GABPA	4	0	0	0	10441	0
C2	R	healthy	B:B9	HIF1A	4	3	3	0.75	10441	1.3541
C2	R	healthy	B:B9	HMOX1	4	1	1	0.25	10441	0.671802
C2	R	healthy	B:B9	ICAM1	4	0	0	0	10441	0
C2	R	healthy	B:B9	IFNG	4	0	0	0	10441	0
C2	R	healthy	B:B9	IL15	4	0	0	0	10441	0
C2	R	healthy	B:B9	IL1B	4	0	0	0	10441	0
C2	R	healthy	B:B9	IL7	4	0	0	0	10441	0
C2	R	healthy	B:B9	ITGAM	4	0	0	0	10441	0
C2	R	healthy	B:B9	ITGAX	4	0	0	0	10441	0
C2	R	healthy	B:B9	JAK1	4	2	2	0.5	10441	1.07005
C2	R	healthy	B:B9	LYZ	4	0	0	0	10441	0
C2	R	healthy	B:B9	MAFB	4	0	0	0	10441	0
C2	R	healthy	B:B9	MAP1LC3B	4	3	3	0.75	10441	1.3541
C2	R	healthy	B:B9	MAPK14	4	1	1	0.25	10441	0.671802
C2	R	healthy	B:B9	NFKB1	4	1	1	0.25	10441	0.671802
C2	R	healthy	B:B9	NLRP3	4	0	0	0	10441	0
C2	R	healthy	B:B9	OSM	4	0	0	0	10441	0
C2	R	healthy	B:B9	PARP1	4	4	2	0.5	10441	1.57506
C2	R	healthy	B:B9	PIAS1	4	0	0	0	10441	0
C2	R	healthy	B:B9	PKM	4	0	0	0	10441	0
C2	R	healthy	B:B9	PRKAA1	4	0	0	0	10441	0
C2	R	healthy	B:B9	PTGS2	4	0	0	0	10441	0
C2	R	healthy	B:B9	RELA	4	0	0	0	10441	0
C2	R	healthy	B:B9	SH3KBP1	4	0	0	0	10441	0
C2	R	healthy	B:B9	SMAD3	4	2	2	0.5	10441	1.07005
C2	R	healthy	B:B9	SOD1	4	1	1	0.25	10441	0.671802
C2	R	healthy	B:B9	STAT3	4	0	0	0	10441	0
C2	R	healthy	B:B9	STAT5A	4	1	1	0.25	10441	0.671802
C2	R	healthy	B:B9	SYK	4	1	1	0.25	10441	0.671802
C2	R	healthy	B:B9	TLR4	4	0	0	0	10441	0
C2	R	healthy	B:B9	TNF	4	1	1	0.25	10441	0.671802
C2	R	healthy	M/DC	ACTA2	14	0	0	0	95818	0
C2	R	healthy	M/DC	AHR	14	19	9	0.642857	95818	1.0929
C2	R	healthy	M/DC	AKT1	14	2	2	0.142857	95818	0.189569
C2	R	healthy	M/DC	ARNTL	14	1	1	0.0714286	95818	0.0992701
C2	R	healthy	M/DC	BCL6	14	2	1	0.0714286	95818	0.189569
C2	R	healthy	M/DC	BECN1	14	6	5	0.357143	95818	0.486238
C2	R	healthy	M/DC	BLNK	14	1	1	0.0714286	95818	0.0992701
C2	R	healthy	M/DC	BRD4	14	8	6	0.428571	95818	0.606999
C2	R	healthy	M/DC	CAT	14	11	8	0.571429	95818	0.764542
C2	R	healthy	M/DC	CD4	14	13	8	0.571429	95818	0.857279
C2	R	healthy	M/DC	CD86	14	13	8	0.571429	95818	0.857279
C2	R	healthy	M/DC	CREB1	14	3	2	0.142857	95818	0.272386
C2	R	healthy	M/DC	CTNNB1	14	6	4	0.285714	95818	0.486238
C2	R	healthy	M/DC	DNMT1	14	17	7	0.5	95818	1.02036
C2	R	healthy	M/DC	FOXP3	14	0	0	0	95818	0
C2	R	healthy	M/DC	GABPA	14	2	2	0.142857	95818	0.189569
C2	R	healthy	M/DC	HIF1A	14	13	7	0.5	95818	0.857279
C2	R	healthy	M/DC	HMOX1	14	9	4	0.285714	95818	0.662317
C2	R	healthy	M/DC	ICAM1	14	15	6	0.428571	95818	0.942141
C2	R	healthy	M/DC	IFNG	14	0	0	0	95818	0
C2	R	healthy	M/DC	IL15	14	0	0	0	95818	0
C2	R	healthy	M/DC	IL1B	14	51	10	0.714286	95818	1.84413
C2	R	healthy	M/DC	IL7	14	0	0	0	95818	0
C2	R	healthy	M/DC	ITGAM	14	0	0	0	95818	0
C2	R	healthy	M/DC	ITGAX	14	4	4	0.285714	95818	0.348865
C2	R	healthy	M/DC	JAK1	14	8	7	0.5	95818	0.606999
C2	R	healthy	M/DC	LYZ	14	828	13	0.928571	95818	4.47065
C2	R	healthy	M/DC	MAFB	14	14	8	0.571429	95818	0.90061
C2	R	healthy	M/DC	MAP1LC3B	14	13	6	0.428571	95818	0.857279
C2	R	healthy	M/DC	MAPK14	14	3	3	0.214286	95818	0.272386
C2	R	healthy	M/DC	NFKB1	14	11	7	0.5	95818	0.764542
C2	R	healthy	M/DC	NLRP3	14	10	5	0.357143	95818	0.714735
C2	R	healthy	M/DC	OSM	14	0	0	0	95818	0
C2	R	healthy	M/DC	PARP1	14	10	7	0.5	95818	0.714735
C2	R	healthy	M/DC	PIAS1	14	7	5	0.357143	95818	0.54844
C2	R	healthy	M/DC	PKM	14	49	12	0.857143	95818	1.81056
C2	R	healthy	M/DC	PRKAA1	14	1	1	0.0714286	95818	0.0992701
C2	R	healthy	M/DC	PTGS2	14	15	7	0.5	95818	0.942141
C2	R	healthy	M/DC	RELA	14	0	0	0	95818	0
C2	R	healthy	M/DC	SH3KBP1	14	8	6	0.428571	95818	0.606999
C2	R	healthy	M/DC	SMAD3	14	0	0	0	95818	0
C2	R	healthy	M/DC	SOD1	14	27	11	0.785714	95818	1.33969
C2	R	healthy	M/DC	STAT3	14	10	5	0.357143	95818	0.714735
C2	R	healthy	M/DC	STAT5A	14	4	4	0.285714	95818	0.348865
C2	R	healthy	M/DC	SYK	14	21	11	0.785714	95818	1.16054
C2	R	healthy	M/DC	TLR4	14	0	0	0	95818	0
C2	R	healthy	M/DC	TNF	14	7	4	0.285714	95818	0.54844
C2	R	healthy	NK	ACTA2	4	0	0	0	19296	0
C2	R	healthy	NK	AHR	4	1	1	0.25	19296	0.417553
C2	R	healthy	NK	AKT1	4	0	0	0	19296	0
C2	R	healthy	NK	ARNTL	4	0	0	0	19296	0
C2	R	healthy	NK	BCL6	4	0	0	0	19296	0
C2	R	healthy	NK	BECN1	4	2	2	0.5	19296	0.711225
C2	R	healthy	NK	BLNK	4	1	1	0.25	19296	0.417553
C2	R	healthy	NK	BRD4	4	3	2	0.5	19296	0.937945
C2	R	healthy	NK	CAT	4	2	2	0.5	19296	0.711225
C2	R	healthy	NK	CD4	4	0	0	0	19296	0
C2	R	healthy	NK	CD86	4	0	0	0	19296	0
C2	R	healthy	NK	CREB1	4	0	0	0	19296	0
C2	R	healthy	NK	CTNNB1	4	1	1	0.25	19296	0.417553
C2	R	healthy	NK	DNMT1	4	0	0	0	19296	0
C2	R	healthy	NK	FOXP3	4	0	0	0	19296	0
C2	R	healthy	NK	GABPA	4	0	0	0	19296	0
C2	R	healthy	NK	HIF1A	4	4	2	0.5	19296	1.12264
C2	R	healthy	NK	HMOX1	4	0	0	0	19296	0
C2	R	healthy	NK	ICAM1	4	0	0	0	19296	0
C2	R	healthy	NK	IFNG	4	0	0	0	19296	0
C2	R	healthy	NK	IL15	4	0	0	0	19296	0
C2	R	healthy	NK	IL1B	4	0	0	0	19296	0
C2	R	healthy	NK	IL7	4	0	0	0	19296	0
C2	R	healthy	NK	ITGAM	4	0	0	0	19296	0
C2	R	healthy	NK	ITGAX	4	0	0	0	19296	0
C2	R	healthy	NK	JAK1	4	2	2	0.5	19296	0.711225
C2	R	healthy	NK	LYZ	4	0	0	0	19296	0
C2	R	healthy	NK	MAFB	4	0	0	0	19296	0
C2	R	healthy	NK	MAP1LC3B	4	1	1	0.25	19296	0.417553
C2	R	healthy	NK	MAPK14	4	1	1	0.25	19296	0.417553
C2	R	healthy	NK	NFKB1	4	4	2	0.5	19296	1.12264
C2	R	healthy	NK	NLRP3	4	0	0	0	19296	0
C2	R	healthy	NK	OSM	4	0	0	0	19296	0
C2	R	healthy	NK	PARP1	4	5	2	0.5	19296	1.27849
C2	R	healthy	NK	PIAS1	4	1	1	0.25	19296	0.417553
C2	R	healthy	NK	PKM	4	1	1	0.25	19296	0.417553
C2	R	healthy	NK	PRKAA1	4	0	0	0	19296	0
C2	R	healthy	NK	PTGS2	4	0	0	0	19296	0
C2	R	healthy	NK	RELA	4	1	1	0.25	19296	0.417553
C2	R	healthy	NK	SH3KBP1	4	1	1	0.25	19296	0.417553
C2	R	healthy	NK	SMAD3	4	0	0	0	19296	0
C2	R	healthy	NK	SOD1	4	4	3	0.75	19296	1.12264
C2	R	healthy	NK	STAT3	4	2	2	0.5	19296	0.711225
C2	R	healthy	NK	STAT5A	4	0	0	0	19296	0
C2	R	healthy	NK	SYK	4	0	0	0	19296	0
C2	R	healthy	NK	TLR4	4	0	0	0	19296	0
C2	R	healthy	NK	TNF	4	0	0	0	19296	0
C2	R	healthy	T	ACTA2	770	26	26	0.0337662	1.734e+06	0.139712
C2	R	healthy	T	AHR	770	115	105	0.136364	1.734e+06	0.508748
C2	R	healthy	T	AKT1	770	33	33	0.0428571	1.734e+06	0.174215
C2	R	healthy	T	ARNTL	770	70	64	0.0831169	1.734e+06	0.339106
C2	R	healthy	T	BCL6	770	13	13	0.0168831	1.734e+06	0.072294
C2	R	healthy	T	BECN1	770	116	106	0.137662	1.734e+06	0.51221
C2	R	healthy	T	BLNK	770	9	8	0.0103896	1.734e+06	0.0506012
C2	R	healthy	T	BRD4	770	102	93	0.120779	1.734e+06	0.462625
C2	R	healthy	T	CAT	770	71	68	0.0883117	1.734e+06	0.343206
C2	R	healthy	T	CD4	770	145	127	0.164935	1.734e+06	0.607709
C2	R	healthy	T	CD86	770	0	0	0	1.734e+06	0
C2	R	healthy	T	CREB1	770	82	81	0.105195	1.734e+06	0.387231
C2	R	healthy	T	CTNNB1	770	45	43	0.0558442	1.734e+06	0.230728
C2	R	healthy	T	DNMT1	770	174	154	0.2	1.734e+06	0.694877
C2	R	healthy	T	FOXP3	770	42	26	0.0337662	1.734e+06	0.216896
C2	R	healthy	T	GABPA	770	23	23	0.0298701	1.734e+06	0.124553
C2	R	healthy	T	HIF1A	770	148	124	0.161039	1.734e+06	0.617087
C2	R	healthy	T	HMOX1	770	0	0	0	1.734e+06	0
C2	R	healthy	T	ICAM1	770	78	63	0.0818182	1.734e+06	0.371445
C2	R	healthy	T	IFNG	770	262	113	0.146753	1.734e+06	0.920666
C2	R	healthy	T	IL15	770	20	18	0.0233766	1.734e+06	0.10916
C2	R	healthy	T	IL1B	770	0	0	0	1.734e+06	0
C2	R	healthy	T	IL7	770	1	1	0.0012987	1.734e+06	0.00575046
C2	R	healthy	T	ITGAM	770	0	0	0	1.734e+06	0
C2	R	healthy	T	ITGAX	770	0	0	0	1.734e+06	0
C2	R	healthy	T	JAK1	770	558	385	0.5	1.734e+06	1.43936
C2	R	healthy	T	LYZ	770	1	1	0.0012987	1.734e+06	0.00575046
C2	R	healthy	T	MAFB	770	5	4	0.00519481	1.734e+06	0.0284272
C2	R	healthy	T	MAP1LC3B	770	246	197	0.255844	1.734e+06	0.883226
C2	R	healthy	T	MAPK14	770	37	34	0.0441558	1.734e+06	0.19341
C2	R	healthy	T	NFKB1	770	213	172	0.223377	1.734e+06	0.801274
C2	R	healthy	T	NLRP3	770	13	12	0.0155844	1.734e+06	0.072294
C2	R	healthy	T	OSM	770	32	19	0.0246753	1.734e+06	0.169359
C2	R	healthy	T	PARP1	770	185	166	0.215584	1.734e+06	0.72605
C2	R	healthy	T	PIAS1	770	129	121	0.157143	1.734e+06	0.556151
C2	R	healthy	T	PKM	770	465	314	0.407792	1.734e+06	1.30337
C2	R	healthy	T	PRKAA1	770	61	60	0.0779221	1.734e+06	0.301429
C2	R	healthy	T	PTGS2	770	0	0	0	1.734e+06	0
C2	R	healthy	T	RELA	770	70	65	0.0844156	1.734e+06	0.339106
C2	R	healthy	T	SH3KBP1	770	233	190	0.246753	1.734e+06	0.851738
C2	R	healthy	T	SMAD3	770	47	46	0.0597403	1.734e+06	0.239844
C2	R	healthy	T	SOD1	770	510	361	0.468831	1.734e+06	1.37148
C2	R	healthy	T	STAT3	770	387	271	0.351948	1.734e+06	1.17305
C2	R	healthy	T	STAT5A	770	36	35	0.0454545	1.734e+06	0.188646
C2	R	healthy	T	SYK	770	6	6	0.00779221	1.734e+06	0.034017
C2	R	healthy	T	TLR4	770	0	0	0	1.734e+06	0
C2	R	healthy	T	TNF	770	274	139	0.180519	1.734e+06	0.947854
C2	R	healthy	T:T1	ACTA2	123	1	1	0.00813008	209570	0.0466133
C2	R	healthy	T:T1	AHR	123	14	12	0.097561	209570	0.511646
C2	R	healthy	T:T1	AKT1	123	4	4	0.0325203	209570	0.174682
C2	R	healthy	T:T1	ARNTL	123	8	8	0.0650407	209570	0.323339
C2	R	healthy	T:T1	BCL6	123	1	1	0.00813008	209570	0.0466133
C2	R	healthy	T:T1	BECN1	123	8	7	0.0569106	209570	0.323339
C2	R	healthy	T:T1	BLNK	123	2	2	0.0162602	209570	0.0911502
C2	R	healthy	T:T1	BRD4	123	9	8	0.0650407	209570	0.35729
C2	R	healthy	T:T1	CAT	123	8	8	0.0650407	209570	0.323339
C2	R	healthy	T:T1	CD4	123	18	18	0.146341	209570	0.619986
C2	R	healthy	T:T1	CD86	123	0	0	0	209570	0
C2	R	healthy	T:T1	CREB1	123	10	10	0.0813008	209570	0.390126
C2	R	healthy	T:T1	CTNNB1	123	6	6	0.0487805	209570	0.25177
C2	R	healthy	T:T1	DNMT1	123	16	16	0.130081	209570	0.567282
C2	R	healthy	T:T1	FOXP3	123	0	0	0	209570	0
C2	R	healthy	T:T1	GABPA	123	5	5	0.0406504	209570	0.213969
C2	R	healthy	T:T1	HIF1A	123	17	14	0.113821	209570	0.593981
C2	R	healthy	T:T1	HMOX1	123	0	0	0	209570	0
C2	R	healthy	T:T1	ICAM1	123	8	8	0.0650407	209570	0.323339
C2	R	healthy	T:T1	IFNG	123	12	8	0.0650407	209570	0.452731
C2	R	healthy	T:T1	IL15	123	2	1	0.00813008	209570	0.0911502
C2	R	healthy	T:T1	IL1B	123	0	0	0	209570	0
C2	R	healthy	T:T1	IL7	123	0	0	0	209570	0
C2	R	healthy	T:T1	ITGAM	123	0	0	0	209570	0
C2	R	healthy	T:T1	ITGAX	123	0	0	0	209570	0
C2	R	healthy	T:T1	JAK1	123	49	38	0.308943	209570	1.20541
C2	R	healthy	T:T1	LYZ	123	1	1	0.00813008	209570	0.0466133
C2	R	healthy	T:T1	MAFB	123	3	2	0.0162602	209570	0.133788
C2	R	healthy	T:T1	MAP1LC3B	123	22	20	0.162602	209570	0.717727
C2	R	healthy	T:T1	MAPK14	123	5	4	0.0325203	209570	0.213969
C2	R	healthy	T:T1	NFKB1	123	25	24	0.195122	209570	0.785233
C2	R	healthy	T:T1	NLRP3	123	2	2	0.0162602	209570	0.0911502
C2	R	healthy	T:T1	OSM	123	6	3	0.0243902	209570	0.25177
C2	R	healthy	T:T1	PARP1	123	9	8	0.0650407	209570	0.35729
C2	R	healthy	T:T1	PIAS1	123	16	16	0.130081	209570	0.567282
C2	R	healthy	T:T1	PKM	123	33	26	0.211382	209570	0.945715
C2	R	healthy	T:T1	PRKAA1	123	9	9	0.0731707	209570	0.35729
C2	R	healthy	T:T1	PTGS2	123	0	0	0	209570	0
C2	R	healthy	T:T1	RELA	123	8	7	0.0569106	209570	0.323339
C2	R	healthy	T:T1	SH3KBP1	123	17	14	0.113821	209570	0.593981
C2	R	healthy	T:T1	SMAD3	123	9	9	0.0731707	209570	0.35729
C2	R	healthy	T:T1	SOD1	123	48	37	0.300813	209570	1.19101
C2	R	healthy	T:T1	STAT3	123	34	28	0.227642	209570	0.964078
C2	R	healthy	T:T1	STAT5A	123	4	4	0.0325203	209570	0.174682
C2	R	healthy	T:T1	SYK	123	2	2	0.0162602	209570	0.0911502
C2	R	healthy	T:T1	TLR4	123	0	0	0	209570	0
C2	R	healthy	T:T1	TNF	123	24	17	0.138211	209570	0.763234
C2	R	healthy	T:T10	ACTA2	139	3	3	0.0215827	275567	0.103338
C2	R	healthy	T:T10	AHR	139	15	14	0.100719	275567	0.434592
C2	R	healthy	T:T10	AKT1	139	6	6	0.0431655	275567	0.196991
C2	R	healthy	T:T10	ARNTL	139	7	7	0.0503597	275567	0.226356
C2	R	healthy	T:T10	BCL6	139	3	3	0.0215827	275567	0.103338
C2	R	healthy	T:T10	BECN1	139	21	19	0.136691	275567	0.566486
C2	R	healthy	T:T10	BLNK	139	1	1	0.00719424	275567	0.0356459
C2	R	healthy	T:T10	BRD4	139	21	19	0.136691	275567	0.566486
C2	R	healthy	T:T10	CAT	139	10	9	0.0647482	275567	0.309606
C2	R	healthy	T:T10	CD4	139	2	2	0.0143885	275567	0.0700648
C2	R	healthy	T:T10	CD86	139	0	0	0	275567	0
C2	R	healthy	T:T10	CREB1	139	13	13	0.0935252	275567	0.386455
C2	R	healthy	T:T10	CTNNB1	139	7	7	0.0503597	275567	0.226356
C2	R	healthy	T:T10	DNMT1	139	34	28	0.201439	275567	0.803713
C2	R	healthy	T:T10	FOXP3	139	0	0	0	275567	0
C2	R	healthy	T:T10	GABPA	139	3	3	0.0215827	275567	0.103338
C2	R	healthy	T:T10	HIF1A	139	19	18	0.129496	275567	0.524425
C2	R	healthy	T:T10	HMOX1	139	0	0	0	275567	0
C2	R	healthy	T:T10	ICAM1	139	15	11	0.0791367	275567	0.434592
C2	R	healthy	T:T10	IFNG	139	153	59	0.42446	275567	1.8798
C2	R	healthy	T:T10	IL15	139	4	4	0.028777	275567	0.13554
C2	R	healthy	T:T10	IL1B	139	0	0	0	275567	0
C2	R	healthy	T:T10	IL7	139	0	0	0	275567	0
C2	R	healthy	T:T10	ITGAM	139	0	0	0	275567	0
C2	R	healthy	T:T10	ITGAX	139	0	0	0	275567	0
C2	R	healthy	T:T10	JAK1	139	89	70	0.503597	275567	1.44213
C2	R	healthy	T:T10	LYZ	139	0	0	0	275567	0
C2	R	healthy	T:T10	MAFB	139	0	0	0	275567	0
C2	R	healthy	T:T10	MAP1LC3B	139	44	34	0.244604	275567	0.954244
C2	R	healthy	T:T10	MAPK14	139	5	4	0.028777	275567	0.166737
C2	R	healthy	T:T10	NFKB1	139	28	25	0.179856	275567	0.701158
C2	R	healthy	T:T10	NLRP3	139	7	6	0.0431655	275567	0.226356
C2	R	healthy	T:T10	OSM	139	2	2	0.0143885	275567	0.0700648
C2	R	healthy	T:T10	PARP1	139	26	25	0.179856	275567	0.664495
C2	R	healthy	T:T10	PIAS1	139	29	28	0.201439	275567	0.718998
C2	R	healthy	T:T10	PKM	139	78	60	0.431655	275567	1.343
C2	R	healthy	T:T10	PRKAA1	139	10	9	0.0647482	275567	0.309606
C2	R	healthy	T:T10	PTGS2	139	0	0	0	275567	0
C2	R	healthy	T:T10	RELA	139	14	13	0.0935252	275567	0.410813
C2	R	healthy	T:T10	SH3KBP1	139	50	44	0.316547	275567	1.03476
C2	R	healthy	T:T10	SMAD3	139	2	2	0.0143885	275567	0.0700648
C2	R	healthy	T:T10	SOD1	139	77	61	0.438849	275567	1.33348
C2	R	healthy	T:T10	STAT3	139	45	37	0.266187	275567	0.968123
C2	R	healthy	T:T10	STAT5A	139	6	6	0.0431655	275567	0.196991
C2	R	healthy	T:T10	SYK	139	1	1	0.00719424	275567	0.0356459
C2	R	healthy	T:T10	TLR4	139	0	0	0	275567	0
C2	R	healthy	T:T10	TNF	139	53	23	0.165468	275567	1.07272
C2	R	healthy	T:T13	ACTA2	1	0	0	0	3635	0
C2	R	healthy	T:T13	AHR	1	0	0	0	3635	0
C2	R	healthy	T:T13	AKT1	1	0	0	0	3635	0
C2	R	healthy	T:T13	ARNTL	1	0	0	0	3635	0
C2	R	healthy	T:T13	BCL6	1	0	0	0	3635	0
C2	R	healthy	T:T13	BECN1	1	0	0	0	3635	0
C2	R	healthy	T:T13	BLNK	1	0	0	0	3635	0
C2	R	healthy	T:T13	BRD4	1	0	0	0	3635	0
C2	R	healthy	T:T13	CAT	1	0	0	0	3635	0
C2	R	healthy	T:T13	CD4	1	0	0	0	3635	0
C2	R	healthy	T:T13	CD86	1	0	0	0	3635	0
C2	R	healthy	T:T13	CREB1	1	0	0	0	3635	0
C2	R	healthy	T:T13	CTNNB1	1	0	0	0	3635	0
C2	R	healthy	T:T13	DNMT1	1	1	1	1	3635	1.32203
C2	R	healthy	T:T13	FOXP3	1	0	0	0	3635	0
C2	R	healthy	T:T13	GABPA	1	0	0	0	3635	0
C2	R	healthy	T:T13	HIF1A	1	2	1	1	3635	1.87212
C2	R	healthy	T:T13	HMOX1	1	0	0	0	3635	0
C2	R	healthy	T:T13	ICAM1	1	0	0	0	3635	0
C2	R	healthy	T:T13	IFNG	1	0	0	0	3635	0
C2	R	healthy	T:T13	IL15	1	0	0	0	3635	0
C2	R	healthy	T:T13	IL1B	1	0	0	0	3635	0
C2	R	healthy	T:T13	IL7	1	0	0	0	3635	0
C2	R	healthy	T:T13	ITGAM	1	0	0	0	3635	0
C2	R	healthy	T:T13	ITGAX	1	0	0	0	3635	0
C2	R	healthy	T:T13	JAK1	1	4	1	1	3635	2.48525
C2	R	healthy	T:T13	LYZ	1	0	0	0	3635	0
C2	R	healthy	T:T13	MAFB	1	0	0	0	3635	0
C2	R	healthy	T:T13	MAP1LC3B	1	0	0	0	3635	0
C2	R	healthy	T:T13	MAPK14	1	0	0	0	3635	0
C2	R	healthy	T:T13	NFKB1	1	0	0	0	3635	0
C2	R	healthy	T:T13	NLRP3	1	0	0	0	3635	0
C2	R	healthy	T:T13	OSM	1	0	0	0	3635	0
C2	R	healthy	T:T13	PARP1	1	1	1	1	3635	1.32203
C2	R	healthy	T:T13	PIAS1	1	0	0	0	3635	0
C2	R	healthy	T:T13	PKM	1	1	1	1	3635	1.32203
C2	R	healthy	T:T13	PRKAA1	1	0	0	0	3635	0
C2	R	healthy	T:T13	PTGS2	1	0	0	0	3635	0
C2	R	healthy	T:T13	RELA	1	1	1	1	3635	1.32203
C2	R	healthy	T:T13	SH3KBP1	1	1	1	1	3635	1.32203
C2	R	healthy	T:T13	SMAD3	1	0	0	0	3635	0
C2	R	healthy	T:T13	SOD1	1	1	1	1	3635	1.32203
C2	R	healthy	T:T13	STAT3	1	0	0	0	3635	0
C2	R	healthy	T:T13	STAT5A	1	0	0	0	3635	0
C2	R	healthy	T:T13	SYK	1	0	0	0	3635	0
C2	R	healthy	T:T13	TLR4	1	0	0	0	3635	0
C2	R	healthy	T:T13	TNF	1	0	0	0	3635	0
C2	R	healthy	T:T14	ACTA2	52	5	5	0.0961538	128029	0.32969
C2	R	healthy	T:T14	AHR	52	8	7	0.134615	128029	0.485421
C2	R	healthy	T:T14	AKT1	52	3	3	0.0576923	128029	0.210522
C2	R	healthy	T:T14	ARNTL	52	7	7	0.134615	128029	0.436157
C2	R	healthy	T:T14	BCL6	52	1	1	0.0192308	128029	0.075207
C2	R	healthy	T:T14	BECN1	52	8	6	0.115385	128029	0.485421
C2	R	healthy	T:T14	BLNK	52	0	0	0	128029	0
C2	R	healthy	T:T14	BRD4	52	9	9	0.173077	128029	0.532371
C2	R	healthy	T:T14	CAT	52	3	3	0.0576923	128029	0.210522
C2	R	healthy	T:T14	CD4	52	6	4	0.0769231	128029	0.384339
C2	R	healthy	T:T14	CD86	52	0	0	0	128029	0
C2	R	healthy	T:T14	CREB1	52	7	7	0.134615	128029	0.436157
C2	R	healthy	T:T14	CTNNB1	52	3	3	0.0576923	128029	0.210522
C2	R	healthy	T:T14	DNMT1	52	8	8	0.153846	128029	0.485421
C2	R	healthy	T:T14	FOXP3	52	0	0	0	128029	0
C2	R	healthy	T:T14	GABPA	52	1	1	0.0192308	128029	0.075207
C2	R	healthy	T:T14	HIF1A	52	11	8	0.153846	128029	0.620136
C2	R	healthy	T:T14	HMOX1	52	0	0	0	128029	0
C2	R	healthy	T:T14	ICAM1	52	2	2	0.0384615	128029	0.145151
C2	R	healthy	T:T14	IFNG	52	43	21	0.403846	128029	1.47215
C2	R	healthy	T:T14	IL15	52	0	0	0	128029	0
C2	R	healthy	T:T14	IL1B	52	0	0	0	128029	0
C2	R	healthy	T:T14	IL7	52	0	0	0	128029	0
C2	R	healthy	T:T14	ITGAM	52	0	0	0	128029	0
C2	R	healthy	T:T14	ITGAX	52	0	0	0	128029	0
C2	R	healthy	T:T14	JAK1	52	52	29	0.557692	128029	1.62168
C2	R	healthy	T:T14	LYZ	52	0	0	0	128029	0
C2	R	healthy	T:T14	MAFB	52	0	0	0	128029	0
C2	R	healthy	T:T14	MAP1LC3B	52	24	16	0.307692	128029	1.0559
C2	R	healthy	T:T14	MAPK14	52	4	4	0.0769231	128029	0.27188
C2	R	healthy	T:T14	NFKB1	52	7	5	0.0961538	128029	0.436157
C2	R	healthy	T:T14	NLRP3	52	0	0	0	128029	0
C2	R	healthy	T:T14	OSM	52	1	1	0.0192308	128029	0.075207
C2	R	healthy	T:T14	PARP1	52	11	9	0.173077	128029	0.620136
C2	R	healthy	T:T14	PIAS1	52	9	9	0.173077	128029	0.532371
C2	R	healthy	T:T14	PKM	52	37	25	0.480769	128029	1.3584
C2	R	healthy	T:T14	PRKAA1	52	2	2	0.0384615	128029	0.145151
C2	R	healthy	T:T14	PTGS2	52	0	0	0	128029	0
C2	R	healthy	T:T14	RELA	52	8	8	0.153846	128029	0.485421
C2	R	healthy	T:T14	SH3KBP1	52	19	15	0.288462	128029	0.909886
C2	R	healthy	T:T14	SMAD3	52	2	2	0.0384615	128029	0.145151
C2	R	healthy	T:T14	SOD1	52	50	30	0.576923	128029	1.59033
C2	R	healthy	T:T14	STAT3	52	25	24	0.461538	128029	1.08271
C2	R	healthy	T:T14	STAT5A	52	2	2	0.0384615	128029	0.145151
C2	R	healthy	T:T14	SYK	52	0	0	0	128029	0
C2	R	healthy	T:T14	TLR4	52	0	0	0	128029	0
C2	R	healthy	T:T14	TNF	52	29	11	0.211538	128029	1.18329
C2	R	healthy	T:T15	ACTA2	14	1	1	0.0714286	28518	0.30059
C2	R	healthy	T:T15	AHR	14	1	1	0.0714286	28518	0.30059
C2	R	healthy	T:T15	AKT1	14	0	0	0	28518	0
C2	R	healthy	T:T15	ARNTL	14	3	3	0.214286	28518	0.718799
C2	R	healthy	T:T15	BCL6	14	0	0	0	28518	0
C2	R	healthy	T:T15	BECN1	14	1	1	0.0714286	28518	0.30059
C2	R	healthy	T:T15	BLNK	14	0	0	0	28518	0
C2	R	healthy	T:T15	BRD4	14	0	0	0	28518	0
C2	R	healthy	T:T15	CAT	14	0	0	0	28518	0
C2	R	healthy	T:T15	CD4	14	2	1	0.0714286	28518	0.531399
C2	R	healthy	T:T15	CD86	14	0	0	0	28518	0
C2	R	healthy	T:T15	CREB1	14	0	0	0	28518	0
C2	R	healthy	T:T15	CTNNB1	14	2	2	0.142857	28518	0.531399
C2	R	healthy	T:T15	DNMT1	14	6	6	0.428571	28518	1.13267
C2	R	healthy	T:T15	FOXP3	14	0	0	0	28518	0
C2	R	healthy	T:T15	GABPA	14	1	1	0.0714286	28518	0.30059
C2	R	healthy	T:T15	HIF1A	14	1	1	0.0714286	28518	0.30059
C2	R	healthy	T:T15	HMOX1	14	0	0	0	28518	0
C2	R	healthy	T:T15	ICAM1	14	3	3	0.214286	28518	0.718799
C2	R	healthy	T:T15	IFNG	14	0	0	0	28518	0
C2	R	healthy	T:T15	IL15	14	0	0	0	28518	0
C2	R	healthy	T:T15	IL1B	14	0	0	0	28518	0
C2	R	healthy	T:T15	IL7	14	0	0	0	28518	0
C2	R	healthy	T:T15	ITGAM	14	0	0	0	28518	0
C2	R	healthy	T:T15	ITGAX	14	0	0	0	28518	0
C2	R	healthy	T:T15	JAK1	14	20	12	0.857143	28518	2.08108
C2	R	healthy	T:T15	LYZ	14	0	0	0	28518	0
C2	R	healthy	T:T15	MAFB	14	0	0	0	28518	0
C2	R	healthy	T:T15	MAP1LC3B	14	4	3	0.214286	28518	0.876561
C2	R	healthy	T:T15	MAPK14	14	2	2	0.142857	28518	0.531399
C2	R	healthy	T:T15	NFKB1	14	6	4	0.285714	28518	1.13267
C2	R	healthy	T:T15	NLRP3	14	0	0	0	28518	0
C2	R	healthy	T:T15	OSM	14	1	1	0.0714286	28518	0.30059
C2	R	healthy	T:T15	PARP1	14	6	6	0.428571	28518	1.13267
C2	R	healthy	T:T15	PIAS1	14	1	1	0.0714286	28518	0.30059
C2	R	healthy	T:T15	PKM	14	5	4	0.285714	28518	1.01279
C2	R	healthy	T:T15	PRKAA1	14	1	1	0.0714286	28518	0.30059
C2	R	healthy	T:T15	PTGS2	14	0	0	0	28518	0
C2	R	healthy	T:T15	RELA	14	1	1	0.0714286	28518	0.30059
C2	R	healthy	T:T15	SH3KBP1	14	3	3	0.214286	28518	0.718799
C2	R	healthy	T:T15	SMAD3	14	0	0	0	28518	0
C2	R	healthy	T:T15	SOD1	14	5	5	0.357143	28518	1.01279
C2	R	healthy	T:T15	STAT3	14	10	7	0.5	28518	1.50553
C2	R	healthy	T:T15	STAT5A	14	0	0	0	28518	0
C2	R	healthy	T:T15	SYK	14	0	0	0	28518	0
C2	R	healthy	T:T15	TLR4	14	0	0	0	28518	0
C2	R	healthy	T:T15	TNF	14	2	2	0.142857	28518	0.531399
C2	R	healthy	T:T2	ACTA2	285	6	6	0.0210526	728791	0.0791144
C2	R	healthy	T:T2	AHR	285	54	49	0.17193	728791	0.554433
C2	R	healthy	T:T2	AKT1	285	13	13	0.045614	728791	0.164139
C2	R	healthy	T:T2	ARNTL	285	28	25	0.0877193	728791	0.325121
C2	R	healthy	T:T2	BCL6	285	6	6	0.0210526	728791	0.0791144
C2	R	healthy	T:T2	BECN1	285	48	46	0.161404	728791	0.505989
C2	R	healthy	T:T2	BLNK	285	3	2	0.00701754	728791	0.0403394
C2	R	healthy	T:T2	BRD4	285	44	39	0.136842	728791	0.472338
C2	R	healthy	T:T2	CAT	285	34	33	0.115789	728791	0.382896
C2	R	healthy	T:T2	CD4	285	77	70	0.245614	728791	0.721027
C2	R	healthy	T:T2	CD86	285	0	0	0	728791	0
C2	R	healthy	T:T2	CREB1	285	32	32	0.112281	728791	0.364006
C2	R	healthy	T:T2	CTNNB1	285	13	12	0.0421053	728791	0.164139
C2	R	healthy	T:T2	DNMT1	285	74	64	0.224561	728791	0.700808
C2	R	healthy	T:T2	FOXP3	285	1	1	0.00350877	728791	0.0136281
C2	R	healthy	T:T2	GABPA	285	9	9	0.0315789	728791	0.116442
C2	R	healthy	T:T2	HIF1A	285	68	59	0.207018	728791	0.6591
C2	R	healthy	T:T2	HMOX1	285	0	0	0	728791	0
C2	R	healthy	T:T2	ICAM1	285	38	29	0.101754	728791	0.419639
C2	R	healthy	T:T2	IFNG	285	54	25	0.0877193	728791	0.554433
C2	R	healthy	T:T2	IL15	285	12	11	0.0385965	728791	0.152426
C2	R	healthy	T:T2	IL1B	285	0	0	0	728791	0
C2	R	healthy	T:T2	IL7	285	0	0	0	728791	0
C2	R	healthy	T:T2	ITGAM	285	0	0	0	728791	0
C2	R	healthy	T:T2	ITGAX	285	0	0	0	728791	0
C2	R	healthy	T:T2	JAK1	285	229	161	0.564912	728791	1.42122
C2	R	healthy	T:T2	LYZ	285	0	0	0	728791	0
C2	R	healthy	T:T2	MAFB	285	2	2	0.00701754	728791	0.0270729
C2	R	healthy	T:T2	MAP1LC3B	285	108	83	0.291228	728791	0.909027
C2	R	healthy	T:T2	MAPK14	285	13	13	0.045614	728791	0.164139
C2	R	healthy	T:T2	NFKB1	285	103	82	0.287719	728791	0.880995
C2	R	healthy	T:T2	NLRP3	285	4	4	0.0140351	728791	0.0534322
C2	R	healthy	T:T2	OSM	285	15	10	0.0350877	728791	0.18716
C2	R	healthy	T:T2	PARP1	285	73	68	0.238596	728791	0.693976
C2	R	healthy	T:T2	PIAS1	285	52	46	0.161404	728791	0.538544
C2	R	healthy	T:T2	PKM	285	192	130	0.45614	728791	1.29047
C2	R	healthy	T:T2	PRKAA1	285	22	22	0.077193	728791	0.263802
C2	R	healthy	T:T2	PTGS2	285	0	0	0	728791	0
C2	R	healthy	T:T2	RELA	285	24	22	0.077193	728791	0.284662
C2	R	healthy	T:T2	SH3KBP1	285	89	74	0.259649	728791	0.798048
C2	R	healthy	T:T2	SMAD3	285	24	23	0.0807018	728791	0.284662
C2	R	healthy	T:T2	SOD1	285	200	147	0.515789	728791	1.32023
C2	R	healthy	T:T2	STAT3	285	176	117	0.410526	728791	1.22817
C2	R	healthy	T:T2	STAT5A	285	15	15	0.0526316	728791	0.18716
C2	R	healthy	T:T2	SYK	285	2	2	0.00701754	728791	0.0270729
C2	R	healthy	T:T2	TLR4	285	0	0	0	728791	0
C2	R	healthy	T:T2	TNF	285	140	70	0.245614	728791	1.07192
C2	R	healthy	T:T3	ACTA2	20	1	1	0.05	56892	0.161925
C2	R	healthy	T:T3	AHR	20	1	1	0.05	56892	0.161925
C2	R	healthy	T:T3	AKT1	20	0	0	0	56892	0
C2	R	healthy	T:T3	ARNTL	20	2	1	0.05	56892	0.301247
C2	R	healthy	T:T3	BCL6	20	1	1	0.05	56892	0.161925
C2	R	healthy	T:T3	BECN1	20	2	1	0.05	56892	0.301247
C2	R	healthy	T:T3	BLNK	20	1	1	0.05	56892	0.161925
C2	R	healthy	T:T3	BRD4	20	2	2	0.1	56892	0.301247
C2	R	healthy	T:T3	CAT	20	2	2	0.1	56892	0.301247
C2	R	healthy	T:T3	CD4	20	1	1	0.05	56892	0.161925
C2	R	healthy	T:T3	CD86	20	0	0	0	56892	0
C2	R	healthy	T:T3	CREB1	20	3	3	0.15	56892	0.423511
C2	R	healthy	T:T3	CTNNB1	20	0	0	0	56892	0
C2	R	healthy	T:T3	DNMT1	20	7	6	0.3	56892	0.802182
C2	R	healthy	T:T3	FOXP3	20	0	0	0	56892	0
C2	R	healthy	T:T3	GABPA	20	1	1	0.05	56892	0.161925
C2	R	healthy	T:T3	HIF1A	20	4	4	0.2	56892	0.532442
C2	R	healthy	T:T3	HMOX1	20	0	0	0	56892	0
C2	R	healthy	T:T3	ICAM1	20	1	1	0.05	56892	0.161925
C2	R	healthy	T:T3	IFNG	20	0	0	0	56892	0
C2	R	healthy	T:T3	IL15	20	0	0	0	56892	0
C2	R	healthy	T:T3	IL1B	20	0	0	0	56892	0
C2	R	healthy	T:T3	IL7	20	0	0	0	56892	0
C2	R	healthy	T:T3	ITGAM	20	0	0	0	56892	0
C2	R	healthy	T:T3	ITGAX	20	0	0	0	56892	0
C2	R	healthy	T:T3	JAK1	20	10	8	0.4	56892	1.0144
C2	R	healthy	T:T3	LYZ	20	0	0	0	56892	0
C2	R	healthy	T:T3	MAFB	20	0	0	0	56892	0
C2	R	healthy	T:T3	MAP1LC3B	20	8	7	0.35	56892	0.878038
C2	R	healthy	T:T3	MAPK14	20	2	1	0.05	56892	0.301247
C2	R	healthy	T:T3	NFKB1	20	5	5	0.25	56892	0.630664
C2	R	healthy	T:T3	NLRP3	20	0	0	0	56892	0
C2	R	healthy	T:T3	OSM	20	7	2	0.1	56892	0.802182
C2	R	healthy	T:T3	PARP1	20	4	4	0.2	56892	0.532442
C2	R	healthy	T:T3	PIAS1	20	1	1	0.05	56892	0.161925
C2	R	healthy	T:T3	PKM	20	12	8	0.4	56892	1.13438
C2	R	healthy	T:T3	PRKAA1	20	3	3	0.15	56892	0.423511
C2	R	healthy	T:T3	PTGS2	20	0	0	0	56892	0
C2	R	healthy	T:T3	RELA	20	0	0	0	56892	0
C2	R	healthy	T:T3	SH3KBP1	20	8	6	0.3	56892	0.878038
C2	R	healthy	T:T3	SMAD3	20	0	0	0	56892	0
C2	R	healthy	T:T3	SOD1	20	9	7	0.35	56892	0.948543
C2	R	healthy	T:T3	STAT3	20	8	7	0.35	56892	0.878038
C2	R	healthy	T:T3	STAT5A	20	1	1	0.05	56892	0.161925
C2	R	healthy	T:T3	SYK	20	0	0	0	56892	0
C2	R	healthy	T:T3	TLR4	20	0	0	0	56892	0
C2	R	healthy	T:T3	TNF	20	5	4	0.2	56892	0.630664
C2	R	healthy	T:T4	ACTA2	4	0	0	0	14089	0
C2	R	healthy	T:T4	AHR	4	0	0	0	14089	0
C2	R	healthy	T:T4	AKT1	4	1	1	0.25	14089	0.536361
C2	R	healthy	T:T4	ARNTL	4	0	0	0	14089	0
C2	R	healthy	T:T4	BCL6	4	0	0	0	14089	0
C2	R	healthy	T:T4	BECN1	4	0	0	0	14089	0
C2	R	healthy	T:T4	BLNK	4	1	1	0.25	14089	0.536361
C2	R	healthy	T:T4	BRD4	4	2	2	0.5	14089	0.88358
C2	R	healthy	T:T4	CAT	4	1	1	0.25	14089	0.536361
C2	R	healthy	T:T4	CD4	4	0	0	0	14089	0
C2	R	healthy	T:T4	CD86	4	0	0	0	14089	0
C2	R	healthy	T:T4	CREB1	4	0	0	0	14089	0
C2	R	healthy	T:T4	CTNNB1	4	0	0	0	14089	0
C2	R	healthy	T:T4	DNMT1	4	1	1	0.25	14089	0.536361
C2	R	healthy	T:T4	FOXP3	4	0	0	0	14089	0
C2	R	healthy	T:T4	GABPA	4	0	0	0	14089	0
C2	R	healthy	T:T4	HIF1A	4	1	1	0.25	14089	0.536361
C2	R	healthy	T:T4	HMOX1	4	0	0	0	14089	0
C2	R	healthy	T:T4	ICAM1	4	1	1	0.25	14089	0.536361
C2	R	healthy	T:T4	IFNG	4	0	0	0	14089	0
C2	R	healthy	T:T4	IL15	4	0	0	0	14089	0
C2	R	healthy	T:T4	IL1B	4	0	0	0	14089	0
C2	R	healthy	T:T4	IL7	4	0	0	0	14089	0
C2	R	healthy	T:T4	ITGAM	4	0	0	0	14089	0
C2	R	healthy	T:T4	ITGAX	4	0	0	0	14089	0
C2	R	healthy	T:T4	JAK1	4	1	1	0.25	14089	0.536361
C2	R	healthy	T:T4	LYZ	4	0	0	0	14089	0
C2	R	healthy	T:T4	MAFB	4	0	0	0	14089	0
C2	R	healthy	T:T4	MAP1LC3B	4	1	1	0.25	14089	0.536361
C2	R	healthy	T:T4	MAPK14	4	0	0	0	14089	0
C2	R	healthy	T:T4	NFKB1	4	1	1	0.25	14089	0.536361
C2	R	healthy	T:T4	NLRP3	4	0	0	0	14089	0
C2	R	healthy	T:T4	OSM	4	0	0	0	14089	0
C2	R	healthy	T:T4	PARP1	4	1	1	0.25	14089	0.536361
C2	R	healthy	T:T4	PIAS1	4	0	0	0	14089	0
C2	R	healthy	T:T4	PKM	4	1	1	0.25	14089	0.536361
C2	R	healthy	T:T4	PRKAA1	4	0	0	0	14089	0
C2	R	healthy	T:T4	PTGS2	4	0	0	0	14089	0
C2	R	healthy	T:T4	RELA	4	0	0	0	14089	0
C2	R	healthy	T:T4	SH3KBP1	4	0	0	0	14089	0
C2	R	healthy	T:T4	SMAD3	4	0	0	0	14089	0
C2	R	healthy	T:T4	SOD1	4	4	2	0.5	14089	1.34524
C2	R	healthy	T:T4	STAT3	4	1	1	0.25	14089	0.536361
C2	R	healthy	T:T4	STAT5A	4	0	0	0	14089	0
C2	R	healthy	T:T4	SYK	4	1	1	0.25	14089	0.536361
C2	R	healthy	T:T4	TLR4	4	0	0	0	14089	0
C2	R	healthy	T:T4	TNF	4	0	0	0	14089	0
C2	R	healthy	T:T5	ACTA2	34	4	4	0.117647	70642	0.448675
C2	R	healthy	T:T5	AHR	34	1	1	0.0294118	70642	0.132395
C2	R	healthy	T:T5	AKT1	34	0	0	0	70642	0
C2	R	healthy	T:T5	ARNTL	34	3	3	0.0882353	70642	0.353945
C2	R	healthy	T:T5	BCL6	34	0	0	0	70642	0
C2	R	healthy	T:T5	BECN1	34	2	2	0.0588235	70642	0.249293
C2	R	healthy	T:T5	BLNK	34	0	0	0	70642	0
C2	R	healthy	T:T5	BRD4	34	3	3	0.0882353	70642	0.353945
C2	R	healthy	T:T5	CAT	34	2	2	0.0588235	70642	0.249293
C2	R	healthy	T:T5	CD4	34	10	9	0.264706	70642	0.881943
C2	R	healthy	T:T5	CD86	34	0	0	0	70642	0
C2	R	healthy	T:T5	CREB1	34	7	7	0.205882	70642	0.688593
C2	R	healthy	T:T5	CTNNB1	34	3	3	0.0882353	70642	0.353945
C2	R	healthy	T:T5	DNMT1	34	8	7	0.205882	70642	0.757281
C2	R	healthy	T:T5	FOXP3	34	0	0	0	70642	0
C2	R	healthy	T:T5	GABPA	34	0	0	0	70642	0
C2	R	healthy	T:T5	HIF1A	34	8	5	0.147059	70642	0.757281
C2	R	healthy	T:T5	HMOX1	34	0	0	0	70642	0
C2	R	healthy	T:T5	ICAM1	34	1	1	0.0294118	70642	0.132395
C2	R	healthy	T:T5	IFNG	34	0	0	0	70642	0
C2	R	healthy	T:T5	IL15	34	1	1	0.0294118	70642	0.132395
C2	R	healthy	T:T5	IL1B	34	0	0	0	70642	0
C2	R	healthy	T:T5	IL7	34	0	0	0	70642	0
C2	R	healthy	T:T5	ITGAM	34	0	0	0	70642	0
C2	R	healthy	T:T5	ITGAX	34	0	0	0	70642	0
C2	R	healthy	T:T5	JAK1	34	21	13	0.382353	70642	1.37945
C2	R	healthy	T:T5	LYZ	34	0	0	0	70642	0
C2	R	healthy	T:T5	MAFB	34	0	0	0	70642	0
C2	R	healthy	T:T5	MAP1LC3B	34	9	9	0.264706	70642	0.821553
C2	R	healthy	T:T5	MAPK14	34	1	1	0.0294118	70642	0.132395
C2	R	healthy	T:T5	NFKB1	34	7	4	0.117647	70642	0.688593
C2	R	healthy	T:T5	NLRP3	34	0	0	0	70642	0
C2	R	healthy	T:T5	OSM	34	0	0	0	70642	0
C2	R	healthy	T:T5	PARP1	34	9	8	0.235294	70642	0.821553
C2	R	healthy	T:T5	PIAS1	34	5	4	0.117647	70642	0.535203
C2	R	healthy	T:T5	PKM	34	20	12	0.352941	70642	1.34317
C2	R	healthy	T:T5	PRKAA1	34	5	5	0.147059	70642	0.535203
C2	R	healthy	T:T5	PTGS2	34	0	0	0	70642	0
C2	R	healthy	T:T5	RELA	34	4	4	0.117647	70642	0.448675
C2	R	healthy	T:T5	SH3KBP1	34	12	9	0.264706	70642	0.992772
C2	R	healthy	T:T5	SMAD3	34	2	2	0.0588235	70642	0.249293
C2	R	healthy	T:T5	SOD1	34	31	18	0.529412	70642	1.68423
C2	R	healthy	T:T5	STAT3	34	26	14	0.411765	70642	1.54341
C2	R	healthy	T:T5	STAT5A	34	4	3	0.0882353	70642	0.448675
C2	R	healthy	T:T5	SYK	34	0	0	0	70642	0
C2	R	healthy	T:T5	TLR4	34	0	0	0	70642	0
C2	R	healthy	T:T5	TNF	34	0	0	0	70642	0
C2	R	healthy	T:T6	ACTA2	11	0	0	0	18192	0
C2	R	healthy	T:T6	AHR	11	2	2	0.181818	18192	0.741644
C2	R	healthy	T:T6	AKT1	11	1	1	0.0909091	18192	0.438056
C2	R	healthy	T:T6	ARNTL	11	1	1	0.0909091	18192	0.438056
C2	R	healthy	T:T6	BCL6	11	0	0	0	18192	0
C2	R	healthy	T:T6	BECN1	11	1	1	0.0909091	18192	0.438056
C2	R	healthy	T:T6	BLNK	11	0	0	0	18192	0
C2	R	healthy	T:T6	BRD4	11	0	0	0	18192	0
C2	R	healthy	T:T6	CAT	11	0	0	0	18192	0
C2	R	healthy	T:T6	CD4	11	2	1	0.0909091	18192	0.741644
C2	R	healthy	T:T6	CD86	11	0	0	0	18192	0
C2	R	healthy	T:T6	CREB1	11	1	1	0.0909091	18192	0.438056
C2	R	healthy	T:T6	CTNNB1	11	2	2	0.181818	18192	0.741644
C2	R	healthy	T:T6	DNMT1	11	2	2	0.181818	18192	0.741644
C2	R	healthy	T:T6	FOXP3	11	0	0	0	18192	0
C2	R	healthy	T:T6	GABPA	11	0	0	0	18192	0
C2	R	healthy	T:T6	HIF1A	11	2	2	0.181818	18192	0.741644
C2	R	healthy	T:T6	HMOX1	11	0	0	0	18192	0
C2	R	healthy	T:T6	ICAM1	11	1	1	0.0909091	18192	0.438056
C2	R	healthy	T:T6	IFNG	11	0	0	0	18192	0
C2	R	healthy	T:T6	IL15	11	1	1	0.0909091	18192	0.438056
C2	R	healthy	T:T6	IL1B	11	0	0	0	18192	0
C2	R	healthy	T:T6	IL7	11	0	0	0	18192	0
C2	R	healthy	T:T6	ITGAM	11	0	0	0	18192	0
C2	R	healthy	T:T6	ITGAX	11	0	0	0	18192	0
C2	R	healthy	T:T6	JAK1	11	3	3	0.272727	18192	0.974211
C2	R	healthy	T:T6	LYZ	11	0	0	0	18192	0
C2	R	healthy	T:T6	MAFB	11	0	0	0	18192	0
C2	R	healthy	T:T6	MAP1LC3B	11	0	0	0	18192	0
C2	R	healthy	T:T6	MAPK14	11	1	1	0.0909091	18192	0.438056
C2	R	healthy	T:T6	NFKB1	11	4	4	0.363636	18192	1.16277
C2	R	healthy	T:T6	NLRP3	11	0	0	0	18192	0
C2	R	healthy	T:T6	OSM	11	0	0	0	18192	0
C2	R	healthy	T:T6	PARP1	11	1	1	0.0909091	18192	0.438056
C2	R	healthy	T:T6	PIAS1	11	1	1	0.0909091	18192	0.438056
C2	R	healthy	T:T6	PKM	11	2	2	0.181818	18192	0.741644
C2	R	healthy	T:T6	PRKAA1	11	1	1	0.0909091	18192	0.438056
C2	R	healthy	T:T6	PTGS2	11	0	0	0	18192	0
C2	R	healthy	T:T6	RELA	11	1	1	0.0909091	18192	0.438056
C2	R	healthy	T:T6	SH3KBP1	11	2	1	0.0909091	18192	0.741644
C2	R	healthy	T:T6	SMAD3	11	0	0	0	18192	0
C2	R	healthy	T:T6	SOD1	11	5	4	0.363636	18192	1.32135
C2	R	healthy	T:T6	STAT3	11	6	4	0.363636	18192	1.45819
C2	R	healthy	T:T6	STAT5A	11	3	3	0.272727	18192	0.974211
C2	R	healthy	T:T6	SYK	11	0	0	0	18192	0
C2	R	healthy	T:T6	TLR4	11	0	0	0	18192	0
C2	R	healthy	T:T6	TNF	11	4	2	0.181818	18192	1.16277
C2	R	healthy	T:T7	ACTA2	75	5	5	0.0666667	181544	0.243272
C2	R	healthy	T:T7	AHR	75	19	18	0.24	181544	0.716169
C2	R	healthy	T:T7	AKT1	75	4	4	0.0533333	181544	0.199123
C2	R	healthy	T:T7	ARNTL	75	11	9	0.12	181544	0.473693
C2	R	healthy	T:T7	BCL6	75	1	1	0.0133333	181544	0.0536195
C2	R	healthy	T:T7	BECN1	75	24	22	0.293333	181544	0.842426
C2	R	healthy	T:T7	BLNK	75	1	1	0.0133333	181544	0.0536195
C2	R	healthy	T:T7	BRD4	75	11	10	0.133333	181544	0.473693
C2	R	healthy	T:T7	CAT	75	11	10	0.133333	181544	0.473693
C2	R	healthy	T:T7	CD4	75	27	21	0.28	181544	0.911175
C2	R	healthy	T:T7	CD86	75	0	0	0	181544	0
C2	R	healthy	T:T7	CREB1	75	8	7	0.0933333	181544	0.365104
C2	R	healthy	T:T7	CTNNB1	75	9	8	0.106667	181544	0.402626
C2	R	healthy	T:T7	DNMT1	75	13	12	0.16	181544	0.540043
C2	R	healthy	T:T7	FOXP3	75	41	25	0.333333	181544	1.18124
C2	R	healthy	T:T7	GABPA	75	2	2	0.0266667	181544	0.10451
C2	R	healthy	T:T7	HIF1A	75	14	10	0.133333	181544	0.571636
C2	R	healthy	T:T7	HMOX1	75	0	0	0	181544	0
C2	R	healthy	T:T7	ICAM1	75	8	6	0.08	181544	0.365104
C2	R	healthy	T:T7	IFNG	75	0	0	0	181544	0
C2	R	healthy	T:T7	IL15	75	0	0	0	181544	0
C2	R	healthy	T:T7	IL1B	75	0	0	0	181544	0
C2	R	healthy	T:T7	IL7	75	1	1	0.0133333	181544	0.0536195
C2	R	healthy	T:T7	ITGAM	75	0	0	0	181544	0
C2	R	healthy	T:T7	ITGAX	75	0	0	0	181544	0
C2	R	healthy	T:T7	JAK1	75	75	45	0.6	181544	1.63535
C2	R	healthy	T:T7	LYZ	75	0	0	0	181544	0
C2	R	healthy	T:T7	MAFB	75	0	0	0	181544	0
C2	R	healthy	T:T7	MAP1LC3B	75	23	21	0.28	181544	0.818418
C2	R	healthy	T:T7	MAPK14	75	3	3	0.04	181544	0.152935
C2	R	healthy	T:T7	NFKB1	75	25	16	0.213333	181544	0.865871
C2	R	healthy	T:T7	NLRP3	75	0	0	0	181544	0
C2	R	healthy	T:T7	OSM	75	0	0	0	181544	0
C2	R	healthy	T:T7	PARP1	75	40	31	0.413333	181544	1.16419
C2	R	healthy	T:T7	PIAS1	75	13	13	0.173333	181544	0.540043
C2	R	healthy	T:T7	PKM	75	79	40	0.533333	181544	1.67739
C2	R	healthy	T:T7	PRKAA1	75	8	8	0.106667	181544	0.365104
C2	R	healthy	T:T7	PTGS2	75	0	0	0	181544	0
C2	R	healthy	T:T7	RELA	75	9	8	0.106667	181544	0.402626
C2	R	healthy	T:T7	SH3KBP1	75	28	20	0.266667	181544	0.933079
C2	R	healthy	T:T7	SMAD3	75	8	8	0.106667	181544	0.365104
C2	R	healthy	T:T7	SOD1	75	74	45	0.6	181544	1.62455
C2	R	healthy	T:T7	STAT3	75	53	29	0.386667	181544	1.36594
C2	R	healthy	T:T7	STAT5A	75	1	1	0.0133333	181544	0.0536195
C2	R	healthy	T:T7	SYK	75	0	0	0	181544	0
C2	R	healthy	T:T7	TLR4	75	0	0	0	181544	0
C2	R	healthy	T:T7	TNF	75	16	9	0.12	181544	0.631978
C2	R	healthy	T:T8	ACTA2	12	0	0	0	18526	0
C2	R	healthy	T:T8	AHR	12	0	0	0	18526	0
C2	R	healthy	T:T8	AKT1	12	1	1	0.0833333	18526	0.431641
C2	R	healthy	T:T8	ARNTL	12	0	0	0	18526	0
C2	R	healthy	T:T8	BCL6	12	0	0	0	18526	0
C2	R	healthy	T:T8	BECN1	12	1	1	0.0833333	18526	0.431641
C2	R	healthy	T:T8	BLNK	12	0	0	0	18526	0
C2	R	healthy	T:T8	BRD4	12	1	1	0.0833333	18526	0.431641
C2	R	healthy	T:T8	CAT	12	0	0	0	18526	0
C2	R	healthy	T:T8	CD4	12	0	0	0	18526	0
C2	R	healthy	T:T8	CD86	12	0	0	0	18526	0
C2	R	healthy	T:T8	CREB1	12	1	1	0.0833333	18526	0.431641
C2	R	healthy	T:T8	CTNNB1	12	0	0	0	18526	0
C2	R	healthy	T:T8	DNMT1	12	4	3	0.25	18526	1.1503
C2	R	healthy	T:T8	FOXP3	12	0	0	0	18526	0
C2	R	healthy	T:T8	GABPA	12	1	1	0.0833333	18526	0.431641
C2	R	healthy	T:T8	HIF1A	12	1	1	0.0833333	18526	0.431641
C2	R	healthy	T:T8	HMOX1	12	0	0	0	18526	0
C2	R	healthy	T:T8	ICAM1	12	0	0	0	18526	0
C2	R	healthy	T:T8	IFNG	12	0	0	0	18526	0
C2	R	healthy	T:T8	IL15	12	0	0	0	18526	0
C2	R	healthy	T:T8	IL1B	12	0	0	0	18526	0
C2	R	healthy	T:T8	IL7	12	0	0	0	18526	0
C2	R	healthy	T:T8	ITGAM	12	0	0	0	18526	0
C2	R	healthy	T:T8	ITGAX	12	0	0	0	18526	0
C2	R	healthy	T:T8	JAK1	12	5	4	0.333333	18526	1.30804
C2	R	healthy	T:T8	LYZ	12	0	0	0	18526	0
C2	R	healthy	T:T8	MAFB	12	0	0	0	18526	0
C2	R	healthy	T:T8	MAP1LC3B	12	3	3	0.25	18526	0.962925
C2	R	healthy	T:T8	MAPK14	12	1	1	0.0833333	18526	0.431641
C2	R	healthy	T:T8	NFKB1	12	2	2	0.166667	18526	0.732158
C2	R	healthy	T:T8	NLRP3	12	0	0	0	18526	0
C2	R	healthy	T:T8	OSM	12	0	0	0	18526	0
C2	R	healthy	T:T8	PARP1	12	4	4	0.333333	18526	1.1503
C2	R	healthy	T:T8	PIAS1	12	2	2	0.166667	18526	0.732158
C2	R	healthy	T:T8	PKM	12	5	5	0.416667	18526	1.30804
C2	R	healthy	T:T8	PRKAA1	12	0	0	0	18526	0
C2	R	healthy	T:T8	PTGS2	12	0	0	0	18526	0
C2	R	healthy	T:T8	RELA	12	0	0	0	18526	0
C2	R	healthy	T:T8	SH3KBP1	12	4	3	0.25	18526	1.1503
C2	R	healthy	T:T8	SMAD3	12	0	0	0	18526	0
C2	R	healthy	T:T8	SOD1	12	6	4	0.333333	18526	1.44425
C2	R	healthy	T:T8	STAT3	12	3	3	0.25	18526	0.962925
C2	R	healthy	T:T8	STAT5A	12	0	0	0	18526	0
C2	R	healthy	T:T8	SYK	12	0	0	0	18526	0
C2	R	healthy	T:T8	TLR4	12	0	0	0	18526	0
C2	R	healthy	T:T8	TNF	12	1	1	0.0833333	18526	0.431641
C2	R	healthy	unknown	ACTA2	175	4	3	0.0171429	468957	0.0818525
C2	R	healthy	unknown	AHR	175	35	26	0.148571	468957	0.55752
C2	R	healthy	unknown	AKT1	175	6	6	0.0342857	468957	0.120396
C2	R	healthy	unknown	ARNTL	175	7	7	0.04	468957	0.139125
C2	R	healthy	unknown	BCL6	175	3	3	0.0171429	468957	0.0620088
C2	R	healthy	unknown	BECN1	175	15	14	0.08	468957	0.277525
C2	R	healthy	unknown	BLNK	175	29	18	0.102857	468957	0.481434
C2	R	healthy	unknown	BRD4	175	18	12	0.0685714	468957	0.324855
C2	R	healthy	unknown	CAT	175	16	12	0.0685714	468957	0.293552
C2	R	healthy	unknown	CD4	175	8	8	0.0457143	468957	0.157509
C2	R	healthy	unknown	CD86	175	2	2	0.0114286	468957	0.0417635
C2	R	healthy	unknown	CREB1	175	21	20	0.114286	468957	0.370047
C2	R	healthy	unknown	CTNNB1	175	14	11	0.0628571	468957	0.261237
C2	R	healthy	unknown	DNMT1	175	32	20	0.114286	468957	0.520201
C2	R	healthy	unknown	FOXP3	175	4	3	0.0171429	468957	0.0818525
C2	R	healthy	unknown	GABPA	175	6	6	0.0342857	468957	0.120396
C2	R	healthy	unknown	HIF1A	175	18	16	0.0914286	468957	0.324855
C2	R	healthy	unknown	HMOX1	175	1	1	0.00571429	468957	0.0210997
C2	R	healthy	unknown	ICAM1	175	12	11	0.0628571	468957	0.227842
C2	R	healthy	unknown	IFNG	175	15	10	0.0571429	468957	0.277525
C2	R	healthy	unknown	IL15	175	2	2	0.0114286	468957	0.0417635
C2	R	healthy	unknown	IL1B	175	0	0	0	468957	0
C2	R	healthy	unknown	IL7	175	1	1	0.00571429	468957	0.0210997
C2	R	healthy	unknown	ITGAM	175	2	1	0.00571429	468957	0.0417635
C2	R	healthy	unknown	ITGAX	175	6	6	0.0342857	468957	0.120396
C2	R	healthy	unknown	JAK1	175	77	53	0.302857	468957	0.971514
C2	R	healthy	unknown	LYZ	175	11	3	0.0171429	468957	0.210717
C2	R	healthy	unknown	MAFB	175	1	1	0.00571429	468957	0.0210997
C2	R	healthy	unknown	MAP1LC3B	175	48	30	0.171429	468957	0.704852
C2	R	healthy	unknown	MAPK14	175	8	7	0.04	468957	0.157509
C2	R	healthy	unknown	NFKB1	175	35	27	0.154286	468957	0.55752
C2	R	healthy	unknown	NLRP3	175	1	1	0.00571429	468957	0.0210997
C2	R	healthy	unknown	OSM	175	2	2	0.0114286	468957	0.0417635
C2	R	healthy	unknown	PARP1	175	65	36	0.205714	468957	0.869641
C2	R	healthy	unknown	PIAS1	175	17	16	0.0914286	468957	0.309326
C2	R	healthy	unknown	PKM	175	103	44	0.251429	468957	1.16201
C2	R	healthy	unknown	PRKAA1	175	20	19	0.108571	468957	0.355209
C2	R	healthy	unknown	PTGS2	175	1	1	0.00571429	468957	0.0210997
C2	R	healthy	unknown	RELA	175	14	13	0.0742857	468957	0.261237
C2	R	healthy	unknown	SH3KBP1	175	31	26	0.148571	468957	0.507445
C2	R	healthy	unknown	SMAD3	175	5	5	0.0285714	468957	0.10131
C2	R	healthy	unknown	SOD1	175	89	51	0.291429	468957	1.06396
C2	R	healthy	unknown	STAT3	175	65	45	0.257143	468957	0.869641
C2	R	healthy	unknown	STAT5A	175	9	9	0.0514286	468957	0.175561
C2	R	healthy	unknown	SYK	175	29	21	0.12	468957	0.481434
C2	R	healthy	unknown	TLR4	175	0	0	0	468957	0
C2	R	healthy	unknown	TNF	175	34	21	0.12	468957	0.545235
C3	R	healthy	B	ACTA2	39	1	1	0.025641	131678	0.0731973
C3	R	healthy	B	AHR	39	1	1	0.025641	131678	0.0731973
C3	R	healthy	B	AKT1	39	2	2	0.0512821	131678	0.1414
C3	R	healthy	B	ARNTL	39	0	0	0	131678	0
C3	R	healthy	B	BCL6	39	0	0	0	131678	0
C3	R	healthy	B	BECN1	39	3	2	0.0512821	131678	0.205247
C3	R	healthy	B	BLNK	39	1	1	0.025641	131678	0.0731973
C3	R	healthy	B	BRD4	39	3	3	0.0769231	131678	0.205247
C3	R	healthy	B	CAT	39	4	4	0.102564	131678	0.265261
C3	R	healthy	B	CD4	39	0	0	0	131678	0
C3	R	healthy	B	CD86	39	0	0	0	131678	0
C3	R	healthy	B	CREB1	39	1	1	0.025641	131678	0.0731973
C3	R	healthy	B	CTNNB1	39	2	1	0.025641	131678	0.1414
C3	R	healthy	B	DNMT1	39	2	2	0.0512821	131678	0.1414
C3	R	healthy	B	FOXP3	39	0	0	0	131678	0
C3	R	healthy	B	GABPA	39	2	2	0.0512821	131678	0.1414
C3	R	healthy	B	HIF1A	39	3	3	0.0769231	131678	0.205247
C3	R	healthy	B	HMOX1	39	0	0	0	131678	0
C3	R	healthy	B	ICAM1	39	3	3	0.0769231	131678	0.205247
C3	R	healthy	B	IFNG	39	3	1	0.025641	131678	0.205247
C3	R	healthy	B	IL15	39	0	0	0	131678	0
C3	R	healthy	B	IL1B	39	0	0	0	131678	0
C3	R	healthy	B	IL7	39	0	0	0	131678	0
C3	R	healthy	B	ITGAM	39	0	0	0	131678	0
C3	R	healthy	B	ITGAX	39	0	0	0	131678	0
C3	R	healthy	B	JAK1	39	10	8	0.205128	131678	0.564989
C3	R	healthy	B	LYZ	39	0	0	0	131678	0
C3	R	healthy	B	MAFB	39	0	0	0	131678	0
C3	R	healthy	B	MAP1LC3B	39	10	9	0.230769	131678	0.564989
C3	R	healthy	B	MAPK14	39	0	0	0	131678	0
C3	R	healthy	B	NFKB1	39	4	3	0.0769231	131678	0.265261
C3	R	healthy	B	NLRP3	39	0	0	0	131678	0
C3	R	healthy	B	OSM	39	0	0	0	131678	0
C3	R	healthy	B	PARP1	39	14	12	0.307692	131678	0.724258
C3	R	healthy	B	PIAS1	39	6	6	0.153846	131678	0.375457
C3	R	healthy	B	PKM	39	3	3	0.0769231	131678	0.205247
C3	R	healthy	B	PRKAA1	39	0	0	0	131678	0
C3	R	healthy	B	PTGS2	39	0	0	0	131678	0
C3	R	healthy	B	RELA	39	0	0	0	131678	0
C3	R	healthy	B	SH3KBP1	39	6	5	0.128205	131678	0.375457
C3	R	healthy	B	SMAD3	39	1	1	0.025641	131678	0.0731973
C3	R	healthy	B	SOD1	39	14	12	0.307692	131678	0.724258
C3	R	healthy	B	STAT3	39	3	3	0.0769231	131678	0.205247
C3	R	healthy	B	STAT5A	39	1	1	0.025641	131678	0.0731973
C3	R	healthy	B	SYK	39	2	2	0.0512821	131678	0.1414
C3	R	healthy	B	TLR4	39	1	1	0.025641	131678	0.0731973
C3	R	healthy	B	TNF	39	5	3	0.0769231	131678	0.321876
C3	R	healthy	B:B1	ACTA2	1	0	0	0	1799	0
C3	R	healthy	B:B1	AHR	1	0	0	0	1799	0
C3	R	healthy	B:B1	AKT1	1	0	0	0	1799	0
C3	R	healthy	B:B1	ARNTL	1	0	0	0	1799	0
C3	R	healthy	B:B1	BCL6	1	0	0	0	1799	0
C3	R	healthy	B:B1	BECN1	1	0	0	0	1799	0
C3	R	healthy	B:B1	BLNK	1	0	0	0	1799	0
C3	R	healthy	B:B1	BRD4	1	1	1	1	1799	1.88078
C3	R	healthy	B:B1	CAT	1	0	0	0	1799	0
C3	R	healthy	B:B1	CD4	1	0	0	0	1799	0
C3	R	healthy	B:B1	CD86	1	0	0	0	1799	0
C3	R	healthy	B:B1	CREB1	1	0	0	0	1799	0
C3	R	healthy	B:B1	CTNNB1	1	0	0	0	1799	0
C3	R	healthy	B:B1	DNMT1	1	1	1	1	1799	1.88078
C3	R	healthy	B:B1	FOXP3	1	0	0	0	1799	0
C3	R	healthy	B:B1	GABPA	1	0	0	0	1799	0
C3	R	healthy	B:B1	HIF1A	1	0	0	0	1799	0
C3	R	healthy	B:B1	HMOX1	1	0	0	0	1799	0
C3	R	healthy	B:B1	ICAM1	1	0	0	0	1799	0
C3	R	healthy	B:B1	IFNG	1	0	0	0	1799	0
C3	R	healthy	B:B1	IL15	1	0	0	0	1799	0
C3	R	healthy	B:B1	IL1B	1	0	0	0	1799	0
C3	R	healthy	B:B1	IL7	1	0	0	0	1799	0
C3	R	healthy	B:B1	ITGAM	1	0	0	0	1799	0
C3	R	healthy	B:B1	ITGAX	1	0	0	0	1799	0
C3	R	healthy	B:B1	JAK1	1	0	0	0	1799	0
C3	R	healthy	B:B1	LYZ	1	0	0	0	1799	0
C3	R	healthy	B:B1	MAFB	1	0	0	0	1799	0
C3	R	healthy	B:B1	MAP1LC3B	1	1	1	1	1799	1.88078
C3	R	healthy	B:B1	MAPK14	1	0	0	0	1799	0
C3	R	healthy	B:B1	NFKB1	1	0	0	0	1799	0
C3	R	healthy	B:B1	NLRP3	1	0	0	0	1799	0
C3	R	healthy	B:B1	OSM	1	0	0	0	1799	0
C3	R	healthy	B:B1	PARP1	1	0	0	0	1799	0
C3	R	healthy	B:B1	PIAS1	1	0	0	0	1799	0
C3	R	healthy	B:B1	PKM	1	0	0	0	1799	0
C3	R	healthy	B:B1	PRKAA1	1	0	0	0	1799	0
C3	R	healthy	B:B1	PTGS2	1	0	0	0	1799	0
C3	R	healthy	B:B1	RELA	1	0	0	0	1799	0
C3	R	healthy	B:B1	SH3KBP1	1	0	0	0	1799	0
C3	R	healthy	B:B1	SMAD3	1	0	0	0	1799	0
C3	R	healthy	B:B1	SOD1	1	0	0	0	1799	0
C3	R	healthy	B:B1	STAT3	1	0	0	0	1799	0
C3	R	healthy	B:B1	STAT5A	1	0	0	0	1799	0
C3	R	healthy	B:B1	SYK	1	0	0	0	1799	0
C3	R	healthy	B:B1	TLR4	1	0	0	0	1799	0
C3	R	healthy	B:B1	TNF	1	0	0	0	1799	0
C3	R	healthy	B:B11	ACTA2	3	0	0	0	14081	0
C3	R	healthy	B:B11	AHR	3	0	0	0	14081	0
C3	R	healthy	B:B11	AKT1	3	0	0	0	14081	0
C3	R	healthy	B:B11	ARNTL	3	0	0	0	14081	0
C3	R	healthy	B:B11	BCL6	3	0	0	0	14081	0
C3	R	healthy	B:B11	BECN1	3	0	0	0	14081	0
C3	R	healthy	B:B11	BLNK	3	1	1	0.333333	14081	0.536597
C3	R	healthy	B:B11	BRD4	3	0	0	0	14081	0
C3	R	healthy	B:B11	CAT	3	1	1	0.333333	14081	0.536597
C3	R	healthy	B:B11	CD4	3	0	0	0	14081	0
C3	R	healthy	B:B11	CD86	3	0	0	0	14081	0
C3	R	healthy	B:B11	CREB1	3	0	0	0	14081	0
C3	R	healthy	B:B11	CTNNB1	3	0	0	0	14081	0
C3	R	healthy	B:B11	DNMT1	3	0	0	0	14081	0
C3	R	healthy	B:B11	FOXP3	3	0	0	0	14081	0
C3	R	healthy	B:B11	GABPA	3	0	0	0	14081	0
C3	R	healthy	B:B11	HIF1A	3	0	0	0	14081	0
C3	R	healthy	B:B11	HMOX1	3	0	0	0	14081	0
C3	R	healthy	B:B11	ICAM1	3	0	0	0	14081	0
C3	R	healthy	B:B11	IFNG	3	0	0	0	14081	0
C3	R	healthy	B:B11	IL15	3	0	0	0	14081	0
C3	R	healthy	B:B11	IL1B	3	0	0	0	14081	0
C3	R	healthy	B:B11	IL7	3	0	0	0	14081	0
C3	R	healthy	B:B11	ITGAM	3	0	0	0	14081	0
C3	R	healthy	B:B11	ITGAX	3	0	0	0	14081	0
C3	R	healthy	B:B11	JAK1	3	1	1	0.333333	14081	0.536597
C3	R	healthy	B:B11	LYZ	3	0	0	0	14081	0
C3	R	healthy	B:B11	MAFB	3	0	0	0	14081	0
C3	R	healthy	B:B11	MAP1LC3B	3	1	1	0.333333	14081	0.536597
C3	R	healthy	B:B11	MAPK14	3	0	0	0	14081	0
C3	R	healthy	B:B11	NFKB1	3	0	0	0	14081	0
C3	R	healthy	B:B11	NLRP3	3	0	0	0	14081	0
C3	R	healthy	B:B11	OSM	3	0	0	0	14081	0
C3	R	healthy	B:B11	PARP1	3	0	0	0	14081	0
C3	R	healthy	B:B11	PIAS1	3	1	1	0.333333	14081	0.536597
C3	R	healthy	B:B11	PKM	3	0	0	0	14081	0
C3	R	healthy	B:B11	PRKAA1	3	0	0	0	14081	0
C3	R	healthy	B:B11	PTGS2	3	0	0	0	14081	0
C3	R	healthy	B:B11	RELA	3	0	0	0	14081	0
C3	R	healthy	B:B11	SH3KBP1	3	0	0	0	14081	0
C3	R	healthy	B:B11	SMAD3	3	0	0	0	14081	0
C3	R	healthy	B:B11	SOD1	3	3	2	0.666667	14081	1.1412
C3	R	healthy	B:B11	STAT3	3	1	1	0.333333	14081	0.536597
C3	R	healthy	B:B11	STAT5A	3	0	0	0	14081	0
C3	R	healthy	B:B11	SYK	3	0	0	0	14081	0
C3	R	healthy	B:B11	TLR4	3	0	0	0	14081	0
C3	R	healthy	B:B11	TNF	3	0	0	0	14081	0
C3	R	healthy	B:B12	ACTA2	1	0	0	0	2384	0
C3	R	healthy	B:B12	AHR	1	0	0	0	2384	0
C3	R	healthy	B:B12	AKT1	1	0	0	0	2384	0
C3	R	healthy	B:B12	ARNTL	1	0	0	0	2384	0
C3	R	healthy	B:B12	BCL6	1	0	0	0	2384	0
C3	R	healthy	B:B12	BECN1	1	0	0	0	2384	0
C3	R	healthy	B:B12	BLNK	1	0	0	0	2384	0
C3	R	healthy	B:B12	BRD4	1	0	0	0	2384	0
C3	R	healthy	B:B12	CAT	1	0	0	0	2384	0
C3	R	healthy	B:B12	CD4	1	0	0	0	2384	0
C3	R	healthy	B:B12	CD86	1	0	0	0	2384	0
C3	R	healthy	B:B12	CREB1	1	0	0	0	2384	0
C3	R	healthy	B:B12	CTNNB1	1	0	0	0	2384	0
C3	R	healthy	B:B12	DNMT1	1	0	0	0	2384	0
C3	R	healthy	B:B12	FOXP3	1	0	0	0	2384	0
C3	R	healthy	B:B12	GABPA	1	1	1	1	2384	1.64763
C3	R	healthy	B:B12	HIF1A	1	0	0	0	2384	0
C3	R	healthy	B:B12	HMOX1	1	0	0	0	2384	0
C3	R	healthy	B:B12	ICAM1	1	0	0	0	2384	0
C3	R	healthy	B:B12	IFNG	1	0	0	0	2384	0
C3	R	healthy	B:B12	IL15	1	0	0	0	2384	0
C3	R	healthy	B:B12	IL1B	1	0	0	0	2384	0
C3	R	healthy	B:B12	IL7	1	0	0	0	2384	0
C3	R	healthy	B:B12	ITGAM	1	0	0	0	2384	0
C3	R	healthy	B:B12	ITGAX	1	0	0	0	2384	0
C3	R	healthy	B:B12	JAK1	1	0	0	0	2384	0
C3	R	healthy	B:B12	LYZ	1	0	0	0	2384	0
C3	R	healthy	B:B12	MAFB	1	0	0	0	2384	0
C3	R	healthy	B:B12	MAP1LC3B	1	0	0	0	2384	0
C3	R	healthy	B:B12	MAPK14	1	0	0	0	2384	0
C3	R	healthy	B:B12	NFKB1	1	0	0	0	2384	0
C3	R	healthy	B:B12	NLRP3	1	0	0	0	2384	0
C3	R	healthy	B:B12	OSM	1	0	0	0	2384	0
C3	R	healthy	B:B12	PARP1	1	0	0	0	2384	0
C3	R	healthy	B:B12	PIAS1	1	0	0	0	2384	0
C3	R	healthy	B:B12	PKM	1	0	0	0	2384	0
C3	R	healthy	B:B12	PRKAA1	1	0	0	0	2384	0
C3	R	healthy	B:B12	PTGS2	1	0	0	0	2384	0
C3	R	healthy	B:B12	RELA	1	0	0	0	2384	0
C3	R	healthy	B:B12	SH3KBP1	1	0	0	0	2384	0
C3	R	healthy	B:B12	SMAD3	1	0	0	0	2384	0
C3	R	healthy	B:B12	SOD1	1	1	1	1	2384	1.64763
C3	R	healthy	B:B12	STAT3	1	0	0	0	2384	0
C3	R	healthy	B:B12	STAT5A	1	0	0	0	2384	0
C3	R	healthy	B:B12	SYK	1	0	0	0	2384	0
C3	R	healthy	B:B12	TLR4	1	0	0	0	2384	0
C3	R	healthy	B:B12	TNF	1	1	1	1	2384	1.64763
C3	R	healthy	B:B15	ACTA2	2	0	0	0	11372	0
C3	R	healthy	B:B15	AHR	2	0	0	0	11372	0
C3	R	healthy	B:B15	AKT1	2	0	0	0	11372	0
C3	R	healthy	B:B15	ARNTL	2	0	0	0	11372	0
C3	R	healthy	B:B15	BCL6	2	0	0	0	11372	0
C3	R	healthy	B:B15	BECN1	2	0	0	0	11372	0
C3	R	healthy	B:B15	BLNK	2	0	0	0	11372	0
C3	R	healthy	B:B15	BRD4	2	0	0	0	11372	0
C3	R	healthy	B:B15	CAT	2	0	0	0	11372	0
C3	R	healthy	B:B15	CD4	2	0	0	0	11372	0
C3	R	healthy	B:B15	CD86	2	0	0	0	11372	0
C3	R	healthy	B:B15	CREB1	2	0	0	0	11372	0
C3	R	healthy	B:B15	CTNNB1	2	0	0	0	11372	0
C3	R	healthy	B:B15	DNMT1	2	0	0	0	11372	0
C3	R	healthy	B:B15	FOXP3	2	0	0	0	11372	0
C3	R	healthy	B:B15	GABPA	2	0	0	0	11372	0
C3	R	healthy	B:B15	HIF1A	2	0	0	0	11372	0
C3	R	healthy	B:B15	HMOX1	2	0	0	0	11372	0
C3	R	healthy	B:B15	ICAM1	2	0	0	0	11372	0
C3	R	healthy	B:B15	IFNG	2	3	1	0.5	11372	1.29145
C3	R	healthy	B:B15	IL15	2	0	0	0	11372	0
C3	R	healthy	B:B15	IL1B	2	0	0	0	11372	0
C3	R	healthy	B:B15	IL7	2	0	0	0	11372	0
C3	R	healthy	B:B15	ITGAM	2	0	0	0	11372	0
C3	R	healthy	B:B15	ITGAX	2	0	0	0	11372	0
C3	R	healthy	B:B15	JAK1	2	0	0	0	11372	0
C3	R	healthy	B:B15	LYZ	2	0	0	0	11372	0
C3	R	healthy	B:B15	MAFB	2	0	0	0	11372	0
C3	R	healthy	B:B15	MAP1LC3B	2	1	1	0.5	11372	0.630927
C3	R	healthy	B:B15	MAPK14	2	0	0	0	11372	0
C3	R	healthy	B:B15	NFKB1	2	0	0	0	11372	0
C3	R	healthy	B:B15	NLRP3	2	0	0	0	11372	0
C3	R	healthy	B:B15	OSM	2	0	0	0	11372	0
C3	R	healthy	B:B15	PARP1	2	1	1	0.5	11372	0.630927
C3	R	healthy	B:B15	PIAS1	2	1	1	0.5	11372	0.630927
C3	R	healthy	B:B15	PKM	2	1	1	0.5	11372	0.630927
C3	R	healthy	B:B15	PRKAA1	2	0	0	0	11372	0
C3	R	healthy	B:B15	PTGS2	2	0	0	0	11372	0
C3	R	healthy	B:B15	RELA	2	0	0	0	11372	0
C3	R	healthy	B:B15	SH3KBP1	2	0	0	0	11372	0
C3	R	healthy	B:B15	SMAD3	2	0	0	0	11372	0
C3	R	healthy	B:B15	SOD1	2	0	0	0	11372	0
C3	R	healthy	B:B15	STAT3	2	0	0	0	11372	0
C3	R	healthy	B:B15	STAT5A	2	0	0	0	11372	0
C3	R	healthy	B:B15	SYK	2	0	0	0	11372	0
C3	R	healthy	B:B15	TLR4	2	0	0	0	11372	0
C3	R	healthy	B:B15	TNF	2	0	0	0	11372	0
C3	R	healthy	B:B2	ACTA2	2	0	0	0	3559	0
C3	R	healthy	B:B2	AHR	2	0	0	0	3559	0
C3	R	healthy	B:B2	AKT1	2	0	0	0	3559	0
C3	R	healthy	B:B2	ARNTL	2	0	0	0	3559	0
C3	R	healthy	B:B2	BCL6	2	0	0	0	3559	0
C3	R	healthy	B:B2	BECN1	2	0	0	0	3559	0
C3	R	healthy	B:B2	BLNK	2	0	0	0	3559	0
C3	R	healthy	B:B2	BRD4	2	0	0	0	3559	0
C3	R	healthy	B:B2	CAT	2	0	0	0	3559	0
C3	R	healthy	B:B2	CD4	2	0	0	0	3559	0
C3	R	healthy	B:B2	CD86	2	0	0	0	3559	0
C3	R	healthy	B:B2	CREB1	2	1	1	0.5	3559	1.33757
C3	R	healthy	B:B2	CTNNB1	2	0	0	0	3559	0
C3	R	healthy	B:B2	DNMT1	2	0	0	0	3559	0
C3	R	healthy	B:B2	FOXP3	2	0	0	0	3559	0
C3	R	healthy	B:B2	GABPA	2	1	1	0.5	3559	1.33757
C3	R	healthy	B:B2	HIF1A	2	1	1	0.5	3559	1.33757
C3	R	healthy	B:B2	HMOX1	2	0	0	0	3559	0
C3	R	healthy	B:B2	ICAM1	2	2	2	1	3559	1.89003
C3	R	healthy	B:B2	IFNG	2	0	0	0	3559	0
C3	R	healthy	B:B2	IL15	2	0	0	0	3559	0
C3	R	healthy	B:B2	IL1B	2	0	0	0	3559	0
C3	R	healthy	B:B2	IL7	2	0	0	0	3559	0
C3	R	healthy	B:B2	ITGAM	2	0	0	0	3559	0
C3	R	healthy	B:B2	ITGAX	2	0	0	0	3559	0
C3	R	healthy	B:B2	JAK1	2	3	2	1	3559	2.24383
C3	R	healthy	B:B2	LYZ	2	0	0	0	3559	0
C3	R	healthy	B:B2	MAFB	2	0	0	0	3559	0
C3	R	healthy	B:B2	MAP1LC3B	2	1	1	0.5	3559	1.33757
C3	R	healthy	B:B2	MAPK14	2	0	0	0	3559	0
C3	R	healthy	B:B2	NFKB1	2	2	1	0.5	3559	1.89003
C3	R	healthy	B:B2	NLRP3	2	0	0	0	3559	0
C3	R	healthy	B:B2	OSM	2	0	0	0	3559	0
C3	R	healthy	B:B2	PARP1	2	1	1	0.5	3559	1.33757
C3	R	healthy	B:B2	PIAS1	2	0	0	0	3559	0
C3	R	healthy	B:B2	PKM	2	0	0	0	3559	0
C3	R	healthy	B:B2	PRKAA1	2	0	0	0	3559	0
C3	R	healthy	B:B2	PTGS2	2	0	0	0	3559	0
C3	R	healthy	B:B2	RELA	2	0	0	0	3559	0
C3	R	healthy	B:B2	SH3KBP1	2	1	1	0.5	3559	1.33757
C3	R	healthy	B:B2	SMAD3	2	1	1	0.5	3559	1.33757
C3	R	healthy	B:B2	SOD1	2	0	0	0	3559	0
C3	R	healthy	B:B2	STAT3	2	0	0	0	3559	0
C3	R	healthy	B:B2	STAT5A	2	0	0	0	3559	0
C3	R	healthy	B:B2	SYK	2	0	0	0	3559	0
C3	R	healthy	B:B2	TLR4	2	1	1	0.5	3559	1.33757
C3	R	healthy	B:B2	TNF	2	0	0	0	3559	0
C3	R	healthy	B:B4	ACTA2	10	0	0	0	13220	0
C3	R	healthy	B:B4	AHR	10	0	0	0	13220	0
C3	R	healthy	B:B4	AKT1	10	0	0	0	13220	0
C3	R	healthy	B:B4	ARNTL	10	0	0	0	13220	0
C3	R	healthy	B:B4	BCL6	10	0	0	0	13220	0
C3	R	healthy	B:B4	BECN1	10	0	0	0	13220	0
C3	R	healthy	B:B4	BLNK	10	0	0	0	13220	0
C3	R	healthy	B:B4	BRD4	10	2	2	0.2	13220	0.921421
C3	R	healthy	B:B4	CAT	10	2	2	0.2	13220	0.921421
C3	R	healthy	B:B4	CD4	10	0	0	0	13220	0
C3	R	healthy	B:B4	CD86	10	0	0	0	13220	0
C3	R	healthy	B:B4	CREB1	10	0	0	0	13220	0
C3	R	healthy	B:B4	CTNNB1	10	0	0	0	13220	0
C3	R	healthy	B:B4	DNMT1	10	0	0	0	13220	0
C3	R	healthy	B:B4	FOXP3	10	0	0	0	13220	0
C3	R	healthy	B:B4	GABPA	10	0	0	0	13220	0
C3	R	healthy	B:B4	HIF1A	10	1	1	0.1	13220	0.563283
C3	R	healthy	B:B4	HMOX1	10	0	0	0	13220	0
C3	R	healthy	B:B4	ICAM1	10	0	0	0	13220	0
C3	R	healthy	B:B4	IFNG	10	0	0	0	13220	0
C3	R	healthy	B:B4	IL15	10	0	0	0	13220	0
C3	R	healthy	B:B4	IL1B	10	0	0	0	13220	0
C3	R	healthy	B:B4	IL7	10	0	0	0	13220	0
C3	R	healthy	B:B4	ITGAM	10	0	0	0	13220	0
C3	R	healthy	B:B4	ITGAX	10	0	0	0	13220	0
C3	R	healthy	B:B4	JAK1	10	4	3	0.3	13220	1.3927
C3	R	healthy	B:B4	LYZ	10	0	0	0	13220	0
C3	R	healthy	B:B4	MAFB	10	0	0	0	13220	0
C3	R	healthy	B:B4	MAP1LC3B	10	4	4	0.4	13220	1.3927
C3	R	healthy	B:B4	MAPK14	10	0	0	0	13220	0
C3	R	healthy	B:B4	NFKB1	10	1	1	0.1	13220	0.563283
C3	R	healthy	B:B4	NLRP3	10	0	0	0	13220	0
C3	R	healthy	B:B4	OSM	10	0	0	0	13220	0
C3	R	healthy	B:B4	PARP1	10	3	2	0.2	13220	1.18457
C3	R	healthy	B:B4	PIAS1	10	2	2	0.2	13220	0.921421
C3	R	healthy	B:B4	PKM	10	1	1	0.1	13220	0.563283
C3	R	healthy	B:B4	PRKAA1	10	0	0	0	13220	0
C3	R	healthy	B:B4	PTGS2	10	0	0	0	13220	0
C3	R	healthy	B:B4	RELA	10	0	0	0	13220	0
C3	R	healthy	B:B4	SH3KBP1	10	2	1	0.1	13220	0.921421
C3	R	healthy	B:B4	SMAD3	10	0	0	0	13220	0
C3	R	healthy	B:B4	SOD1	10	1	1	0.1	13220	0.563283
C3	R	healthy	B:B4	STAT3	10	0	0	0	13220	0
C3	R	healthy	B:B4	STAT5A	10	0	0	0	13220	0
C3	R	healthy	B:B4	SYK	10	1	1	0.1	13220	0.563283
C3	R	healthy	B:B4	TLR4	10	0	0	0	13220	0
C3	R	healthy	B:B4	TNF	10	4	2	0.2	13220	1.3927
C3	R	healthy	B:B6	ACTA2	4	0	0	0	19915	0
C3	R	healthy	B:B6	AHR	4	0	0	0	19915	0
C3	R	healthy	B:B6	AKT1	4	1	1	0.25	19915	0.406887
C3	R	healthy	B:B6	ARNTL	4	0	0	0	19915	0
C3	R	healthy	B:B6	BCL6	4	0	0	0	19915	0
C3	R	healthy	B:B6	BECN1	4	2	1	0.25	19915	0.695279
C3	R	healthy	B:B6	BLNK	4	0	0	0	19915	0
C3	R	healthy	B:B6	BRD4	4	0	0	0	19915	0
C3	R	healthy	B:B6	CAT	4	0	0	0	19915	0
C3	R	healthy	B:B6	CD4	4	0	0	0	19915	0
C3	R	healthy	B:B6	CD86	4	0	0	0	19915	0
C3	R	healthy	B:B6	CREB1	4	0	0	0	19915	0
C3	R	healthy	B:B6	CTNNB1	4	0	0	0	19915	0
C3	R	healthy	B:B6	DNMT1	4	0	0	0	19915	0
C3	R	healthy	B:B6	FOXP3	4	0	0	0	19915	0
C3	R	healthy	B:B6	GABPA	4	0	0	0	19915	0
C3	R	healthy	B:B6	HIF1A	4	0	0	0	19915	0
C3	R	healthy	B:B6	HMOX1	4	0	0	0	19915	0
C3	R	healthy	B:B6	ICAM1	4	0	0	0	19915	0
C3	R	healthy	B:B6	IFNG	4	0	0	0	19915	0
C3	R	healthy	B:B6	IL15	4	0	0	0	19915	0
C3	R	healthy	B:B6	IL1B	4	0	0	0	19915	0
C3	R	healthy	B:B6	IL7	4	0	0	0	19915	0
C3	R	healthy	B:B6	ITGAM	4	0	0	0	19915	0
C3	R	healthy	B:B6	ITGAX	4	0	0	0	19915	0
C3	R	healthy	B:B6	JAK1	4	0	0	0	19915	0
C3	R	healthy	B:B6	LYZ	4	0	0	0	19915	0
C3	R	healthy	B:B6	MAFB	4	0	0	0	19915	0
C3	R	healthy	B:B6	MAP1LC3B	4	0	0	0	19915	0
C3	R	healthy	B:B6	MAPK14	4	0	0	0	19915	0
C3	R	healthy	B:B6	NFKB1	4	0	0	0	19915	0
C3	R	healthy	B:B6	NLRP3	4	0	0	0	19915	0
C3	R	healthy	B:B6	OSM	4	0	0	0	19915	0
C3	R	healthy	B:B6	PARP1	4	3	2	0.5	19915	0.918848
C3	R	healthy	B:B6	PIAS1	4	1	1	0.25	19915	0.406887
C3	R	healthy	B:B6	PKM	4	0	0	0	19915	0
C3	R	healthy	B:B6	PRKAA1	4	0	0	0	19915	0
C3	R	healthy	B:B6	PTGS2	4	0	0	0	19915	0
C3	R	healthy	B:B6	RELA	4	0	0	0	19915	0
C3	R	healthy	B:B6	SH3KBP1	4	1	1	0.25	19915	0.406887
C3	R	healthy	B:B6	SMAD3	4	0	0	0	19915	0
C3	R	healthy	B:B6	SOD1	4	4	3	0.75	19915	1.10145
C3	R	healthy	B:B6	STAT3	4	0	0	0	19915	0
C3	R	healthy	B:B6	STAT5A	4	1	1	0.25	19915	0.406887
C3	R	healthy	B:B6	SYK	4	0	0	0	19915	0
C3	R	healthy	B:B6	TLR4	4	0	0	0	19915	0
C3	R	healthy	B:B6	TNF	4	0	0	0	19915	0
C3	R	healthy	B:B7	ACTA2	16	1	1	0.0625	65348	0.142391
C3	R	healthy	B:B7	AHR	16	1	1	0.0625	65348	0.142391
C3	R	healthy	B:B7	AKT1	16	1	1	0.0625	65348	0.142391
C3	R	healthy	B:B7	ARNTL	16	0	0	0	65348	0
C3	R	healthy	B:B7	BCL6	16	0	0	0	65348	0
C3	R	healthy	B:B7	BECN1	16	1	1	0.0625	65348	0.142391
C3	R	healthy	B:B7	BLNK	16	0	0	0	65348	0
C3	R	healthy	B:B7	BRD4	16	0	0	0	65348	0
C3	R	healthy	B:B7	CAT	16	1	1	0.0625	65348	0.142391
C3	R	healthy	B:B7	CD4	16	0	0	0	65348	0
C3	R	healthy	B:B7	CD86	16	0	0	0	65348	0
C3	R	healthy	B:B7	CREB1	16	0	0	0	65348	0
C3	R	healthy	B:B7	CTNNB1	16	2	1	0.0625	65348	0.26701
C3	R	healthy	B:B7	DNMT1	16	1	1	0.0625	65348	0.142391
C3	R	healthy	B:B7	FOXP3	16	0	0	0	65348	0
C3	R	healthy	B:B7	GABPA	16	0	0	0	65348	0
C3	R	healthy	B:B7	HIF1A	16	1	1	0.0625	65348	0.142391
C3	R	healthy	B:B7	HMOX1	16	0	0	0	65348	0
C3	R	healthy	B:B7	ICAM1	16	1	1	0.0625	65348	0.142391
C3	R	healthy	B:B7	IFNG	16	0	0	0	65348	0
C3	R	healthy	B:B7	IL15	16	0	0	0	65348	0
C3	R	healthy	B:B7	IL1B	16	0	0	0	65348	0
C3	R	healthy	B:B7	IL7	16	0	0	0	65348	0
C3	R	healthy	B:B7	ITGAM	16	0	0	0	65348	0
C3	R	healthy	B:B7	ITGAX	16	0	0	0	65348	0
C3	R	healthy	B:B7	JAK1	16	2	2	0.125	65348	0.26701
C3	R	healthy	B:B7	LYZ	16	0	0	0	65348	0
C3	R	healthy	B:B7	MAFB	16	0	0	0	65348	0
C3	R	healthy	B:B7	MAP1LC3B	16	2	1	0.0625	65348	0.26701
C3	R	healthy	B:B7	MAPK14	16	0	0	0	65348	0
C3	R	healthy	B:B7	NFKB1	16	1	1	0.0625	65348	0.142391
C3	R	healthy	B:B7	NLRP3	16	0	0	0	65348	0
C3	R	healthy	B:B7	OSM	16	0	0	0	65348	0
C3	R	healthy	B:B7	PARP1	16	6	6	0.375	65348	0.651367
C3	R	healthy	B:B7	PIAS1	16	1	1	0.0625	65348	0.142391
C3	R	healthy	B:B7	PKM	16	1	1	0.0625	65348	0.142391
C3	R	healthy	B:B7	PRKAA1	16	0	0	0	65348	0
C3	R	healthy	B:B7	PTGS2	16	0	0	0	65348	0
C3	R	healthy	B:B7	RELA	16	0	0	0	65348	0
C3	R	healthy	B:B7	SH3KBP1	16	2	2	0.125	65348	0.26701
C3	R	healthy	B:B7	SMAD3	16	0	0	0	65348	0
C3	R	healthy	B:B7	SOD1	16	5	5	0.3125	65348	0.568227
C3	R	healthy	B:B7	STAT3	16	2	2	0.125	65348	0.26701
C3	R	healthy	B:B7	STAT5A	16	0	0	0	65348	0
C3	R	healthy	B:B7	SYK	16	1	1	0.0625	65348	0.142391
C3	R	healthy	B:B7	TLR4	16	0	0	0	65348	0
C3	R	healthy	B:B7	TNF	16	0	0	0	65348	0
C3	R	healthy	M/DC	ACTA2	37	1	1	0.027027	100469	0.0948857
C3	R	healthy	M/DC	AHR	37	16	13	0.351351	100469	0.952635
C3	R	healthy	M/DC	AKT1	37	1	1	0.027027	100469	0.0948857
C3	R	healthy	M/DC	ARNTL	37	1	1	0.027027	100469	0.0948857
C3	R	healthy	M/DC	BCL6	37	7	6	0.162162	100469	0.528704
C3	R	healthy	M/DC	BECN1	37	3	3	0.0810811	100469	0.261286
C3	R	healthy	M/DC	BLNK	37	1	1	0.027027	100469	0.0948857
C3	R	healthy	M/DC	BRD4	37	5	5	0.135135	100469	0.403908
C3	R	healthy	M/DC	CAT	37	19	13	0.351351	100469	1.06165
C3	R	healthy	M/DC	CD4	37	14	11	0.297297	100469	0.872742
C3	R	healthy	M/DC	CD86	37	26	18	0.486486	100469	1.27756
C3	R	healthy	M/DC	CREB1	37	1	1	0.027027	100469	0.0948857
C3	R	healthy	M/DC	CTNNB1	37	3	2	0.0540541	100469	0.261286
C3	R	healthy	M/DC	DNMT1	37	3	3	0.0810811	100469	0.261286
C3	R	healthy	M/DC	FOXP3	37	0	0	0	100469	0
C3	R	healthy	M/DC	GABPA	37	1	1	0.027027	100469	0.0948857
C3	R	healthy	M/DC	HIF1A	37	19	16	0.432432	100469	1.06165
C3	R	healthy	M/DC	HMOX1	37	6	5	0.135135	100469	0.468252
C3	R	healthy	M/DC	ICAM1	37	13	9	0.243243	100469	0.830267
C3	R	healthy	M/DC	IFNG	37	1	1	0.027027	100469	0.0948857
C3	R	healthy	M/DC	IL15	37	1	1	0.027027	100469	0.0948857
C3	R	healthy	M/DC	IL1B	37	104	23	0.621622	100469	2.42935
C3	R	healthy	M/DC	IL7	37	1	1	0.027027	100469	0.0948857
C3	R	healthy	M/DC	ITGAM	37	9	8	0.216216	100469	0.63964
C3	R	healthy	M/DC	ITGAX	37	8	6	0.162162	100469	0.58571
C3	R	healthy	M/DC	JAK1	37	12	10	0.27027	100469	0.785908
C3	R	healthy	M/DC	LYZ	37	1238	36	0.972973	100469	4.82207
C3	R	healthy	M/DC	MAFB	37	16	9	0.243243	100469	0.952635
C3	R	healthy	M/DC	MAP1LC3B	37	8	6	0.162162	100469	0.58571
C3	R	healthy	M/DC	MAPK14	37	2	2	0.0540541	100469	0.181543
C3	R	healthy	M/DC	NFKB1	37	5	5	0.135135	100469	0.403908
C3	R	healthy	M/DC	NLRP3	37	5	5	0.135135	100469	0.403908
C3	R	healthy	M/DC	OSM	37	12	8	0.216216	100469	0.785908
C3	R	healthy	M/DC	PARP1	37	5	5	0.135135	100469	0.403908
C3	R	healthy	M/DC	PIAS1	37	9	6	0.162162	100469	0.63964
C3	R	healthy	M/DC	PKM	37	50	25	0.675676	100469	1.78786
C3	R	healthy	M/DC	PRKAA1	37	4	4	0.108108	100469	0.335138
C3	R	healthy	M/DC	PTGS2	37	17	11	0.297297	100469	0.990308
C3	R	healthy	M/DC	RELA	37	5	4	0.108108	100469	0.403908
C3	R	healthy	M/DC	SH3KBP1	37	14	12	0.324324	100469	0.872742
C3	R	healthy	M/DC	SMAD3	37	2	2	0.0540541	100469	0.181543
C3	R	healthy	M/DC	SOD1	37	6	6	0.162162	100469	0.468252
C3	R	healthy	M/DC	STAT3	37	15	12	0.324324	100469	0.913486
C3	R	healthy	M/DC	STAT5A	37	2	2	0.0540541	100469	0.181543
C3	R	healthy	M/DC	SYK	37	16	13	0.351351	100469	0.952635
C3	R	healthy	M/DC	TLR4	37	3	2	0.0540541	100469	0.261286
C3	R	healthy	M/DC	TNF	37	6	6	0.162162	100469	0.468252
C3	R	healthy	NK	ACTA2	28	0	0	0	48369	0
C3	R	healthy	NK	AHR	28	2	2	0.0714286	48369	0.34606
C3	R	healthy	NK	AKT1	28	1	1	0.0357143	48369	0.187926
C3	R	healthy	NK	ARNTL	28	0	0	0	48369	0
C3	R	healthy	NK	BCL6	28	1	1	0.0357143	48369	0.187926
C3	R	healthy	NK	BECN1	28	3	3	0.107143	48369	0.482569
C3	R	healthy	NK	BLNK	28	0	0	0	48369	0
C3	R	healthy	NK	BRD4	28	3	3	0.107143	48369	0.482569
C3	R	healthy	NK	CAT	28	7	7	0.25	48369	0.894948
C3	R	healthy	NK	CD4	28	0	0	0	48369	0
C3	R	healthy	NK	CD86	28	0	0	0	48369	0
C3	R	healthy	NK	CREB1	28	1	1	0.0357143	48369	0.187926
C3	R	healthy	NK	CTNNB1	28	6	5	0.178571	48369	0.806683
C3	R	healthy	NK	DNMT1	28	3	3	0.107143	48369	0.482569
C3	R	healthy	NK	FOXP3	28	0	0	0	48369	0
C3	R	healthy	NK	GABPA	28	0	0	0	48369	0
C3	R	healthy	NK	HIF1A	28	0	0	0	48369	0
C3	R	healthy	NK	HMOX1	28	0	0	0	48369	0
C3	R	healthy	NK	ICAM1	28	12	7	0.25	48369	1.2473
C3	R	healthy	NK	IFNG	28	1	1	0.0357143	48369	0.187926
C3	R	healthy	NK	IL15	28	0	0	0	48369	0
C3	R	healthy	NK	IL1B	28	0	0	0	48369	0
C3	R	healthy	NK	IL7	28	0	0	0	48369	0
C3	R	healthy	NK	ITGAM	28	0	0	0	48369	0
C3	R	healthy	NK	ITGAX	28	2	2	0.0714286	48369	0.34606
C3	R	healthy	NK	JAK1	28	21	17	0.607143	48369	1.67553
C3	R	healthy	NK	LYZ	28	0	0	0	48369	0
C3	R	healthy	NK	MAFB	28	0	0	0	48369	0
C3	R	healthy	NK	MAP1LC3B	28	11	10	0.357143	48369	1.18607
C3	R	healthy	NK	MAPK14	28	2	2	0.0714286	48369	0.34606
C3	R	healthy	NK	NFKB1	28	9	6	0.214286	48369	1.05106
C3	R	healthy	NK	NLRP3	28	1	1	0.0357143	48369	0.187926
C3	R	healthy	NK	OSM	28	0	0	0	48369	0
C3	R	healthy	NK	PARP1	28	6	4	0.142857	48369	0.806683
C3	R	healthy	NK	PIAS1	28	4	3	0.107143	48369	0.602662
C3	R	healthy	NK	PKM	28	4	4	0.142857	48369	0.602662
C3	R	healthy	NK	PRKAA1	28	2	2	0.0714286	48369	0.34606
C3	R	healthy	NK	PTGS2	28	3	2	0.0714286	48369	0.482569
C3	R	healthy	NK	RELA	28	1	1	0.0357143	48369	0.187926
C3	R	healthy	NK	SH3KBP1	28	5	5	0.178571	48369	0.709867
C3	R	healthy	NK	SMAD3	28	2	2	0.0714286	48369	0.34606
C3	R	healthy	NK	SOD1	28	7	5	0.178571	48369	0.894948
C3	R	healthy	NK	STAT3	28	6	6	0.214286	48369	0.806683
C3	R	healthy	NK	STAT5A	28	0	0	0	48369	0
C3	R	healthy	NK	SYK	28	3	3	0.107143	48369	0.482569
C3	R	healthy	NK	TLR4	28	0	0	0	48369	0
C3	R	healthy	NK	TNF	28	11	8	0.285714	48369	1.18607
C3	R	healthy	T	ACTA2	626	13	12	0.0191693	914152	0.132963
C3	R	healthy	T	AHR	626	58	56	0.0894569	914152	0.491317
C3	R	healthy	T	AKT1	626	12	12	0.0191693	914152	0.12334
C3	R	healthy	T	ARNTL	626	33	32	0.0511182	914152	0.308213
C3	R	healthy	T	BCL6	626	13	12	0.0191693	914152	0.132963
C3	R	healthy	T	BECN1	626	49	45	0.071885	914152	0.429192
C3	R	healthy	T	BLNK	626	2	2	0.00319489	914152	0.0216423
C3	R	healthy	T	BRD4	626	70	67	0.107029	914152	0.568568
C3	R	healthy	T	CAT	626	29	29	0.0463259	914152	0.275534
C3	R	healthy	T	CD4	626	44	42	0.0670927	914152	0.392934
C3	R	healthy	T	CD86	626	3	3	0.00479233	914152	0.0322903
C3	R	healthy	T	CREB1	626	48	47	0.0750799	914152	0.422045
C3	R	healthy	T	CTNNB1	626	36	35	0.0559105	914152	0.332039
C3	R	healthy	T	DNMT1	626	54	51	0.0814696	914152	0.464181
C3	R	healthy	T	FOXP3	626	12	10	0.0159744	914152	0.12334
C3	R	healthy	T	GABPA	626	10	10	0.0159744	914152	0.103811
C3	R	healthy	T	HIF1A	626	91	77	0.123003	914152	0.690874
C3	R	healthy	T	HMOX1	626	6	6	0.00958466	914152	0.0635705
C3	R	healthy	T	ICAM1	626	46	37	0.0591054	914152	0.407595
C3	R	healthy	T	IFNG	626	331	124	0.198083	914152	1.53058
C3	R	healthy	T	IL15	626	11	10	0.0159744	914152	0.113623
C3	R	healthy	T	IL1B	626	0	0	0	914152	0
C3	R	healthy	T	IL7	626	0	0	0	914152	0
C3	R	healthy	T	ITGAM	626	1	1	0.00159744	914152	0.0108797
C3	R	healthy	T	ITGAX	626	2	2	0.00319489	914152	0.0216423
C3	R	healthy	T	JAK1	626	271	206	0.329073	914152	1.37738
C3	R	healthy	T	LYZ	626	14	4	0.00638978	914152	0.142495
C3	R	healthy	T	MAFB	626	1	1	0.00159744	914152	0.0108797
C3	R	healthy	T	MAP1LC3B	626	111	104	0.166134	914152	0.794909
C3	R	healthy	T	MAPK14	626	17	17	0.0271565	914152	0.170557
C3	R	healthy	T	NFKB1	626	90	74	0.118211	914152	0.685377
C3	R	healthy	T	NLRP3	626	8	7	0.0111821	914152	0.0838933
C3	R	healthy	T	OSM	626	14	13	0.0207668	914152	0.142495
C3	R	healthy	T	PARP1	626	57	56	0.0894569	914152	0.484602
C3	R	healthy	T	PIAS1	626	47	44	0.0702875	914152	0.414846
C3	R	healthy	T	PKM	626	163	132	0.210863	914152	1.02356
C3	R	healthy	T	PRKAA1	626	33	32	0.0511182	914152	0.308213
C3	R	healthy	T	PTGS2	626	4	3	0.00479233	914152	0.0428261
C3	R	healthy	T	RELA	626	43	42	0.0670927	914152	0.385522
C3	R	healthy	T	SH3KBP1	626	93	87	0.138978	914152	0.701778
C3	R	healthy	T	SMAD3	626	25	24	0.0383387	914152	0.241751
C3	R	healthy	T	SOD1	626	249	203	0.324281	914152	1.31475
C3	R	healthy	T	STAT3	626	189	161	0.257188	914152	1.12086
C3	R	healthy	T	STAT5A	626	23	22	0.0351438	914152	0.224422
C3	R	healthy	T	SYK	626	5	5	0.00798722	914152	0.0532521
C3	R	healthy	T	TLR4	626	0	0	0	914152	0
C3	R	healthy	T	TNF	626	653	242	0.386581	914152	2.09719
C3	R	healthy	T:T1	ACTA2	360	1	1	0.00277778	488486	0.0202647
C3	R	healthy	T:T1	AHR	360	41	39	0.108333	488486	0.6094
C3	R	healthy	T:T1	AKT1	360	8	8	0.0222222	488486	0.151666
C3	R	healthy	T:T1	ARNTL	360	14	14	0.0388889	488486	0.252003
C3	R	healthy	T:T1	BCL6	360	8	8	0.0222222	488486	0.151666
C3	R	healthy	T:T1	BECN1	360	25	24	0.0666667	488486	0.413291
C3	R	healthy	T:T1	BLNK	360	1	1	0.00277778	488486	0.0202647
C3	R	healthy	T:T1	BRD4	360	38	35	0.0972222	488486	0.575441
C3	R	healthy	T:T1	CAT	360	19	19	0.0527778	488486	0.328553
C3	R	healthy	T:T1	CD4	360	34	32	0.0888889	488486	0.528289
C3	R	healthy	T:T1	CD86	360	2	2	0.00555556	488486	0.0401269
C3	R	healthy	T:T1	CREB1	360	30	29	0.0805556	488486	0.478804
C3	R	healthy	T:T1	CTNNB1	360	15	15	0.0416667	488486	0.267789
C3	R	healthy	T:T1	DNMT1	360	25	25	0.0694444	488486	0.413291
C3	R	healthy	T:T1	FOXP3	360	6	6	0.0166667	488486	0.115851
C3	R	healthy	T:T1	GABPA	360	4	4	0.0111111	488486	0.0787055
C3	R	healthy	T:T1	HIF1A	360	53	42	0.116667	488486	0.734762
C3	R	healthy	T:T1	HMOX1	360	0	0	0	488486	0
C3	R	healthy	T:T1	ICAM1	360	28	22	0.0611111	488486	0.453112
C3	R	healthy	T:T1	IFNG	360	70	44	0.122222	488486	0.889125
C3	R	healthy	T:T1	IL15	360	5	5	0.0138889	488486	0.0974507
C3	R	healthy	T:T1	IL1B	360	0	0	0	488486	0
C3	R	healthy	T:T1	IL7	360	0	0	0	488486	0
C3	R	healthy	T:T1	ITGAM	360	1	1	0.00277778	488486	0.0202647
C3	R	healthy	T:T1	ITGAX	360	1	1	0.00277778	488486	0.0202647
C3	R	healthy	T:T1	JAK1	360	122	95	0.263889	488486	1.25205
C3	R	healthy	T:T1	LYZ	360	8	3	0.00833333	488486	0.151666
C3	R	healthy	T:T1	MAFB	360	0	0	0	488486	0
C3	R	healthy	T:T1	MAP1LC3B	360	55	52	0.144444	488486	0.754208
C3	R	healthy	T:T1	MAPK14	360	7	7	0.0194444	488486	0.133919
C3	R	healthy	T:T1	NFKB1	360	53	46	0.127778	488486	0.734762
C3	R	healthy	T:T1	NLRP3	360	6	5	0.0138889	488486	0.115851
C3	R	healthy	T:T1	OSM	360	6	6	0.0166667	488486	0.115851
C3	R	healthy	T:T1	PARP1	360	30	30	0.0833333	488486	0.478804
C3	R	healthy	T:T1	PIAS1	360	20	20	0.0555556	488486	0.343184
C3	R	healthy	T:T1	PKM	360	82	72	0.2	488486	0.985315
C3	R	healthy	T:T1	PRKAA1	360	20	19	0.0527778	488486	0.343184
C3	R	healthy	T:T1	PTGS2	360	4	3	0.00833333	488486	0.0787055
C3	R	healthy	T:T1	RELA	360	24	23	0.0638889	488486	0.399658
C3	R	healthy	T:T1	SH3KBP1	360	50	47	0.130556	488486	0.704864
C3	R	healthy	T:T1	SMAD3	360	10	10	0.0277778	488486	0.186242
C3	R	healthy	T:T1	SOD1	360	141	118	0.327778	488486	1.3575
C3	R	healthy	T:T1	STAT3	360	102	88	0.244444	488486	1.12755
C3	R	healthy	T:T1	STAT5A	360	11	11	0.0305556	488486	0.203092
C3	R	healthy	T:T1	SYK	360	2	2	0.00555556	488486	0.0401269
C3	R	healthy	T:T1	TLR4	360	0	0	0	488486	0
C3	R	healthy	T:T1	TNF	360	361	148	0.411111	488486	2.12706
C3	R	healthy	T:T10	ACTA2	20	1	1	0.05	26187	0.323437
C3	R	healthy	T:T10	AHR	20	0	0	0	26187	0
C3	R	healthy	T:T10	AKT1	20	0	0	0	26187	0
C3	R	healthy	T:T10	ARNTL	20	1	1	0.05	26187	0.323437
C3	R	healthy	T:T10	BCL6	20	1	1	0.05	26187	0.323437
C3	R	healthy	T:T10	BECN1	20	0	0	0	26187	0
C3	R	healthy	T:T10	BLNK	20	0	0	0	26187	0
C3	R	healthy	T:T10	BRD4	20	0	0	0	26187	0
C3	R	healthy	T:T10	CAT	20	0	0	0	26187	0
C3	R	healthy	T:T10	CD4	20	0	0	0	26187	0
C3	R	healthy	T:T10	CD86	20	0	0	0	26187	0
C3	R	healthy	T:T10	CREB1	20	2	2	0.1	26187	0.567435
C3	R	healthy	T:T10	CTNNB1	20	1	1	0.05	26187	0.323437
C3	R	healthy	T:T10	DNMT1	20	1	1	0.05	26187	0.323437
C3	R	healthy	T:T10	FOXP3	20	0	0	0	26187	0
C3	R	healthy	T:T10	GABPA	20	0	0	0	26187	0
C3	R	healthy	T:T10	HIF1A	20	2	2	0.1	26187	0.567435
C3	R	healthy	T:T10	HMOX1	20	0	0	0	26187	0
C3	R	healthy	T:T10	ICAM1	20	1	1	0.05	26187	0.323437
C3	R	healthy	T:T10	IFNG	20	41	10	0.5	26187	2.81281
C3	R	healthy	T:T10	IL15	20	1	1	0.05	26187	0.323437
C3	R	healthy	T:T10	IL1B	20	0	0	0	26187	0
C3	R	healthy	T:T10	IL7	20	0	0	0	26187	0
C3	R	healthy	T:T10	ITGAM	20	0	0	0	26187	0
C3	R	healthy	T:T10	ITGAX	20	0	0	0	26187	0
C3	R	healthy	T:T10	JAK1	20	8	7	0.35	26187	1.39994
C3	R	healthy	T:T10	LYZ	20	0	0	0	26187	0
C3	R	healthy	T:T10	MAFB	20	0	0	0	26187	0
C3	R	healthy	T:T10	MAP1LC3B	20	5	4	0.2	26187	1.06793
C3	R	healthy	T:T10	MAPK14	20	1	1	0.05	26187	0.323437
C3	R	healthy	T:T10	NFKB1	20	1	1	0.05	26187	0.323437
C3	R	healthy	T:T10	NLRP3	20	0	0	0	26187	0
C3	R	healthy	T:T10	OSM	20	1	1	0.05	26187	0.323437
C3	R	healthy	T:T10	PARP1	20	3	3	0.15	26187	0.763422
C3	R	healthy	T:T10	PIAS1	20	1	1	0.05	26187	0.323437
C3	R	healthy	T:T10	PKM	20	3	2	0.1	26187	0.763422
C3	R	healthy	T:T10	PRKAA1	20	1	1	0.05	26187	0.323437
C3	R	healthy	T:T10	PTGS2	20	0	0	0	26187	0
C3	R	healthy	T:T10	RELA	20	1	1	0.05	26187	0.323437
C3	R	healthy	T:T10	SH3KBP1	20	2	2	0.1	26187	0.567435
C3	R	healthy	T:T10	SMAD3	20	2	2	0.1	26187	0.567435
C3	R	healthy	T:T10	SOD1	20	4	4	0.2	26187	0.927221
C3	R	healthy	T:T10	STAT3	20	5	5	0.25	26187	1.06793
C3	R	healthy	T:T10	STAT5A	20	0	0	0	26187	0
C3	R	healthy	T:T10	SYK	20	0	0	0	26187	0
C3	R	healthy	T:T10	TLR4	20	0	0	0	26187	0
C3	R	healthy	T:T10	TNF	20	40	11	0.55	26187	2.78962
C3	R	healthy	T:T14	ACTA2	194	10	9	0.0463918	325612	0.267822
C3	R	healthy	T:T14	AHR	194	15	15	0.0773196	325612	0.378896
C3	R	healthy	T:T14	AKT1	194	4	4	0.0206186	325612	0.115866
C3	R	healthy	T:T14	ARNTL	194	14	13	0.0670103	325612	0.357646
C3	R	healthy	T:T14	BCL6	194	4	3	0.0154639	325612	0.115866
C3	R	healthy	T:T14	BECN1	194	21	18	0.0927835	325612	0.497704
C3	R	healthy	T:T14	BLNK	194	1	1	0.00515464	325612	0.0302492
C3	R	healthy	T:T14	BRD4	194	29	29	0.149485	325612	0.63691
C3	R	healthy	T:T14	CAT	194	8	8	0.0412371	325612	0.219691
C3	R	healthy	T:T14	CD4	194	2	2	0.0103093	325612	0.0596103
C3	R	healthy	T:T14	CD86	194	0	0	0	325612	0
C3	R	healthy	T:T14	CREB1	194	13	13	0.0670103	325612	0.335935
C3	R	healthy	T:T14	CTNNB1	194	16	15	0.0773196	325612	0.399703
C3	R	healthy	T:T14	DNMT1	194	25	22	0.113402	325612	0.569727
C3	R	healthy	T:T14	FOXP3	194	0	0	0	325612	0
C3	R	healthy	T:T14	GABPA	194	5	5	0.0257732	325612	0.14285
C3	R	healthy	T:T14	HIF1A	194	29	27	0.139175	325612	0.63691
C3	R	healthy	T:T14	HMOX1	194	5	5	0.0257732	325612	0.14285
C3	R	healthy	T:T14	ICAM1	194	10	9	0.0463918	325612	0.267822
C3	R	healthy	T:T14	IFNG	194	204	65	0.335052	325612	1.98309
C3	R	healthy	T:T14	IL15	194	5	4	0.0206186	325612	0.14285
C3	R	healthy	T:T14	IL1B	194	0	0	0	325612	0
C3	R	healthy	T:T14	IL7	194	0	0	0	325612	0
C3	R	healthy	T:T14	ITGAM	194	0	0	0	325612	0
C3	R	healthy	T:T14	ITGAX	194	1	1	0.00515464	325612	0.0302492
C3	R	healthy	T:T14	JAK1	194	121	87	0.448454	325612	1.55098
C3	R	healthy	T:T14	LYZ	194	0	0	0	325612	0
C3	R	healthy	T:T14	MAFB	194	1	1	0.00515464	325612	0.0302492
C3	R	healthy	T:T14	MAP1LC3B	194	47	44	0.226804	325612	0.893405
C3	R	healthy	T:T14	MAPK14	194	6	6	0.0309278	325612	0.169125
C3	R	healthy	T:T14	NFKB1	194	28	22	0.113402	325612	0.620533
C3	R	healthy	T:T14	NLRP3	194	1	1	0.00515464	325612	0.0302492
C3	R	healthy	T:T14	OSM	194	5	5	0.0257732	325612	0.14285
C3	R	healthy	T:T14	PARP1	194	22	21	0.108247	325612	0.516202
C3	R	healthy	T:T14	PIAS1	194	23	21	0.108247	325612	0.534364
C3	R	healthy	T:T14	PKM	194	65	47	0.242268	325612	1.09736
C3	R	healthy	T:T14	PRKAA1	194	10	10	0.0515464	325612	0.267822
C3	R	healthy	T:T14	PTGS2	194	0	0	0	325612	0
C3	R	healthy	T:T14	RELA	194	11	11	0.056701	325612	0.291045
C3	R	healthy	T:T14	SH3KBP1	194	27	24	0.123711	325612	0.603883
C3	R	healthy	T:T14	SMAD3	194	9	8	0.0412371	325612	0.244046
C3	R	healthy	T:T14	SOD1	194	92	71	0.365979	325612	1.34168
C3	R	healthy	T:T14	STAT3	194	66	54	0.278351	325612	1.10756
C3	R	healthy	T:T14	STAT5A	194	10	9	0.0463918	325612	0.267822
C3	R	healthy	T:T14	SYK	194	1	1	0.00515464	325612	0.0302492
C3	R	healthy	T:T14	TLR4	194	0	0	0	325612	0
C3	R	healthy	T:T14	TNF	194	177	63	0.324742	325612	1.86189
C3	R	healthy	T:T15	ACTA2	1	0	0	0	913	0
C3	R	healthy	T:T15	AHR	1	0	0	0	913	0
C3	R	healthy	T:T15	AKT1	1	0	0	0	913	0
C3	R	healthy	T:T15	ARNTL	1	0	0	0	913	0
C3	R	healthy	T:T15	BCL6	1	0	0	0	913	0
C3	R	healthy	T:T15	BECN1	1	0	0	0	913	0
C3	R	healthy	T:T15	BLNK	1	0	0	0	913	0
C3	R	healthy	T:T15	BRD4	1	0	0	0	913	0
C3	R	healthy	T:T15	CAT	1	0	0	0	913	0
C3	R	healthy	T:T15	CD4	1	0	0	0	913	0
C3	R	healthy	T:T15	CD86	1	0	0	0	913	0
C3	R	healthy	T:T15	CREB1	1	0	0	0	913	0
C3	R	healthy	T:T15	CTNNB1	1	0	0	0	913	0
C3	R	healthy	T:T15	DNMT1	1	0	0	0	913	0
C3	R	healthy	T:T15	FOXP3	1	0	0	0	913	0
C3	R	healthy	T:T15	GABPA	1	0	0	0	913	0
C3	R	healthy	T:T15	HIF1A	1	0	0	0	913	0
C3	R	healthy	T:T15	HMOX1	1	0	0	0	913	0
C3	R	healthy	T:T15	ICAM1	1	0	0	0	913	0
C3	R	healthy	T:T15	IFNG	1	0	0	0	913	0
C3	R	healthy	T:T15	IL15	1	0	0	0	913	0
C3	R	healthy	T:T15	IL1B	1	0	0	0	913	0
C3	R	healthy	T:T15	IL7	1	0	0	0	913	0
C3	R	healthy	T:T15	ITGAM	1	0	0	0	913	0
C3	R	healthy	T:T15	ITGAX	1	0	0	0	913	0
C3	R	healthy	T:T15	JAK1	1	0	0	0	913	0
C3	R	healthy	T:T15	LYZ	1	0	0	0	913	0
C3	R	healthy	T:T15	MAFB	1	0	0	0	913	0
C3	R	healthy	T:T15	MAP1LC3B	1	0	0	0	913	0
C3	R	healthy	T:T15	MAPK14	1	0	0	0	913	0
C3	R	healthy	T:T15	NFKB1	1	0	0	0	913	0
C3	R	healthy	T:T15	NLRP3	1	0	0	0	913	0
C3	R	healthy	T:T15	OSM	1	0	0	0	913	0
C3	R	healthy	T:T15	PARP1	1	0	0	0	913	0
C3	R	healthy	T:T15	PIAS1	1	0	0	0	913	0
C3	R	healthy	T:T15	PKM	1	0	0	0	913	0
C3	R	healthy	T:T15	PRKAA1	1	0	0	0	913	0
C3	R	healthy	T:T15	PTGS2	1	0	0	0	913	0
C3	R	healthy	T:T15	RELA	1	0	0	0	913	0
C3	R	healthy	T:T15	SH3KBP1	1	0	0	0	913	0
C3	R	healthy	T:T15	SMAD3	1	0	0	0	913	0
C3	R	healthy	T:T15	SOD1	1	0	0	0	913	0
C3	R	healthy	T:T15	STAT3	1	0	0	0	913	0
C3	R	healthy	T:T15	STAT5A	1	0	0	0	913	0
C3	R	healthy	T:T15	SYK	1	0	0	0	913	0
C3	R	healthy	T:T15	TLR4	1	0	0	0	913	0
C3	R	healthy	T:T15	TNF	1	1	1	1	913	2.48097
C3	R	healthy	T:T2	ACTA2	18	0	0	0	27782	0
C3	R	healthy	T:T2	AHR	18	1	1	0.0555556	27782	0.307444
C3	R	healthy	T:T2	AKT1	18	0	0	0	27782	0
C3	R	healthy	T:T2	ARNTL	18	2	2	0.111111	27782	0.542261
C3	R	healthy	T:T2	BCL6	18	0	0	0	27782	0
C3	R	healthy	T:T2	BECN1	18	1	1	0.0555556	27782	0.307444
C3	R	healthy	T:T2	BLNK	18	0	0	0	27782	0
C3	R	healthy	T:T2	BRD4	18	0	0	0	27782	0
C3	R	healthy	T:T2	CAT	18	0	0	0	27782	0
C3	R	healthy	T:T2	CD4	18	5	5	0.277778	27782	1.02952
C3	R	healthy	T:T2	CD86	18	0	0	0	27782	0
C3	R	healthy	T:T2	CREB1	18	0	0	0	27782	0
C3	R	healthy	T:T2	CTNNB1	18	2	2	0.111111	27782	0.542261
C3	R	healthy	T:T2	DNMT1	18	1	1	0.0555556	27782	0.307444
C3	R	healthy	T:T2	FOXP3	18	0	0	0	27782	0
C3	R	healthy	T:T2	GABPA	18	0	0	0	27782	0
C3	R	healthy	T:T2	HIF1A	18	4	3	0.166667	27782	0.891908
C3	R	healthy	T:T2	HMOX1	18	0	0	0	27782	0
C3	R	healthy	T:T2	ICAM1	18	5	3	0.166667	27782	1.02952
C3	R	healthy	T:T2	IFNG	18	15	4	0.222222	27782	1.85617
C3	R	healthy	T:T2	IL15	18	0	0	0	27782	0
C3	R	healthy	T:T2	IL1B	18	0	0	0	27782	0
C3	R	healthy	T:T2	IL7	18	0	0	0	27782	0
C3	R	healthy	T:T2	ITGAM	18	0	0	0	27782	0
C3	R	healthy	T:T2	ITGAX	18	0	0	0	27782	0
C3	R	healthy	T:T2	JAK1	18	6	6	0.333333	27782	1.15047
C3	R	healthy	T:T2	LYZ	18	0	0	0	27782	0
C3	R	healthy	T:T2	MAFB	18	0	0	0	27782	0
C3	R	healthy	T:T2	MAP1LC3B	18	1	1	0.0555556	27782	0.307444
C3	R	healthy	T:T2	MAPK14	18	1	1	0.0555556	27782	0.307444
C3	R	healthy	T:T2	NFKB1	18	3	2	0.111111	27782	0.732289
C3	R	healthy	T:T2	NLRP3	18	1	1	0.0555556	27782	0.307444
C3	R	healthy	T:T2	OSM	18	2	1	0.0555556	27782	0.542261
C3	R	healthy	T:T2	PARP1	18	0	0	0	27782	0
C3	R	healthy	T:T2	PIAS1	18	1	1	0.0555556	27782	0.307444
C3	R	healthy	T:T2	PKM	18	7	5	0.277778	27782	1.25835
C3	R	healthy	T:T2	PRKAA1	18	0	0	0	27782	0
C3	R	healthy	T:T2	PTGS2	18	0	0	0	27782	0
C3	R	healthy	T:T2	RELA	18	4	4	0.222222	27782	0.891908
C3	R	healthy	T:T2	SH3KBP1	18	3	3	0.166667	27782	0.732289
C3	R	healthy	T:T2	SMAD3	18	3	3	0.166667	27782	0.732289
C3	R	healthy	T:T2	SOD1	18	5	4	0.222222	27782	1.02952
C3	R	healthy	T:T2	STAT3	18	7	6	0.333333	27782	1.25835
C3	R	healthy	T:T2	STAT5A	18	2	2	0.111111	27782	0.542261
C3	R	healthy	T:T2	SYK	18	0	0	0	27782	0
C3	R	healthy	T:T2	TLR4	18	0	0	0	27782	0
C3	R	healthy	T:T2	TNF	18	54	11	0.611111	27782	3.01735
C3	R	healthy	T:T3	ACTA2	8	0	0	0	12193	0
C3	R	healthy	T:T3	AHR	8	1	1	0.125	12193	0.598915
C3	R	healthy	T:T3	AKT1	8	0	0	0	12193	0
C3	R	healthy	T:T3	ARNTL	8	0	0	0	12193	0
C3	R	healthy	T:T3	BCL6	8	0	0	0	12193	0
C3	R	healthy	T:T3	BECN1	8	1	1	0.125	12193	0.598915
C3	R	healthy	T:T3	BLNK	8	0	0	0	12193	0
C3	R	healthy	T:T3	BRD4	8	1	1	0.125	12193	0.598915
C3	R	healthy	T:T3	CAT	8	0	0	0	12193	0
C3	R	healthy	T:T3	CD4	8	1	1	0.125	12193	0.598915
C3	R	healthy	T:T3	CD86	8	1	1	0.125	12193	0.598915
C3	R	healthy	T:T3	CREB1	8	0	0	0	12193	0
C3	R	healthy	T:T3	CTNNB1	8	1	1	0.125	12193	0.598915
C3	R	healthy	T:T3	DNMT1	8	0	0	0	12193	0
C3	R	healthy	T:T3	FOXP3	8	0	0	0	12193	0
C3	R	healthy	T:T3	GABPA	8	0	0	0	12193	0
C3	R	healthy	T:T3	HIF1A	8	0	0	0	12193	0
C3	R	healthy	T:T3	HMOX1	8	1	1	0.125	12193	0.598915
C3	R	healthy	T:T3	ICAM1	8	1	1	0.125	12193	0.598915
C3	R	healthy	T:T3	IFNG	8	0	0	0	12193	0
C3	R	healthy	T:T3	IL15	8	0	0	0	12193	0
C3	R	healthy	T:T3	IL1B	8	0	0	0	12193	0
C3	R	healthy	T:T3	IL7	8	0	0	0	12193	0
C3	R	healthy	T:T3	ITGAM	8	0	0	0	12193	0
C3	R	healthy	T:T3	ITGAX	8	0	0	0	12193	0
C3	R	healthy	T:T3	JAK1	8	4	3	0.375	12193	1.45409
C3	R	healthy	T:T3	LYZ	8	6	1	0.125	12193	1.77848
C3	R	healthy	T:T3	MAFB	8	0	0	0	12193	0
C3	R	healthy	T:T3	MAP1LC3B	8	0	0	0	12193	0
C3	R	healthy	T:T3	MAPK14	8	1	1	0.125	12193	0.598915
C3	R	healthy	T:T3	NFKB1	8	1	1	0.125	12193	0.598915
C3	R	healthy	T:T3	NLRP3	8	0	0	0	12193	0
C3	R	healthy	T:T3	OSM	8	0	0	0	12193	0
C3	R	healthy	T:T3	PARP1	8	0	0	0	12193	0
C3	R	healthy	T:T3	PIAS1	8	0	0	0	12193	0
C3	R	healthy	T:T3	PKM	8	1	1	0.125	12193	0.598915
C3	R	healthy	T:T3	PRKAA1	8	1	1	0.125	12193	0.598915
C3	R	healthy	T:T3	PTGS2	8	0	0	0	12193	0
C3	R	healthy	T:T3	RELA	8	0	0	0	12193	0
C3	R	healthy	T:T3	SH3KBP1	8	3	3	0.375	12193	1.24139
C3	R	healthy	T:T3	SMAD3	8	0	0	0	12193	0
C3	R	healthy	T:T3	SOD1	8	1	1	0.125	12193	0.598915
C3	R	healthy	T:T3	STAT3	8	2	2	0.25	12193	0.970887
C3	R	healthy	T:T3	STAT5A	8	0	0	0	12193	0
C3	R	healthy	T:T3	SYK	8	0	0	0	12193	0
C3	R	healthy	T:T3	TLR4	8	0	0	0	12193	0
C3	R	healthy	T:T3	TNF	8	6	2	0.25	12193	1.77848
C3	R	healthy	T:T4	ACTA2	6	0	0	0	10211	0
C3	R	healthy	T:T4	AHR	6	0	0	0	10211	0
C3	R	healthy	T:T4	AKT1	6	0	0	0	10211	0
C3	R	healthy	T:T4	ARNTL	6	0	0	0	10211	0
C3	R	healthy	T:T4	BCL6	6	0	0	0	10211	0
C3	R	healthy	T:T4	BECN1	6	0	0	0	10211	0
C3	R	healthy	T:T4	BLNK	6	0	0	0	10211	0
C3	R	healthy	T:T4	BRD4	6	0	0	0	10211	0
C3	R	healthy	T:T4	CAT	6	0	0	0	10211	0
C3	R	healthy	T:T4	CD4	6	0	0	0	10211	0
C3	R	healthy	T:T4	CD86	6	0	0	0	10211	0
C3	R	healthy	T:T4	CREB1	6	0	0	0	10211	0
C3	R	healthy	T:T4	CTNNB1	6	0	0	0	10211	0
C3	R	healthy	T:T4	DNMT1	6	0	0	0	10211	0
C3	R	healthy	T:T4	FOXP3	6	0	0	0	10211	0
C3	R	healthy	T:T4	GABPA	6	0	0	0	10211	0
C3	R	healthy	T:T4	HIF1A	6	1	1	0.166667	10211	0.682761
C3	R	healthy	T:T4	HMOX1	6	0	0	0	10211	0
C3	R	healthy	T:T4	ICAM1	6	0	0	0	10211	0
C3	R	healthy	T:T4	IFNG	6	0	0	0	10211	0
C3	R	healthy	T:T4	IL15	6	0	0	0	10211	0
C3	R	healthy	T:T4	IL1B	6	0	0	0	10211	0
C3	R	healthy	T:T4	IL7	6	0	0	0	10211	0
C3	R	healthy	T:T4	ITGAM	6	0	0	0	10211	0
C3	R	healthy	T:T4	ITGAX	6	0	0	0	10211	0
C3	R	healthy	T:T4	JAK1	6	3	2	0.333333	10211	1.37068
C3	R	healthy	T:T4	LYZ	6	0	0	0	10211	0
C3	R	healthy	T:T4	MAFB	6	0	0	0	10211	0
C3	R	healthy	T:T4	MAP1LC3B	6	0	0	0	10211	0
C3	R	healthy	T:T4	MAPK14	6	0	0	0	10211	0
C3	R	healthy	T:T4	NFKB1	6	0	0	0	10211	0
C3	R	healthy	T:T4	NLRP3	6	0	0	0	10211	0
C3	R	healthy	T:T4	OSM	6	0	0	0	10211	0
C3	R	healthy	T:T4	PARP1	6	1	1	0.166667	10211	0.682761
C3	R	healthy	T:T4	PIAS1	6	0	0	0	10211	0
C3	R	healthy	T:T4	PKM	6	0	0	0	10211	0
C3	R	healthy	T:T4	PRKAA1	6	0	0	0	10211	0
C3	R	healthy	T:T4	PTGS2	6	0	0	0	10211	0
C3	R	healthy	T:T4	RELA	6	2	2	0.333333	10211	1.08474
C3	R	healthy	T:T4	SH3KBP1	6	2	2	0.333333	10211	1.08474
C3	R	healthy	T:T4	SMAD3	6	0	0	0	10211	0
C3	R	healthy	T:T4	SOD1	6	1	1	0.166667	10211	0.682761
C3	R	healthy	T:T4	STAT3	6	0	0	0	10211	0
C3	R	healthy	T:T4	STAT5A	6	0	0	0	10211	0
C3	R	healthy	T:T4	SYK	6	2	2	0.333333	10211	1.08474
C3	R	healthy	T:T4	TLR4	6	0	0	0	10211	0
C3	R	healthy	T:T4	TNF	6	7	2	0.333333	10211	2.0612
C3	R	healthy	T:T5	ACTA2	3	0	0	0	4080	0
C3	R	healthy	T:T5	AHR	3	0	0	0	4080	0
C3	R	healthy	T:T5	AKT1	3	0	0	0	4080	0
C3	R	healthy	T:T5	ARNTL	3	0	0	0	4080	0
C3	R	healthy	T:T5	BCL6	3	0	0	0	4080	0
C3	R	healthy	T:T5	BECN1	3	1	1	0.333333	4080	1.23866
C3	R	healthy	T:T5	BLNK	3	0	0	0	4080	0
C3	R	healthy	T:T5	BRD4	3	0	0	0	4080	0
C3	R	healthy	T:T5	CAT	3	0	0	0	4080	0
C3	R	healthy	T:T5	CD4	3	0	0	0	4080	0
C3	R	healthy	T:T5	CD86	3	0	0	0	4080	0
C3	R	healthy	T:T5	CREB1	3	2	2	0.666667	4080	1.77528
C3	R	healthy	T:T5	CTNNB1	3	1	1	0.333333	4080	1.23866
C3	R	healthy	T:T5	DNMT1	3	0	0	0	4080	0
C3	R	healthy	T:T5	FOXP3	3	0	0	0	4080	0
C3	R	healthy	T:T5	GABPA	3	0	0	0	4080	0
C3	R	healthy	T:T5	HIF1A	3	0	0	0	4080	0
C3	R	healthy	T:T5	HMOX1	3	0	0	0	4080	0
C3	R	healthy	T:T5	ICAM1	3	0	0	0	4080	0
C3	R	healthy	T:T5	IFNG	3	0	0	0	4080	0
C3	R	healthy	T:T5	IL15	3	0	0	0	4080	0
C3	R	healthy	T:T5	IL1B	3	0	0	0	4080	0
C3	R	healthy	T:T5	IL7	3	0	0	0	4080	0
C3	R	healthy	T:T5	ITGAM	3	0	0	0	4080	0
C3	R	healthy	T:T5	ITGAX	3	0	0	0	4080	0
C3	R	healthy	T:T5	JAK1	3	2	2	0.666667	4080	1.77528
C3	R	healthy	T:T5	LYZ	3	0	0	0	4080	0
C3	R	healthy	T:T5	MAFB	3	0	0	0	4080	0
C3	R	healthy	T:T5	MAP1LC3B	3	0	0	0	4080	0
C3	R	healthy	T:T5	MAPK14	3	1	1	0.333333	4080	1.23866
C3	R	healthy	T:T5	NFKB1	3	3	1	0.333333	4080	2.12261
C3	R	healthy	T:T5	NLRP3	3	0	0	0	4080	0
C3	R	healthy	T:T5	OSM	3	0	0	0	4080	0
C3	R	healthy	T:T5	PARP1	3	0	0	0	4080	0
C3	R	healthy	T:T5	PIAS1	3	0	0	0	4080	0
C3	R	healthy	T:T5	PKM	3	1	1	0.333333	4080	1.23866
C3	R	healthy	T:T5	PRKAA1	3	0	0	0	4080	0
C3	R	healthy	T:T5	PTGS2	3	0	0	0	4080	0
C3	R	healthy	T:T5	RELA	3	1	1	0.333333	4080	1.23866
C3	R	healthy	T:T5	SH3KBP1	3	1	1	0.333333	4080	1.23866
C3	R	healthy	T:T5	SMAD3	3	0	0	0	4080	0
C3	R	healthy	T:T5	SOD1	3	1	1	0.333333	4080	1.23866
C3	R	healthy	T:T5	STAT3	3	2	2	0.666667	4080	1.77528
C3	R	healthy	T:T5	STAT5A	3	0	0	0	4080	0
C3	R	healthy	T:T5	SYK	3	0	0	0	4080	0
C3	R	healthy	T:T5	TLR4	3	0	0	0	4080	0
C3	R	healthy	T:T5	TNF	3	3	1	0.333333	4080	2.12261
C3	R	healthy	T:T7	ACTA2	8	1	1	0.125	9177	0.737011
C3	R	healthy	T:T7	AHR	8	0	0	0	9177	0
C3	R	healthy	T:T7	AKT1	8	0	0	0	9177	0
C3	R	healthy	T:T7	ARNTL	8	1	1	0.125	9177	0.737011
C3	R	healthy	T:T7	BCL6	8	0	0	0	9177	0
C3	R	healthy	T:T7	BECN1	8	0	0	0	9177	0
C3	R	healthy	T:T7	BLNK	8	0	0	0	9177	0
C3	R	healthy	T:T7	BRD4	8	1	1	0.125	9177	0.737011
C3	R	healthy	T:T7	CAT	8	1	1	0.125	9177	0.737011
C3	R	healthy	T:T7	CD4	8	1	1	0.125	9177	0.737011
C3	R	healthy	T:T7	CD86	8	0	0	0	9177	0
C3	R	healthy	T:T7	CREB1	8	0	0	0	9177	0
C3	R	healthy	T:T7	CTNNB1	8	0	0	0	9177	0
C3	R	healthy	T:T7	DNMT1	8	0	0	0	9177	0
C3	R	healthy	T:T7	FOXP3	8	6	4	0.5	9177	2.01997
C3	R	healthy	T:T7	GABPA	8	0	0	0	9177	0
C3	R	healthy	T:T7	HIF1A	8	1	1	0.125	9177	0.737011
C3	R	healthy	T:T7	HMOX1	8	0	0	0	9177	0
C3	R	healthy	T:T7	ICAM1	8	0	0	0	9177	0
C3	R	healthy	T:T7	IFNG	8	0	0	0	9177	0
C3	R	healthy	T:T7	IL15	8	0	0	0	9177	0
C3	R	healthy	T:T7	IL1B	8	0	0	0	9177	0
C3	R	healthy	T:T7	IL7	8	0	0	0	9177	0
C3	R	healthy	T:T7	ITGAM	8	0	0	0	9177	0
C3	R	healthy	T:T7	ITGAX	8	0	0	0	9177	0
C3	R	healthy	T:T7	JAK1	8	3	2	0.25	9177	1.45139
C3	R	healthy	T:T7	LYZ	8	0	0	0	9177	0
C3	R	healthy	T:T7	MAFB	8	0	0	0	9177	0
C3	R	healthy	T:T7	MAP1LC3B	8	1	1	0.125	9177	0.737011
C3	R	healthy	T:T7	MAPK14	8	0	0	0	9177	0
C3	R	healthy	T:T7	NFKB1	8	1	1	0.125	9177	0.737011
C3	R	healthy	T:T7	NLRP3	8	0	0	0	9177	0
C3	R	healthy	T:T7	OSM	8	0	0	0	9177	0
C3	R	healthy	T:T7	PARP1	8	0	0	0	9177	0
C3	R	healthy	T:T7	PIAS1	8	0	0	0	9177	0
C3	R	healthy	T:T7	PKM	8	3	3	0.375	9177	1.45139
C3	R	healthy	T:T7	PRKAA1	8	1	1	0.125	9177	0.737011
C3	R	healthy	T:T7	PTGS2	8	0	0	0	9177	0
C3	R	healthy	T:T7	RELA	8	0	0	0	9177	0
C3	R	healthy	T:T7	SH3KBP1	8	2	2	0.25	9177	1.15668
C3	R	healthy	T:T7	SMAD3	8	1	1	0.125	9177	0.737011
C3	R	healthy	T:T7	SOD1	8	4	3	0.375	9177	1.67873
C3	R	healthy	T:T7	STAT3	8	4	3	0.375	9177	1.67873
C3	R	healthy	T:T7	STAT5A	8	0	0	0	9177	0
C3	R	healthy	T:T7	SYK	8	0	0	0	9177	0
C3	R	healthy	T:T7	TLR4	8	0	0	0	9177	0
C3	R	healthy	T:T7	TNF	8	0	0	0	9177	0
C3	R	healthy	T:T8	ACTA2	6	0	0	0	6370	0
C3	R	healthy	T:T8	AHR	6	0	0	0	6370	0
C3	R	healthy	T:T8	AKT1	6	0	0	0	6370	0
C3	R	healthy	T:T8	ARNTL	6	1	1	0.166667	6370	0.943851
C3	R	healthy	T:T8	BCL6	6	0	0	0	6370	0
C3	R	healthy	T:T8	BECN1	6	0	0	0	6370	0
C3	R	healthy	T:T8	BLNK	6	0	0	0	6370	0
C3	R	healthy	T:T8	BRD4	6	1	1	0.166667	6370	0.943851
C3	R	healthy	T:T8	CAT	6	0	0	0	6370	0
C3	R	healthy	T:T8	CD4	6	1	1	0.166667	6370	0.943851
C3	R	healthy	T:T8	CD86	6	0	0	0	6370	0
C3	R	healthy	T:T8	CREB1	6	1	1	0.166667	6370	0.943851
C3	R	healthy	T:T8	CTNNB1	6	0	0	0	6370	0
C3	R	healthy	T:T8	DNMT1	6	2	2	0.333333	6370	1.42063
C3	R	healthy	T:T8	FOXP3	6	0	0	0	6370	0
C3	R	healthy	T:T8	GABPA	6	0	0	0	6370	0
C3	R	healthy	T:T8	HIF1A	6	1	1	0.166667	6370	0.943851
C3	R	healthy	T:T8	HMOX1	6	0	0	0	6370	0
C3	R	healthy	T:T8	ICAM1	6	1	1	0.166667	6370	0.943851
C3	R	healthy	T:T8	IFNG	6	1	1	0.166667	6370	0.943851
C3	R	healthy	T:T8	IL15	6	0	0	0	6370	0
C3	R	healthy	T:T8	IL1B	6	0	0	0	6370	0
C3	R	healthy	T:T8	IL7	6	0	0	0	6370	0
C3	R	healthy	T:T8	ITGAM	6	0	0	0	6370	0
C3	R	healthy	T:T8	ITGAX	6	0	0	0	6370	0
C3	R	healthy	T:T8	JAK1	6	2	2	0.333333	6370	1.42063
C3	R	healthy	T:T8	LYZ	6	0	0	0	6370	0
C3	R	healthy	T:T8	MAFB	6	0	0	0	6370	0
C3	R	healthy	T:T8	MAP1LC3B	6	1	1	0.166667	6370	0.943851
C3	R	healthy	T:T8	MAPK14	6	0	0	0	6370	0
C3	R	healthy	T:T8	NFKB1	6	0	0	0	6370	0
C3	R	healthy	T:T8	NLRP3	6	0	0	0	6370	0
C3	R	healthy	T:T8	OSM	6	0	0	0	6370	0
C3	R	healthy	T:T8	PARP1	6	1	1	0.166667	6370	0.943851
C3	R	healthy	T:T8	PIAS1	6	2	1	0.166667	6370	1.42063
C3	R	healthy	T:T8	PKM	6	0	0	0	6370	0
C3	R	healthy	T:T8	PRKAA1	6	0	0	0	6370	0
C3	R	healthy	T:T8	PTGS2	6	0	0	0	6370	0
C3	R	healthy	T:T8	RELA	6	0	0	0	6370	0
C3	R	healthy	T:T8	SH3KBP1	6	2	2	0.333333	6370	1.42063
C3	R	healthy	T:T8	SMAD3	6	0	0	0	6370	0
C3	R	healthy	T:T8	SOD1	6	0	0	0	6370	0
C3	R	healthy	T:T8	STAT3	6	1	1	0.166667	6370	0.943851
C3	R	healthy	T:T8	STAT5A	6	0	0	0	6370	0
C3	R	healthy	T:T8	SYK	6	0	0	0	6370	0
C3	R	healthy	T:T8	TLR4	6	0	0	0	6370	0
C3	R	healthy	T:T8	TNF	6	3	2	0.333333	6370	1.74214
C3	R	healthy	T:T9	ACTA2	2	0	0	0	3141	0
C3	R	healthy	T:T9	AHR	2	0	0	0	3141	0
C3	R	healthy	T:T9	AKT1	2	0	0	0	3141	0
C3	R	healthy	T:T9	ARNTL	2	0	0	0	3141	0
C3	R	healthy	T:T9	BCL6	2	0	0	0	3141	0
C3	R	healthy	T:T9	BECN1	2	0	0	0	3141	0
C3	R	healthy	T:T9	BLNK	2	0	0	0	3141	0
C3	R	healthy	T:T9	BRD4	2	0	0	0	3141	0
C3	R	healthy	T:T9	CAT	2	1	1	0.5	3141	1.4312
C3	R	healthy	T:T9	CD4	2	0	0	0	3141	0
C3	R	healthy	T:T9	CD86	2	0	0	0	3141	0
C3	R	healthy	T:T9	CREB1	2	0	0	0	3141	0
C3	R	healthy	T:T9	CTNNB1	2	0	0	0	3141	0
C3	R	healthy	T:T9	DNMT1	2	0	0	0	3141	0
C3	R	healthy	T:T9	FOXP3	2	0	0	0	3141	0
C3	R	healthy	T:T9	GABPA	2	1	1	0.5	3141	1.4312
C3	R	healthy	T:T9	HIF1A	2	0	0	0	3141	0
C3	R	healthy	T:T9	HMOX1	2	0	0	0	3141	0
C3	R	healthy	T:T9	ICAM1	2	0	0	0	3141	0
C3	R	healthy	T:T9	IFNG	2	0	0	0	3141	0
C3	R	healthy	T:T9	IL15	2	0	0	0	3141	0
C3	R	healthy	T:T9	IL1B	2	0	0	0	3141	0
C3	R	healthy	T:T9	IL7	2	0	0	0	3141	0
C3	R	healthy	T:T9	ITGAM	2	0	0	0	3141	0
C3	R	healthy	T:T9	ITGAX	2	0	0	0	3141	0
C3	R	healthy	T:T9	JAK1	2	0	0	0	3141	0
C3	R	healthy	T:T9	LYZ	2	0	0	0	3141	0
C3	R	healthy	T:T9	MAFB	2	0	0	0	3141	0
C3	R	healthy	T:T9	MAP1LC3B	2	1	1	0.5	3141	1.4312
C3	R	healthy	T:T9	MAPK14	2	0	0	0	3141	0
C3	R	healthy	T:T9	NFKB1	2	0	0	0	3141	0
C3	R	healthy	T:T9	NLRP3	2	0	0	0	3141	0
C3	R	healthy	T:T9	OSM	2	0	0	0	3141	0
C3	R	healthy	T:T9	PARP1	2	0	0	0	3141	0
C3	R	healthy	T:T9	PIAS1	2	0	0	0	3141	0
C3	R	healthy	T:T9	PKM	2	1	1	0.5	3141	1.4312
C3	R	healthy	T:T9	PRKAA1	2	0	0	0	3141	0
C3	R	healthy	T:T9	PTGS2	2	0	0	0	3141	0
C3	R	healthy	T:T9	RELA	2	0	0	0	3141	0
C3	R	healthy	T:T9	SH3KBP1	2	1	1	0.5	3141	1.4312
C3	R	healthy	T:T9	SMAD3	2	0	0	0	3141	0
C3	R	healthy	T:T9	SOD1	2	0	0	0	3141	0
C3	R	healthy	T:T9	STAT3	2	0	0	0	3141	0
C3	R	healthy	T:T9	STAT5A	2	0	0	0	3141	0
C3	R	healthy	T:T9	SYK	2	0	0	0	3141	0
C3	R	healthy	T:T9	TLR4	2	0	0	0	3141	0
C3	R	healthy	T:T9	TNF	2	1	1	0.5	3141	1.4312
C3	R	healthy	unknown	ACTA2	1682	38	34	0.020214	2.75995e+06	0.128994
C3	R	healthy	unknown	AHR	1682	176	162	0.0963139	2.75995e+06	0.493288
C3	R	healthy	unknown	AKT1	1682	38	37	0.0219976	2.75995e+06	0.128994
C3	R	healthy	unknown	ARNTL	1682	71	71	0.0422117	2.75995e+06	0.228927
C3	R	healthy	unknown	BCL6	1682	23	23	0.0136742	2.75995e+06	0.080044
C3	R	healthy	unknown	BECN1	1682	93	89	0.0529132	2.75995e+06	0.2904
C3	R	healthy	unknown	BLNK	1682	21	21	0.0124851	2.75995e+06	0.0733325
C3	R	healthy	unknown	BRD4	1682	160	147	0.087396	2.75995e+06	0.457248
C3	R	healthy	unknown	CAT	1682	82	78	0.0463734	2.75995e+06	0.260136
C3	R	healthy	unknown	CD4	1682	121	111	0.0659929	2.75995e+06	0.363541
C3	R	healthy	unknown	CD86	1682	10	9	0.00535077	2.75995e+06	0.0355915
C3	R	healthy	unknown	CREB1	1682	93	89	0.0529132	2.75995e+06	0.2904
C3	R	healthy	unknown	CTNNB1	1682	108	103	0.0612366	2.75995e+06	0.330246
C3	R	healthy	unknown	DNMT1	1682	154	144	0.0856124	2.75995e+06	0.44339
C3	R	healthy	unknown	FOXP3	1682	20	14	0.00832342	2.75995e+06	0.0699597
C3	R	healthy	unknown	GABPA	1682	22	20	0.0118906	2.75995e+06	0.0766939
C3	R	healthy	unknown	HIF1A	1682	209	191	0.113555	2.75995e+06	0.563755
C3	R	healthy	unknown	HMOX1	1682	14	9	0.00535077	2.75995e+06	0.0494809
C3	R	healthy	unknown	ICAM1	1682	104	95	0.0564804	2.75995e+06	0.319775
C3	R	healthy	unknown	IFNG	1682	883	331	0.19679	2.75995e+06	1.43492
C3	R	healthy	unknown	IL15	1682	21	20	0.0118906	2.75995e+06	0.0733325
C3	R	healthy	unknown	IL1B	1682	44	9	0.00535077	2.75995e+06	0.147922
C3	R	healthy	unknown	IL7	1682	3	3	0.00178359	2.75995e+06	0.0108111
C3	R	healthy	unknown	ITGAM	1682	5	5	0.00297265	2.75995e+06	0.0179541
C3	R	healthy	unknown	ITGAX	1682	11	9	0.00535077	2.75995e+06	0.039082
C3	R	healthy	unknown	JAK1	1682	681	538	0.319857	2.75995e+06	1.24341
C3	R	healthy	unknown	LYZ	1682	332	16	0.00951249	2.75995e+06	0.789783
C3	R	healthy	unknown	MAFB	1682	14	12	0.00713436	2.75995e+06	0.0494809
C3	R	healthy	unknown	MAP1LC3B	1682	305	268	0.159334	2.75995e+06	0.744359
C3	R	healthy	unknown	MAPK14	1682	52	50	0.0297265	2.75995e+06	0.172615
C3	R	healthy	unknown	NFKB1	1682	231	188	0.111772	2.75995e+06	0.608118
C3	R	healthy	unknown	NLRP3	1682	42	38	0.0225922	2.75995e+06	0.141653
C3	R	healthy	unknown	OSM	1682	30	27	0.0160523	2.75995e+06	0.103186
C3	R	healthy	unknown	PARP1	1682	192	174	0.103448	2.75995e+06	0.528074
C3	R	healthy	unknown	PIAS1	1682	158	150	0.0891795	2.75995e+06	0.45265
C3	R	healthy	unknown	PKM	1682	451	363	0.215815	2.75995e+06	0.968536
C3	R	healthy	unknown	PRKAA1	1682	87	82	0.0487515	2.75995e+06	0.274006
C3	R	healthy	unknown	PTGS2	1682	14	10	0.0059453	2.75995e+06	0.0494809
C3	R	healthy	unknown	RELA	1682	106	102	0.0606421	2.75995e+06	0.325024
C3	R	healthy	unknown	SH3KBP1	1682	253	226	0.134364	2.75995e+06	0.650596
C3	R	healthy	unknown	SMAD3	1682	70	69	0.0410226	2.75995e+06	0.226041
C3	R	healthy	unknown	SOD1	1682	632	501	0.29786	2.75995e+06	1.19086
C3	R	healthy	unknown	STAT3	1682	521	416	0.247325	2.75995e+06	1.06046
C3	R	healthy	unknown	STAT5A	1682	58	58	0.0344828	2.75995e+06	0.190743
C3	R	healthy	unknown	SYK	1682	24	23	0.0136742	2.75995e+06	0.083383
C3	R	healthy	unknown	TLR4	1682	0	0	0	2.75995e+06	0
C3	R	healthy	unknown	TNF	1682	1447	606	0.360285	2.75995e+06	1.83144
C4	R	healthy	B	ACTA2	354	13	12	0.0338983	2.33739e+06	0.0541261
C4	R	healthy	B	AHR	354	48	42	0.118644	2.33739e+06	0.186776
C4	R	healthy	B	AKT1	354	16	16	0.0451977	2.33739e+06	0.0662113
C4	R	healthy	B	ARNTL	354	10	10	0.0282486	2.33739e+06	0.0418929
C4	R	healthy	B	BCL6	354	9	6	0.0169492	2.33739e+06	0.0377817
C4	R	healthy	B	BECN1	354	51	46	0.129944	2.33739e+06	0.197368
C4	R	healthy	B	BLNK	354	188	138	0.389831	2.33739e+06	0.590182
C4	R	healthy	B	BRD4	354	90	75	0.211864	2.33739e+06	0.325733
C4	R	healthy	B	CAT	354	36	33	0.0932203	2.33739e+06	0.14325
C4	R	healthy	B	CD4	354	1	1	0.00282486	2.33739e+06	0.00426916
C4	R	healthy	B	CD86	354	28	26	0.0734463	2.33739e+06	0.113143
C4	R	healthy	B	CREB1	354	62	53	0.149718	2.33739e+06	0.235272
C4	R	healthy	B	CTNNB1	354	68	63	0.177966	2.33739e+06	0.255358
C4	R	healthy	B	DNMT1	354	38	34	0.0960452	2.33739e+06	0.150637
C4	R	healthy	B	FOXP3	354	0	0	0	2.33739e+06	0
C4	R	healthy	B	GABPA	354	23	23	0.0649718	2.33739e+06	0.093855
C4	R	healthy	B	HIF1A	354	170	109	0.30791	2.33739e+06	0.546564
C4	R	healthy	B	HMOX1	354	4	4	0.0112994	2.33739e+06	0.0169683
C4	R	healthy	B	ICAM1	354	103	78	0.220339	2.33739e+06	0.365103
C4	R	healthy	B	IFNG	354	4	4	0.0112994	2.33739e+06	0.0169683
C4	R	healthy	B	IL15	354	35	32	0.0903955	2.33739e+06	0.139536
C4	R	healthy	B	IL1B	354	1	1	0.00282486	2.33739e+06	0.00426916
C4	R	healthy	B	IL7	354	15	15	0.0423729	2.33739e+06	0.0621991
C4	R	healthy	B	ITGAM	354	19	17	0.0480226	2.33739e+06	0.0781523
C4	R	healthy	B	ITGAX	354	9	8	0.0225989	2.33739e+06	0.0377817
C4	R	healthy	B	JAK1	354	290	179	0.50565	2.33739e+06	0.806789
C4	R	healthy	B	LYZ	354	0	0	0	2.33739e+06	0
C4	R	healthy	B	MAFB	354	0	0	0	2.33739e+06	0
C4	R	healthy	B	MAP1LC3B	354	397	209	0.590395	2.33739e+06	0.992688
C4	R	healthy	B	MAPK14	354	26	26	0.0734463	2.33739e+06	0.105472
C4	R	healthy	B	NFKB1	354	106	79	0.223164	2.33739e+06	0.373973
C4	R	healthy	B	NLRP3	354	1	1	0.00282486	2.33739e+06	0.00426916
C4	R	healthy	B	OSM	354	3	2	0.00564972	2.33739e+06	0.0127532
C4	R	healthy	B	PARP1	354	267	184	0.519774	2.33739e+06	0.761881
C4	R	healthy	B	PIAS1	354	150	126	0.355932	2.33739e+06	0.495758
C4	R	healthy	B	PKM	354	190	141	0.398305	2.33739e+06	0.594913
C4	R	healthy	B	PRKAA1	354	43	39	0.110169	2.33739e+06	0.16887
C4	R	healthy	B	PTGS2	354	2	1	0.00282486	2.33739e+06	0.00852016
C4	R	healthy	B	RELA	354	45	41	0.115819	2.33739e+06	0.176071
C4	R	healthy	B	SH3KBP1	354	96	76	0.214689	2.33739e+06	0.344097
C4	R	healthy	B	SMAD3	354	29	27	0.0762712	2.33739e+06	0.116956
C4	R	healthy	B	SOD1	354	246	173	0.488701	2.33739e+06	0.719038
C4	R	healthy	B	STAT3	354	160	126	0.355932	2.33739e+06	0.521484
C4	R	healthy	B	STAT5A	354	23	23	0.0649718	2.33739e+06	0.093855
C4	R	healthy	B	SYK	354	120	91	0.257062	2.33739e+06	0.414355
C4	R	healthy	B	TLR4	354	1	1	0.00282486	2.33739e+06	0.00426916
C4	R	healthy	B	TNF	354	123	42	0.118644	2.33739e+06	0.4228
C4	R	healthy	B:B1	ACTA2	7	1	1	0.142857	60327	0.153376
C4	R	healthy	B:B1	AHR	7	0	0	0	60327	0
C4	R	healthy	B:B1	AKT1	7	0	0	0	60327	0
C4	R	healthy	B:B1	ARNTL	7	0	0	0	60327	0
C4	R	healthy	B:B1	BCL6	7	0	0	0	60327	0
C4	R	healthy	B:B1	BECN1	7	1	1	0.142857	60327	0.153376
C4	R	healthy	B:B1	BLNK	7	5	3	0.428571	60327	0.603669
C4	R	healthy	B:B1	BRD4	7	1	1	0.142857	60327	0.153376
C4	R	healthy	B:B1	CAT	7	1	1	0.142857	60327	0.153376
C4	R	healthy	B:B1	CD4	7	0	0	0	60327	0
C4	R	healthy	B:B1	CD86	7	0	0	0	60327	0
C4	R	healthy	B:B1	CREB1	7	1	1	0.142857	60327	0.153376
C4	R	healthy	B:B1	CTNNB1	7	1	1	0.142857	60327	0.153376
C4	R	healthy	B:B1	DNMT1	7	2	1	0.142857	60327	0.286326
C4	R	healthy	B:B1	FOXP3	7	0	0	0	60327	0
C4	R	healthy	B:B1	GABPA	7	0	0	0	60327	0
C4	R	healthy	B:B1	HIF1A	7	2	2	0.285714	60327	0.286326
C4	R	healthy	B:B1	HMOX1	7	0	0	0	60327	0
C4	R	healthy	B:B1	ICAM1	7	3	3	0.428571	60327	0.403657
C4	R	healthy	B:B1	IFNG	7	0	0	0	60327	0
C4	R	healthy	B:B1	IL15	7	1	1	0.142857	60327	0.153376
C4	R	healthy	B:B1	IL1B	7	0	0	0	60327	0
C4	R	healthy	B:B1	IL7	7	0	0	0	60327	0
C4	R	healthy	B:B1	ITGAM	7	0	0	0	60327	0
C4	R	healthy	B:B1	ITGAX	7	0	0	0	60327	0
C4	R	healthy	B:B1	JAK1	7	2	2	0.285714	60327	0.286326
C4	R	healthy	B:B1	LYZ	7	0	0	0	60327	0
C4	R	healthy	B:B1	MAFB	7	0	0	0	60327	0
C4	R	healthy	B:B1	MAP1LC3B	7	9	5	0.714286	60327	0.913033
C4	R	healthy	B:B1	MAPK14	7	1	1	0.142857	60327	0.153376
C4	R	healthy	B:B1	NFKB1	7	1	1	0.142857	60327	0.153376
C4	R	healthy	B:B1	NLRP3	7	0	0	0	60327	0
C4	R	healthy	B:B1	OSM	7	0	0	0	60327	0
C4	R	healthy	B:B1	PARP1	7	6	5	0.714286	60327	0.690433
C4	R	healthy	B:B1	PIAS1	7	3	2	0.285714	60327	0.403657
C4	R	healthy	B:B1	PKM	7	3	3	0.428571	60327	0.403657
C4	R	healthy	B:B1	PRKAA1	7	1	1	0.142857	60327	0.153376
C4	R	healthy	B:B1	PTGS2	7	0	0	0	60327	0
C4	R	healthy	B:B1	RELA	7	1	1	0.142857	60327	0.153376
C4	R	healthy	B:B1	SH3KBP1	7	1	1	0.142857	60327	0.153376
C4	R	healthy	B:B1	SMAD3	7	0	0	0	60327	0
C4	R	healthy	B:B1	SOD1	7	5	3	0.428571	60327	0.603669
C4	R	healthy	B:B1	STAT3	7	7	3	0.428571	60327	0.770267
C4	R	healthy	B:B1	STAT5A	7	0	0	0	60327	0
C4	R	healthy	B:B1	SYK	7	1	1	0.142857	60327	0.153376
C4	R	healthy	B:B1	TLR4	7	0	0	0	60327	0
C4	R	healthy	B:B1	TNF	7	2	1	0.142857	60327	0.286326
C4	R	healthy	B:B10	ACTA2	7	0	0	0	61146	0
C4	R	healthy	B:B10	AHR	7	0	0	0	61146	0
C4	R	healthy	B:B10	AKT1	7	0	0	0	61146	0
C4	R	healthy	B:B10	ARNTL	7	0	0	0	61146	0
C4	R	healthy	B:B10	BCL6	7	0	0	0	61146	0
C4	R	healthy	B:B10	BECN1	7	0	0	0	61146	0
C4	R	healthy	B:B10	BLNK	7	2	2	0.285714	61146	0.282986
C4	R	healthy	B:B10	BRD4	7	2	2	0.285714	61146	0.282986
C4	R	healthy	B:B10	CAT	7	0	0	0	61146	0
C4	R	healthy	B:B10	CD4	7	0	0	0	61146	0
C4	R	healthy	B:B10	CD86	7	0	0	0	61146	0
C4	R	healthy	B:B10	CREB1	7	0	0	0	61146	0
C4	R	healthy	B:B10	CTNNB1	7	0	0	0	61146	0
C4	R	healthy	B:B10	DNMT1	7	1	1	0.142857	61146	0.15147
C4	R	healthy	B:B10	FOXP3	7	0	0	0	61146	0
C4	R	healthy	B:B10	GABPA	7	0	0	0	61146	0
C4	R	healthy	B:B10	HIF1A	7	0	0	0	61146	0
C4	R	healthy	B:B10	HMOX1	7	0	0	0	61146	0
C4	R	healthy	B:B10	ICAM1	7	4	3	0.428571	61146	0.503301
C4	R	healthy	B:B10	IFNG	7	0	0	0	61146	0
C4	R	healthy	B:B10	IL15	7	0	0	0	61146	0
C4	R	healthy	B:B10	IL1B	7	0	0	0	61146	0
C4	R	healthy	B:B10	IL7	7	0	0	0	61146	0
C4	R	healthy	B:B10	ITGAM	7	0	0	0	61146	0
C4	R	healthy	B:B10	ITGAX	7	0	0	0	61146	0
C4	R	healthy	B:B10	JAK1	7	2	2	0.285714	61146	0.282986
C4	R	healthy	B:B10	LYZ	7	0	0	0	61146	0
C4	R	healthy	B:B10	MAFB	7	0	0	0	61146	0
C4	R	healthy	B:B10	MAP1LC3B	7	3	1	0.142857	61146	0.399198
C4	R	healthy	B:B10	MAPK14	7	1	1	0.142857	61146	0.15147
C4	R	healthy	B:B10	NFKB1	7	0	0	0	61146	0
C4	R	healthy	B:B10	NLRP3	7	0	0	0	61146	0
C4	R	healthy	B:B10	OSM	7	0	0	0	61146	0
C4	R	healthy	B:B10	PARP1	7	6	4	0.571429	61146	0.683732
C4	R	healthy	B:B10	PIAS1	7	2	2	0.285714	61146	0.282986
C4	R	healthy	B:B10	PKM	7	3	2	0.285714	61146	0.399198
C4	R	healthy	B:B10	PRKAA1	7	1	1	0.142857	61146	0.15147
C4	R	healthy	B:B10	PTGS2	7	0	0	0	61146	0
C4	R	healthy	B:B10	RELA	7	1	1	0.142857	61146	0.15147
C4	R	healthy	B:B10	SH3KBP1	7	2	2	0.285714	61146	0.282986
C4	R	healthy	B:B10	SMAD3	7	0	0	0	61146	0
C4	R	healthy	B:B10	SOD1	7	3	3	0.428571	61146	0.399198
C4	R	healthy	B:B10	STAT3	7	1	1	0.142857	61146	0.15147
C4	R	healthy	B:B10	STAT5A	7	2	2	0.285714	61146	0.282986
C4	R	healthy	B:B10	SYK	7	0	0	0	61146	0
C4	R	healthy	B:B10	TLR4	7	0	0	0	61146	0
C4	R	healthy	B:B10	TNF	7	0	0	0	61146	0
C4	R	healthy	B:B11	ACTA2	8	2	1	0.125	105611	0.173427
C4	R	healthy	B:B11	AHR	8	1	1	0.125	105611	0.0904686
C4	R	healthy	B:B11	AKT1	8	1	1	0.125	105611	0.0904686
C4	R	healthy	B:B11	ARNTL	8	0	0	0	105611	0
C4	R	healthy	B:B11	BCL6	8	0	0	0	105611	0
C4	R	healthy	B:B11	BECN1	8	1	1	0.125	105611	0.0904686
C4	R	healthy	B:B11	BLNK	8	7	4	0.5	105611	0.508509
C4	R	healthy	B:B11	BRD4	8	2	2	0.25	105611	0.173427
C4	R	healthy	B:B11	CAT	8	0	0	0	105611	0
C4	R	healthy	B:B11	CD4	8	0	0	0	105611	0
C4	R	healthy	B:B11	CD86	8	2	1	0.125	105611	0.173427
C4	R	healthy	B:B11	CREB1	8	0	0	0	105611	0
C4	R	healthy	B:B11	CTNNB1	8	2	2	0.25	105611	0.173427
C4	R	healthy	B:B11	DNMT1	8	2	2	0.25	105611	0.173427
C4	R	healthy	B:B11	FOXP3	8	0	0	0	105611	0
C4	R	healthy	B:B11	GABPA	8	0	0	0	105611	0
C4	R	healthy	B:B11	HIF1A	8	1	1	0.125	105611	0.0904686
C4	R	healthy	B:B11	HMOX1	8	1	1	0.125	105611	0.0904686
C4	R	healthy	B:B11	ICAM1	8	0	0	0	105611	0
C4	R	healthy	B:B11	IFNG	8	0	0	0	105611	0
C4	R	healthy	B:B11	IL15	8	1	1	0.125	105611	0.0904686
C4	R	healthy	B:B11	IL1B	8	0	0	0	105611	0
C4	R	healthy	B:B11	IL7	8	0	0	0	105611	0
C4	R	healthy	B:B11	ITGAM	8	0	0	0	105611	0
C4	R	healthy	B:B11	ITGAX	8	0	0	0	105611	0
C4	R	healthy	B:B11	JAK1	8	6	4	0.5	105611	0.449879
C4	R	healthy	B:B11	LYZ	8	0	0	0	105611	0
C4	R	healthy	B:B11	MAFB	8	0	0	0	105611	0
C4	R	healthy	B:B11	MAP1LC3B	8	2	2	0.25	105611	0.173427
C4	R	healthy	B:B11	MAPK14	8	0	0	0	105611	0
C4	R	healthy	B:B11	NFKB1	8	5	4	0.5	105611	0.387597
C4	R	healthy	B:B11	NLRP3	8	0	0	0	105611	0
C4	R	healthy	B:B11	OSM	8	0	0	0	105611	0
C4	R	healthy	B:B11	PARP1	8	13	6	0.75	105611	0.80242
C4	R	healthy	B:B11	PIAS1	8	5	4	0.5	105611	0.387597
C4	R	healthy	B:B11	PKM	8	10	5	0.625	105611	0.666224
C4	R	healthy	B:B11	PRKAA1	8	1	1	0.125	105611	0.0904686
C4	R	healthy	B:B11	PTGS2	8	0	0	0	105611	0
C4	R	healthy	B:B11	RELA	8	1	1	0.125	105611	0.0904686
C4	R	healthy	B:B11	SH3KBP1	8	1	1	0.125	105611	0.0904686
C4	R	healthy	B:B11	SMAD3	8	0	0	0	105611	0
C4	R	healthy	B:B11	SOD1	8	8	6	0.75	105611	0.563891
C4	R	healthy	B:B11	STAT3	8	3	3	0.375	105611	0.250028
C4	R	healthy	B:B11	STAT5A	8	1	1	0.125	105611	0.0904686
C4	R	healthy	B:B11	SYK	8	1	1	0.125	105611	0.0904686
C4	R	healthy	B:B11	TLR4	8	0	0	0	105611	0
C4	R	healthy	B:B11	TNF	8	0	0	0	105611	0
C4	R	healthy	B:B12	ACTA2	26	0	0	0	222102	0
C4	R	healthy	B:B12	AHR	26	4	3	0.115385	222102	0.165597
C4	R	healthy	B:B12	AKT1	26	2	2	0.0769231	222102	0.0862224
C4	R	healthy	B:B12	ARNTL	26	1	1	0.0384615	222102	0.0440402
C4	R	healthy	B:B12	BCL6	26	0	0	0	222102	0
C4	R	healthy	B:B12	BECN1	26	3	3	0.115385	222102	0.126697
C4	R	healthy	B:B12	BLNK	26	18	12	0.461538	222102	0.593569
C4	R	healthy	B:B12	BRD4	26	8	6	0.230769	222102	0.307628
C4	R	healthy	B:B12	CAT	26	2	1	0.0384615	222102	0.0862224
C4	R	healthy	B:B12	CD4	26	0	0	0	222102	0
C4	R	healthy	B:B12	CD86	26	2	2	0.0769231	222102	0.0862224
C4	R	healthy	B:B12	CREB1	26	5	4	0.153846	222102	0.20304
C4	R	healthy	B:B12	CTNNB1	26	3	3	0.115385	222102	0.126697
C4	R	healthy	B:B12	DNMT1	26	1	1	0.0384615	222102	0.0440402
C4	R	healthy	B:B12	FOXP3	26	0	0	0	222102	0
C4	R	healthy	B:B12	GABPA	26	1	1	0.0384615	222102	0.0440402
C4	R	healthy	B:B12	HIF1A	26	4	4	0.153846	222102	0.165597
C4	R	healthy	B:B12	HMOX1	26	0	0	0	222102	0
C4	R	healthy	B:B12	ICAM1	26	6	4	0.153846	222102	0.239132
C4	R	healthy	B:B12	IFNG	26	0	0	0	222102	0
C4	R	healthy	B:B12	IL15	26	3	3	0.115385	222102	0.126697
C4	R	healthy	B:B12	IL1B	26	0	0	0	222102	0
C4	R	healthy	B:B12	IL7	26	0	0	0	222102	0
C4	R	healthy	B:B12	ITGAM	26	0	0	0	222102	0
C4	R	healthy	B:B12	ITGAX	26	0	0	0	222102	0
C4	R	healthy	B:B12	JAK1	26	14	10	0.384615	222102	0.488789
C4	R	healthy	B:B12	LYZ	26	0	0	0	222102	0
C4	R	healthy	B:B12	MAFB	26	0	0	0	222102	0
C4	R	healthy	B:B12	MAP1LC3B	26	22	13	0.5	222102	0.688404
C4	R	healthy	B:B12	MAPK14	26	2	2	0.0769231	222102	0.0862224
C4	R	healthy	B:B12	NFKB1	26	5	3	0.115385	222102	0.20304
C4	R	healthy	B:B12	NLRP3	26	0	0	0	222102	0
C4	R	healthy	B:B12	OSM	26	0	0	0	222102	0
C4	R	healthy	B:B12	PARP1	26	14	12	0.461538	222102	0.488789
C4	R	healthy	B:B12	PIAS1	26	12	9	0.346154	222102	0.431972
C4	R	healthy	B:B12	PKM	26	9	7	0.269231	222102	0.340193
C4	R	healthy	B:B12	PRKAA1	26	4	4	0.153846	222102	0.165597
C4	R	healthy	B:B12	PTGS2	26	0	0	0	222102	0
C4	R	healthy	B:B12	RELA	26	3	2	0.0769231	222102	0.126697
C4	R	healthy	B:B12	SH3KBP1	26	3	3	0.115385	222102	0.126697
C4	R	healthy	B:B12	SMAD3	26	0	0	0	222102	0
C4	R	healthy	B:B12	SOD1	26	19	15	0.576923	222102	0.618134
C4	R	healthy	B:B12	STAT3	26	8	7	0.269231	222102	0.307628
C4	R	healthy	B:B12	STAT5A	26	0	0	0	222102	0
C4	R	healthy	B:B12	SYK	26	7	5	0.192308	222102	0.273966
C4	R	healthy	B:B12	TLR4	26	0	0	0	222102	0
C4	R	healthy	B:B12	TNF	26	3	1	0.0384615	222102	0.126697
C4	R	healthy	B:B13	ACTA2	10	1	1	0.1	94005	0.101091
C4	R	healthy	B:B13	AHR	10	1	1	0.1	94005	0.101091
C4	R	healthy	B:B13	AKT1	10	1	1	0.1	94005	0.101091
C4	R	healthy	B:B13	ARNTL	10	0	0	0	94005	0
C4	R	healthy	B:B13	BCL6	10	0	0	0	94005	0
C4	R	healthy	B:B13	BECN1	10	0	0	0	94005	0
C4	R	healthy	B:B13	BLNK	10	7	4	0.4	94005	0.556549
C4	R	healthy	B:B13	BRD4	10	6	4	0.4	94005	0.493637
C4	R	healthy	B:B13	CAT	10	0	0	0	94005	0
C4	R	healthy	B:B13	CD4	10	0	0	0	94005	0
C4	R	healthy	B:B13	CD86	10	1	1	0.1	94005	0.101091
C4	R	healthy	B:B13	CREB1	10	2	2	0.2	94005	0.192894
C4	R	healthy	B:B13	CTNNB1	10	2	2	0.2	94005	0.192894
C4	R	healthy	B:B13	DNMT1	10	1	1	0.1	94005	0.101091
C4	R	healthy	B:B13	FOXP3	10	0	0	0	94005	0
C4	R	healthy	B:B13	GABPA	10	0	0	0	94005	0
C4	R	healthy	B:B13	HIF1A	10	1	1	0.1	94005	0.101091
C4	R	healthy	B:B13	HMOX1	10	0	0	0	94005	0
C4	R	healthy	B:B13	ICAM1	10	5	2	0.2	94005	0.4265
C4	R	healthy	B:B13	IFNG	10	0	0	0	94005	0
C4	R	healthy	B:B13	IL15	10	3	3	0.3	94005	0.276974
C4	R	healthy	B:B13	IL1B	10	0	0	0	94005	0
C4	R	healthy	B:B13	IL7	10	0	0	0	94005	0
C4	R	healthy	B:B13	ITGAM	10	0	0	0	94005	0
C4	R	healthy	B:B13	ITGAX	10	0	0	0	94005	0
C4	R	healthy	B:B13	JAK1	10	8	5	0.5	94005	0.615736
C4	R	healthy	B:B13	LYZ	10	0	0	0	94005	0
C4	R	healthy	B:B13	MAFB	10	0	0	0	94005	0
C4	R	healthy	B:B13	MAP1LC3B	10	18	6	0.6	94005	1.0698
C4	R	healthy	B:B13	MAPK14	10	0	0	0	94005	0
C4	R	healthy	B:B13	NFKB1	10	1	1	0.1	94005	0.101091
C4	R	healthy	B:B13	NLRP3	10	0	0	0	94005	0
C4	R	healthy	B:B13	OSM	10	0	0	0	94005	0
C4	R	healthy	B:B13	PARP1	10	8	4	0.4	94005	0.615736
C4	R	healthy	B:B13	PIAS1	10	2	2	0.2	94005	0.192894
C4	R	healthy	B:B13	PKM	10	3	3	0.3	94005	0.276974
C4	R	healthy	B:B13	PRKAA1	10	2	2	0.2	94005	0.192894
C4	R	healthy	B:B13	PTGS2	10	0	0	0	94005	0
C4	R	healthy	B:B13	RELA	10	0	0	0	94005	0
C4	R	healthy	B:B13	SH3KBP1	10	4	1	0.1	94005	0.354529
C4	R	healthy	B:B13	SMAD3	10	0	0	0	94005	0
C4	R	healthy	B:B13	SOD1	10	5	5	0.5	94005	0.4265
C4	R	healthy	B:B13	STAT3	10	3	3	0.3	94005	0.276974
C4	R	healthy	B:B13	STAT5A	10	3	3	0.3	94005	0.276974
C4	R	healthy	B:B13	SYK	10	2	2	0.2	94005	0.192894
C4	R	healthy	B:B13	TLR4	10	0	0	0	94005	0
C4	R	healthy	B:B13	TNF	10	0	0	0	94005	0
C4	R	healthy	B:B14	ACTA2	6	0	0	0	54928	0
C4	R	healthy	B:B14	AHR	6	0	0	0	54928	0
C4	R	healthy	B:B14	AKT1	6	0	0	0	54928	0
C4	R	healthy	B:B14	ARNTL	6	1	1	0.166667	54928	0.167256
C4	R	healthy	B:B14	BCL6	6	0	0	0	54928	0
C4	R	healthy	B:B14	BECN1	6	0	0	0	54928	0
C4	R	healthy	B:B14	BLNK	6	2	1	0.166667	54928	0.310504
C4	R	healthy	B:B14	BRD4	6	1	1	0.166667	54928	0.167256
C4	R	healthy	B:B14	CAT	6	0	0	0	54928	0
C4	R	healthy	B:B14	CD4	6	0	0	0	54928	0
C4	R	healthy	B:B14	CD86	6	1	1	0.166667	54928	0.167256
C4	R	healthy	B:B14	CREB1	6	1	1	0.166667	54928	0.167256
C4	R	healthy	B:B14	CTNNB1	6	2	2	0.333333	54928	0.310504
C4	R	healthy	B:B14	DNMT1	6	0	0	0	54928	0
C4	R	healthy	B:B14	FOXP3	6	0	0	0	54928	0
C4	R	healthy	B:B14	GABPA	6	0	0	0	54928	0
C4	R	healthy	B:B14	HIF1A	6	2	1	0.166667	54928	0.310504
C4	R	healthy	B:B14	HMOX1	6	0	0	0	54928	0
C4	R	healthy	B:B14	ICAM1	6	1	1	0.166667	54928	0.167256
C4	R	healthy	B:B14	IFNG	6	1	1	0.166667	54928	0.167256
C4	R	healthy	B:B14	IL15	6	0	0	0	54928	0
C4	R	healthy	B:B14	IL1B	6	0	0	0	54928	0
C4	R	healthy	B:B14	IL7	6	0	0	0	54928	0
C4	R	healthy	B:B14	ITGAM	6	0	0	0	54928	0
C4	R	healthy	B:B14	ITGAX	6	0	0	0	54928	0
C4	R	healthy	B:B14	JAK1	6	7	3	0.5	54928	0.821714
C4	R	healthy	B:B14	LYZ	6	0	0	0	54928	0
C4	R	healthy	B:B14	MAFB	6	0	0	0	54928	0
C4	R	healthy	B:B14	MAP1LC3B	6	9	3	0.5	54928	0.970214
C4	R	healthy	B:B14	MAPK14	6	0	0	0	54928	0
C4	R	healthy	B:B14	NFKB1	6	4	2	0.333333	54928	0.547095
C4	R	healthy	B:B14	NLRP3	6	0	0	0	54928	0
C4	R	healthy	B:B14	OSM	6	0	0	0	54928	0
C4	R	healthy	B:B14	PARP1	6	8	5	0.833333	54928	0.898718
C4	R	healthy	B:B14	PIAS1	6	3	3	0.5	54928	0.435781
C4	R	healthy	B:B14	PKM	6	4	4	0.666667	54928	0.547095
C4	R	healthy	B:B14	PRKAA1	6	1	1	0.166667	54928	0.167256
C4	R	healthy	B:B14	PTGS2	6	0	0	0	54928	0
C4	R	healthy	B:B14	RELA	6	1	1	0.166667	54928	0.167256
C4	R	healthy	B:B14	SH3KBP1	6	1	1	0.166667	54928	0.167256
C4	R	healthy	B:B14	SMAD3	6	0	0	0	54928	0
C4	R	healthy	B:B14	SOD1	6	10	5	0.833333	54928	1.03694
C4	R	healthy	B:B14	STAT3	6	2	1	0.166667	54928	0.310504
C4	R	healthy	B:B14	STAT5A	6	0	0	0	54928	0
C4	R	healthy	B:B14	SYK	6	2	2	0.333333	54928	0.310504
C4	R	healthy	B:B14	TLR4	6	0	0	0	54928	0
C4	R	healthy	B:B14	TNF	6	0	0	0	54928	0
C4	R	healthy	B:B15	ACTA2	5	1	1	0.2	57332	0.160777
C4	R	healthy	B:B15	AHR	5	1	1	0.2	57332	0.160777
C4	R	healthy	B:B15	AKT1	5	0	0	0	57332	0
C4	R	healthy	B:B15	ARNTL	5	0	0	0	57332	0
C4	R	healthy	B:B15	BCL6	5	0	0	0	57332	0
C4	R	healthy	B:B15	BECN1	5	0	0	0	57332	0
C4	R	healthy	B:B15	BLNK	5	1	1	0.2	57332	0.160777
C4	R	healthy	B:B15	BRD4	5	0	0	0	57332	0
C4	R	healthy	B:B15	CAT	5	0	0	0	57332	0
C4	R	healthy	B:B15	CD4	5	0	0	0	57332	0
C4	R	healthy	B:B15	CD86	5	0	0	0	57332	0
C4	R	healthy	B:B15	CREB1	5	1	1	0.2	57332	0.160777
C4	R	healthy	B:B15	CTNNB1	5	2	1	0.2	57332	0.299249
C4	R	healthy	B:B15	DNMT1	5	1	1	0.2	57332	0.160777
C4	R	healthy	B:B15	FOXP3	5	0	0	0	57332	0
C4	R	healthy	B:B15	GABPA	5	1	1	0.2	57332	0.160777
C4	R	healthy	B:B15	HIF1A	5	1	1	0.2	57332	0.160777
C4	R	healthy	B:B15	HMOX1	5	0	0	0	57332	0
C4	R	healthy	B:B15	ICAM1	5	1	1	0.2	57332	0.160777
C4	R	healthy	B:B15	IFNG	5	0	0	0	57332	0
C4	R	healthy	B:B15	IL15	5	0	0	0	57332	0
C4	R	healthy	B:B15	IL1B	5	0	0	0	57332	0
C4	R	healthy	B:B15	IL7	5	0	0	0	57332	0
C4	R	healthy	B:B15	ITGAM	5	0	0	0	57332	0
C4	R	healthy	B:B15	ITGAX	5	0	0	0	57332	0
C4	R	healthy	B:B15	JAK1	5	4	3	0.6	57332	0.529269
C4	R	healthy	B:B15	LYZ	5	0	0	0	57332	0
C4	R	healthy	B:B15	MAFB	5	0	0	0	57332	0
C4	R	healthy	B:B15	MAP1LC3B	5	11	4	0.8	57332	1.07112
C4	R	healthy	B:B15	MAPK14	5	1	1	0.2	57332	0.160777
C4	R	healthy	B:B15	NFKB1	5	0	0	0	57332	0
C4	R	healthy	B:B15	NLRP3	5	0	0	0	57332	0
C4	R	healthy	B:B15	OSM	5	0	0	0	57332	0
C4	R	healthy	B:B15	PARP1	5	7	4	0.8	57332	0.797939
C4	R	healthy	B:B15	PIAS1	5	0	0	0	57332	0
C4	R	healthy	B:B15	PKM	5	4	3	0.6	57332	0.529269
C4	R	healthy	B:B15	PRKAA1	5	2	1	0.2	57332	0.299249
C4	R	healthy	B:B15	PTGS2	5	0	0	0	57332	0
C4	R	healthy	B:B15	RELA	5	0	0	0	57332	0
C4	R	healthy	B:B15	SH3KBP1	5	3	1	0.2	57332	0.420858
C4	R	healthy	B:B15	SMAD3	5	0	0	0	57332	0
C4	R	healthy	B:B15	SOD1	5	6	4	0.8	57332	0.716149
C4	R	healthy	B:B15	STAT3	5	2	2	0.4	57332	0.299249
C4	R	healthy	B:B15	STAT5A	5	0	0	0	57332	0
C4	R	healthy	B:B15	SYK	5	1	1	0.2	57332	0.160777
C4	R	healthy	B:B15	TLR4	5	0	0	0	57332	0
C4	R	healthy	B:B15	TNF	5	0	0	0	57332	0
C4	R	healthy	B:B16	ACTA2	1	0	0	0	7519	0
C4	R	healthy	B:B16	AHR	1	0	0	0	7519	0
C4	R	healthy	B:B16	AKT1	1	0	0	0	7519	0
C4	R	healthy	B:B16	ARNTL	1	0	0	0	7519	0
C4	R	healthy	B:B16	BCL6	1	0	0	0	7519	0
C4	R	healthy	B:B16	BECN1	1	0	0	0	7519	0
C4	R	healthy	B:B16	BLNK	1	0	0	0	7519	0
C4	R	healthy	B:B16	BRD4	1	0	0	0	7519	0
C4	R	healthy	B:B16	CAT	1	0	0	0	7519	0
C4	R	healthy	B:B16	CD4	1	0	0	0	7519	0
C4	R	healthy	B:B16	CD86	1	0	0	0	7519	0
C4	R	healthy	B:B16	CREB1	1	0	0	0	7519	0
C4	R	healthy	B:B16	CTNNB1	1	0	0	0	7519	0
C4	R	healthy	B:B16	DNMT1	1	0	0	0	7519	0
C4	R	healthy	B:B16	FOXP3	1	0	0	0	7519	0
C4	R	healthy	B:B16	GABPA	1	0	0	0	7519	0
C4	R	healthy	B:B16	HIF1A	1	0	0	0	7519	0
C4	R	healthy	B:B16	HMOX1	1	0	0	0	7519	0
C4	R	healthy	B:B16	ICAM1	1	0	0	0	7519	0
C4	R	healthy	B:B16	IFNG	1	0	0	0	7519	0
C4	R	healthy	B:B16	IL15	1	0	0	0	7519	0
C4	R	healthy	B:B16	IL1B	1	0	0	0	7519	0
C4	R	healthy	B:B16	IL7	1	0	0	0	7519	0
C4	R	healthy	B:B16	ITGAM	1	0	0	0	7519	0
C4	R	healthy	B:B16	ITGAX	1	0	0	0	7519	0
C4	R	healthy	B:B16	JAK1	1	0	0	0	7519	0
C4	R	healthy	B:B16	LYZ	1	0	0	0	7519	0
C4	R	healthy	B:B16	MAFB	1	0	0	0	7519	0
C4	R	healthy	B:B16	MAP1LC3B	1	1	1	1	7519	0.845853
C4	R	healthy	B:B16	MAPK14	1	0	0	0	7519	0
C4	R	healthy	B:B16	NFKB1	1	0	0	0	7519	0
C4	R	healthy	B:B16	NLRP3	1	0	0	0	7519	0
C4	R	healthy	B:B16	OSM	1	0	0	0	7519	0
C4	R	healthy	B:B16	PARP1	1	2	1	1	7519	1.29744
C4	R	healthy	B:B16	PIAS1	1	0	0	0	7519	0
C4	R	healthy	B:B16	PKM	1	0	0	0	7519	0
C4	R	healthy	B:B16	PRKAA1	1	0	0	0	7519	0
C4	R	healthy	B:B16	PTGS2	1	0	0	0	7519	0
C4	R	healthy	B:B16	RELA	1	0	0	0	7519	0
C4	R	healthy	B:B16	SH3KBP1	1	0	0	0	7519	0
C4	R	healthy	B:B16	SMAD3	1	0	0	0	7519	0
C4	R	healthy	B:B16	SOD1	1	2	1	1	7519	1.29744
C4	R	healthy	B:B16	STAT3	1	0	0	0	7519	0
C4	R	healthy	B:B16	STAT5A	1	0	0	0	7519	0
C4	R	healthy	B:B16	SYK	1	0	0	0	7519	0
C4	R	healthy	B:B16	TLR4	1	0	0	0	7519	0
C4	R	healthy	B:B16	TNF	1	0	0	0	7519	0
C4	R	healthy	B:B17	ACTA2	8	0	0	0	73753	0
C4	R	healthy	B:B17	AHR	8	1	1	0.125	73753	0.12715
C4	R	healthy	B:B17	AKT1	8	1	1	0.125	73753	0.12715
C4	R	healthy	B:B17	ARNTL	8	1	1	0.125	73753	0.12715
C4	R	healthy	B:B17	BCL6	8	0	0	0	73753	0
C4	R	healthy	B:B17	BECN1	8	1	1	0.125	73753	0.12715
C4	R	healthy	B:B17	BLNK	8	5	5	0.625	73753	0.517566
C4	R	healthy	B:B17	BRD4	8	0	0	0	73753	0
C4	R	healthy	B:B17	CAT	8	0	0	0	73753	0
C4	R	healthy	B:B17	CD4	8	0	0	0	73753	0
C4	R	healthy	B:B17	CD86	8	0	0	0	73753	0
C4	R	healthy	B:B17	CREB1	8	0	0	0	73753	0
C4	R	healthy	B:B17	CTNNB1	8	0	0	0	73753	0
C4	R	healthy	B:B17	DNMT1	8	0	0	0	73753	0
C4	R	healthy	B:B17	FOXP3	8	0	0	0	73753	0
C4	R	healthy	B:B17	GABPA	8	0	0	0	73753	0
C4	R	healthy	B:B17	HIF1A	8	0	0	0	73753	0
C4	R	healthy	B:B17	HMOX1	8	0	0	0	73753	0
C4	R	healthy	B:B17	ICAM1	8	1	1	0.125	73753	0.12715
C4	R	healthy	B:B17	IFNG	8	0	0	0	73753	0
C4	R	healthy	B:B17	IL15	8	1	1	0.125	73753	0.12715
C4	R	healthy	B:B17	IL1B	8	0	0	0	73753	0
C4	R	healthy	B:B17	IL7	8	0	0	0	73753	0
C4	R	healthy	B:B17	ITGAM	8	0	0	0	73753	0
C4	R	healthy	B:B17	ITGAX	8	0	0	0	73753	0
C4	R	healthy	B:B17	JAK1	8	4	4	0.5	73753	0.433308
C4	R	healthy	B:B17	LYZ	8	0	0	0	73753	0
C4	R	healthy	B:B17	MAFB	8	0	0	0	73753	0
C4	R	healthy	B:B17	MAP1LC3B	8	5	3	0.375	73753	0.517566
C4	R	healthy	B:B17	MAPK14	8	0	0	0	73753	0
C4	R	healthy	B:B17	NFKB1	8	0	0	0	73753	0
C4	R	healthy	B:B17	NLRP3	8	0	0	0	73753	0
C4	R	healthy	B:B17	OSM	8	0	0	0	73753	0
C4	R	healthy	B:B17	PARP1	8	2	2	0.25	73753	0.239942
C4	R	healthy	B:B17	PIAS1	8	1	1	0.125	73753	0.12715
C4	R	healthy	B:B17	PKM	8	4	3	0.375	73753	0.433308
C4	R	healthy	B:B17	PRKAA1	8	0	0	0	73753	0
C4	R	healthy	B:B17	PTGS2	8	0	0	0	73753	0
C4	R	healthy	B:B17	RELA	8	1	1	0.125	73753	0.12715
C4	R	healthy	B:B17	SH3KBP1	8	4	2	0.25	73753	0.433308
C4	R	healthy	B:B17	SMAD3	8	0	0	0	73753	0
C4	R	healthy	B:B17	SOD1	8	6	4	0.5	73753	0.595273
C4	R	healthy	B:B17	STAT3	8	2	2	0.25	73753	0.239942
C4	R	healthy	B:B17	STAT5A	8	0	0	0	73753	0
C4	R	healthy	B:B17	SYK	8	3	2	0.25	73753	0.341291
C4	R	healthy	B:B17	TLR4	8	0	0	0	73753	0
C4	R	healthy	B:B17	TNF	8	0	0	0	73753	0
C4	R	healthy	B:B2	ACTA2	101	2	2	0.019802	471153	0.0415728
C4	R	healthy	B:B2	AHR	101	20	18	0.178218	471153	0.353814
C4	R	healthy	B:B2	AKT1	101	3	3	0.029703	471153	0.0617286
C4	R	healthy	B:B2	ARNTL	101	2	2	0.019802	471153	0.0415728
C4	R	healthy	B:B2	BCL6	101	1	1	0.00990099	471153	0.0210024
C4	R	healthy	B:B2	BECN1	101	17	15	0.148515	471153	0.308085
C4	R	healthy	B:B2	BLNK	101	48	35	0.346535	471153	0.702492
C4	R	healthy	B:B2	BRD4	101	39	30	0.29703	471153	0.603089
C4	R	healthy	B:B2	CAT	101	14	14	0.138614	471153	0.260164
C4	R	healthy	B:B2	CD4	101	1	1	0.00990099	471153	0.0210024
C4	R	healthy	B:B2	CD86	101	6	5	0.049505	471153	0.119867
C4	R	healthy	B:B2	CREB1	101	23	19	0.188119	471153	0.397543
C4	R	healthy	B:B2	CTNNB1	101	22	19	0.188119	471153	0.383178
C4	R	healthy	B:B2	DNMT1	101	11	9	0.0891089	471153	0.209831
C4	R	healthy	B:B2	FOXP3	101	0	0	0	471153	0
C4	R	healthy	B:B2	GABPA	101	7	7	0.0693069	471153	0.138519
C4	R	healthy	B:B2	HIF1A	101	88	50	0.49505	471153	1.05353
C4	R	healthy	B:B2	HMOX1	101	1	1	0.00990099	471153	0.0210024
C4	R	healthy	B:B2	ICAM1	101	44	32	0.316832	471153	0.659528
C4	R	healthy	B:B2	IFNG	101	0	0	0	471153	0
C4	R	healthy	B:B2	IL15	101	15	12	0.118812	471153	0.276395
C4	R	healthy	B:B2	IL1B	101	0	0	0	471153	0
C4	R	healthy	B:B2	IL7	101	11	11	0.108911	471153	0.209831
C4	R	healthy	B:B2	ITGAM	101	15	13	0.128713	471153	0.276395
C4	R	healthy	B:B2	ITGAX	101	6	5	0.049505	471153	0.119867
C4	R	healthy	B:B2	JAK1	101	115	67	0.663366	471153	1.23571
C4	R	healthy	B:B2	LYZ	101	0	0	0	471153	0
C4	R	healthy	B:B2	MAFB	101	0	0	0	471153	0
C4	R	healthy	B:B2	MAP1LC3B	101	127	68	0.673267	471153	1.30712
C4	R	healthy	B:B2	MAPK14	101	5	5	0.049505	471153	0.100861
C4	R	healthy	B:B2	NFKB1	101	47	32	0.316832	471153	0.691923
C4	R	healthy	B:B2	NLRP3	101	1	1	0.00990099	471153	0.0210024
C4	R	healthy	B:B2	OSM	101	1	1	0.00990099	471153	0.0210024
C4	R	healthy	B:B2	PARP1	101	61	46	0.455446	471153	0.8306
C4	R	healthy	B:B2	PIAS1	101	58	48	0.475248	471153	0.80246
C4	R	healthy	B:B2	PKM	101	78	50	0.49505	471153	0.976638
C4	R	healthy	B:B2	PRKAA1	101	14	12	0.118812	471153	0.260164
C4	R	healthy	B:B2	PTGS2	101	0	0	0	471153	0
C4	R	healthy	B:B2	RELA	101	12	12	0.118812	471153	0.226892
C4	R	healthy	B:B2	SH3KBP1	101	35	29	0.287129	471153	0.555527
C4	R	healthy	B:B2	SMAD3	101	10	9	0.0891089	471153	0.192474
C4	R	healthy	B:B2	SOD1	101	69	48	0.475248	471153	0.901986
C4	R	healthy	B:B2	STAT3	101	49	39	0.386139	471153	0.712951
C4	R	healthy	B:B2	STAT5A	101	10	10	0.0990099	471153	0.192474
C4	R	healthy	B:B2	SYK	101	42	28	0.277228	471153	0.637333
C4	R	healthy	B:B2	TLR4	101	0	0	0	471153	0
C4	R	healthy	B:B2	TNF	101	90	31	0.306931	471153	1.06822
C4	R	healthy	B:B3	ACTA2	1	0	0	0	1682	0
C4	R	healthy	B:B3	AHR	1	0	0	0	1682	0
C4	R	healthy	B:B3	AKT1	1	0	0	0	1682	0
C4	R	healthy	B:B3	ARNTL	1	0	0	0	1682	0
C4	R	healthy	B:B3	BCL6	1	0	0	0	1682	0
C4	R	healthy	B:B3	BECN1	1	0	0	0	1682	0
C4	R	healthy	B:B3	BLNK	1	0	0	0	1682	0
C4	R	healthy	B:B3	BRD4	1	0	0	0	1682	0
C4	R	healthy	B:B3	CAT	1	0	0	0	1682	0
C4	R	healthy	B:B3	CD4	1	0	0	0	1682	0
C4	R	healthy	B:B3	CD86	1	0	0	0	1682	0
C4	R	healthy	B:B3	CREB1	1	0	0	0	1682	0
C4	R	healthy	B:B3	CTNNB1	1	1	1	1	1682	1.93807
C4	R	healthy	B:B3	DNMT1	1	0	0	0	1682	0
C4	R	healthy	B:B3	FOXP3	1	0	0	0	1682	0
C4	R	healthy	B:B3	GABPA	1	0	0	0	1682	0
C4	R	healthy	B:B3	HIF1A	1	0	0	0	1682	0
C4	R	healthy	B:B3	HMOX1	1	0	0	0	1682	0
C4	R	healthy	B:B3	ICAM1	1	1	1	1	1682	1.93807
C4	R	healthy	B:B3	IFNG	1	0	0	0	1682	0
C4	R	healthy	B:B3	IL15	1	0	0	0	1682	0
C4	R	healthy	B:B3	IL1B	1	0	0	0	1682	0
C4	R	healthy	B:B3	IL7	1	0	0	0	1682	0
C4	R	healthy	B:B3	ITGAM	1	0	0	0	1682	0
C4	R	healthy	B:B3	ITGAX	1	0	0	0	1682	0
C4	R	healthy	B:B3	JAK1	1	0	0	0	1682	0
C4	R	healthy	B:B3	LYZ	1	0	0	0	1682	0
C4	R	healthy	B:B3	MAFB	1	0	0	0	1682	0
C4	R	healthy	B:B3	MAP1LC3B	1	1	1	1	1682	1.93807
C4	R	healthy	B:B3	MAPK14	1	0	0	0	1682	0
C4	R	healthy	B:B3	NFKB1	1	0	0	0	1682	0
C4	R	healthy	B:B3	NLRP3	1	0	0	0	1682	0
C4	R	healthy	B:B3	OSM	1	0	0	0	1682	0
C4	R	healthy	B:B3	PARP1	1	0	0	0	1682	0
C4	R	healthy	B:B3	PIAS1	1	0	0	0	1682	0
C4	R	healthy	B:B3	PKM	1	1	1	1	1682	1.93807
C4	R	healthy	B:B3	PRKAA1	1	0	0	0	1682	0
C4	R	healthy	B:B3	PTGS2	1	0	0	0	1682	0
C4	R	healthy	B:B3	RELA	1	0	0	0	1682	0
C4	R	healthy	B:B3	SH3KBP1	1	0	0	0	1682	0
C4	R	healthy	B:B3	SMAD3	1	0	0	0	1682	0
C4	R	healthy	B:B3	SOD1	1	0	0	0	1682	0
C4	R	healthy	B:B3	STAT3	1	0	0	0	1682	0
C4	R	healthy	B:B3	STAT5A	1	0	0	0	1682	0
C4	R	healthy	B:B3	SYK	1	0	0	0	1682	0
C4	R	healthy	B:B3	TLR4	1	0	0	0	1682	0
C4	R	healthy	B:B3	TNF	1	0	0	0	1682	0
C4	R	healthy	B:B4	ACTA2	15	0	0	0	44142	0
C4	R	healthy	B:B4	AHR	15	2	2	0.133333	44142	0.373688
C4	R	healthy	B:B4	AKT1	15	0	0	0	44142	0
C4	R	healthy	B:B4	ARNTL	15	0	0	0	44142	0
C4	R	healthy	B:B4	BCL6	15	0	0	0	44142	0
C4	R	healthy	B:B4	BECN1	15	0	0	0	44142	0
C4	R	healthy	B:B4	BLNK	15	8	8	0.533333	44142	1.03401
C4	R	healthy	B:B4	BRD4	15	2	2	0.133333	44142	0.373688
C4	R	healthy	B:B4	CAT	15	2	2	0.133333	44142	0.373688
C4	R	healthy	B:B4	CD4	15	0	0	0	44142	0
C4	R	healthy	B:B4	CD86	15	1	1	0.0666667	44142	0.204199
C4	R	healthy	B:B4	CREB1	15	1	1	0.0666667	44142	0.204199
C4	R	healthy	B:B4	CTNNB1	15	2	2	0.133333	44142	0.373688
C4	R	healthy	B:B4	DNMT1	15	0	0	0	44142	0
C4	R	healthy	B:B4	FOXP3	15	0	0	0	44142	0
C4	R	healthy	B:B4	GABPA	15	0	0	0	44142	0
C4	R	healthy	B:B4	HIF1A	15	1	1	0.0666667	44142	0.204199
C4	R	healthy	B:B4	HMOX1	15	0	0	0	44142	0
C4	R	healthy	B:B4	ICAM1	15	2	2	0.133333	44142	0.373688
C4	R	healthy	B:B4	IFNG	15	0	0	0	44142	0
C4	R	healthy	B:B4	IL15	15	0	0	0	44142	0
C4	R	healthy	B:B4	IL1B	15	0	0	0	44142	0
C4	R	healthy	B:B4	IL7	15	0	0	0	44142	0
C4	R	healthy	B:B4	ITGAM	15	0	0	0	44142	0
C4	R	healthy	B:B4	ITGAX	15	0	0	0	44142	0
C4	R	healthy	B:B4	JAK1	15	5	5	0.333333	44142	0.757393
C4	R	healthy	B:B4	LYZ	15	0	0	0	44142	0
C4	R	healthy	B:B4	MAFB	15	0	0	0	44142	0
C4	R	healthy	B:B4	MAP1LC3B	15	11	8	0.533333	44142	1.25046
C4	R	healthy	B:B4	MAPK14	15	2	2	0.133333	44142	0.373688
C4	R	healthy	B:B4	NFKB1	15	0	0	0	44142	0
C4	R	healthy	B:B4	NLRP3	15	0	0	0	44142	0
C4	R	healthy	B:B4	OSM	15	0	0	0	44142	0
C4	R	healthy	B:B4	PARP1	15	6	5	0.333333	44142	0.858344
C4	R	healthy	B:B4	PIAS1	15	5	3	0.2	44142	0.757393
C4	R	healthy	B:B4	PKM	15	3	3	0.2	44142	0.51857
C4	R	healthy	B:B4	PRKAA1	15	1	1	0.0666667	44142	0.204199
C4	R	healthy	B:B4	PTGS2	15	0	0	0	44142	0
C4	R	healthy	B:B4	RELA	15	2	2	0.133333	44142	0.373688
C4	R	healthy	B:B4	SH3KBP1	15	1	1	0.0666667	44142	0.204199
C4	R	healthy	B:B4	SMAD3	15	1	1	0.0666667	44142	0.204199
C4	R	healthy	B:B4	SOD1	15	1	1	0.0666667	44142	0.204199
C4	R	healthy	B:B4	STAT3	15	3	3	0.2	44142	0.51857
C4	R	healthy	B:B4	STAT5A	15	0	0	0	44142	0
C4	R	healthy	B:B4	SYK	15	1	1	0.0666667	44142	0.204199
C4	R	healthy	B:B4	TLR4	15	0	0	0	44142	0
C4	R	healthy	B:B4	TNF	15	3	3	0.2	44142	0.51857
C4	R	healthy	B:B5	ACTA2	17	0	0	0	54887	0
C4	R	healthy	B:B5	AHR	17	2	2	0.117647	54887	0.310704
C4	R	healthy	B:B5	AKT1	17	1	1	0.0588235	54887	0.167371
C4	R	healthy	B:B5	ARNTL	17	0	0	0	54887	0
C4	R	healthy	B:B5	BCL6	17	0	0	0	54887	0
C4	R	healthy	B:B5	BECN1	17	2	2	0.117647	54887	0.310704
C4	R	healthy	B:B5	BLNK	17	9	6	0.352941	54887	0.970678
C4	R	healthy	B:B5	BRD4	17	2	2	0.117647	54887	0.310704
C4	R	healthy	B:B5	CAT	17	5	3	0.176471	54887	0.647607
C4	R	healthy	B:B5	CD4	17	0	0	0	54887	0
C4	R	healthy	B:B5	CD86	17	3	3	0.176471	54887	0.436044
C4	R	healthy	B:B5	CREB1	17	4	3	0.176471	54887	0.54741
C4	R	healthy	B:B5	CTNNB1	17	3	3	0.176471	54887	0.436044
C4	R	healthy	B:B5	DNMT1	17	3	3	0.176471	54887	0.436044
C4	R	healthy	B:B5	FOXP3	17	0	0	0	54887	0
C4	R	healthy	B:B5	GABPA	17	1	1	0.0588235	54887	0.167371
C4	R	healthy	B:B5	HIF1A	17	10	7	0.411765	54887	1.03742
C4	R	healthy	B:B5	HMOX1	17	1	1	0.0588235	54887	0.167371
C4	R	healthy	B:B5	ICAM1	17	1	1	0.0588235	54887	0.167371
C4	R	healthy	B:B5	IFNG	17	0	0	0	54887	0
C4	R	healthy	B:B5	IL15	17	1	1	0.0588235	54887	0.167371
C4	R	healthy	B:B5	IL1B	17	0	0	0	54887	0
C4	R	healthy	B:B5	IL7	17	2	2	0.117647	54887	0.310704
C4	R	healthy	B:B5	ITGAM	17	4	4	0.235294	54887	0.54741
C4	R	healthy	B:B5	ITGAX	17	3	3	0.176471	54887	0.436044
C4	R	healthy	B:B5	JAK1	17	11	7	0.411765	54887	1.09998
C4	R	healthy	B:B5	LYZ	17	0	0	0	54887	0
C4	R	healthy	B:B5	MAFB	17	0	0	0	54887	0
C4	R	healthy	B:B5	MAP1LC3B	17	4	4	0.235294	54887	0.54741
C4	R	healthy	B:B5	MAPK14	17	1	1	0.0588235	54887	0.167371
C4	R	healthy	B:B5	NFKB1	17	3	3	0.176471	54887	0.436044
C4	R	healthy	B:B5	NLRP3	17	0	0	0	54887	0
C4	R	healthy	B:B5	OSM	17	0	0	0	54887	0
C4	R	healthy	B:B5	PARP1	17	13	10	0.588235	54887	1.21447
C4	R	healthy	B:B5	PIAS1	17	5	4	0.235294	54887	0.647607
C4	R	healthy	B:B5	PKM	17	10	9	0.529412	54887	1.03742
C4	R	healthy	B:B5	PRKAA1	17	2	2	0.117647	54887	0.310704
C4	R	healthy	B:B5	PTGS2	17	0	0	0	54887	0
C4	R	healthy	B:B5	RELA	17	1	1	0.0588235	54887	0.167371
C4	R	healthy	B:B5	SH3KBP1	17	2	1	0.0588235	54887	0.310704
C4	R	healthy	B:B5	SMAD3	17	3	3	0.176471	54887	0.436044
C4	R	healthy	B:B5	SOD1	17	10	6	0.352941	54887	1.03742
C4	R	healthy	B:B5	STAT3	17	6	5	0.294118	54887	0.738673
C4	R	healthy	B:B5	STAT5A	17	1	1	0.0588235	54887	0.167371
C4	R	healthy	B:B5	SYK	17	6	5	0.294118	54887	0.738673
C4	R	healthy	B:B5	TLR4	17	0	0	0	54887	0
C4	R	healthy	B:B5	TNF	17	7	3	0.176471	54887	0.822133
C4	R	healthy	B:B6	ACTA2	81	5	5	0.0617284	782091	0.0619707
C4	R	healthy	B:B6	AHR	81	12	10	0.123457	782091	0.142744
C4	R	healthy	B:B6	AKT1	81	5	5	0.0617284	782091	0.0619707
C4	R	healthy	B:B6	ARNTL	81	4	4	0.0493827	782091	0.04988
C4	R	healthy	B:B6	BCL6	81	0	0	0	782091	0
C4	R	healthy	B:B6	BECN1	81	17	16	0.197531	782091	0.19669
C4	R	healthy	B:B6	BLNK	81	45	35	0.432099	782091	0.454497
C4	R	healthy	B:B6	BRD4	81	19	18	0.222222	782091	0.217478
C4	R	healthy	B:B6	CAT	81	9	9	0.111111	782091	0.108923
C4	R	healthy	B:B6	CD4	81	0	0	0	782091	0
C4	R	healthy	B:B6	CD86	81	7	7	0.0864198	782091	0.0857222
C4	R	healthy	B:B6	CREB1	81	10	9	0.111111	782091	0.120324
C4	R	healthy	B:B6	CTNNB1	81	16	15	0.185185	782091	0.186131
C4	R	healthy	B:B6	DNMT1	81	10	9	0.111111	782091	0.120324
C4	R	healthy	B:B6	FOXP3	81	0	0	0	782091	0
C4	R	healthy	B:B6	GABPA	81	6	6	0.0740741	782091	0.073917
C4	R	healthy	B:B6	HIF1A	81	13	12	0.148148	782091	0.153769
C4	R	healthy	B:B6	HMOX1	81	1	1	0.0123457	782091	0.0127052
C4	R	healthy	B:B6	ICAM1	81	20	15	0.185185	782091	0.227713
C4	R	healthy	B:B6	IFNG	81	3	3	0.037037	782091	0.0376413
C4	R	healthy	B:B6	IL15	81	6	6	0.0740741	782091	0.073917
C4	R	healthy	B:B6	IL1B	81	0	0	0	782091	0
C4	R	healthy	B:B6	IL7	81	0	0	0	782091	0
C4	R	healthy	B:B6	ITGAM	81	0	0	0	782091	0
C4	R	healthy	B:B6	ITGAX	81	0	0	0	782091	0
C4	R	healthy	B:B6	JAK1	81	69	43	0.530864	782091	0.632468
C4	R	healthy	B:B6	LYZ	81	0	0	0	782091	0
C4	R	healthy	B:B6	MAFB	81	0	0	0	782091	0
C4	R	healthy	B:B6	MAP1LC3B	81	113	55	0.679012	782091	0.893982
C4	R	healthy	B:B6	MAPK14	81	4	4	0.0493827	782091	0.04988
C4	R	healthy	B:B6	NFKB1	81	20	18	0.222222	782091	0.227713
C4	R	healthy	B:B6	NLRP3	81	0	0	0	782091	0
C4	R	healthy	B:B6	OSM	81	2	1	0.0123457	782091	0.025251
C4	R	healthy	B:B6	PARP1	81	81	53	0.654321	782091	0.710832
C4	R	healthy	B:B6	PIAS1	81	33	30	0.37037	782091	0.352026
C4	R	healthy	B:B6	PKM	81	31	27	0.333333	782091	0.333878
C4	R	healthy	B:B6	PRKAA1	81	10	9	0.111111	782091	0.120324
C4	R	healthy	B:B6	PTGS2	81	2	1	0.0123457	782091	0.025251
C4	R	healthy	B:B6	RELA	81	16	13	0.160494	782091	0.186131
C4	R	healthy	B:B6	SH3KBP1	81	20	17	0.209877	782091	0.227713
C4	R	healthy	B:B6	SMAD3	81	1	1	0.0123457	782091	0.0127052
C4	R	healthy	B:B6	SOD1	81	71	49	0.604938	782091	0.645963
C4	R	healthy	B:B6	STAT3	81	37	28	0.345679	782091	0.387363
C4	R	healthy	B:B6	STAT5A	81	2	2	0.0246914	782091	0.025251
C4	R	healthy	B:B6	SYK	81	28	25	0.308642	782091	0.306024
C4	R	healthy	B:B6	TLR4	81	0	0	0	782091	0
C4	R	healthy	B:B6	TNF	81	0	0	0	782091	0
C4	R	healthy	B:B7	ACTA2	9	1	1	0.111111	59678	0.154921
C4	R	healthy	B:B7	AHR	9	2	1	0.111111	59678	0.28903
C4	R	healthy	B:B7	AKT1	9	1	1	0.111111	59678	0.154921
C4	R	healthy	B:B7	ARNTL	9	0	0	0	59678	0
C4	R	healthy	B:B7	BCL6	9	0	0	0	59678	0
C4	R	healthy	B:B7	BECN1	9	2	2	0.222222	59678	0.28903
C4	R	healthy	B:B7	BLNK	9	5	5	0.555556	59678	0.608585
C4	R	healthy	B:B7	BRD4	9	1	1	0.111111	59678	0.154921
C4	R	healthy	B:B7	CAT	9	0	0	0	59678	0
C4	R	healthy	B:B7	CD4	9	0	0	0	59678	0
C4	R	healthy	B:B7	CD86	9	1	1	0.111111	59678	0.154921
C4	R	healthy	B:B7	CREB1	9	2	1	0.111111	59678	0.28903
C4	R	healthy	B:B7	CTNNB1	9	2	2	0.222222	59678	0.28903
C4	R	healthy	B:B7	DNMT1	9	1	1	0.111111	59678	0.154921
C4	R	healthy	B:B7	FOXP3	9	0	0	0	59678	0
C4	R	healthy	B:B7	GABPA	9	1	1	0.111111	59678	0.154921
C4	R	healthy	B:B7	HIF1A	9	2	2	0.222222	59678	0.28903
C4	R	healthy	B:B7	HMOX1	9	0	0	0	59678	0
C4	R	healthy	B:B7	ICAM1	9	4	3	0.333333	59678	0.512982
C4	R	healthy	B:B7	IFNG	9	0	0	0	59678	0
C4	R	healthy	B:B7	IL15	9	0	0	0	59678	0
C4	R	healthy	B:B7	IL1B	9	0	0	0	59678	0
C4	R	healthy	B:B7	IL7	9	0	0	0	59678	0
C4	R	healthy	B:B7	ITGAM	9	0	0	0	59678	0
C4	R	healthy	B:B7	ITGAX	9	0	0	0	59678	0
C4	R	healthy	B:B7	JAK1	9	9	3	0.333333	59678	0.919523
C4	R	healthy	B:B7	LYZ	9	0	0	0	59678	0
C4	R	healthy	B:B7	MAFB	9	0	0	0	59678	0
C4	R	healthy	B:B7	MAP1LC3B	9	3	3	0.333333	59678	0.407262
C4	R	healthy	B:B7	MAPK14	9	1	1	0.111111	59678	0.154921
C4	R	healthy	B:B7	NFKB1	9	3	2	0.222222	59678	0.407262
C4	R	healthy	B:B7	NLRP3	9	0	0	0	59678	0
C4	R	healthy	B:B7	OSM	9	0	0	0	59678	0
C4	R	healthy	B:B7	PARP1	9	5	5	0.555556	59678	0.608585
C4	R	healthy	B:B7	PIAS1	9	1	1	0.111111	59678	0.154921
C4	R	healthy	B:B7	PKM	9	2	2	0.222222	59678	0.28903
C4	R	healthy	B:B7	PRKAA1	9	0	0	0	59678	0
C4	R	healthy	B:B7	PTGS2	9	0	0	0	59678	0
C4	R	healthy	B:B7	RELA	9	1	1	0.111111	59678	0.154921
C4	R	healthy	B:B7	SH3KBP1	9	1	1	0.111111	59678	0.154921
C4	R	healthy	B:B7	SMAD3	9	0	0	0	59678	0
C4	R	healthy	B:B7	SOD1	9	8	5	0.555556	59678	0.850376
C4	R	healthy	B:B7	STAT3	9	2	2	0.222222	59678	0.28903
C4	R	healthy	B:B7	STAT5A	9	0	0	0	59678	0
C4	R	healthy	B:B7	SYK	9	1	1	0.111111	59678	0.154921
C4	R	healthy	B:B7	TLR4	9	0	0	0	59678	0
C4	R	healthy	B:B7	TNF	9	0	0	0	59678	0
C4	R	healthy	B:B8	ACTA2	46	0	0	0	169156	0
C4	R	healthy	B:B8	AHR	46	2	2	0.0434783	169156	0.111751
C4	R	healthy	B:B8	AKT1	46	1	1	0.0217391	169156	0.0574356
C4	R	healthy	B:B8	ARNTL	46	0	0	0	169156	0
C4	R	healthy	B:B8	BCL6	46	8	5	0.108696	169156	0.387258
C4	R	healthy	B:B8	BECN1	46	7	5	0.108696	169156	0.346295
C4	R	healthy	B:B8	BLNK	46	23	16	0.347826	169156	0.858531
C4	R	healthy	B:B8	BRD4	46	5	5	0.108696	169156	0.258962
C4	R	healthy	B:B8	CAT	46	3	3	0.0652174	169156	0.163267
C4	R	healthy	B:B8	CD4	46	0	0	0	169156	0
C4	R	healthy	B:B8	CD86	46	4	4	0.0869565	169156	0.212259
C4	R	healthy	B:B8	CREB1	46	10	9	0.195652	169156	0.46447
C4	R	healthy	B:B8	CTNNB1	46	10	10	0.217391	169156	0.46447
C4	R	healthy	B:B8	DNMT1	46	4	4	0.0869565	169156	0.212259
C4	R	healthy	B:B8	FOXP3	46	0	0	0	169156	0
C4	R	healthy	B:B8	GABPA	46	5	5	0.108696	169156	0.258962
C4	R	healthy	B:B8	HIF1A	46	37	23	0.5	169156	1.15918
C4	R	healthy	B:B8	HMOX1	46	0	0	0	169156	0
C4	R	healthy	B:B8	ICAM1	46	10	9	0.195652	169156	0.46447
C4	R	healthy	B:B8	IFNG	46	0	0	0	169156	0
C4	R	healthy	B:B8	IL15	46	4	4	0.0869565	169156	0.212259
C4	R	healthy	B:B8	IL1B	46	1	1	0.0217391	169156	0.0574356
C4	R	healthy	B:B8	IL7	46	2	2	0.0434783	169156	0.111751
C4	R	healthy	B:B8	ITGAM	46	0	0	0	169156	0
C4	R	healthy	B:B8	ITGAX	46	0	0	0	169156	0
C4	R	healthy	B:B8	JAK1	46	27	16	0.347826	169156	0.954033
C4	R	healthy	B:B8	LYZ	46	0	0	0	169156	0
C4	R	healthy	B:B8	MAFB	46	0	0	0	169156	0
C4	R	healthy	B:B8	MAP1LC3B	46	52	28	0.608696	169156	1.40465
C4	R	healthy	B:B8	MAPK14	46	4	4	0.0869565	169156	0.212259
C4	R	healthy	B:B8	NFKB1	46	14	11	0.23913	169156	0.603025
C4	R	healthy	B:B8	NLRP3	46	0	0	0	169156	0
C4	R	healthy	B:B8	OSM	46	0	0	0	169156	0
C4	R	healthy	B:B8	PARP1	46	30	18	0.391304	169156	1.02011
C4	R	healthy	B:B8	PIAS1	46	16	14	0.304348	169156	0.66571
C4	R	healthy	B:B8	PKM	46	24	18	0.391304	169156	0.883275
C4	R	healthy	B:B8	PRKAA1	46	4	4	0.0869565	169156	0.212259
C4	R	healthy	B:B8	PTGS2	46	0	0	0	169156	0
C4	R	healthy	B:B8	RELA	46	5	5	0.108696	169156	0.258962
C4	R	healthy	B:B8	SH3KBP1	46	17	14	0.304348	169156	0.695639
C4	R	healthy	B:B8	SMAD3	46	14	13	0.282609	169156	0.603025
C4	R	healthy	B:B8	SOD1	46	23	18	0.391304	169156	0.858531
C4	R	healthy	B:B8	STAT3	46	32	24	0.521739	169156	1.06186
C4	R	healthy	B:B8	STAT5A	46	4	4	0.0869565	169156	0.212259
C4	R	healthy	B:B8	SYK	46	24	16	0.347826	169156	0.883275
C4	R	healthy	B:B8	TLR4	46	0	0	0	169156	0
C4	R	healthy	B:B8	TNF	46	18	3	0.0652174	169156	0.724697
C4	R	healthy	B:B9	ACTA2	6	0	0	0	17875	0
C4	R	healthy	B:B9	AHR	6	0	0	0	17875	0
C4	R	healthy	B:B9	AKT1	6	0	0	0	17875	0
C4	R	healthy	B:B9	ARNTL	6	1	1	0.166667	17875	0.444327
C4	R	healthy	B:B9	BCL6	6	0	0	0	17875	0
C4	R	healthy	B:B9	BECN1	6	0	0	0	17875	0
C4	R	healthy	B:B9	BLNK	6	3	1	0.166667	17875	0.98519
C4	R	healthy	B:B9	BRD4	6	2	1	0.166667	17875	0.750888
C4	R	healthy	B:B9	CAT	6	0	0	0	17875	0
C4	R	healthy	B:B9	CD4	6	0	0	0	17875	0
C4	R	healthy	B:B9	CD86	6	0	0	0	17875	0
C4	R	healthy	B:B9	CREB1	6	2	2	0.333333	17875	0.750888
C4	R	healthy	B:B9	CTNNB1	6	0	0	0	17875	0
C4	R	healthy	B:B9	DNMT1	6	1	1	0.166667	17875	0.444327
C4	R	healthy	B:B9	FOXP3	6	0	0	0	17875	0
C4	R	healthy	B:B9	GABPA	6	1	1	0.166667	17875	0.444327
C4	R	healthy	B:B9	HIF1A	6	8	4	0.666667	17875	1.70029
C4	R	healthy	B:B9	HMOX1	6	0	0	0	17875	0
C4	R	healthy	B:B9	ICAM1	6	0	0	0	17875	0
C4	R	healthy	B:B9	IFNG	6	0	0	0	17875	0
C4	R	healthy	B:B9	IL15	6	0	0	0	17875	0
C4	R	healthy	B:B9	IL1B	6	0	0	0	17875	0
C4	R	healthy	B:B9	IL7	6	0	0	0	17875	0
C4	R	healthy	B:B9	ITGAM	6	0	0	0	17875	0
C4	R	healthy	B:B9	ITGAX	6	0	0	0	17875	0
C4	R	healthy	B:B9	JAK1	6	7	5	0.833333	17875	1.59251
C4	R	healthy	B:B9	LYZ	6	0	0	0	17875	0
C4	R	healthy	B:B9	MAFB	6	0	0	0	17875	0
C4	R	healthy	B:B9	MAP1LC3B	6	6	4	0.666667	17875	1.4717
C4	R	healthy	B:B9	MAPK14	6	4	4	0.666667	17875	1.17488
C4	R	healthy	B:B9	NFKB1	6	3	2	0.333333	17875	0.98519
C4	R	healthy	B:B9	NLRP3	6	0	0	0	17875	0
C4	R	healthy	B:B9	OSM	6	0	0	0	17875	0
C4	R	healthy	B:B9	PARP1	6	5	4	0.666667	17875	1.33426
C4	R	healthy	B:B9	PIAS1	6	4	3	0.5	17875	1.17488
C4	R	healthy	B:B9	PKM	6	1	1	0.166667	17875	0.444327
C4	R	healthy	B:B9	PRKAA1	6	0	0	0	17875	0
C4	R	healthy	B:B9	PTGS2	6	0	0	0	17875	0
C4	R	healthy	B:B9	RELA	6	0	0	0	17875	0
C4	R	healthy	B:B9	SH3KBP1	6	1	1	0.166667	17875	0.444327
C4	R	healthy	B:B9	SMAD3	6	0	0	0	17875	0
C4	R	healthy	B:B9	SOD1	6	0	0	0	17875	0
C4	R	healthy	B:B9	STAT3	6	3	3	0.5	17875	0.98519
C4	R	healthy	B:B9	STAT5A	6	0	0	0	17875	0
C4	R	healthy	B:B9	SYK	6	1	1	0.166667	17875	0.444327
C4	R	healthy	B:B9	TLR4	6	1	1	0.166667	17875	0.444327
C4	R	healthy	B:B9	TNF	6	0	0	0	17875	0
C4	R	healthy	M/DC	ACTA2	3	0	0	0	18337	0
C4	R	healthy	M/DC	AHR	3	2	2	0.666667	18337	0.737495
C4	R	healthy	M/DC	AKT1	3	0	0	0	18337	0
C4	R	healthy	M/DC	ARNTL	3	0	0	0	18337	0
C4	R	healthy	M/DC	BCL6	3	2	1	0.333333	18337	0.737495
C4	R	healthy	M/DC	BECN1	3	0	0	0	18337	0
C4	R	healthy	M/DC	BLNK	3	0	0	0	18337	0
C4	R	healthy	M/DC	BRD4	3	2	1	0.333333	18337	0.737495
C4	R	healthy	M/DC	CAT	3	3	1	0.333333	18337	0.969276
C4	R	healthy	M/DC	CD4	3	1	1	0.333333	18337	0.435247
C4	R	healthy	M/DC	CD86	3	1	1	0.333333	18337	0.435247
C4	R	healthy	M/DC	CREB1	3	1	1	0.333333	18337	0.435247
C4	R	healthy	M/DC	CTNNB1	3	1	1	0.333333	18337	0.435247
C4	R	healthy	M/DC	DNMT1	3	0	0	0	18337	0
C4	R	healthy	M/DC	FOXP3	3	0	0	0	18337	0
C4	R	healthy	M/DC	GABPA	3	1	1	0.333333	18337	0.435247
C4	R	healthy	M/DC	HIF1A	3	0	0	0	18337	0
C4	R	healthy	M/DC	HMOX1	3	6	2	0.666667	18337	1.4521
C4	R	healthy	M/DC	ICAM1	3	1	1	0.333333	18337	0.435247
C4	R	healthy	M/DC	IFNG	3	0	0	0	18337	0
C4	R	healthy	M/DC	IL15	3	0	0	0	18337	0
C4	R	healthy	M/DC	IL1B	3	21	3	1	18337	2.5219
C4	R	healthy	M/DC	IL7	3	0	0	0	18337	0
C4	R	healthy	M/DC	ITGAM	3	1	1	0.333333	18337	0.435247
C4	R	healthy	M/DC	ITGAX	3	2	2	0.666667	18337	0.737495
C4	R	healthy	M/DC	JAK1	3	4	3	1	18337	1.15732
C4	R	healthy	M/DC	LYZ	3	126	3	1	18337	4.24439
C4	R	healthy	M/DC	MAFB	3	11	3	1	18337	1.94574
C4	R	healthy	M/DC	MAP1LC3B	3	1	1	0.333333	18337	0.435247
C4	R	healthy	M/DC	MAPK14	3	1	1	0.333333	18337	0.435247
C4	R	healthy	M/DC	NFKB1	3	0	0	0	18337	0
C4	R	healthy	M/DC	NLRP3	3	1	1	0.333333	18337	0.435247
C4	R	healthy	M/DC	OSM	3	0	0	0	18337	0
C4	R	healthy	M/DC	PARP1	3	3	2	0.666667	18337	0.969276
C4	R	healthy	M/DC	PIAS1	3	3	1	0.333333	18337	0.969276
C4	R	healthy	M/DC	PKM	3	15	3	1	18337	2.21705
C4	R	healthy	M/DC	PRKAA1	3	0	0	0	18337	0
C4	R	healthy	M/DC	PTGS2	3	2	1	0.333333	18337	0.737495
C4	R	healthy	M/DC	RELA	3	0	0	0	18337	0
C4	R	healthy	M/DC	SH3KBP1	3	0	0	0	18337	0
C4	R	healthy	M/DC	SMAD3	3	2	2	0.666667	18337	0.737495
C4	R	healthy	M/DC	SOD1	3	4	2	0.666667	18337	1.15732
C4	R	healthy	M/DC	STAT3	3	5	1	0.333333	18337	1.31553
C4	R	healthy	M/DC	STAT5A	3	1	1	0.333333	18337	0.435247
C4	R	healthy	M/DC	SYK	3	1	1	0.333333	18337	0.435247
C4	R	healthy	M/DC	TLR4	3	0	0	0	18337	0
C4	R	healthy	M/DC	TNF	3	2	1	0.333333	18337	0.737495
C4	R	healthy	NK	ACTA2	14	0	0	0	55210	0
C4	R	healthy	NK	AHR	14	16	9	0.642857	55210	1.36047
C4	R	healthy	NK	AKT1	14	0	0	0	55210	0
C4	R	healthy	NK	ARNTL	14	6	5	0.357143	55210	0.735612
C4	R	healthy	NK	BCL6	14	2	1	0.0714286	55210	0.30914
C4	R	healthy	NK	BECN1	14	2	2	0.142857	55210	0.30914
C4	R	healthy	NK	BLNK	14	0	0	0	55210	0
C4	R	healthy	NK	BRD4	14	4	3	0.214286	55210	0.544941
C4	R	healthy	NK	CAT	14	4	4	0.285714	55210	0.544941
C4	R	healthy	NK	CD4	14	0	0	0	55210	0
C4	R	healthy	NK	CD86	14	0	0	0	55210	0
C4	R	healthy	NK	CREB1	14	3	3	0.214286	55210	0.433975
C4	R	healthy	NK	CTNNB1	14	11	8	0.571429	55210	1.09607
C4	R	healthy	NK	DNMT1	14	5	4	0.285714	55210	0.644814
C4	R	healthy	NK	FOXP3	14	0	0	0	55210	0
C4	R	healthy	NK	GABPA	14	1	1	0.0714286	55210	0.166469
C4	R	healthy	NK	HIF1A	14	6	5	0.357143	55210	0.735612
C4	R	healthy	NK	HMOX1	14	0	0	0	55210	0
C4	R	healthy	NK	ICAM1	14	19	9	0.642857	55210	1.49097
C4	R	healthy	NK	IFNG	14	36	5	0.357143	55210	2.01764
C4	R	healthy	NK	IL15	14	0	0	0	55210	0
C4	R	healthy	NK	IL1B	14	0	0	0	55210	0
C4	R	healthy	NK	IL7	14	0	0	0	55210	0
C4	R	healthy	NK	ITGAM	14	5	3	0.214286	55210	0.644814
C4	R	healthy	NK	ITGAX	14	1	1	0.0714286	55210	0.166469
C4	R	healthy	NK	JAK1	14	14	8	0.571429	55210	1.26293
C4	R	healthy	NK	LYZ	14	0	0	0	55210	0
C4	R	healthy	NK	MAFB	14	0	0	0	55210	0
C4	R	healthy	NK	MAP1LC3B	14	29	11	0.785714	55210	1.83301
C4	R	healthy	NK	MAPK14	14	2	2	0.142857	55210	0.30914
C4	R	healthy	NK	NFKB1	14	17	9	0.642857	55210	1.40589
C4	R	healthy	NK	NLRP3	14	2	1	0.0714286	55210	0.30914
C4	R	healthy	NK	OSM	14	2	1	0.0714286	55210	0.30914
C4	R	healthy	NK	PARP1	14	3	3	0.214286	55210	0.433975
C4	R	healthy	NK	PIAS1	14	3	3	0.214286	55210	0.433975
C4	R	healthy	NK	PKM	14	4	4	0.285714	55210	0.544941
C4	R	healthy	NK	PRKAA1	14	0	0	0	55210	0
C4	R	healthy	NK	PTGS2	14	0	0	0	55210	0
C4	R	healthy	NK	RELA	14	7	6	0.428571	55210	0.818848
C4	R	healthy	NK	SH3KBP1	14	9	7	0.5	55210	0.967037
C4	R	healthy	NK	SMAD3	14	3	3	0.214286	55210	0.433975
C4	R	healthy	NK	SOD1	14	5	3	0.214286	55210	0.644814
C4	R	healthy	NK	STAT3	14	13	7	0.5	55210	1.21035
C4	R	healthy	NK	STAT5A	14	1	1	0.0714286	55210	0.166469
C4	R	healthy	NK	SYK	14	3	2	0.142857	55210	0.433975
C4	R	healthy	NK	TLR4	14	0	0	0	55210	0
C4	R	healthy	NK	TNF	14	11	6	0.428571	55210	1.09607
C4	R	healthy	T	ACTA2	295	11	10	0.0338983	904747	0.114739
C4	R	healthy	T	AHR	295	104	68	0.230508	904747	0.765232
C4	R	healthy	T	AKT1	295	15	14	0.0474576	904747	0.153401
C4	R	healthy	T	ARNTL	295	40	36	0.122034	904747	0.366109
C4	R	healthy	T	BCL6	295	13	12	0.040678	904747	0.134257
C4	R	healthy	T	BECN1	295	26	25	0.0847458	904747	0.252604
C4	R	healthy	T	BLNK	295	6	4	0.0135593	904747	0.0642105
C4	R	healthy	T	BRD4	295	63	55	0.186441	904747	0.528465
C4	R	healthy	T	CAT	295	25	22	0.0745763	904747	0.243981
C4	R	healthy	T	CD4	295	54	46	0.155932	904747	0.468034
C4	R	healthy	T	CD86	295	0	0	0	904747	0
C4	R	healthy	T	CREB1	295	35	34	0.115254	904747	0.327034
C4	R	healthy	T	CTNNB1	295	33	31	0.105085	904747	0.310966
C4	R	healthy	T	DNMT1	295	54	52	0.176271	904747	0.468034
C4	R	healthy	T	FOXP3	295	13	9	0.0305085	904747	0.134257
C4	R	healthy	T	GABPA	295	17	16	0.0542373	904747	0.172185
C4	R	healthy	T	HIF1A	295	86	74	0.250847	904747	0.668107
C4	R	healthy	T	HMOX1	295	0	0	0	904747	0
C4	R	healthy	T	ICAM1	295	71	49	0.166102	904747	0.579278
C4	R	healthy	T	IFNG	295	122	31	0.105085	904747	0.853753
C4	R	healthy	T	IL15	295	2	2	0.00677966	904747	0.0218648
C4	R	healthy	T	IL1B	295	0	0	0	904747	0
C4	R	healthy	T	IL7	295	2	2	0.00677966	904747	0.0218648
C4	R	healthy	T	ITGAM	295	0	0	0	904747	0
C4	R	healthy	T	ITGAX	295	0	0	0	904747	0
C4	R	healthy	T	JAK1	295	183	132	0.447458	904747	1.10614
C4	R	healthy	T	LYZ	295	0	0	0	904747	0
C4	R	healthy	T	MAFB	295	1	1	0.00338983	904747	0.0109922
C4	R	healthy	T	MAP1LC3B	295	176	124	0.420339	904747	1.08021
C4	R	healthy	T	MAPK14	295	16	16	0.0542373	904747	0.162837
C4	R	healthy	T	NFKB1	295	118	80	0.271186	904747	0.834747
C4	R	healthy	T	NLRP3	295	4	4	0.0135593	904747	0.0432618
C4	R	healthy	T	OSM	295	13	12	0.040678	904747	0.134257
C4	R	healthy	T	PARP1	295	65	56	0.189831	904747	0.541413
C4	R	healthy	T	PIAS1	295	95	77	0.261017	904747	0.717848
C4	R	healthy	T	PKM	295	94	78	0.264407	904747	0.712442
C4	R	healthy	T	PRKAA1	295	29	27	0.0915254	904747	0.278034
C4	R	healthy	T	PTGS2	295	0	0	0	904747	0
C4	R	healthy	T	RELA	295	49	48	0.162712	904747	0.432813
C4	R	healthy	T	SH3KBP1	295	101	85	0.288136	904747	0.749685
C4	R	healthy	T	SMAD3	295	33	32	0.108475	904747	0.310966
C4	R	healthy	T	SOD1	295	186	128	0.433898	904747	1.11705
C4	R	healthy	T	STAT3	295	259	158	0.535593	904747	1.35136
C4	R	healthy	T	STAT5A	295	29	28	0.0949153	904747	0.278034
C4	R	healthy	T	SYK	295	4	4	0.0135593	904747	0.0432618
C4	R	healthy	T	TLR4	295	0	0	0	904747	0
C4	R	healthy	T	TNF	295	256	91	0.308475	904747	1.34274
C4	R	healthy	T:T1	ACTA2	29	0	0	0	49940	0
C4	R	healthy	T:T1	AHR	29	1	1	0.0344828	49940	0.182522
C4	R	healthy	T:T1	AKT1	29	0	0	0	49940	0
C4	R	healthy	T:T1	ARNTL	29	0	0	0	49940	0
C4	R	healthy	T:T1	BCL6	29	0	0	0	49940	0
C4	R	healthy	T:T1	BECN1	29	0	0	0	49940	0
C4	R	healthy	T:T1	BLNK	29	2	2	0.0689655	49940	0.336815
C4	R	healthy	T:T1	BRD4	29	4	4	0.137931	49940	0.58832
C4	R	healthy	T:T1	CAT	29	1	1	0.0344828	49940	0.182522
C4	R	healthy	T:T1	CD4	29	2	2	0.0689655	49940	0.336815
C4	R	healthy	T:T1	CD86	29	0	0	0	49940	0
C4	R	healthy	T:T1	CREB1	29	4	4	0.137931	49940	0.58832
C4	R	healthy	T:T1	CTNNB1	29	1	1	0.0344828	49940	0.182522
C4	R	healthy	T:T1	DNMT1	29	2	2	0.0689655	49940	0.336815
C4	R	healthy	T:T1	FOXP3	29	0	0	0	49940	0
C4	R	healthy	T:T1	GABPA	29	1	1	0.0344828	49940	0.182522
C4	R	healthy	T:T1	HIF1A	29	6	4	0.137931	49940	0.789112
C4	R	healthy	T:T1	HMOX1	29	0	0	0	49940	0
C4	R	healthy	T:T1	ICAM1	29	3	3	0.103448	49940	0.470454
C4	R	healthy	T:T1	IFNG	29	0	0	0	49940	0
C4	R	healthy	T:T1	IL15	29	0	0	0	49940	0
C4	R	healthy	T:T1	IL1B	29	0	0	0	49940	0
C4	R	healthy	T:T1	IL7	29	1	1	0.0344828	49940	0.182522
C4	R	healthy	T:T1	ITGAM	29	0	0	0	49940	0
C4	R	healthy	T:T1	ITGAX	29	0	0	0	49940	0
C4	R	healthy	T:T1	JAK1	29	9	7	0.241379	49940	1.03039
C4	R	healthy	T:T1	LYZ	29	0	0	0	49940	0
C4	R	healthy	T:T1	MAFB	29	0	0	0	49940	0
C4	R	healthy	T:T1	MAP1LC3B	29	9	7	0.241379	49940	1.03039
C4	R	healthy	T:T1	MAPK14	29	1	1	0.0344828	49940	0.182522
C4	R	healthy	T:T1	NFKB1	29	7	5	0.172414	49940	0.876169
C4	R	healthy	T:T1	NLRP3	29	0	0	0	49940	0
C4	R	healthy	T:T1	OSM	29	0	0	0	49940	0
C4	R	healthy	T:T1	PARP1	29	6	5	0.172414	49940	0.789112
C4	R	healthy	T:T1	PIAS1	29	6	5	0.172414	49940	0.789112
C4	R	healthy	T:T1	PKM	29	1	1	0.0344828	49940	0.182522
C4	R	healthy	T:T1	PRKAA1	29	1	1	0.0344828	49940	0.182522
C4	R	healthy	T:T1	PTGS2	29	0	0	0	49940	0
C4	R	healthy	T:T1	RELA	29	1	1	0.0344828	49940	0.182522
C4	R	healthy	T:T1	SH3KBP1	29	2	2	0.0689655	49940	0.336815
C4	R	healthy	T:T1	SMAD3	29	1	1	0.0344828	49940	0.182522
C4	R	healthy	T:T1	SOD1	29	6	5	0.172414	49940	0.789112
C4	R	healthy	T:T1	STAT3	29	12	10	0.344828	49940	1.22462
C4	R	healthy	T:T1	STAT5A	29	1	1	0.0344828	49940	0.182522
C4	R	healthy	T:T1	SYK	29	2	2	0.0689655	49940	0.336815
C4	R	healthy	T:T1	TLR4	29	0	0	0	49940	0
C4	R	healthy	T:T1	TNF	29	10	8	0.275862	49940	1.09941
C4	R	healthy	T:T10	ACTA2	5	2	2	0.4	20511	0.680612
C4	R	healthy	T:T10	AHR	5	0	0	0	20511	0
C4	R	healthy	T:T10	AKT1	5	0	0	0	20511	0
C4	R	healthy	T:T10	ARNTL	5	1	1	0.2	20511	0.397126
C4	R	healthy	T:T10	BCL6	5	0	0	0	20511	0
C4	R	healthy	T:T10	BECN1	5	1	1	0.2	20511	0.397126
C4	R	healthy	T:T10	BLNK	5	3	1	0.2	20511	0.90123
C4	R	healthy	T:T10	BRD4	5	1	1	0.2	20511	0.397126
C4	R	healthy	T:T10	CAT	5	0	0	0	20511	0
C4	R	healthy	T:T10	CD4	5	0	0	0	20511	0
C4	R	healthy	T:T10	CD86	5	0	0	0	20511	0
C4	R	healthy	T:T10	CREB1	5	1	1	0.2	20511	0.397126
C4	R	healthy	T:T10	CTNNB1	5	1	1	0.2	20511	0.397126
C4	R	healthy	T:T10	DNMT1	5	1	1	0.2	20511	0.397126
C4	R	healthy	T:T10	FOXP3	5	0	0	0	20511	0
C4	R	healthy	T:T10	GABPA	5	0	0	0	20511	0
C4	R	healthy	T:T10	HIF1A	5	3	2	0.4	20511	0.90123
C4	R	healthy	T:T10	HMOX1	5	0	0	0	20511	0
C4	R	healthy	T:T10	ICAM1	5	1	1	0.2	20511	0.397126
C4	R	healthy	T:T10	IFNG	5	13	2	0.4	20511	1.99307
C4	R	healthy	T:T10	IL15	5	0	0	0	20511	0
C4	R	healthy	T:T10	IL1B	5	0	0	0	20511	0
C4	R	healthy	T:T10	IL7	5	0	0	0	20511	0
C4	R	healthy	T:T10	ITGAM	5	0	0	0	20511	0
C4	R	healthy	T:T10	ITGAX	5	0	0	0	20511	0
C4	R	healthy	T:T10	JAK1	5	2	2	0.4	20511	0.680612
C4	R	healthy	T:T10	LYZ	5	0	0	0	20511	0
C4	R	healthy	T:T10	MAFB	5	0	0	0	20511	0
C4	R	healthy	T:T10	MAP1LC3B	5	5	4	0.8	20511	1.23481
C4	R	healthy	T:T10	MAPK14	5	0	0	0	20511	0
C4	R	healthy	T:T10	NFKB1	5	4	3	0.6	20511	1.08186
C4	R	healthy	T:T10	NLRP3	5	0	0	0	20511	0
C4	R	healthy	T:T10	OSM	5	0	0	0	20511	0
C4	R	healthy	T:T10	PARP1	5	2	1	0.2	20511	0.680612
C4	R	healthy	T:T10	PIAS1	5	3	3	0.6	20511	0.90123
C4	R	healthy	T:T10	PKM	5	2	2	0.4	20511	0.680612
C4	R	healthy	T:T10	PRKAA1	5	0	0	0	20511	0
C4	R	healthy	T:T10	PTGS2	5	0	0	0	20511	0
C4	R	healthy	T:T10	RELA	5	0	0	0	20511	0
C4	R	healthy	T:T10	SH3KBP1	5	1	1	0.2	20511	0.397126
C4	R	healthy	T:T10	SMAD3	5	0	0	0	20511	0
C4	R	healthy	T:T10	SOD1	5	3	2	0.4	20511	0.90123
C4	R	healthy	T:T10	STAT3	5	2	2	0.4	20511	0.680612
C4	R	healthy	T:T10	STAT5A	5	1	1	0.2	20511	0.397126
C4	R	healthy	T:T10	SYK	5	1	1	0.2	20511	0.397126
C4	R	healthy	T:T10	TLR4	5	0	0	0	20511	0
C4	R	healthy	T:T10	TNF	5	3	2	0.4	20511	0.90123
C4	R	healthy	T:T12	ACTA2	1	0	0	0	1367	0
C4	R	healthy	T:T12	AHR	1	0	0	0	1367	0
C4	R	healthy	T:T12	AKT1	1	0	0	0	1367	0
C4	R	healthy	T:T12	ARNTL	1	0	0	0	1367	0
C4	R	healthy	T:T12	BCL6	1	0	0	0	1367	0
C4	R	healthy	T:T12	BECN1	1	0	0	0	1367	0
C4	R	healthy	T:T12	BLNK	1	0	0	0	1367	0
C4	R	healthy	T:T12	BRD4	1	0	0	0	1367	0
C4	R	healthy	T:T12	CAT	1	0	0	0	1367	0
C4	R	healthy	T:T12	CD4	1	0	0	0	1367	0
C4	R	healthy	T:T12	CD86	1	0	0	0	1367	0
C4	R	healthy	T:T12	CREB1	1	0	0	0	1367	0
C4	R	healthy	T:T12	CTNNB1	1	0	0	0	1367	0
C4	R	healthy	T:T12	DNMT1	1	0	0	0	1367	0
C4	R	healthy	T:T12	FOXP3	1	0	0	0	1367	0
C4	R	healthy	T:T12	GABPA	1	0	0	0	1367	0
C4	R	healthy	T:T12	HIF1A	1	0	0	0	1367	0
C4	R	healthy	T:T12	HMOX1	1	0	0	0	1367	0
C4	R	healthy	T:T12	ICAM1	1	0	0	0	1367	0
C4	R	healthy	T:T12	IFNG	1	0	0	0	1367	0
C4	R	healthy	T:T12	IL15	1	0	0	0	1367	0
C4	R	healthy	T:T12	IL1B	1	0	0	0	1367	0
C4	R	healthy	T:T12	IL7	1	0	0	0	1367	0
C4	R	healthy	T:T12	ITGAM	1	0	0	0	1367	0
C4	R	healthy	T:T12	ITGAX	1	0	0	0	1367	0
C4	R	healthy	T:T12	JAK1	1	0	0	0	1367	0
C4	R	healthy	T:T12	LYZ	1	0	0	0	1367	0
C4	R	healthy	T:T12	MAFB	1	0	0	0	1367	0
C4	R	healthy	T:T12	MAP1LC3B	1	0	0	0	1367	0
C4	R	healthy	T:T12	MAPK14	1	0	0	0	1367	0
C4	R	healthy	T:T12	NFKB1	1	0	0	0	1367	0
C4	R	healthy	T:T12	NLRP3	1	0	0	0	1367	0
C4	R	healthy	T:T12	OSM	1	0	0	0	1367	0
C4	R	healthy	T:T12	PARP1	1	0	0	0	1367	0
C4	R	healthy	T:T12	PIAS1	1	0	0	0	1367	0
C4	R	healthy	T:T12	PKM	1	1	1	1	1367	2.1181
C4	R	healthy	T:T12	PRKAA1	1	0	0	0	1367	0
C4	R	healthy	T:T12	PTGS2	1	0	0	0	1367	0
C4	R	healthy	T:T12	RELA	1	0	0	0	1367	0
C4	R	healthy	T:T12	SH3KBP1	1	1	1	1	1367	2.1181
C4	R	healthy	T:T12	SMAD3	1	0	0	0	1367	0
C4	R	healthy	T:T12	SOD1	1	0	0	0	1367	0
C4	R	healthy	T:T12	STAT3	1	0	0	0	1367	0
C4	R	healthy	T:T12	STAT5A	1	0	0	0	1367	0
C4	R	healthy	T:T12	SYK	1	0	0	0	1367	0
C4	R	healthy	T:T12	TLR4	1	0	0	0	1367	0
C4	R	healthy	T:T12	TNF	1	0	0	0	1367	0
C4	R	healthy	T:T14	ACTA2	2	0	0	0	4962	0
C4	R	healthy	T:T14	AHR	2	0	0	0	4962	0
C4	R	healthy	T:T14	AKT1	2	0	0	0	4962	0
C4	R	healthy	T:T14	ARNTL	2	1	1	0.5	4962	1.1037
C4	R	healthy	T:T14	BCL6	2	0	0	0	4962	0
C4	R	healthy	T:T14	BECN1	2	0	0	0	4962	0
C4	R	healthy	T:T14	BLNK	2	0	0	0	4962	0
C4	R	healthy	T:T14	BRD4	2	1	1	0.5	4962	1.1037
C4	R	healthy	T:T14	CAT	2	0	0	0	4962	0
C4	R	healthy	T:T14	CD4	2	0	0	0	4962	0
C4	R	healthy	T:T14	CD86	2	0	0	0	4962	0
C4	R	healthy	T:T14	CREB1	2	0	0	0	4962	0
C4	R	healthy	T:T14	CTNNB1	2	0	0	0	4962	0
C4	R	healthy	T:T14	DNMT1	2	0	0	0	4962	0
C4	R	healthy	T:T14	FOXP3	2	0	0	0	4962	0
C4	R	healthy	T:T14	GABPA	2	0	0	0	4962	0
C4	R	healthy	T:T14	HIF1A	2	0	0	0	4962	0
C4	R	healthy	T:T14	HMOX1	2	0	0	0	4962	0
C4	R	healthy	T:T14	ICAM1	2	0	0	0	4962	0
C4	R	healthy	T:T14	IFNG	2	3	1	0.5	4962	1.95245
C4	R	healthy	T:T14	IL15	2	0	0	0	4962	0
C4	R	healthy	T:T14	IL1B	2	0	0	0	4962	0
C4	R	healthy	T:T14	IL7	2	0	0	0	4962	0
C4	R	healthy	T:T14	ITGAM	2	0	0	0	4962	0
C4	R	healthy	T:T14	ITGAX	2	0	0	0	4962	0
C4	R	healthy	T:T14	JAK1	2	0	0	0	4962	0
C4	R	healthy	T:T14	LYZ	2	0	0	0	4962	0
C4	R	healthy	T:T14	MAFB	2	0	0	0	4962	0
C4	R	healthy	T:T14	MAP1LC3B	2	0	0	0	4962	0
C4	R	healthy	T:T14	MAPK14	2	0	0	0	4962	0
C4	R	healthy	T:T14	NFKB1	2	0	0	0	4962	0
C4	R	healthy	T:T14	NLRP3	2	0	0	0	4962	0
C4	R	healthy	T:T14	OSM	2	0	0	0	4962	0
C4	R	healthy	T:T14	PARP1	2	0	0	0	4962	0
C4	R	healthy	T:T14	PIAS1	2	0	0	0	4962	0
C4	R	healthy	T:T14	PKM	2	3	2	1	4962	1.95245
C4	R	healthy	T:T14	PRKAA1	2	0	0	0	4962	0
C4	R	healthy	T:T14	PTGS2	2	0	0	0	4962	0
C4	R	healthy	T:T14	RELA	2	1	1	0.5	4962	1.1037
C4	R	healthy	T:T14	SH3KBP1	2	1	1	0.5	4962	1.1037
C4	R	healthy	T:T14	SMAD3	2	0	0	0	4962	0
C4	R	healthy	T:T14	SOD1	2	1	1	0.5	4962	1.1037
C4	R	healthy	T:T14	STAT3	2	1	1	0.5	4962	1.1037
C4	R	healthy	T:T14	STAT5A	2	0	0	0	4962	0
C4	R	healthy	T:T14	SYK	2	0	0	0	4962	0
C4	R	healthy	T:T14	TLR4	2	0	0	0	4962	0
C4	R	healthy	T:T14	TNF	2	1	1	0.5	4962	1.1037
C4	R	healthy	T:T15	ACTA2	1	0	0	0	2657	0
C4	R	healthy	T:T15	AHR	1	0	0	0	2657	0
C4	R	healthy	T:T15	AKT1	1	0	0	0	2657	0
C4	R	healthy	T:T15	ARNTL	1	0	0	0	2657	0
C4	R	healthy	T:T15	BCL6	1	0	0	0	2657	0
C4	R	healthy	T:T15	BECN1	1	0	0	0	2657	0
C4	R	healthy	T:T15	BLNK	1	0	0	0	2657	0
C4	R	healthy	T:T15	BRD4	1	0	0	0	2657	0
C4	R	healthy	T:T15	CAT	1	0	0	0	2657	0
C4	R	healthy	T:T15	CD4	1	0	0	0	2657	0
C4	R	healthy	T:T15	CD86	1	0	0	0	2657	0
C4	R	healthy	T:T15	CREB1	1	1	1	1	2657	1.56101
C4	R	healthy	T:T15	CTNNB1	1	0	0	0	2657	0
C4	R	healthy	T:T15	DNMT1	1	0	0	0	2657	0
C4	R	healthy	T:T15	FOXP3	1	0	0	0	2657	0
C4	R	healthy	T:T15	GABPA	1	0	0	0	2657	0
C4	R	healthy	T:T15	HIF1A	1	0	0	0	2657	0
C4	R	healthy	T:T15	HMOX1	1	0	0	0	2657	0
C4	R	healthy	T:T15	ICAM1	1	0	0	0	2657	0
C4	R	healthy	T:T15	IFNG	1	0	0	0	2657	0
C4	R	healthy	T:T15	IL15	1	0	0	0	2657	0
C4	R	healthy	T:T15	IL1B	1	0	0	0	2657	0
C4	R	healthy	T:T15	IL7	1	0	0	0	2657	0
C4	R	healthy	T:T15	ITGAM	1	0	0	0	2657	0
C4	R	healthy	T:T15	ITGAX	1	0	0	0	2657	0
C4	R	healthy	T:T15	JAK1	1	2	1	1	2657	2.14327
C4	R	healthy	T:T15	LYZ	1	0	0	0	2657	0
C4	R	healthy	T:T15	MAFB	1	0	0	0	2657	0
C4	R	healthy	T:T15	MAP1LC3B	1	0	0	0	2657	0
C4	R	healthy	T:T15	MAPK14	1	0	0	0	2657	0
C4	R	healthy	T:T15	NFKB1	1	1	1	1	2657	1.56101
C4	R	healthy	T:T15	NLRP3	1	0	0	0	2657	0
C4	R	healthy	T:T15	OSM	1	0	0	0	2657	0
C4	R	healthy	T:T15	PARP1	1	0	0	0	2657	0
C4	R	healthy	T:T15	PIAS1	1	0	0	0	2657	0
C4	R	healthy	T:T15	PKM	1	0	0	0	2657	0
C4	R	healthy	T:T15	PRKAA1	1	0	0	0	2657	0
C4	R	healthy	T:T15	PTGS2	1	0	0	0	2657	0
C4	R	healthy	T:T15	RELA	1	1	1	1	2657	1.56101
C4	R	healthy	T:T15	SH3KBP1	1	0	0	0	2657	0
C4	R	healthy	T:T15	SMAD3	1	0	0	0	2657	0
C4	R	healthy	T:T15	SOD1	1	0	0	0	2657	0
C4	R	healthy	T:T15	STAT3	1	0	0	0	2657	0
C4	R	healthy	T:T15	STAT5A	1	0	0	0	2657	0
C4	R	healthy	T:T15	SYK	1	0	0	0	2657	0
C4	R	healthy	T:T15	TLR4	1	0	0	0	2657	0
C4	R	healthy	T:T15	TNF	1	0	0	0	2657	0
C4	R	healthy	T:T16	ACTA2	3	1	1	0.333333	16081	0.483569
C4	R	healthy	T:T16	AHR	3	0	0	0	16081	0
C4	R	healthy	T:T16	AKT1	3	0	0	0	16081	0
C4	R	healthy	T:T16	ARNTL	3	1	1	0.333333	16081	0.483569
C4	R	healthy	T:T16	BCL6	3	0	0	0	16081	0
C4	R	healthy	T:T16	BECN1	3	0	0	0	16081	0
C4	R	healthy	T:T16	BLNK	3	0	0	0	16081	0
C4	R	healthy	T:T16	BRD4	3	1	1	0.333333	16081	0.483569
C4	R	healthy	T:T16	CAT	3	0	0	0	16081	0
C4	R	healthy	T:T16	CD4	3	0	0	0	16081	0
C4	R	healthy	T:T16	CD86	3	0	0	0	16081	0
C4	R	healthy	T:T16	CREB1	3	0	0	0	16081	0
C4	R	healthy	T:T16	CTNNB1	3	0	0	0	16081	0
C4	R	healthy	T:T16	DNMT1	3	0	0	0	16081	0
C4	R	healthy	T:T16	FOXP3	3	0	0	0	16081	0
C4	R	healthy	T:T16	GABPA	3	0	0	0	16081	0
C4	R	healthy	T:T16	HIF1A	3	1	1	0.333333	16081	0.483569
C4	R	healthy	T:T16	HMOX1	3	0	0	0	16081	0
C4	R	healthy	T:T16	ICAM1	3	0	0	0	16081	0
C4	R	healthy	T:T16	IFNG	3	1	1	0.333333	16081	0.483569
C4	R	healthy	T:T16	IL15	3	0	0	0	16081	0
C4	R	healthy	T:T16	IL1B	3	0	0	0	16081	0
C4	R	healthy	T:T16	IL7	3	0	0	0	16081	0
C4	R	healthy	T:T16	ITGAM	3	0	0	0	16081	0
C4	R	healthy	T:T16	ITGAX	3	0	0	0	16081	0
C4	R	healthy	T:T16	JAK1	3	1	1	0.333333	16081	0.483569
C4	R	healthy	T:T16	LYZ	3	0	0	0	16081	0
C4	R	healthy	T:T16	MAFB	3	0	0	0	16081	0
C4	R	healthy	T:T16	MAP1LC3B	3	3	2	0.666667	16081	1.05276
C4	R	healthy	T:T16	MAPK14	3	0	0	0	16081	0
C4	R	healthy	T:T16	NFKB1	3	1	1	0.333333	16081	0.483569
C4	R	healthy	T:T16	NLRP3	3	0	0	0	16081	0
C4	R	healthy	T:T16	OSM	3	0	0	0	16081	0
C4	R	healthy	T:T16	PARP1	3	2	1	0.333333	16081	0.808128
C4	R	healthy	T:T16	PIAS1	3	2	2	0.666667	16081	0.808128
C4	R	healthy	T:T16	PKM	3	2	1	0.333333	16081	0.808128
C4	R	healthy	T:T16	PRKAA1	3	1	1	0.333333	16081	0.483569
C4	R	healthy	T:T16	PTGS2	3	0	0	0	16081	0
C4	R	healthy	T:T16	RELA	3	0	0	0	16081	0
C4	R	healthy	T:T16	SH3KBP1	3	2	1	0.333333	16081	0.808128
C4	R	healthy	T:T16	SMAD3	3	0	0	0	16081	0
C4	R	healthy	T:T16	SOD1	3	1	1	0.333333	16081	0.483569
C4	R	healthy	T:T16	STAT3	3	2	2	0.666667	16081	0.808128
C4	R	healthy	T:T16	STAT5A	3	0	0	0	16081	0
C4	R	healthy	T:T16	SYK	3	0	0	0	16081	0
C4	R	healthy	T:T16	TLR4	3	0	0	0	16081	0
C4	R	healthy	T:T16	TNF	3	0	0	0	16081	0
C4	R	healthy	T:T2	ACTA2	168	2	2	0.0119048	540794	0.0363152
C4	R	healthy	T:T2	AHR	168	96	60	0.357143	540794	1.02071
C4	R	healthy	T:T2	AKT1	168	10	10	0.0595238	540794	0.16967
C4	R	healthy	T:T2	ARNTL	168	28	24	0.142857	540794	0.417234
C4	R	healthy	T:T2	BCL6	168	10	10	0.0595238	540794	0.16967
C4	R	healthy	T:T2	BECN1	168	13	13	0.077381	540794	0.215424
C4	R	healthy	T:T2	BLNK	168	0	0	0	540794	0
C4	R	healthy	T:T2	BRD4	168	39	34	0.202381	540794	0.543
C4	R	healthy	T:T2	CAT	168	16	13	0.077381	540794	0.259176
C4	R	healthy	T:T2	CD4	168	27	26	0.154762	540794	0.404976
C4	R	healthy	T:T2	CD86	168	0	0	0	540794	0
C4	R	healthy	T:T2	CREB1	168	15	15	0.0892857	540794	0.244803
C4	R	healthy	T:T2	CTNNB1	168	22	21	0.125	540794	0.341324
C4	R	healthy	T:T2	DNMT1	168	32	30	0.178571	540794	0.464817
C4	R	healthy	T:T2	FOXP3	168	2	1	0.00595238	540794	0.0363152
C4	R	healthy	T:T2	GABPA	168	12	11	0.0654762	540794	0.200404
C4	R	healthy	T:T2	HIF1A	168	49	45	0.267857	540794	0.645046
C4	R	healthy	T:T2	HMOX1	168	0	0	0	540794	0
C4	R	healthy	T:T2	ICAM1	168	58	36	0.214286	540794	0.728754
C4	R	healthy	T:T2	IFNG	168	105	27	0.160714	540794	1.07895
C4	R	healthy	T:T2	IL15	168	2	2	0.0119048	540794	0.0363152
C4	R	healthy	T:T2	IL1B	168	0	0	0	540794	0
C4	R	healthy	T:T2	IL7	168	0	0	0	540794	0
C4	R	healthy	T:T2	ITGAM	168	0	0	0	540794	0
C4	R	healthy	T:T2	ITGAX	168	0	0	0	540794	0
C4	R	healthy	T:T2	JAK1	168	119	83	0.494048	540794	1.1633
C4	R	healthy	T:T2	LYZ	168	0	0	0	540794	0
C4	R	healthy	T:T2	MAFB	168	0	0	0	540794	0
C4	R	healthy	T:T2	MAP1LC3B	168	120	78	0.464286	540794	1.16906
C4	R	healthy	T:T2	MAPK14	168	11	11	0.0654762	540794	0.185155
C4	R	healthy	T:T2	NFKB1	168	74	51	0.303571	540794	0.862197
C4	R	healthy	T:T2	NLRP3	168	4	4	0.0238095	540794	0.0713577
C4	R	healthy	T:T2	OSM	168	12	11	0.0654762	540794	0.200404
C4	R	healthy	T:T2	PARP1	168	32	29	0.172619	540794	0.464817
C4	R	healthy	T:T2	PIAS1	168	58	47	0.279762	540794	0.728754
C4	R	healthy	T:T2	PKM	168	50	45	0.267857	540794	0.654701
C4	R	healthy	T:T2	PRKAA1	168	21	20	0.119048	540794	0.328093
C4	R	healthy	T:T2	PTGS2	168	0	0	0	540794	0
C4	R	healthy	T:T2	RELA	168	35	34	0.202381	540794	0.499075
C4	R	healthy	T:T2	SH3KBP1	168	66	54	0.321429	540794	0.7977
C4	R	healthy	T:T2	SMAD3	168	28	27	0.160714	540794	0.417234
C4	R	healthy	T:T2	SOD1	168	110	75	0.446429	540794	1.1099
C4	R	healthy	T:T2	STAT3	168	150	95	0.565476	540794	1.32806
C4	R	healthy	T:T2	STAT5A	168	23	22	0.130952	540794	0.354383
C4	R	healthy	T:T2	SYK	168	1	1	0.00595238	540794	0.0183224
C4	R	healthy	T:T2	TLR4	168	0	0	0	540794	0
C4	R	healthy	T:T2	TNF	168	229	71	0.422619	540794	1.65527
C4	R	healthy	T:T3	ACTA2	4	0	0	0	17957	0
C4	R	healthy	T:T3	AHR	4	0	0	0	17957	0
C4	R	healthy	T:T3	AKT1	4	0	0	0	17957	0
C4	R	healthy	T:T3	ARNTL	4	0	0	0	17957	0
C4	R	healthy	T:T3	BCL6	4	0	0	0	17957	0
C4	R	healthy	T:T3	BECN1	4	0	0	0	17957	0
C4	R	healthy	T:T3	BLNK	4	1	1	0.25	17957	0.442688
C4	R	healthy	T:T3	BRD4	4	0	0	0	17957	0
C4	R	healthy	T:T3	CAT	4	1	1	0.25	17957	0.442688
C4	R	healthy	T:T3	CD4	4	0	0	0	17957	0
C4	R	healthy	T:T3	CD86	4	0	0	0	17957	0
C4	R	healthy	T:T3	CREB1	4	0	0	0	17957	0
C4	R	healthy	T:T3	CTNNB1	4	0	0	0	17957	0
C4	R	healthy	T:T3	DNMT1	4	1	1	0.25	17957	0.442688
C4	R	healthy	T:T3	FOXP3	4	0	0	0	17957	0
C4	R	healthy	T:T3	GABPA	4	0	0	0	17957	0
C4	R	healthy	T:T3	HIF1A	4	0	0	0	17957	0
C4	R	healthy	T:T3	HMOX1	4	0	0	0	17957	0
C4	R	healthy	T:T3	ICAM1	4	0	0	0	17957	0
C4	R	healthy	T:T3	IFNG	4	0	0	0	17957	0
C4	R	healthy	T:T3	IL15	4	0	0	0	17957	0
C4	R	healthy	T:T3	IL1B	4	0	0	0	17957	0
C4	R	healthy	T:T3	IL7	4	0	0	0	17957	0
C4	R	healthy	T:T3	ITGAM	4	0	0	0	17957	0
C4	R	healthy	T:T3	ITGAX	4	0	0	0	17957	0
C4	R	healthy	T:T3	JAK1	4	0	0	0	17957	0
C4	R	healthy	T:T3	LYZ	4	0	0	0	17957	0
C4	R	healthy	T:T3	MAFB	4	0	0	0	17957	0
C4	R	healthy	T:T3	MAP1LC3B	4	2	1	0.25	17957	0.748474
C4	R	healthy	T:T3	MAPK14	4	0	0	0	17957	0
C4	R	healthy	T:T3	NFKB1	4	0	0	0	17957	0
C4	R	healthy	T:T3	NLRP3	4	0	0	0	17957	0
C4	R	healthy	T:T3	OSM	4	0	0	0	17957	0
C4	R	healthy	T:T3	PARP1	4	3	2	0.5	17957	0.982325
C4	R	healthy	T:T3	PIAS1	4	2	2	0.5	17957	0.748474
C4	R	healthy	T:T3	PKM	4	1	1	0.25	17957	0.442688
C4	R	healthy	T:T3	PRKAA1	4	1	1	0.25	17957	0.442688
C4	R	healthy	T:T3	PTGS2	4	0	0	0	17957	0
C4	R	healthy	T:T3	RELA	4	0	0	0	17957	0
C4	R	healthy	T:T3	SH3KBP1	4	1	1	0.25	17957	0.442688
C4	R	healthy	T:T3	SMAD3	4	0	0	0	17957	0
C4	R	healthy	T:T3	SOD1	4	0	0	0	17957	0
C4	R	healthy	T:T3	STAT3	4	3	3	0.75	17957	0.982325
C4	R	healthy	T:T3	STAT5A	4	0	0	0	17957	0
C4	R	healthy	T:T3	SYK	4	0	0	0	17957	0
C4	R	healthy	T:T3	TLR4	4	0	0	0	17957	0
C4	R	healthy	T:T3	TNF	4	1	1	0.25	17957	0.442688
C4	R	healthy	T:T4	ACTA2	1	0	0	0	3766	0
C4	R	healthy	T:T4	AHR	1	0	0	0	3766	0
C4	R	healthy	T:T4	AKT1	1	0	0	0	3766	0
C4	R	healthy	T:T4	ARNTL	1	1	1	1	3766	1.29619
C4	R	healthy	T:T4	BCL6	1	0	0	0	3766	0
C4	R	healthy	T:T4	BECN1	1	0	0	0	3766	0
C4	R	healthy	T:T4	BLNK	1	0	0	0	3766	0
C4	R	healthy	T:T4	BRD4	1	0	0	0	3766	0
C4	R	healthy	T:T4	CAT	1	0	0	0	3766	0
C4	R	healthy	T:T4	CD4	1	0	0	0	3766	0
C4	R	healthy	T:T4	CD86	1	0	0	0	3766	0
C4	R	healthy	T:T4	CREB1	1	0	0	0	3766	0
C4	R	healthy	T:T4	CTNNB1	1	0	0	0	3766	0
C4	R	healthy	T:T4	DNMT1	1	0	0	0	3766	0
C4	R	healthy	T:T4	FOXP3	1	0	0	0	3766	0
C4	R	healthy	T:T4	GABPA	1	0	0	0	3766	0
C4	R	healthy	T:T4	HIF1A	1	0	0	0	3766	0
C4	R	healthy	T:T4	HMOX1	1	0	0	0	3766	0
C4	R	healthy	T:T4	ICAM1	1	0	0	0	3766	0
C4	R	healthy	T:T4	IFNG	1	0	0	0	3766	0
C4	R	healthy	T:T4	IL15	1	0	0	0	3766	0
C4	R	healthy	T:T4	IL1B	1	0	0	0	3766	0
C4	R	healthy	T:T4	IL7	1	0	0	0	3766	0
C4	R	healthy	T:T4	ITGAM	1	0	0	0	3766	0
C4	R	healthy	T:T4	ITGAX	1	0	0	0	3766	0
C4	R	healthy	T:T4	JAK1	1	1	1	1	3766	1.29619
C4	R	healthy	T:T4	LYZ	1	0	0	0	3766	0
C4	R	healthy	T:T4	MAFB	1	0	0	0	3766	0
C4	R	healthy	T:T4	MAP1LC3B	1	1	1	1	3766	1.29619
C4	R	healthy	T:T4	MAPK14	1	0	0	0	3766	0
C4	R	healthy	T:T4	NFKB1	1	0	0	0	3766	0
C4	R	healthy	T:T4	NLRP3	1	0	0	0	3766	0
C4	R	healthy	T:T4	OSM	1	0	0	0	3766	0
C4	R	healthy	T:T4	PARP1	1	0	0	0	3766	0
C4	R	healthy	T:T4	PIAS1	1	0	0	0	3766	0
C4	R	healthy	T:T4	PKM	1	3	1	1	3766	2.19344
C4	R	healthy	T:T4	PRKAA1	1	0	0	0	3766	0
C4	R	healthy	T:T4	PTGS2	1	0	0	0	3766	0
C4	R	healthy	T:T4	RELA	1	0	0	0	3766	0
C4	R	healthy	T:T4	SH3KBP1	1	0	0	0	3766	0
C4	R	healthy	T:T4	SMAD3	1	0	0	0	3766	0
C4	R	healthy	T:T4	SOD1	1	3	1	1	3766	2.19344
C4	R	healthy	T:T4	STAT3	1	0	0	0	3766	0
C4	R	healthy	T:T4	STAT5A	1	0	0	0	3766	0
C4	R	healthy	T:T4	SYK	1	0	0	0	3766	0
C4	R	healthy	T:T4	TLR4	1	0	0	0	3766	0
C4	R	healthy	T:T4	TNF	1	0	0	0	3766	0
C4	R	healthy	T:T5	ACTA2	36	2	2	0.0555556	124151	0.149363
C4	R	healthy	T:T5	AHR	36	3	3	0.0833333	124151	0.216434
C4	R	healthy	T:T5	AKT1	36	2	2	0.0555556	124151	0.149363
C4	R	healthy	T:T5	ARNTL	36	6	6	0.166667	124151	0.394258
C4	R	healthy	T:T5	BCL6	36	1	1	0.0277778	124151	0.0774675
C4	R	healthy	T:T5	BECN1	36	11	10	0.277778	124151	0.634468
C4	R	healthy	T:T5	BLNK	36	0	0	0	124151	0
C4	R	healthy	T:T5	BRD4	36	9	6	0.166667	124151	0.545183
C4	R	healthy	T:T5	CAT	36	4	4	0.111111	124151	0.279288
C4	R	healthy	T:T5	CD4	36	13	8	0.222222	124151	0.71643
C4	R	healthy	T:T5	CD86	36	0	0	0	124151	0
C4	R	healthy	T:T5	CREB1	36	6	6	0.166667	124151	0.394258
C4	R	healthy	T:T5	CTNNB1	36	4	4	0.111111	124151	0.279288
C4	R	healthy	T:T5	DNMT1	36	5	5	0.138889	124151	0.338424
C4	R	healthy	T:T5	FOXP3	36	0	0	0	124151	0
C4	R	healthy	T:T5	GABPA	36	2	2	0.0555556	124151	0.149363
C4	R	healthy	T:T5	HIF1A	36	12	9	0.25	124151	0.676288
C4	R	healthy	T:T5	HMOX1	36	0	0	0	124151	0
C4	R	healthy	T:T5	ICAM1	36	4	4	0.111111	124151	0.279288
C4	R	healthy	T:T5	IFNG	36	0	0	0	124151	0
C4	R	healthy	T:T5	IL15	36	0	0	0	124151	0
C4	R	healthy	T:T5	IL1B	36	0	0	0	124151	0
C4	R	healthy	T:T5	IL7	36	0	0	0	124151	0
C4	R	healthy	T:T5	ITGAM	36	0	0	0	124151	0
C4	R	healthy	T:T5	ITGAX	36	0	0	0	124151	0
C4	R	healthy	T:T5	JAK1	36	20	14	0.388889	124151	0.959711
C4	R	healthy	T:T5	LYZ	36	0	0	0	124151	0
C4	R	healthy	T:T5	MAFB	36	1	1	0.0277778	124151	0.0774675
C4	R	healthy	T:T5	MAP1LC3B	36	19	16	0.444444	124151	0.928375
C4	R	healthy	T:T5	MAPK14	36	2	2	0.0555556	124151	0.149363
C4	R	healthy	T:T5	NFKB1	36	20	12	0.333333	124151	0.959711
C4	R	healthy	T:T5	NLRP3	36	0	0	0	124151	0
C4	R	healthy	T:T5	OSM	36	1	1	0.0277778	124151	0.0774675
C4	R	healthy	T:T5	PARP1	36	5	5	0.138889	124151	0.338424
C4	R	healthy	T:T5	PIAS1	36	12	8	0.222222	124151	0.676288
C4	R	healthy	T:T5	PKM	36	14	9	0.25	124151	0.755022
C4	R	healthy	T:T5	PRKAA1	36	2	2	0.0555556	124151	0.149363
C4	R	healthy	T:T5	PTGS2	36	0	0	0	124151	0
C4	R	healthy	T:T5	RELA	36	5	5	0.138889	124151	0.338424
C4	R	healthy	T:T5	SH3KBP1	36	15	13	0.361111	124151	0.79218
C4	R	healthy	T:T5	SMAD3	36	0	0	0	124151	0
C4	R	healthy	T:T5	SOD1	36	39	25	0.694444	124151	1.42102
C4	R	healthy	T:T5	STAT3	36	50	23	0.638889	124151	1.61489
C4	R	healthy	T:T5	STAT5A	36	1	1	0.0277778	124151	0.0774675
C4	R	healthy	T:T5	SYK	36	0	0	0	124151	0
C4	R	healthy	T:T5	TLR4	36	0	0	0	124151	0
C4	R	healthy	T:T5	TNF	36	0	0	0	124151	0
C4	R	healthy	T:T6	ACTA2	23	0	0	0	59442	0
C4	R	healthy	T:T6	AHR	23	1	1	0.0434783	59442	0.155491
C4	R	healthy	T:T6	AKT1	23	0	0	0	59442	0
C4	R	healthy	T:T6	ARNTL	23	1	1	0.0434783	59442	0.155491
C4	R	healthy	T:T6	BCL6	23	0	0	0	59442	0
C4	R	healthy	T:T6	BECN1	23	1	1	0.0434783	59442	0.155491
C4	R	healthy	T:T6	BLNK	23	0	0	0	59442	0
C4	R	healthy	T:T6	BRD4	23	5	5	0.217391	59442	0.610394
C4	R	healthy	T:T6	CAT	23	1	1	0.0434783	59442	0.155491
C4	R	healthy	T:T6	CD4	23	6	5	0.217391	59442	0.69783
C4	R	healthy	T:T6	CD86	23	0	0	0	59442	0
C4	R	healthy	T:T6	CREB1	23	3	2	0.0869565	59442	0.408589
C4	R	healthy	T:T6	CTNNB1	23	5	4	0.173913	59442	0.610394
C4	R	healthy	T:T6	DNMT1	23	6	6	0.26087	59442	0.69783
C4	R	healthy	T:T6	FOXP3	23	0	0	0	59442	0
C4	R	healthy	T:T6	GABPA	23	0	0	0	59442	0
C4	R	healthy	T:T6	HIF1A	23	10	9	0.391304	59442	0.986679
C4	R	healthy	T:T6	HMOX1	23	0	0	0	59442	0
C4	R	healthy	T:T6	ICAM1	23	0	0	0	59442	0
C4	R	healthy	T:T6	IFNG	23	0	0	0	59442	0
C4	R	healthy	T:T6	IL15	23	0	0	0	59442	0
C4	R	healthy	T:T6	IL1B	23	0	0	0	59442	0
C4	R	healthy	T:T6	IL7	23	0	0	0	59442	0
C4	R	healthy	T:T6	ITGAM	23	0	0	0	59442	0
C4	R	healthy	T:T6	ITGAX	23	0	0	0	59442	0
C4	R	healthy	T:T6	JAK1	23	14	11	0.478261	59442	1.21052
C4	R	healthy	T:T6	LYZ	23	0	0	0	59442	0
C4	R	healthy	T:T6	MAFB	23	0	0	0	59442	0
C4	R	healthy	T:T6	MAP1LC3B	23	6	5	0.217391	59442	0.69783
C4	R	healthy	T:T6	MAPK14	23	0	0	0	59442	0
C4	R	healthy	T:T6	NFKB1	23	9	5	0.217391	59442	0.921907
C4	R	healthy	T:T6	NLRP3	23	0	0	0	59442	0
C4	R	healthy	T:T6	OSM	23	0	0	0	59442	0
C4	R	healthy	T:T6	PARP1	23	6	6	0.26087	59442	0.69783
C4	R	healthy	T:T6	PIAS1	23	8	7	0.304348	59442	0.852648
C4	R	healthy	T:T6	PKM	23	10	9	0.391304	59442	0.986679
C4	R	healthy	T:T6	PRKAA1	23	2	1	0.0434783	59442	0.290026
C4	R	healthy	T:T6	PTGS2	23	0	0	0	59442	0
C4	R	healthy	T:T6	RELA	23	2	2	0.0869565	59442	0.290026
C4	R	healthy	T:T6	SH3KBP1	23	6	6	0.26087	59442	0.69783
C4	R	healthy	T:T6	SMAD3	23	1	1	0.0434783	59442	0.155491
C4	R	healthy	T:T6	SOD1	23	10	8	0.347826	59442	0.986679
C4	R	healthy	T:T6	STAT3	23	23	12	0.521739	59442	1.58295
C4	R	healthy	T:T6	STAT5A	23	1	1	0.0434783	59442	0.155491
C4	R	healthy	T:T6	SYK	23	0	0	0	59442	0
C4	R	healthy	T:T6	TLR4	23	0	0	0	59442	0
C4	R	healthy	T:T6	TNF	23	6	4	0.173913	59442	0.69783
C4	R	healthy	T:T7	ACTA2	22	4	3	0.136364	63119	0.490862
C4	R	healthy	T:T7	AHR	22	3	3	0.136364	63119	0.388856
C4	R	healthy	T:T7	AKT1	22	3	2	0.0909091	63119	0.388856
C4	R	healthy	T:T7	ARNTL	22	1	1	0.0454545	63119	0.147066
C4	R	healthy	T:T7	BCL6	22	2	1	0.0454545	63119	0.275251
C4	R	healthy	T:T7	BECN1	22	0	0	0	63119	0
C4	R	healthy	T:T7	BLNK	22	0	0	0	63119	0
C4	R	healthy	T:T7	BRD4	22	3	3	0.136364	63119	0.388856
C4	R	healthy	T:T7	CAT	22	2	2	0.0909091	63119	0.275251
C4	R	healthy	T:T7	CD4	22	6	5	0.227273	63119	0.66813
C4	R	healthy	T:T7	CD86	22	0	0	0	63119	0
C4	R	healthy	T:T7	CREB1	22	5	5	0.227273	63119	0.583419
C4	R	healthy	T:T7	CTNNB1	22	0	0	0	63119	0
C4	R	healthy	T:T7	DNMT1	22	7	7	0.318182	63119	0.746222
C4	R	healthy	T:T7	FOXP3	22	11	8	0.363636	63119	1.00896
C4	R	healthy	T:T7	GABPA	22	2	2	0.0909091	63119	0.275251
C4	R	healthy	T:T7	HIF1A	22	5	4	0.181818	63119	0.583419
C4	R	healthy	T:T7	HMOX1	22	0	0	0	63119	0
C4	R	healthy	T:T7	ICAM1	22	5	5	0.227273	63119	0.583419
C4	R	healthy	T:T7	IFNG	22	0	0	0	63119	0
C4	R	healthy	T:T7	IL15	22	0	0	0	63119	0
C4	R	healthy	T:T7	IL1B	22	0	0	0	63119	0
C4	R	healthy	T:T7	IL7	22	1	1	0.0454545	63119	0.147066
C4	R	healthy	T:T7	ITGAM	22	0	0	0	63119	0
C4	R	healthy	T:T7	ITGAX	22	0	0	0	63119	0
C4	R	healthy	T:T7	JAK1	22	15	12	0.545455	63119	1.21683
C4	R	healthy	T:T7	LYZ	22	0	0	0	63119	0
C4	R	healthy	T:T7	MAFB	22	0	0	0	63119	0
C4	R	healthy	T:T7	MAP1LC3B	22	11	10	0.454545	63119	1.00896
C4	R	healthy	T:T7	MAPK14	22	2	2	0.0909091	63119	0.275251
C4	R	healthy	T:T7	NFKB1	22	2	2	0.0909091	63119	0.275251
C4	R	healthy	T:T7	NLRP3	22	0	0	0	63119	0
C4	R	healthy	T:T7	OSM	22	0	0	0	63119	0
C4	R	healthy	T:T7	PARP1	22	9	7	0.318182	63119	0.886194
C4	R	healthy	T:T7	PIAS1	22	4	3	0.136364	63119	0.490862
C4	R	healthy	T:T7	PKM	22	7	6	0.272727	63119	0.746222
C4	R	healthy	T:T7	PRKAA1	22	1	1	0.0454545	63119	0.147066
C4	R	healthy	T:T7	PTGS2	22	0	0	0	63119	0
C4	R	healthy	T:T7	RELA	22	4	4	0.181818	63119	0.490862
C4	R	healthy	T:T7	SH3KBP1	22	6	5	0.227273	63119	0.66813
C4	R	healthy	T:T7	SMAD3	22	3	3	0.136364	63119	0.388856
C4	R	healthy	T:T7	SOD1	22	13	10	0.454545	63119	1.11828
C4	R	healthy	T:T7	STAT3	22	16	10	0.454545	63119	1.26268
C4	R	healthy	T:T7	STAT5A	22	2	2	0.0909091	63119	0.275251
C4	R	healthy	T:T7	SYK	22	0	0	0	63119	0
C4	R	healthy	T:T7	TLR4	22	0	0	0	63119	0
C4	R	healthy	T:T7	TNF	22	6	4	0.181818	63119	0.66813
C4	R	healthy	unknown	ACTA2	362	1	1	0.00276243	888722	0.0111893
C4	R	healthy	unknown	AHR	362	117	82	0.226519	888722	0.840056
C4	R	healthy	unknown	AKT1	362	18	16	0.0441989	888722	0.184434
C4	R	healthy	unknown	ARNTL	362	26	24	0.0662983	888722	0.256621
C4	R	healthy	unknown	BCL6	362	18	15	0.0414365	888722	0.184434
C4	R	healthy	unknown	BECN1	362	33	32	0.0883978	888722	0.315774
C4	R	healthy	unknown	BLNK	362	39	29	0.0801105	888722	0.363832
C4	R	healthy	unknown	BRD4	362	80	67	0.185083	888722	0.641943
C4	R	healthy	unknown	CAT	362	20	18	0.0497238	888722	0.202975
C4	R	healthy	unknown	CD4	362	33	27	0.0745856	888722	0.315774
C4	R	healthy	unknown	CD86	362	8	8	0.0220994	888722	0.0861932
C4	R	healthy	unknown	CREB1	362	41	36	0.0994475	888722	0.379352
C4	R	healthy	unknown	CTNNB1	362	52	45	0.124309	888722	0.460654
C4	R	healthy	unknown	DNMT1	362	49	43	0.118785	888722	0.439128
C4	R	healthy	unknown	FOXP3	362	3	3	0.00828729	888722	0.0331991
C4	R	healthy	unknown	GABPA	362	11	11	0.0303867	888722	0.116692
C4	R	healthy	unknown	HIF1A	362	129	99	0.273481	888722	0.896709
C4	R	healthy	unknown	HMOX1	362	2	2	0.00552486	888722	0.0222547
C4	R	healthy	unknown	ICAM1	362	86	62	0.171271	888722	0.676856
C4	R	healthy	unknown	IFNG	362	109	39	0.107735	888722	0.800422
C4	R	healthy	unknown	IL15	362	7	7	0.019337	888722	0.0758167
C4	R	healthy	unknown	IL1B	362	21	2	0.00552486	888722	0.212118
C4	R	healthy	unknown	IL7	362	2	2	0.00552486	888722	0.0222547
C4	R	healthy	unknown	ITGAM	362	10	10	0.0276243	888722	0.106629
C4	R	healthy	unknown	ITGAX	362	9	6	0.0165746	888722	0.0964632
C4	R	healthy	unknown	JAK1	362	155	108	0.298343	888722	1.00944
C4	R	healthy	unknown	LYZ	362	72	4	0.0110497	888722	0.593411
C4	R	healthy	unknown	MAFB	362	9	4	0.0110497	888722	0.0964632
C4	R	healthy	unknown	MAP1LC3B	362	183	116	0.320442	888722	1.11813
C4	R	healthy	unknown	MAPK14	362	19	19	0.0524862	888722	0.193748
C4	R	healthy	unknown	NFKB1	362	101	77	0.212707	888722	0.759152
C4	R	healthy	unknown	NLRP3	362	10	8	0.0220994	888722	0.106629
C4	R	healthy	unknown	OSM	362	11	10	0.0276243	888722	0.116692
C4	R	healthy	unknown	PARP1	362	56	52	0.143646	888722	0.488653
C4	R	healthy	unknown	PIAS1	362	97	86	0.237569	888722	0.73786
C4	R	healthy	unknown	PKM	362	105	80	0.220994	888722	0.78
C4	R	healthy	unknown	PRKAA1	362	41	36	0.0994475	888722	0.379352
C4	R	healthy	unknown	PTGS2	362	5	4	0.0110497	888722	0.0547349
C4	R	healthy	unknown	RELA	362	53	45	0.124309	888722	0.467727
C4	R	healthy	unknown	SH3KBP1	362	92	74	0.20442	888722	0.710591
C4	R	healthy	unknown	SMAD3	362	35	30	0.0828729	888722	0.332051
C4	R	healthy	unknown	SOD1	362	93	84	0.232044	888722	0.716105
C4	R	healthy	unknown	STAT3	362	250	167	0.461326	888722	1.33842
C4	R	healthy	unknown	STAT5A	362	23	22	0.0607735	888722	0.230158
C4	R	healthy	unknown	SYK	362	33	26	0.0718232	888722	0.315774
C4	R	healthy	unknown	TLR4	362	0	0	0	888722	0
C4	R	healthy	unknown	TNF	362	434	139	0.383978	888722	1.77214
C5	R	healthy	unknown	ACTA2	997	35	33	0.0330993	3.12374e+06	0.106201
C5	R	healthy	unknown	AHR	997	270	198	0.198596	3.12374e+06	0.622912
C5	R	healthy	unknown	AKT1	997	76	75	0.0752257	3.12374e+06	0.217768
C5	R	healthy	unknown	ARNTL	997	94	87	0.0872618	3.12374e+06	0.263073
C5	R	healthy	unknown	BCL6	997	63	53	0.0531595	3.12374e+06	0.183722
C5	R	healthy	unknown	BECN1	997	99	95	0.0952859	3.12374e+06	0.275302
C5	R	healthy	unknown	BLNK	997	207	145	0.145436	3.12374e+06	0.508423
C5	R	healthy	unknown	BRD4	997	268	218	0.218656	3.12374e+06	0.619471
C5	R	healthy	unknown	CAT	997	112	96	0.0962889	3.12374e+06	0.306414
C5	R	healthy	unknown	CD4	997	108	87	0.0872618	3.12374e+06	0.296944
C5	R	healthy	unknown	CD86	997	36	29	0.0290873	3.12374e+06	0.109075
C5	R	healthy	unknown	CREB1	997	152	137	0.137412	3.12374e+06	0.396489
C5	R	healthy	unknown	CTNNB1	997	143	124	0.124373	3.12374e+06	0.376918
C5	R	healthy	unknown	DNMT1	997	192	151	0.151454	3.12374e+06	0.479117
C5	R	healthy	unknown	FOXP3	997	15	11	0.0110331	3.12374e+06	0.046902
C5	R	healthy	unknown	GABPA	997	47	44	0.0441324	3.12374e+06	0.140162
C5	R	healthy	unknown	HIF1A	997	317	245	0.245737	3.12374e+06	0.700524
C5	R	healthy	unknown	HMOX1	997	22	13	0.0130391	3.12374e+06	0.0680589
C5	R	healthy	unknown	ICAM1	997	188	120	0.120361	3.12374e+06	0.471155
C5	R	healthy	unknown	IFNG	997	473	145	0.145436	3.12374e+06	0.921959
C5	R	healthy	unknown	IL15	997	42	40	0.0401204	3.12374e+06	0.126152
C5	R	healthy	unknown	IL1B	997	76	11	0.0110331	3.12374e+06	0.217768
C5	R	healthy	unknown	IL7	997	20	20	0.0200602	3.12374e+06	0.0620596
C5	R	healthy	unknown	ITGAM	997	34	27	0.0270812	3.12374e+06	0.103318
C5	R	healthy	unknown	ITGAX	997	36	23	0.0230692	3.12374e+06	0.109075
C5	R	healthy	unknown	JAK1	997	645	449	0.450351	3.12374e+06	1.11999
C5	R	healthy	unknown	LYZ	997	537	9	0.00902708	3.12374e+06	1.0003
C5	R	healthy	unknown	MAFB	997	9	8	0.00802407	3.12374e+06	0.0284044
C5	R	healthy	unknown	MAP1LC3B	997	574	365	0.366098	3.12374e+06	1.04294
C5	R	healthy	unknown	MAPK14	997	75	71	0.0712136	3.12374e+06	0.215189
C5	R	healthy	unknown	NFKB1	997	507	326	0.326981	3.12374e+06	0.964339
C5	R	healthy	unknown	NLRP3	997	29	22	0.0220662	3.12374e+06	0.0887774
C5	R	healthy	unknown	OSM	997	23	21	0.0210632	3.12374e+06	0.0710451
C5	R	healthy	unknown	PARP1	997	304	222	0.222668	3.12374e+06	0.679653
C5	R	healthy	unknown	PIAS1	997	317	255	0.255767	3.12374e+06	0.700524
C5	R	healthy	unknown	PKM	997	448	281	0.281846	3.12374e+06	0.889609
C5	R	healthy	unknown	PRKAA1	997	108	102	0.102307	3.12374e+06	0.296944
C5	R	healthy	unknown	PTGS2	997	20	12	0.0120361	3.12374e+06	0.0620596
C5	R	healthy	unknown	RELA	997	103	98	0.0982949	3.12374e+06	0.284978
C5	R	healthy	unknown	SH3KBP1	997	333	246	0.24674	3.12374e+06	0.725629
C5	R	healthy	unknown	SMAD3	997	125	114	0.114343	3.12374e+06	0.336587
C5	R	healthy	unknown	SOD1	997	527	358	0.359077	3.12374e+06	0.988455
C5	R	healthy	unknown	STAT3	997	654	441	0.442327	3.12374e+06	1.12935
C5	R	healthy	unknown	STAT5A	997	76	68	0.0682046	3.12374e+06	0.217768
C5	R	healthy	unknown	SYK	997	137	101	0.101304	3.12374e+06	0.363654
C5	R	healthy	unknown	TLR4	997	2	2	0.00200602	3.12374e+06	0.00638217
C5	R	healthy	unknown	TNF	997	1170	346	0.347041	3.12374e+06	1.5572
C6	R	healthy	unknown	ACTA2	2580	30	30	0.0116279	5.75414e+06	0.0508227
C6	R	healthy	unknown	AHR	2580	281	250	0.0968992	5.75414e+06	0.397664
C6	R	healthy	unknown	AKT1	2580	40	40	0.0155039	5.75414e+06	0.0672054
C6	R	healthy	unknown	ARNTL	2580	118	112	0.0434109	5.75414e+06	0.186537
C6	R	healthy	unknown	BCL6	2580	35	33	0.0127907	5.75414e+06	0.0590476
C6	R	healthy	unknown	BECN1	2580	183	175	0.0678295	5.75414e+06	0.27614
C6	R	healthy	unknown	BLNK	2580	148	132	0.0511628	5.75414e+06	0.228892
C6	R	healthy	unknown	BRD4	2580	229	221	0.0856589	5.75414e+06	0.335024
C6	R	healthy	unknown	CAT	2580	144	129	0.05	5.75414e+06	0.223347
C6	R	healthy	unknown	CD4	2580	112	107	0.0414729	5.75414e+06	0.177847
C6	R	healthy	unknown	CD86	2580	64	58	0.0224806	5.75414e+06	0.105462
C6	R	healthy	unknown	CREB1	2580	198	187	0.0724806	5.75414e+06	0.295725
C6	R	healthy	unknown	CTNNB1	2580	105	103	0.0399225	5.75414e+06	0.167612
C6	R	healthy	unknown	DNMT1	2580	213	202	0.0782946	5.75414e+06	0.314933
C6	R	healthy	unknown	FOXP3	2580	47	37	0.0143411	5.75414e+06	0.0785157
C6	R	healthy	unknown	GABPA	2580	58	57	0.022093	5.75414e+06	0.0960344
C6	R	healthy	unknown	HIF1A	2580	391	339	0.131395	5.75414e+06	0.518502
C6	R	healthy	unknown	HMOX1	2580	12	12	0.00465116	5.75414e+06	0.0206401
C6	R	healthy	unknown	ICAM1	2580	257	222	0.0860465	5.75414e+06	0.36924
C6	R	healthy	unknown	IFNG	2580	389	183	0.0709302	5.75414e+06	0.516431
C6	R	healthy	unknown	IL15	2580	39	38	0.0147287	5.75414e+06	0.0655792
C6	R	healthy	unknown	IL1B	2580	244	27	0.0104651	5.75414e+06	0.3535
C6	R	healthy	unknown	IL7	2580	26	26	0.0100775	5.75414e+06	0.0441938
C6	R	healthy	unknown	ITGAM	2580	14	14	0.00542636	5.75414e+06	0.024039
C6	R	healthy	unknown	ITGAX	2580	9	7	0.00271318	5.75414e+06	0.0155198
C6	R	healthy	unknown	JAK1	2580	1247	951	0.368605	5.75414e+06	1.15283
C6	R	healthy	unknown	LYZ	2580	1321	27	0.0104651	5.75414e+06	1.19263
C6	R	healthy	unknown	MAFB	2580	13	8	0.00310078	5.75414e+06	0.022341
C6	R	healthy	unknown	MAP1LC3B	2580	872	684	0.265116	5.75414e+06	0.922444
C6	R	healthy	unknown	MAPK14	2580	90	88	0.0341085	5.75414e+06	0.14532
C6	R	healthy	unknown	NFKB1	2580	328	292	0.113178	5.75414e+06	0.451091
C6	R	healthy	unknown	NLRP3	2580	17	15	0.00581395	5.75414e+06	0.0291159
C6	R	healthy	unknown	OSM	2580	39	35	0.0135659	5.75414e+06	0.0655792
C6	R	healthy	unknown	PARP1	2580	478	413	0.160078	5.75414e+06	0.604702
C6	R	healthy	unknown	PIAS1	2580	414	372	0.144186	5.75414e+06	0.542023
C6	R	healthy	unknown	PKM	2580	500	424	0.164341	5.75414e+06	0.625371
C6	R	healthy	unknown	PRKAA1	2580	126	121	0.0468992	5.75414e+06	0.198008
C6	R	healthy	unknown	PTGS2	2580	27	18	0.00697674	5.75414e+06	0.0458551
C6	R	healthy	unknown	RELA	2580	147	142	0.0550388	5.75414e+06	0.227509
C6	R	healthy	unknown	SH3KBP1	2580	451	403	0.156202	5.75414e+06	0.578737
C6	R	healthy	unknown	SMAD3	2580	108	103	0.0399225	5.75414e+06	0.172011
C6	R	healthy	unknown	SOD1	2580	752	641	0.24845	5.75414e+06	0.835898
C6	R	healthy	unknown	STAT3	2580	955	709	0.274806	5.75414e+06	0.978204
C6	R	healthy	unknown	STAT5A	2580	82	79	0.0306202	5.75414e+06	0.133224
C6	R	healthy	unknown	SYK	2580	162	145	0.0562016	5.75414e+06	0.24806
C6	R	healthy	unknown	TLR4	2580	3	3	0.00116279	5.75414e+06	0.00520009
C6	R	healthy	unknown	TNF	2580	1247	605	0.234496	5.75414e+06	1.15283
C7	R	healthy	unknown	ACTA2	2189	28	28	0.0127912	9.44782e+06	0.0292058
C7	R	healthy	unknown	AHR	2189	508	386	0.176336	9.44782e+06	0.430281
C7	R	healthy	unknown	AKT1	2189	100	97	0.0443125	9.44782e+06	0.100609
C7	R	healthy	unknown	ARNTL	2189	160	151	0.0689813	9.44782e+06	0.156449
C7	R	healthy	unknown	BCL6	2189	43	37	0.0169027	9.44782e+06	0.0445078
C7	R	healthy	unknown	BECN1	2189	221	211	0.096391	9.44782e+06	0.210193
C7	R	healthy	unknown	BLNK	2189	344	280	0.127912	9.44782e+06	0.310499
C7	R	healthy	unknown	BRD4	2189	262	244	0.111466	9.44782e+06	0.244758
C7	R	healthy	unknown	CAT	2189	183	157	0.0717222	9.44782e+06	0.177054
C7	R	healthy	unknown	CD4	2189	220	193	0.0881681	9.44782e+06	0.209335
C7	R	healthy	unknown	CD86	2189	69	58	0.0264961	9.44782e+06	0.070489
C7	R	healthy	unknown	CREB1	2189	251	236	0.107812	9.44782e+06	0.235601
C7	R	healthy	unknown	CTNNB1	2189	170	160	0.0730927	9.44782e+06	0.16546
C7	R	healthy	unknown	DNMT1	2189	253	233	0.106441	9.44782e+06	0.237273
C7	R	healthy	unknown	FOXP3	2189	38	31	0.0141617	9.44782e+06	0.0394331
C7	R	healthy	unknown	GABPA	2189	78	75	0.0342622	9.44782e+06	0.0793274
C7	R	healthy	unknown	HIF1A	2189	538	442	0.201919	9.44782e+06	0.450721
C7	R	healthy	unknown	HMOX1	2189	28	14	0.00639561	9.44782e+06	0.0292058
C7	R	healthy	unknown	ICAM1	2189	385	295	0.134765	9.44782e+06	0.341816
C7	R	healthy	unknown	IFNG	2189	1368	419	0.191412	9.44782e+06	0.895252
C7	R	healthy	unknown	IL15	2189	61	59	0.0269529	9.44782e+06	0.0625664
C7	R	healthy	unknown	IL1B	2189	97	15	0.00685244	9.44782e+06	0.0977338
C7	R	healthy	unknown	IL7	2189	7	7	0.00319781	9.44782e+06	0.0073818
C7	R	healthy	unknown	ITGAM	2189	9	8	0.00365464	9.44782e+06	0.00948092
C7	R	healthy	unknown	ITGAX	2189	21	14	0.00639561	9.44782e+06	0.0219839
C7	R	healthy	unknown	JAK1	2189	1216	893	0.407949	9.44782e+06	0.827271
C7	R	healthy	unknown	LYZ	2189	453	15	0.00685244	9.44782e+06	0.391688
C7	R	healthy	unknown	MAFB	2189	27	16	0.00730927	9.44782e+06	0.0281773
C7	R	healthy	unknown	MAP1LC3B	2189	1631	1026	0.468707	9.44782e+06	1.00295
C7	R	healthy	unknown	MAPK14	2189	90	89	0.0406578	9.44782e+06	0.0909918
C7	R	healthy	unknown	NFKB1	2189	344	290	0.132481	9.44782e+06	0.310499
C7	R	healthy	unknown	NLRP3	2189	30	25	0.0114207	9.44782e+06	0.0312596
C7	R	healthy	unknown	OSM	2189	57	49	0.0223847	9.44782e+06	0.0585815
C7	R	healthy	unknown	PARP1	2189	584	468	0.213796	9.44782e+06	0.481272
C7	R	healthy	unknown	PIAS1	2189	487	424	0.193696	9.44782e+06	0.415721
C7	R	healthy	unknown	PKM	2189	709	527	0.240749	9.44782e+06	0.559866
C7	R	healthy	unknown	PRKAA1	2189	219	205	0.0936501	9.44782e+06	0.208476
C7	R	healthy	unknown	PTGS2	2189	31	13	0.00593878	9.44782e+06	0.032285
C7	R	healthy	unknown	RELA	2189	193	184	0.0840566	9.44782e+06	0.185882
C7	R	healthy	unknown	SH3KBP1	2189	526	456	0.208314	9.44782e+06	0.442595
C7	R	healthy	unknown	SMAD3	2189	100	91	0.0415715	9.44782e+06	0.100609
C7	R	healthy	unknown	SOD1	2189	1328	963	0.439927	9.44782e+06	0.877806
C7	R	healthy	unknown	STAT3	2189	1158	783	0.357698	9.44782e+06	0.800062
C7	R	healthy	unknown	STAT5A	2189	83	80	0.0365464	9.44782e+06	0.0842041
C7	R	healthy	unknown	SYK	2189	183	159	0.0726359	9.44782e+06	0.177054
C7	R	healthy	unknown	TLR4	2189	1	1	0.00045683	9.44782e+06	0.00105789
C7	R	healthy	unknown	TNF	2189	1594	553	0.252627	9.44782e+06	0.988486
C8	R	healthy	unknown	ACTA2	2074	13	13	0.00626808	6.66502e+06	0.019317
C8	R	healthy	unknown	AHR	2074	162	146	0.0703954	6.66502e+06	0.217576
C8	R	healthy	unknown	AKT1	2074	22	22	0.0106075	6.66502e+06	0.0324751
C8	R	healthy	unknown	ARNTL	2074	51	50	0.024108	6.66502e+06	0.0737326
C8	R	healthy	unknown	BCL6	2074	3	3	0.00144648	6.66502e+06	0.00449101
C8	R	healthy	unknown	BECN1	2074	98	94	0.045323	6.66502e+06	0.137181
C8	R	healthy	unknown	BLNK	2074	126	121	0.0583414	6.66502e+06	0.173152
C8	R	healthy	unknown	BRD4	2074	109	108	0.0520733	6.66502e+06	0.151467
C8	R	healthy	unknown	CAT	2074	72	65	0.0313404	6.66502e+06	0.102581
C8	R	healthy	unknown	CD4	2074	73	69	0.033269	6.66502e+06	0.103934
C8	R	healthy	unknown	CD86	2074	27	26	0.0125362	6.66502e+06	0.039711
C8	R	healthy	unknown	CREB1	2074	82	80	0.0385728	6.66502e+06	0.116031
C8	R	healthy	unknown	CTNNB1	2074	59	58	0.0279653	6.66502e+06	0.0848207
C8	R	healthy	unknown	DNMT1	2074	84	83	0.0400193	6.66502e+06	0.118699
C8	R	healthy	unknown	FOXP3	2074	12	9	0.00433944	6.66502e+06	0.0178443
C8	R	healthy	unknown	GABPA	2074	35	35	0.0168756	6.66502e+06	0.0511806
C8	R	healthy	unknown	HIF1A	2074	149	135	0.0650916	6.66502e+06	0.201761
C8	R	healthy	unknown	HMOX1	2074	7	7	0.00337512	6.66502e+06	0.0104478
C8	R	healthy	unknown	ICAM1	2074	167	150	0.072324	6.66502e+06	0.223593
C8	R	healthy	unknown	IFNG	2074	239	152	0.0732883	6.66502e+06	0.306446
C8	R	healthy	unknown	IL15	2074	34	34	0.0163934	6.66502e+06	0.0497541
C8	R	healthy	unknown	IL1B	2074	178	29	0.0139826	6.66502e+06	0.236704
C8	R	healthy	unknown	IL7	2074	1	1	0.00048216	6.66502e+06	0.00149925
C8	R	healthy	unknown	ITGAM	2074	3	3	0.00144648	6.66502e+06	0.00449101
C8	R	healthy	unknown	ITGAX	2074	15	11	0.00530376	6.66502e+06	0.022256
C8	R	healthy	unknown	JAK1	2074	436	380	0.183221	6.66502e+06	0.503294
C8	R	healthy	unknown	LYZ	2074	1376	37	0.0178399	6.66502e+06	1.11989
C8	R	healthy	unknown	MAFB	2074	18	13	0.00626808	6.66502e+06	0.0266484
C8	R	healthy	unknown	MAP1LC3B	2074	492	424	0.204436	6.66502e+06	0.55284
C8	R	healthy	unknown	MAPK14	2074	24	24	0.0115718	6.66502e+06	0.0353757
C8	R	healthy	unknown	NFKB1	2074	48	48	0.0231437	6.66502e+06	0.0695426
C8	R	healthy	unknown	NLRP3	2074	8	8	0.00385728	6.66502e+06	0.0119315
C8	R	healthy	unknown	OSM	2074	28	28	0.0135005	6.66502e+06	0.0411519
C8	R	healthy	unknown	PARP1	2074	273	244	0.117647	6.66502e+06	0.343307
C8	R	healthy	unknown	PIAS1	2074	162	157	0.0756991	6.66502e+06	0.217576
C8	R	healthy	unknown	PKM	2074	379	330	0.159113	6.66502e+06	0.450209
C8	R	healthy	unknown	PRKAA1	2074	49	47	0.0226615	6.66502e+06	0.0709412
C8	R	healthy	unknown	PTGS2	2074	10	7	0.00337512	6.66502e+06	0.0148923
C8	R	healthy	unknown	RELA	2074	91	88	0.0424301	6.66502e+06	0.127983
C8	R	healthy	unknown	SH3KBP1	2074	223	204	0.0983607	6.66502e+06	0.288619
C8	R	healthy	unknown	SMAD3	2074	33	31	0.014947	6.66502e+06	0.0483255
C8	R	healthy	unknown	SOD1	2074	570	491	0.236741	6.66502e+06	0.617998
C8	R	healthy	unknown	STAT3	2074	347	293	0.141273	6.66502e+06	0.419124
C8	R	healthy	unknown	STAT5A	2074	29	28	0.0135005	6.66502e+06	0.0425907
C8	R	healthy	unknown	SYK	2074	58	57	0.0274831	6.66502e+06	0.0834414
C8	R	healthy	unknown	TLR4	2074	3	3	0.00144648	6.66502e+06	0.00449101
C8	R	healthy	unknown	TNF	2074	407	240	0.115718	6.66502e+06	0.476638
U1	R	diseased	B	ACTA2	559	11	10	0.0178891	2.24428e+06	0.0478501
U1	R	diseased	B	AHR	559	34	30	0.0536673	2.24428e+06	0.141062
U1	R	diseased	B	AKT1	559	13	13	0.0232558	2.24428e+06	0.0563094
U1	R	diseased	B	ARNTL	559	18	18	0.0322004	2.24428e+06	0.0771497
U1	R	diseased	B	BCL6	559	23	22	0.039356	2.24428e+06	0.0975646
U1	R	diseased	B	BECN1	559	72	64	0.11449	2.24428e+06	0.278249
U1	R	diseased	B	BLNK	559	223	177	0.316637	2.24428e+06	0.68996
U1	R	diseased	B	BRD4	559	120	107	0.191413	2.24428e+06	0.42833
U1	R	diseased	B	CAT	559	56	50	0.0894454	2.24428e+06	0.222762
U1	R	diseased	B	CD4	559	4	2	0.00357782	2.24428e+06	0.0176661
U1	R	diseased	B	CD86	559	41	37	0.0661896	2.24428e+06	0.167788
U1	R	diseased	B	CREB1	559	57	55	0.09839	2.24428e+06	0.226321
U1	R	diseased	B	CTNNB1	559	81	71	0.127013	2.24428e+06	0.308159
U1	R	diseased	B	DNMT1	559	59	52	0.0930233	2.24428e+06	0.233403
U1	R	diseased	B	FOXP3	559	1	1	0.00178891	2.24428e+06	0.00444587
U1	R	diseased	B	GABPA	559	26	22	0.039356	2.24428e+06	0.109616
U1	R	diseased	B	HIF1A	559	177	137	0.245081	2.24428e+06	0.581473
U1	R	diseased	B	HMOX1	559	24	24	0.0429338	2.24428e+06	0.101598
U1	R	diseased	B	ICAM1	559	118	92	0.16458	2.24428e+06	0.422506
U1	R	diseased	B	IFNG	559	3	3	0.00536673	2.24428e+06	0.0132787
U1	R	diseased	B	IL15	559	33	31	0.0554562	2.24428e+06	0.137185
U1	R	diseased	B	IL1B	559	0	0	0	2.24428e+06	0
U1	R	diseased	B	IL7	559	21	21	0.0375671	2.24428e+06	0.0894486
U1	R	diseased	B	ITGAM	559	18	17	0.0304114	2.24428e+06	0.0771497
U1	R	diseased	B	ITGAX	559	17	10	0.0178891	2.24428e+06	0.0730163
U1	R	diseased	B	JAK1	559	365	257	0.45975	2.24428e+06	0.965597
U1	R	diseased	B	LYZ	559	0	0	0	2.24428e+06	0
U1	R	diseased	B	MAFB	559	0	0	0	2.24428e+06	0
U1	R	diseased	B	MAP1LC3B	559	356	235	0.420394	2.24428e+06	0.95021
U1	R	diseased	B	MAPK14	559	25	23	0.0411449	2.24428e+06	0.105615
U1	R	diseased	B	NFKB1	559	122	101	0.18068	2.24428e+06	0.43412
U1	R	diseased	B	NLRP3	559	2	1	0.00178891	2.24428e+06	0.00887206
U1	R	diseased	B	OSM	559	6	4	0.00715564	2.24428e+06	0.0263835
U1	R	diseased	B	PARP1	559	306	219	0.391771	2.24428e+06	0.860129
U1	R	diseased	B	PIAS1	559	150	133	0.237925	2.24428e+06	0.511844
U1	R	diseased	B	PKM	559	229	165	0.29517	2.24428e+06	0.703281
U1	R	diseased	B	PRKAA1	559	31	30	0.0536673	2.24428e+06	0.129385
U1	R	diseased	B	PTGS2	559	0	0	0	2.24428e+06	0
U1	R	diseased	B	RELA	559	45	45	0.0805009	2.24428e+06	0.182746
U1	R	diseased	B	SH3KBP1	559	110	95	0.169946	2.24428e+06	0.398866
U1	R	diseased	B	SMAD3	559	49	45	0.0805009	2.24428e+06	0.197483
U1	R	diseased	B	SOD1	559	286	218	0.389982	2.24428e+06	0.821694
U1	R	diseased	B	STAT3	559	233	181	0.323792	2.24428e+06	0.712064
U1	R	diseased	B	STAT5A	559	32	28	0.0500894	2.24428e+06	0.133293
U1	R	diseased	B	SYK	559	160	134	0.239714	2.24428e+06	0.538201
U1	R	diseased	B	TLR4	559	1	1	0.00178891	2.24428e+06	0.00444587
U1	R	diseased	B	TNF	559	193	93	0.166369	2.24428e+06	0.620557
U1	R	diseased	B:B1	ACTA2	91	0	0	0	684284	0
U1	R	diseased	B:B1	AHR	91	8	8	0.0879121	684284	0.110566
U1	R	diseased	B:B1	AKT1	91	4	4	0.043956	684284	0.0568105
U1	R	diseased	B:B1	ARNTL	91	1	1	0.010989	684284	0.0145081
U1	R	diseased	B:B1	BCL6	91	1	1	0.010989	684284	0.0145081
U1	R	diseased	B:B1	BECN1	91	13	12	0.131868	684284	0.173936
U1	R	diseased	B:B1	BLNK	91	35	29	0.318681	684284	0.413092
U1	R	diseased	B:B1	BRD4	91	17	15	0.164835	684284	0.221891
U1	R	diseased	B:B1	CAT	91	6	5	0.0549451	684284	0.0840496
U1	R	diseased	B:B1	CD4	91	2	1	0.010989	684284	0.0288086
U1	R	diseased	B:B1	CD86	91	2	2	0.021978	684284	0.0288086
U1	R	diseased	B:B1	CREB1	91	6	6	0.0659341	684284	0.0840496
U1	R	diseased	B:B1	CTNNB1	91	11	10	0.10989	684284	0.149068
U1	R	diseased	B:B1	DNMT1	91	11	10	0.10989	684284	0.149068
U1	R	diseased	B:B1	FOXP3	91	1	1	0.010989	684284	0.0145081
U1	R	diseased	B:B1	GABPA	91	5	4	0.043956	684284	0.0705228
U1	R	diseased	B:B1	HIF1A	91	21	17	0.186813	684284	0.26765
U1	R	diseased	B:B1	HMOX1	91	2	2	0.021978	684284	0.0288086
U1	R	diseased	B:B1	ICAM1	91	16	12	0.131868	684284	0.210116
U1	R	diseased	B:B1	IFNG	91	0	0	0	684284	0
U1	R	diseased	B:B1	IL15	91	9	7	0.0769231	684284	0.123566
U1	R	diseased	B:B1	IL1B	91	0	0	0	684284	0
U1	R	diseased	B:B1	IL7	91	0	0	0	684284	0
U1	R	diseased	B:B1	ITGAM	91	0	0	0	684284	0
U1	R	diseased	B:B1	ITGAX	91	0	0	0	684284	0
U1	R	diseased	B:B1	JAK1	91	38	29	0.318681	684284	0.441685
U1	R	diseased	B:B1	LYZ	91	0	0	0	684284	0
U1	R	diseased	B:B1	MAFB	91	0	0	0	684284	0
U1	R	diseased	B:B1	MAP1LC3B	91	56	38	0.417582	684284	0.597943
U1	R	diseased	B:B1	MAPK14	91	3	2	0.021978	684284	0.0429076
U1	R	diseased	B:B1	NFKB1	91	2	2	0.021978	684284	0.0288086
U1	R	diseased	B:B1	NLRP3	91	0	0	0	684284	0
U1	R	diseased	B:B1	OSM	91	0	0	0	684284	0
U1	R	diseased	B:B1	PARP1	91	50	39	0.428571	684284	0.548521
U1	R	diseased	B:B1	PIAS1	91	14	14	0.153846	684284	0.186142
U1	R	diseased	B:B1	PKM	91	39	29	0.318681	684284	0.451037
U1	R	diseased	B:B1	PRKAA1	91	8	8	0.0879121	684284	0.110566
U1	R	diseased	B:B1	PTGS2	91	0	0	0	684284	0
U1	R	diseased	B:B1	RELA	91	8	8	0.0879121	684284	0.110566
U1	R	diseased	B:B1	SH3KBP1	91	15	13	0.142857	684284	0.198201
U1	R	diseased	B:B1	SMAD3	91	1	1	0.010989	684284	0.0145081
U1	R	diseased	B:B1	SOD1	91	61	44	0.483516	684284	0.63734
U1	R	diseased	B:B1	STAT3	91	34	23	0.252747	684284	0.403376
U1	R	diseased	B:B1	STAT5A	91	5	4	0.043956	684284	0.0705228
U1	R	diseased	B:B1	SYK	91	26	23	0.252747	684284	0.322054
U1	R	diseased	B:B1	TLR4	91	0	0	0	684284	0
U1	R	diseased	B:B1	TNF	91	16	6	0.0659341	684284	0.210116
U1	R	diseased	B:B10	ACTA2	6	0	0	0	51057	0
U1	R	diseased	B:B10	AHR	6	1	1	0.166667	51057	0.178865
U1	R	diseased	B:B10	AKT1	6	0	0	0	51057	0
U1	R	diseased	B:B10	ARNTL	6	0	0	0	51057	0
U1	R	diseased	B:B10	BCL6	6	0	0	0	51057	0
U1	R	diseased	B:B10	BECN1	6	1	1	0.166667	51057	0.178865
U1	R	diseased	B:B10	BLNK	6	5	3	0.5	51057	0.682742
U1	R	diseased	B:B10	BRD4	6	0	0	0	51057	0
U1	R	diseased	B:B10	CAT	6	0	0	0	51057	0
U1	R	diseased	B:B10	CD4	6	0	0	0	51057	0
U1	R	diseased	B:B10	CD86	6	1	1	0.166667	51057	0.178865
U1	R	diseased	B:B10	CREB1	6	0	0	0	51057	0
U1	R	diseased	B:B10	CTNNB1	6	0	0	0	51057	0
U1	R	diseased	B:B10	DNMT1	6	0	0	0	51057	0
U1	R	diseased	B:B10	FOXP3	6	0	0	0	51057	0
U1	R	diseased	B:B10	GABPA	6	0	0	0	51057	0
U1	R	diseased	B:B10	HIF1A	6	2	1	0.166667	51057	0.33054
U1	R	diseased	B:B10	HMOX1	6	0	0	0	51057	0
U1	R	diseased	B:B10	ICAM1	6	0	0	0	51057	0
U1	R	diseased	B:B10	IFNG	6	0	0	0	51057	0
U1	R	diseased	B:B10	IL15	6	1	1	0.166667	51057	0.178865
U1	R	diseased	B:B10	IL1B	6	0	0	0	51057	0
U1	R	diseased	B:B10	IL7	6	0	0	0	51057	0
U1	R	diseased	B:B10	ITGAM	6	0	0	0	51057	0
U1	R	diseased	B:B10	ITGAX	6	0	0	0	51057	0
U1	R	diseased	B:B10	JAK1	6	0	0	0	51057	0
U1	R	diseased	B:B10	LYZ	6	0	0	0	51057	0
U1	R	diseased	B:B10	MAFB	6	0	0	0	51057	0
U1	R	diseased	B:B10	MAP1LC3B	6	2	2	0.333333	51057	0.33054
U1	R	diseased	B:B10	MAPK14	6	2	1	0.166667	51057	0.33054
U1	R	diseased	B:B10	NFKB1	6	1	1	0.166667	51057	0.178865
U1	R	diseased	B:B10	NLRP3	6	0	0	0	51057	0
U1	R	diseased	B:B10	OSM	6	0	0	0	51057	0
U1	R	diseased	B:B10	PARP1	6	2	2	0.333333	51057	0.33054
U1	R	diseased	B:B10	PIAS1	6	0	0	0	51057	0
U1	R	diseased	B:B10	PKM	6	3	2	0.333333	51057	0.46221
U1	R	diseased	B:B10	PRKAA1	6	0	0	0	51057	0
U1	R	diseased	B:B10	PTGS2	6	0	0	0	51057	0
U1	R	diseased	B:B10	RELA	6	0	0	0	51057	0
U1	R	diseased	B:B10	SH3KBP1	6	2	1	0.166667	51057	0.33054
U1	R	diseased	B:B10	SMAD3	6	0	0	0	51057	0
U1	R	diseased	B:B10	SOD1	6	4	3	0.5	51057	0.578543
U1	R	diseased	B:B10	STAT3	6	1	1	0.166667	51057	0.178865
U1	R	diseased	B:B10	STAT5A	6	0	0	0	51057	0
U1	R	diseased	B:B10	SYK	6	2	2	0.333333	51057	0.33054
U1	R	diseased	B:B10	TLR4	6	0	0	0	51057	0
U1	R	diseased	B:B10	TNF	6	0	0	0	51057	0
U1	R	diseased	B:B11	ACTA2	10	0	0	0	77625	0
U1	R	diseased	B:B11	AHR	10	0	0	0	77625	0
U1	R	diseased	B:B11	AKT1	10	0	0	0	77625	0
U1	R	diseased	B:B11	ARNTL	10	0	0	0	77625	0
U1	R	diseased	B:B11	BCL6	10	0	0	0	77625	0
U1	R	diseased	B:B11	BECN1	10	1	1	0.1	77625	0.121177
U1	R	diseased	B:B11	BLNK	10	6	4	0.4	77625	0.572643
U1	R	diseased	B:B11	BRD4	10	1	1	0.1	77625	0.121177
U1	R	diseased	B:B11	CAT	10	1	1	0.1	77625	0.121177
U1	R	diseased	B:B11	CD4	10	0	0	0	77625	0
U1	R	diseased	B:B11	CD86	10	0	0	0	77625	0
U1	R	diseased	B:B11	CREB1	10	1	1	0.1	77625	0.121177
U1	R	diseased	B:B11	CTNNB1	10	3	2	0.2	77625	0.326763
U1	R	diseased	B:B11	DNMT1	10	1	1	0.1	77625	0.121177
U1	R	diseased	B:B11	FOXP3	10	0	0	0	77625	0
U1	R	diseased	B:B11	GABPA	10	0	0	0	77625	0
U1	R	diseased	B:B11	HIF1A	10	1	1	0.1	77625	0.121177
U1	R	diseased	B:B11	HMOX1	10	1	1	0.1	77625	0.121177
U1	R	diseased	B:B11	ICAM1	10	0	0	0	77625	0
U1	R	diseased	B:B11	IFNG	10	0	0	0	77625	0
U1	R	diseased	B:B11	IL15	10	0	0	0	77625	0
U1	R	diseased	B:B11	IL1B	10	0	0	0	77625	0
U1	R	diseased	B:B11	IL7	10	0	0	0	77625	0
U1	R	diseased	B:B11	ITGAM	10	0	0	0	77625	0
U1	R	diseased	B:B11	ITGAX	10	0	0	0	77625	0
U1	R	diseased	B:B11	JAK1	10	3	3	0.3	77625	0.326763
U1	R	diseased	B:B11	LYZ	10	0	0	0	77625	0
U1	R	diseased	B:B11	MAFB	10	0	0	0	77625	0
U1	R	diseased	B:B11	MAP1LC3B	10	5	3	0.3	77625	0.497207
U1	R	diseased	B:B11	MAPK14	10	1	1	0.1	77625	0.121177
U1	R	diseased	B:B11	NFKB1	10	0	0	0	77625	0
U1	R	diseased	B:B11	NLRP3	10	0	0	0	77625	0
U1	R	diseased	B:B11	OSM	10	0	0	0	77625	0
U1	R	diseased	B:B11	PARP1	10	4	4	0.4	77625	0.415612
U1	R	diseased	B:B11	PIAS1	10	7	5	0.5	77625	0.642786
U1	R	diseased	B:B11	PKM	10	0	0	0	77625	0
U1	R	diseased	B:B11	PRKAA1	10	1	1	0.1	77625	0.121177
U1	R	diseased	B:B11	PTGS2	10	0	0	0	77625	0
U1	R	diseased	B:B11	RELA	10	0	0	0	77625	0
U1	R	diseased	B:B11	SH3KBP1	10	2	2	0.2	77625	0.229244
U1	R	diseased	B:B11	SMAD3	10	0	0	0	77625	0
U1	R	diseased	B:B11	SOD1	10	8	5	0.5	77625	0.708329
U1	R	diseased	B:B11	STAT3	10	3	2	0.2	77625	0.326763
U1	R	diseased	B:B11	STAT5A	10	0	0	0	77625	0
U1	R	diseased	B:B11	SYK	10	2	2	0.2	77625	0.229244
U1	R	diseased	B:B11	TLR4	10	0	0	0	77625	0
U1	R	diseased	B:B11	TNF	10	0	0	0	77625	0
U1	R	diseased	B:B12	ACTA2	7	0	0	0	22448	0
U1	R	diseased	B:B12	AHR	7	0	0	0	22448	0
U1	R	diseased	B:B12	AKT1	7	0	0	0	22448	0
U1	R	diseased	B:B12	ARNTL	7	0	0	0	22448	0
U1	R	diseased	B:B12	BCL6	7	0	0	0	22448	0
U1	R	diseased	B:B12	BECN1	7	0	0	0	22448	0
U1	R	diseased	B:B12	BLNK	7	3	2	0.285714	22448	0.848621
U1	R	diseased	B:B12	BRD4	7	1	1	0.142857	22448	0.368437
U1	R	diseased	B:B12	CAT	7	2	2	0.285714	22448	0.637078
U1	R	diseased	B:B12	CD4	7	0	0	0	22448	0
U1	R	diseased	B:B12	CD86	7	2	2	0.285714	22448	0.637078
U1	R	diseased	B:B12	CREB1	7	0	0	0	22448	0
U1	R	diseased	B:B12	CTNNB1	7	1	1	0.142857	22448	0.368437
U1	R	diseased	B:B12	DNMT1	7	1	1	0.142857	22448	0.368437
U1	R	diseased	B:B12	FOXP3	7	0	0	0	22448	0
U1	R	diseased	B:B12	GABPA	7	0	0	0	22448	0
U1	R	diseased	B:B12	HIF1A	7	2	2	0.285714	22448	0.637078
U1	R	diseased	B:B12	HMOX1	7	0	0	0	22448	0
U1	R	diseased	B:B12	ICAM1	7	1	1	0.142857	22448	0.368437
U1	R	diseased	B:B12	IFNG	7	0	0	0	22448	0
U1	R	diseased	B:B12	IL15	7	0	0	0	22448	0
U1	R	diseased	B:B12	IL1B	7	0	0	0	22448	0
U1	R	diseased	B:B12	IL7	7	0	0	0	22448	0
U1	R	diseased	B:B12	ITGAM	7	0	0	0	22448	0
U1	R	diseased	B:B12	ITGAX	7	0	0	0	22448	0
U1	R	diseased	B:B12	JAK1	7	0	0	0	22448	0
U1	R	diseased	B:B12	LYZ	7	0	0	0	22448	0
U1	R	diseased	B:B12	MAFB	7	0	0	0	22448	0
U1	R	diseased	B:B12	MAP1LC3B	7	2	2	0.285714	22448	0.637078
U1	R	diseased	B:B12	MAPK14	7	0	0	0	22448	0
U1	R	diseased	B:B12	NFKB1	7	0	0	0	22448	0
U1	R	diseased	B:B12	NLRP3	7	0	0	0	22448	0
U1	R	diseased	B:B12	OSM	7	0	0	0	22448	0
U1	R	diseased	B:B12	PARP1	7	1	1	0.142857	22448	0.368437
U1	R	diseased	B:B12	PIAS1	7	1	1	0.142857	22448	0.368437
U1	R	diseased	B:B12	PKM	7	1	1	0.142857	22448	0.368437
U1	R	diseased	B:B12	PRKAA1	7	0	0	0	22448	0
U1	R	diseased	B:B12	PTGS2	7	0	0	0	22448	0
U1	R	diseased	B:B12	RELA	7	0	0	0	22448	0
U1	R	diseased	B:B12	SH3KBP1	7	1	1	0.142857	22448	0.368437
U1	R	diseased	B:B12	SMAD3	7	0	0	0	22448	0
U1	R	diseased	B:B12	SOD1	7	3	2	0.285714	22448	0.848621
U1	R	diseased	B:B12	STAT3	7	1	1	0.142857	22448	0.368437
U1	R	diseased	B:B12	STAT5A	7	0	0	0	22448	0
U1	R	diseased	B:B12	SYK	7	0	0	0	22448	0
U1	R	diseased	B:B12	TLR4	7	0	0	0	22448	0
U1	R	diseased	B:B12	TNF	7	0	0	0	22448	0
U1	R	diseased	B:B13	ACTA2	11	0	0	0	54454	0
U1	R	diseased	B:B13	AHR	11	0	0	0	54454	0
U1	R	diseased	B:B13	AKT1	11	0	0	0	54454	0
U1	R	diseased	B:B13	ARNTL	11	0	0	0	54454	0
U1	R	diseased	B:B13	BCL6	11	0	0	0	54454	0
U1	R	diseased	B:B13	BECN1	11	1	1	0.0909091	54454	0.168595
U1	R	diseased	B:B13	BLNK	11	4	4	0.363636	54454	0.550757
U1	R	diseased	B:B13	BRD4	11	2	2	0.181818	54454	0.312825
U1	R	diseased	B:B13	CAT	11	1	1	0.0909091	54454	0.168595
U1	R	diseased	B:B13	CD4	11	0	0	0	54454	0
U1	R	diseased	B:B13	CD86	11	0	0	0	54454	0
U1	R	diseased	B:B13	CREB1	11	0	0	0	54454	0
U1	R	diseased	B:B13	CTNNB1	11	0	0	0	54454	0
U1	R	diseased	B:B13	DNMT1	11	0	0	0	54454	0
U1	R	diseased	B:B13	FOXP3	11	0	0	0	54454	0
U1	R	diseased	B:B13	GABPA	11	0	0	0	54454	0
U1	R	diseased	B:B13	HIF1A	11	1	1	0.0909091	54454	0.168595
U1	R	diseased	B:B13	HMOX1	11	0	0	0	54454	0
U1	R	diseased	B:B13	ICAM1	11	0	0	0	54454	0
U1	R	diseased	B:B13	IFNG	11	0	0	0	54454	0
U1	R	diseased	B:B13	IL15	11	2	2	0.181818	54454	0.312825
U1	R	diseased	B:B13	IL1B	11	0	0	0	54454	0
U1	R	diseased	B:B13	IL7	11	0	0	0	54454	0
U1	R	diseased	B:B13	ITGAM	11	0	0	0	54454	0
U1	R	diseased	B:B13	ITGAX	11	0	0	0	54454	0
U1	R	diseased	B:B13	JAK1	11	7	7	0.636364	54454	0.82658
U1	R	diseased	B:B13	LYZ	11	0	0	0	54454	0
U1	R	diseased	B:B13	MAFB	11	0	0	0	54454	0
U1	R	diseased	B:B13	MAP1LC3B	11	9	7	0.636364	54454	0.975605
U1	R	diseased	B:B13	MAPK14	11	0	0	0	54454	0
U1	R	diseased	B:B13	NFKB1	11	2	2	0.181818	54454	0.312825
U1	R	diseased	B:B13	NLRP3	11	0	0	0	54454	0
U1	R	diseased	B:B13	OSM	11	0	0	0	54454	0
U1	R	diseased	B:B13	PARP1	11	3	2	0.181818	54454	0.438851
U1	R	diseased	B:B13	PIAS1	11	2	2	0.181818	54454	0.312825
U1	R	diseased	B:B13	PKM	11	2	2	0.181818	54454	0.312825
U1	R	diseased	B:B13	PRKAA1	11	0	0	0	54454	0
U1	R	diseased	B:B13	PTGS2	11	0	0	0	54454	0
U1	R	diseased	B:B13	RELA	11	0	0	0	54454	0
U1	R	diseased	B:B13	SH3KBP1	11	0	0	0	54454	0
U1	R	diseased	B:B13	SMAD3	11	0	0	0	54454	0
U1	R	diseased	B:B13	SOD1	11	4	4	0.363636	54454	0.550757
U1	R	diseased	B:B13	STAT3	11	2	2	0.181818	54454	0.312825
U1	R	diseased	B:B13	STAT5A	11	1	1	0.0909091	54454	0.168595
U1	R	diseased	B:B13	SYK	11	1	1	0.0909091	54454	0.168595
U1	R	diseased	B:B13	TLR4	11	0	0	0	54454	0
U1	R	diseased	B:B13	TNF	11	0	0	0	54454	0
U1	R	diseased	B:B14	ACTA2	5	0	0	0	30691	0
U1	R	diseased	B:B14	AHR	5	4	1	0.2	30691	0.834349
U1	R	diseased	B:B14	AKT1	5	1	1	0.2	30691	0.282037
U1	R	diseased	B:B14	ARNTL	5	0	0	0	30691	0
U1	R	diseased	B:B14	BCL6	5	0	0	0	30691	0
U1	R	diseased	B:B14	BECN1	5	0	0	0	30691	0
U1	R	diseased	B:B14	BLNK	5	2	1	0.2	30691	0.501779
U1	R	diseased	B:B14	BRD4	5	0	0	0	30691	0
U1	R	diseased	B:B14	CAT	5	0	0	0	30691	0
U1	R	diseased	B:B14	CD4	5	0	0	0	30691	0
U1	R	diseased	B:B14	CD86	5	0	0	0	30691	0
U1	R	diseased	B:B14	CREB1	5	0	0	0	30691	0
U1	R	diseased	B:B14	CTNNB1	5	0	0	0	30691	0
U1	R	diseased	B:B14	DNMT1	5	1	1	0.2	30691	0.282037
U1	R	diseased	B:B14	FOXP3	5	0	0	0	30691	0
U1	R	diseased	B:B14	GABPA	5	0	0	0	30691	0
U1	R	diseased	B:B14	HIF1A	5	0	0	0	30691	0
U1	R	diseased	B:B14	HMOX1	5	0	0	0	30691	0
U1	R	diseased	B:B14	ICAM1	5	0	0	0	30691	0
U1	R	diseased	B:B14	IFNG	5	1	1	0.2	30691	0.282037
U1	R	diseased	B:B14	IL15	5	0	0	0	30691	0
U1	R	diseased	B:B14	IL1B	5	0	0	0	30691	0
U1	R	diseased	B:B14	IL7	5	0	0	0	30691	0
U1	R	diseased	B:B14	ITGAM	5	0	0	0	30691	0
U1	R	diseased	B:B14	ITGAX	5	0	0	0	30691	0
U1	R	diseased	B:B14	JAK1	5	2	2	0.4	30691	0.501779
U1	R	diseased	B:B14	LYZ	5	0	0	0	30691	0
U1	R	diseased	B:B14	MAFB	5	0	0	0	30691	0
U1	R	diseased	B:B14	MAP1LC3B	5	4	4	0.8	30691	0.834349
U1	R	diseased	B:B14	MAPK14	5	1	1	0.2	30691	0.282037
U1	R	diseased	B:B14	NFKB1	5	1	1	0.2	30691	0.282037
U1	R	diseased	B:B14	NLRP3	5	0	0	0	30691	0
U1	R	diseased	B:B14	OSM	5	0	0	0	30691	0
U1	R	diseased	B:B14	PARP1	5	7	3	0.6	30691	1.18809
U1	R	diseased	B:B14	PIAS1	5	1	1	0.2	30691	0.282037
U1	R	diseased	B:B14	PKM	5	3	2	0.4	30691	0.681826
U1	R	diseased	B:B14	PRKAA1	5	0	0	0	30691	0
U1	R	diseased	B:B14	PTGS2	5	0	0	0	30691	0
U1	R	diseased	B:B14	RELA	5	2	2	0.4	30691	0.501779
U1	R	diseased	B:B14	SH3KBP1	5	2	1	0.2	30691	0.501779
U1	R	diseased	B:B14	SMAD3	5	0	0	0	30691	0
U1	R	diseased	B:B14	SOD1	5	4	1	0.2	30691	0.834349
U1	R	diseased	B:B14	STAT3	5	0	0	0	30691	0
U1	R	diseased	B:B14	STAT5A	5	1	1	0.2	30691	0.282037
U1	R	diseased	B:B14	SYK	5	1	1	0.2	30691	0.282037
U1	R	diseased	B:B14	TLR4	5	0	0	0	30691	0
U1	R	diseased	B:B14	TNF	5	2	1	0.2	30691	0.501779
U1	R	diseased	B:B15	ACTA2	4	0	0	0	27297	0
U1	R	diseased	B:B15	AHR	4	0	0	0	27297	0
U1	R	diseased	B:B15	AKT1	4	0	0	0	27297	0
U1	R	diseased	B:B15	ARNTL	4	0	0	0	27297	0
U1	R	diseased	B:B15	BCL6	4	0	0	0	27297	0
U1	R	diseased	B:B15	BECN1	4	1	1	0.25	27297	0.312136
U1	R	diseased	B:B15	BLNK	4	2	1	0.25	27297	0.54967
U1	R	diseased	B:B15	BRD4	4	1	1	0.25	27297	0.312136
U1	R	diseased	B:B15	CAT	4	1	1	0.25	27297	0.312136
U1	R	diseased	B:B15	CD4	4	0	0	0	27297	0
U1	R	diseased	B:B15	CD86	4	0	0	0	27297	0
U1	R	diseased	B:B15	CREB1	4	0	0	0	27297	0
U1	R	diseased	B:B15	CTNNB1	4	0	0	0	27297	0
U1	R	diseased	B:B15	DNMT1	4	0	0	0	27297	0
U1	R	diseased	B:B15	FOXP3	4	0	0	0	27297	0
U1	R	diseased	B:B15	GABPA	4	0	0	0	27297	0
U1	R	diseased	B:B15	HIF1A	4	2	2	0.5	27297	0.54967
U1	R	diseased	B:B15	HMOX1	4	0	0	0	27297	0
U1	R	diseased	B:B15	ICAM1	4	1	1	0.25	27297	0.312136
U1	R	diseased	B:B15	IFNG	4	0	0	0	27297	0
U1	R	diseased	B:B15	IL15	4	1	1	0.25	27297	0.312136
U1	R	diseased	B:B15	IL1B	4	0	0	0	27297	0
U1	R	diseased	B:B15	IL7	4	0	0	0	27297	0
U1	R	diseased	B:B15	ITGAM	4	0	0	0	27297	0
U1	R	diseased	B:B15	ITGAX	4	0	0	0	27297	0
U1	R	diseased	B:B15	JAK1	4	2	2	0.5	27297	0.54967
U1	R	diseased	B:B15	LYZ	4	0	0	0	27297	0
U1	R	diseased	B:B15	MAFB	4	0	0	0	27297	0
U1	R	diseased	B:B15	MAP1LC3B	4	4	3	0.75	27297	0.902339
U1	R	diseased	B:B15	MAPK14	4	0	0	0	27297	0
U1	R	diseased	B:B15	NFKB1	4	2	2	0.5	27297	0.54967
U1	R	diseased	B:B15	NLRP3	4	0	0	0	27297	0
U1	R	diseased	B:B15	OSM	4	0	0	0	27297	0
U1	R	diseased	B:B15	PARP1	4	1	1	0.25	27297	0.312136
U1	R	diseased	B:B15	PIAS1	4	1	1	0.25	27297	0.312136
U1	R	diseased	B:B15	PKM	4	0	0	0	27297	0
U1	R	diseased	B:B15	PRKAA1	4	0	0	0	27297	0
U1	R	diseased	B:B15	PTGS2	4	0	0	0	27297	0
U1	R	diseased	B:B15	RELA	4	0	0	0	27297	0
U1	R	diseased	B:B15	SH3KBP1	4	0	0	0	27297	0
U1	R	diseased	B:B15	SMAD3	4	0	0	0	27297	0
U1	R	diseased	B:B15	SOD1	4	1	1	0.25	27297	0.312136
U1	R	diseased	B:B15	STAT3	4	0	0	0	27297	0
U1	R	diseased	B:B15	STAT5A	4	0	0	0	27297	0
U1	R	diseased	B:B15	SYK	4	0	0	0	27297	0
U1	R	diseased	B:B15	TLR4	4	0	0	0	27297	0
U1	R	diseased	B:B15	TNF	4	0	0	0	27297	0
U1	R	diseased	B:B16	ACTA2	1	0	0	0	6034	0
U1	R	diseased	B:B16	AHR	1	0	0	0	6034	0
U1	R	diseased	B:B16	AKT1	1	0	0	0	6034	0
U1	R	diseased	B:B16	ARNTL	1	0	0	0	6034	0
U1	R	diseased	B:B16	BCL6	1	0	0	0	6034	0
U1	R	diseased	B:B16	BECN1	1	0	0	0	6034	0
U1	R	diseased	B:B16	BLNK	1	0	0	0	6034	0
U1	R	diseased	B:B16	BRD4	1	0	0	0	6034	0
U1	R	diseased	B:B16	CAT	1	0	0	0	6034	0
U1	R	diseased	B:B16	CD4	1	0	0	0	6034	0
U1	R	diseased	B:B16	CD86	1	0	0	0	6034	0
U1	R	diseased	B:B16	CREB1	1	0	0	0	6034	0
U1	R	diseased	B:B16	CTNNB1	1	0	0	0	6034	0
U1	R	diseased	B:B16	DNMT1	1	0	0	0	6034	0
U1	R	diseased	B:B16	FOXP3	1	0	0	0	6034	0
U1	R	diseased	B:B16	GABPA	1	0	0	0	6034	0
U1	R	diseased	B:B16	HIF1A	1	0	0	0	6034	0
U1	R	diseased	B:B16	HMOX1	1	0	0	0	6034	0
U1	R	diseased	B:B16	ICAM1	1	0	0	0	6034	0
U1	R	diseased	B:B16	IFNG	1	0	0	0	6034	0
U1	R	diseased	B:B16	IL15	1	0	0	0	6034	0
U1	R	diseased	B:B16	IL1B	1	0	0	0	6034	0
U1	R	diseased	B:B16	IL7	1	0	0	0	6034	0
U1	R	diseased	B:B16	ITGAM	1	0	0	0	6034	0
U1	R	diseased	B:B16	ITGAX	1	0	0	0	6034	0
U1	R	diseased	B:B16	JAK1	1	0	0	0	6034	0
U1	R	diseased	B:B16	LYZ	1	0	0	0	6034	0
U1	R	diseased	B:B16	MAFB	1	0	0	0	6034	0
U1	R	diseased	B:B16	MAP1LC3B	1	0	0	0	6034	0
U1	R	diseased	B:B16	MAPK14	1	0	0	0	6034	0
U1	R	diseased	B:B16	NFKB1	1	0	0	0	6034	0
U1	R	diseased	B:B16	NLRP3	1	0	0	0	6034	0
U1	R	diseased	B:B16	OSM	1	0	0	0	6034	0
U1	R	diseased	B:B16	PARP1	1	0	0	0	6034	0
U1	R	diseased	B:B16	PIAS1	1	0	0	0	6034	0
U1	R	diseased	B:B16	PKM	1	2	1	1	6034	1.46199
U1	R	diseased	B:B16	PRKAA1	1	0	0	0	6034	0
U1	R	diseased	B:B16	PTGS2	1	0	0	0	6034	0
U1	R	diseased	B:B16	RELA	1	0	0	0	6034	0
U1	R	diseased	B:B16	SH3KBP1	1	0	0	0	6034	0
U1	R	diseased	B:B16	SMAD3	1	0	0	0	6034	0
U1	R	diseased	B:B16	SOD1	1	0	0	0	6034	0
U1	R	diseased	B:B16	STAT3	1	0	0	0	6034	0
U1	R	diseased	B:B16	STAT5A	1	0	0	0	6034	0
U1	R	diseased	B:B16	SYK	1	0	0	0	6034	0
U1	R	diseased	B:B16	TLR4	1	0	0	0	6034	0
U1	R	diseased	B:B16	TNF	1	0	0	0	6034	0
U1	R	diseased	B:B17	ACTA2	2	0	0	0	5307	0
U1	R	diseased	B:B17	AHR	2	0	0	0	5307	0
U1	R	diseased	B:B17	AKT1	2	0	0	0	5307	0
U1	R	diseased	B:B17	ARNTL	2	0	0	0	5307	0
U1	R	diseased	B:B17	BCL6	2	0	0	0	5307	0
U1	R	diseased	B:B17	BECN1	2	0	0	0	5307	0
U1	R	diseased	B:B17	BLNK	2	0	0	0	5307	0
U1	R	diseased	B:B17	BRD4	2	0	0	0	5307	0
U1	R	diseased	B:B17	CAT	2	0	0	0	5307	0
U1	R	diseased	B:B17	CD4	2	0	0	0	5307	0
U1	R	diseased	B:B17	CD86	2	0	0	0	5307	0
U1	R	diseased	B:B17	CREB1	2	0	0	0	5307	0
U1	R	diseased	B:B17	CTNNB1	2	0	0	0	5307	0
U1	R	diseased	B:B17	DNMT1	2	0	0	0	5307	0
U1	R	diseased	B:B17	FOXP3	2	0	0	0	5307	0
U1	R	diseased	B:B17	GABPA	2	0	0	0	5307	0
U1	R	diseased	B:B17	HIF1A	2	1	1	0.5	5307	1.05928
U1	R	diseased	B:B17	HMOX1	2	0	0	0	5307	0
U1	R	diseased	B:B17	ICAM1	2	0	0	0	5307	0
U1	R	diseased	B:B17	IFNG	2	0	0	0	5307	0
U1	R	diseased	B:B17	IL15	2	0	0	0	5307	0
U1	R	diseased	B:B17	IL1B	2	0	0	0	5307	0
U1	R	diseased	B:B17	IL7	2	0	0	0	5307	0
U1	R	diseased	B:B17	ITGAM	2	0	0	0	5307	0
U1	R	diseased	B:B17	ITGAX	2	0	0	0	5307	0
U1	R	diseased	B:B17	JAK1	2	0	0	0	5307	0
U1	R	diseased	B:B17	LYZ	2	0	0	0	5307	0
U1	R	diseased	B:B17	MAFB	2	0	0	0	5307	0
U1	R	diseased	B:B17	MAP1LC3B	2	1	1	0.5	5307	1.05928
U1	R	diseased	B:B17	MAPK14	2	0	0	0	5307	0
U1	R	diseased	B:B17	NFKB1	2	0	0	0	5307	0
U1	R	diseased	B:B17	NLRP3	2	0	0	0	5307	0
U1	R	diseased	B:B17	OSM	2	0	0	0	5307	0
U1	R	diseased	B:B17	PARP1	2	1	1	0.5	5307	1.05928
U1	R	diseased	B:B17	PIAS1	2	0	0	0	5307	0
U1	R	diseased	B:B17	PKM	2	0	0	0	5307	0
U1	R	diseased	B:B17	PRKAA1	2	0	0	0	5307	0
U1	R	diseased	B:B17	PTGS2	2	0	0	0	5307	0
U1	R	diseased	B:B17	RELA	2	0	0	0	5307	0
U1	R	diseased	B:B17	SH3KBP1	2	0	0	0	5307	0
U1	R	diseased	B:B17	SMAD3	2	0	0	0	5307	0
U1	R	diseased	B:B17	SOD1	2	1	1	0.5	5307	1.05928
U1	R	diseased	B:B17	STAT3	2	0	0	0	5307	0
U1	R	diseased	B:B17	STAT5A	2	0	0	0	5307	0
U1	R	diseased	B:B17	SYK	2	0	0	0	5307	0
U1	R	diseased	B:B17	TLR4	2	0	0	0	5307	0
U1	R	diseased	B:B17	TNF	2	0	0	0	5307	0
U1	R	diseased	B:B2	ACTA2	182	1	1	0.00549451	540007	0.0183489
U1	R	diseased	B:B2	AHR	182	10	9	0.0494505	540007	0.169897
U1	R	diseased	B:B2	AKT1	182	7	7	0.0384615	540007	0.121888
U1	R	diseased	B:B2	ARNTL	182	5	5	0.0274725	540007	0.0885523
U1	R	diseased	B:B2	BCL6	182	8	8	0.043956	540007	0.138149
U1	R	diseased	B:B2	BECN1	182	20	16	0.0879121	540007	0.315078
U1	R	diseased	B:B2	BLNK	182	71	56	0.307692	540007	0.839322
U1	R	diseased	B:B2	BRD4	182	50	46	0.252747	540007	0.655401
U1	R	diseased	B:B2	CAT	182	17	16	0.0879121	540007	0.273693
U1	R	diseased	B:B2	CD4	182	2	1	0.00549451	540007	0.0363672
U1	R	diseased	B:B2	CD86	182	10	10	0.0549451	540007	0.169897
U1	R	diseased	B:B2	CREB1	182	21	20	0.10989	540007	0.3285
U1	R	diseased	B:B2	CTNNB1	182	43	38	0.208791	540007	0.585721
U1	R	diseased	B:B2	DNMT1	182	17	13	0.0714286	540007	0.273693
U1	R	diseased	B:B2	FOXP3	182	0	0	0	540007	0
U1	R	diseased	B:B2	GABPA	182	7	7	0.0384615	540007	0.121888
U1	R	diseased	B:B2	HIF1A	182	60	48	0.263736	540007	0.747208
U1	R	diseased	B:B2	HMOX1	182	9	9	0.0494505	540007	0.154149
U1	R	diseased	B:B2	ICAM1	182	60	45	0.247253	540007	0.747208
U1	R	diseased	B:B2	IFNG	182	0	0	0	540007	0
U1	R	diseased	B:B2	IL15	182	8	8	0.043956	540007	0.138149
U1	R	diseased	B:B2	IL1B	182	0	0	0	540007	0
U1	R	diseased	B:B2	IL7	182	10	10	0.0549451	540007	0.169897
U1	R	diseased	B:B2	ITGAM	182	9	9	0.0494505	540007	0.154149
U1	R	diseased	B:B2	ITGAX	182	2	2	0.010989	540007	0.0363672
U1	R	diseased	B:B2	JAK1	182	169	112	0.615385	540007	1.41818
U1	R	diseased	B:B2	LYZ	182	0	0	0	540007	0
U1	R	diseased	B:B2	MAFB	182	0	0	0	540007	0
U1	R	diseased	B:B2	MAP1LC3B	182	143	86	0.472527	540007	1.29421
U1	R	diseased	B:B2	MAPK14	182	10	10	0.0549451	540007	0.169897
U1	R	diseased	B:B2	NFKB1	182	66	53	0.291209	540007	0.798501
U1	R	diseased	B:B2	NLRP3	182	2	1	0.00549451	540007	0.0363672
U1	R	diseased	B:B2	OSM	182	3	2	0.010989	540007	0.0540665
U1	R	diseased	B:B2	PARP1	182	77	60	0.32967	540007	0.886206
U1	R	diseased	B:B2	PIAS1	182	74	60	0.32967	540007	0.863039
U1	R	diseased	B:B2	PKM	182	86	64	0.351648	540007	0.95265
U1	R	diseased	B:B2	PRKAA1	182	10	9	0.0494505	540007	0.169897
U1	R	diseased	B:B2	PTGS2	182	0	0	0	540007	0
U1	R	diseased	B:B2	RELA	182	19	19	0.104396	540007	0.301472
U1	R	diseased	B:B2	SH3KBP1	182	49	42	0.230769	540007	0.645739
U1	R	diseased	B:B2	SMAD3	182	17	15	0.0824176	540007	0.273693
U1	R	diseased	B:B2	SOD1	182	96	73	0.401099	540007	1.02164
U1	R	diseased	B:B2	STAT3	182	65	57	0.313187	540007	0.790132
U1	R	diseased	B:B2	STAT5A	182	14	12	0.0659341	540007	0.230521
U1	R	diseased	B:B2	SYK	182	59	50	0.274725	540007	0.738397
U1	R	diseased	B:B2	TLR4	182	1	1	0.00549451	540007	0.0183489
U1	R	diseased	B:B2	TNF	182	117	50	0.274725	540007	1.15267
U1	R	diseased	B:B3	ACTA2	7	0	0	0	13689	0
U1	R	diseased	B:B3	AHR	7	1	1	0.142857	13689	0.548418
U1	R	diseased	B:B3	AKT1	7	0	0	0	13689	0
U1	R	diseased	B:B3	ARNTL	7	0	0	0	13689	0
U1	R	diseased	B:B3	BCL6	7	0	0	0	13689	0
U1	R	diseased	B:B3	BECN1	7	1	1	0.142857	13689	0.548418
U1	R	diseased	B:B3	BLNK	7	1	1	0.142857	13689	0.548418
U1	R	diseased	B:B3	BRD4	7	1	1	0.142857	13689	0.548418
U1	R	diseased	B:B3	CAT	7	1	1	0.142857	13689	0.548418
U1	R	diseased	B:B3	CD4	7	0	0	0	13689	0
U1	R	diseased	B:B3	CD86	7	0	0	0	13689	0
U1	R	diseased	B:B3	CREB1	7	0	0	0	13689	0
U1	R	diseased	B:B3	CTNNB1	7	0	0	0	13689	0
U1	R	diseased	B:B3	DNMT1	7	0	0	0	13689	0
U1	R	diseased	B:B3	FOXP3	7	0	0	0	13689	0
U1	R	diseased	B:B3	GABPA	7	0	0	0	13689	0
U1	R	diseased	B:B3	HIF1A	7	1	1	0.142857	13689	0.548418
U1	R	diseased	B:B3	HMOX1	7	1	1	0.142857	13689	0.548418
U1	R	diseased	B:B3	ICAM1	7	0	0	0	13689	0
U1	R	diseased	B:B3	IFNG	7	0	0	0	13689	0
U1	R	diseased	B:B3	IL15	7	0	0	0	13689	0
U1	R	diseased	B:B3	IL1B	7	0	0	0	13689	0
U1	R	diseased	B:B3	IL7	7	0	0	0	13689	0
U1	R	diseased	B:B3	ITGAM	7	0	0	0	13689	0
U1	R	diseased	B:B3	ITGAX	7	0	0	0	13689	0
U1	R	diseased	B:B3	JAK1	7	3	3	0.428571	13689	1.1605
U1	R	diseased	B:B3	LYZ	7	0	0	0	13689	0
U1	R	diseased	B:B3	MAFB	7	0	0	0	13689	0
U1	R	diseased	B:B3	MAP1LC3B	7	2	2	0.285714	13689	0.900579
U1	R	diseased	B:B3	MAPK14	7	0	0	0	13689	0
U1	R	diseased	B:B3	NFKB1	7	1	1	0.142857	13689	0.548418
U1	R	diseased	B:B3	NLRP3	7	0	0	0	13689	0
U1	R	diseased	B:B3	OSM	7	0	0	0	13689	0
U1	R	diseased	B:B3	PARP1	7	3	2	0.285714	13689	1.1605
U1	R	diseased	B:B3	PIAS1	7	1	1	0.142857	13689	0.548418
U1	R	diseased	B:B3	PKM	7	0	0	0	13689	0
U1	R	diseased	B:B3	PRKAA1	7	0	0	0	13689	0
U1	R	diseased	B:B3	PTGS2	7	0	0	0	13689	0
U1	R	diseased	B:B3	RELA	7	0	0	0	13689	0
U1	R	diseased	B:B3	SH3KBP1	7	0	0	0	13689	0
U1	R	diseased	B:B3	SMAD3	7	0	0	0	13689	0
U1	R	diseased	B:B3	SOD1	7	1	1	0.142857	13689	0.548418
U1	R	diseased	B:B3	STAT3	7	4	3	0.428571	13689	1.36662
U1	R	diseased	B:B3	STAT5A	7	0	0	0	13689	0
U1	R	diseased	B:B3	SYK	7	2	1	0.142857	13689	0.900579
U1	R	diseased	B:B3	TLR4	7	0	0	0	13689	0
U1	R	diseased	B:B3	TNF	7	0	0	0	13689	0
U1	R	diseased	B:B4	ACTA2	31	0	0	0	74168	0
U1	R	diseased	B:B4	AHR	31	2	2	0.0645161	74168	0.238748
U1	R	diseased	B:B4	AKT1	31	1	1	0.0322581	74168	0.126482
U1	R	diseased	B:B4	ARNTL	31	1	1	0.0322581	74168	0.126482
U1	R	diseased	B:B4	BCL6	31	0	0	0	74168	0
U1	R	diseased	B:B4	BECN1	31	0	0	0	74168	0
U1	R	diseased	B:B4	BLNK	31	7	7	0.225806	74168	0.664646
U1	R	diseased	B:B4	BRD4	31	4	4	0.129032	74168	0.431338
U1	R	diseased	B:B4	CAT	31	3	3	0.0967742	74168	0.339672
U1	R	diseased	B:B4	CD4	31	0	0	0	74168	0
U1	R	diseased	B:B4	CD86	31	4	4	0.129032	74168	0.431338
U1	R	diseased	B:B4	CREB1	31	4	4	0.129032	74168	0.431338
U1	R	diseased	B:B4	CTNNB1	31	4	4	0.129032	74168	0.431338
U1	R	diseased	B:B4	DNMT1	31	3	3	0.0967742	74168	0.339672
U1	R	diseased	B:B4	FOXP3	31	0	0	0	74168	0
U1	R	diseased	B:B4	GABPA	31	1	1	0.0322581	74168	0.126482
U1	R	diseased	B:B4	HIF1A	31	5	5	0.16129	74168	0.515303
U1	R	diseased	B:B4	HMOX1	31	2	2	0.0645161	74168	0.238748
U1	R	diseased	B:B4	ICAM1	31	4	4	0.129032	74168	0.431338
U1	R	diseased	B:B4	IFNG	31	0	0	0	74168	0
U1	R	diseased	B:B4	IL15	31	0	0	0	74168	0
U1	R	diseased	B:B4	IL1B	31	0	0	0	74168	0
U1	R	diseased	B:B4	IL7	31	2	2	0.0645161	74168	0.238748
U1	R	diseased	B:B4	ITGAM	31	2	2	0.0645161	74168	0.238748
U1	R	diseased	B:B4	ITGAX	31	0	0	0	74168	0
U1	R	diseased	B:B4	JAK1	31	12	10	0.322581	74168	0.962391
U1	R	diseased	B:B4	LYZ	31	0	0	0	74168	0
U1	R	diseased	B:B4	MAFB	31	0	0	0	74168	0
U1	R	diseased	B:B4	MAP1LC3B	31	15	10	0.322581	74168	1.10606
U1	R	diseased	B:B4	MAPK14	31	1	1	0.0322581	74168	0.126482
U1	R	diseased	B:B4	NFKB1	31	5	5	0.16129	74168	0.515303
U1	R	diseased	B:B4	NLRP3	31	0	0	0	74168	0
U1	R	diseased	B:B4	OSM	31	0	0	0	74168	0
U1	R	diseased	B:B4	PARP1	31	10	8	0.258065	74168	0.853688
U1	R	diseased	B:B4	PIAS1	31	5	5	0.16129	74168	0.515303
U1	R	diseased	B:B4	PKM	31	11	10	0.322581	74168	0.909516
U1	R	diseased	B:B4	PRKAA1	31	3	3	0.0967742	74168	0.339672
U1	R	diseased	B:B4	PTGS2	31	0	0	0	74168	0
U1	R	diseased	B:B4	RELA	31	2	2	0.0645161	74168	0.238748
U1	R	diseased	B:B4	SH3KBP1	31	6	6	0.193548	74168	0.59276
U1	R	diseased	B:B4	SMAD3	31	0	0	0	74168	0
U1	R	diseased	B:B4	SOD1	31	11	10	0.322581	74168	0.909516
U1	R	diseased	B:B4	STAT3	31	12	11	0.354839	74168	0.962391
U1	R	diseased	B:B4	STAT5A	31	2	2	0.0645161	74168	0.238748
U1	R	diseased	B:B4	SYK	31	5	4	0.129032	74168	0.515303
U1	R	diseased	B:B4	TLR4	31	0	0	0	74168	0
U1	R	diseased	B:B4	TNF	31	6	6	0.193548	74168	0.59276
U1	R	diseased	B:B5	ACTA2	51	4	4	0.0784314	160330	0.222732
U1	R	diseased	B:B5	AHR	51	3	3	0.0588235	160330	0.171525
U1	R	diseased	B:B5	AKT1	51	0	0	0	160330	0
U1	R	diseased	B:B5	ARNTL	51	2	2	0.0392157	160330	0.117554
U1	R	diseased	B:B5	BCL6	51	1	1	0.0196078	160330	0.0605035
U1	R	diseased	B:B5	BECN1	51	11	10	0.196078	160330	0.522409
U1	R	diseased	B:B5	BLNK	51	26	21	0.411765	160330	0.963806
U1	R	diseased	B:B5	BRD4	51	17	16	0.313725	160330	0.722858
U1	R	diseased	B:B5	CAT	51	10	8	0.156863	160330	0.484716
U1	R	diseased	B:B5	CD4	51	0	0	0	160330	0
U1	R	diseased	B:B5	CD86	51	14	11	0.215686	160330	0.627648
U1	R	diseased	B:B5	CREB1	51	5	5	0.0980392	160330	0.271444
U1	R	diseased	B:B5	CTNNB1	51	4	4	0.0784314	160330	0.222732
U1	R	diseased	B:B5	DNMT1	51	14	12	0.235294	160330	0.627648
U1	R	diseased	B:B5	FOXP3	51	0	0	0	160330	0
U1	R	diseased	B:B5	GABPA	51	0	0	0	160330	0
U1	R	diseased	B:B5	HIF1A	51	14	11	0.215686	160330	0.627648
U1	R	diseased	B:B5	HMOX1	51	8	8	0.156863	160330	0.404779
U1	R	diseased	B:B5	ICAM1	51	3	3	0.0588235	160330	0.171525
U1	R	diseased	B:B5	IFNG	51	0	0	0	160330	0
U1	R	diseased	B:B5	IL15	51	2	2	0.0392157	160330	0.117554
U1	R	diseased	B:B5	IL1B	51	0	0	0	160330	0
U1	R	diseased	B:B5	IL7	51	4	4	0.0784314	160330	0.222732
U1	R	diseased	B:B5	ITGAM	51	5	4	0.0784314	160330	0.271444
U1	R	diseased	B:B5	ITGAX	51	15	8	0.156863	160330	0.660402
U1	R	diseased	B:B5	JAK1	51	43	30	0.588235	160330	1.30345
U1	R	diseased	B:B5	LYZ	51	0	0	0	160330	0
U1	R	diseased	B:B5	MAFB	51	0	0	0	160330	0
U1	R	diseased	B:B5	MAP1LC3B	51	33	21	0.411765	160330	1.11784
U1	R	diseased	B:B5	MAPK14	51	0	0	0	160330	0
U1	R	diseased	B:B5	NFKB1	51	6	4	0.0784314	160330	0.317892
U1	R	diseased	B:B5	NLRP3	51	0	0	0	160330	0
U1	R	diseased	B:B5	OSM	51	0	0	0	160330	0
U1	R	diseased	B:B5	PARP1	51	53	29	0.568627	160330	1.45994
U1	R	diseased	B:B5	PIAS1	51	13	13	0.254902	160330	0.593784
U1	R	diseased	B:B5	PKM	51	39	21	0.411765	160330	1.23328
U1	R	diseased	B:B5	PRKAA1	51	2	2	0.0392157	160330	0.117554
U1	R	diseased	B:B5	PTGS2	51	0	0	0	160330	0
U1	R	diseased	B:B5	RELA	51	1	1	0.0196078	160330	0.0605035
U1	R	diseased	B:B5	SH3KBP1	51	6	6	0.117647	160330	0.317892
U1	R	diseased	B:B5	SMAD3	51	5	5	0.0980392	160330	0.271444
U1	R	diseased	B:B5	SOD1	51	28	21	0.411765	160330	1.01029
U1	R	diseased	B:B5	STAT3	51	23	19	0.372549	160330	0.889758
U1	R	diseased	B:B5	STAT5A	51	3	3	0.0588235	160330	0.171525
U1	R	diseased	B:B5	SYK	51	26	20	0.392157	160330	0.963806
U1	R	diseased	B:B5	TLR4	51	0	0	0	160330	0
U1	R	diseased	B:B5	TNF	51	13	9	0.176471	160330	0.593784
U1	R	diseased	B:B6	ACTA2	16	2	2	0.125	131520	0.141559
U1	R	diseased	B:B6	AHR	16	1	1	0.0625	131520	0.0732821
U1	R	diseased	B:B6	AKT1	16	0	0	0	131520	0
U1	R	diseased	B:B6	ARNTL	16	1	1	0.0625	131520	0.0732821
U1	R	diseased	B:B6	BCL6	16	0	0	0	131520	0
U1	R	diseased	B:B6	BECN1	16	1	1	0.0625	131520	0.0732821
U1	R	diseased	B:B6	BLNK	16	4	3	0.1875	131520	0.265541
U1	R	diseased	B:B6	BRD4	16	3	3	0.1875	131520	0.20547
U1	R	diseased	B:B6	CAT	16	0	0	0	131520	0
U1	R	diseased	B:B6	CD4	16	0	0	0	131520	0
U1	R	diseased	B:B6	CD86	16	0	0	0	131520	0
U1	R	diseased	B:B6	CREB1	16	0	0	0	131520	0
U1	R	diseased	B:B6	CTNNB1	16	2	2	0.125	131520	0.141559
U1	R	diseased	B:B6	DNMT1	16	3	3	0.1875	131520	0.20547
U1	R	diseased	B:B6	FOXP3	16	0	0	0	131520	0
U1	R	diseased	B:B6	GABPA	16	5	3	0.1875	131520	0.322207
U1	R	diseased	B:B6	HIF1A	16	3	3	0.1875	131520	0.20547
U1	R	diseased	B:B6	HMOX1	16	1	1	0.0625	131520	0.0732821
U1	R	diseased	B:B6	ICAM1	16	0	0	0	131520	0
U1	R	diseased	B:B6	IFNG	16	1	1	0.0625	131520	0.0732821
U1	R	diseased	B:B6	IL15	16	2	2	0.125	131520	0.141559
U1	R	diseased	B:B6	IL1B	16	0	0	0	131520	0
U1	R	diseased	B:B6	IL7	16	0	0	0	131520	0
U1	R	diseased	B:B6	ITGAM	16	0	0	0	131520	0
U1	R	diseased	B:B6	ITGAX	16	0	0	0	131520	0
U1	R	diseased	B:B6	JAK1	16	5	4	0.25	131520	0.322207
U1	R	diseased	B:B6	LYZ	16	0	0	0	131520	0
U1	R	diseased	B:B6	MAFB	16	0	0	0	131520	0
U1	R	diseased	B:B6	MAP1LC3B	16	19	9	0.5625	131520	0.893901
U1	R	diseased	B:B6	MAPK14	16	3	3	0.1875	131520	0.20547
U1	R	diseased	B:B6	NFKB1	16	0	0	0	131520	0
U1	R	diseased	B:B6	NLRP3	16	0	0	0	131520	0
U1	R	diseased	B:B6	OSM	16	0	0	0	131520	0
U1	R	diseased	B:B6	PARP1	16	23	11	0.6875	131520	1.01116
U1	R	diseased	B:B6	PIAS1	16	0	0	0	131520	0
U1	R	diseased	B:B6	PKM	16	5	5	0.3125	131520	0.322207
U1	R	diseased	B:B6	PRKAA1	16	0	0	0	131520	0
U1	R	diseased	B:B6	PTGS2	16	0	0	0	131520	0
U1	R	diseased	B:B6	RELA	16	0	0	0	131520	0
U1	R	diseased	B:B6	SH3KBP1	16	1	1	0.0625	131520	0.0732821
U1	R	diseased	B:B6	SMAD3	16	0	0	0	131520	0
U1	R	diseased	B:B6	SOD1	16	13	8	0.5	131520	0.687352
U1	R	diseased	B:B6	STAT3	16	11	7	0.4375	131520	0.607793
U1	R	diseased	B:B6	STAT5A	16	0	0	0	131520	0
U1	R	diseased	B:B6	SYK	16	3	3	0.1875	131520	0.20547
U1	R	diseased	B:B6	TLR4	16	0	0	0	131520	0
U1	R	diseased	B:B6	TNF	16	9	2	0.125	131520	0.521354
U1	R	diseased	B:B7	ACTA2	11	1	1	0.0909091	37911	0.234104
U1	R	diseased	B:B7	AHR	11	0	0	0	37911	0
U1	R	diseased	B:B7	AKT1	11	0	0	0	37911	0
U1	R	diseased	B:B7	ARNTL	11	0	0	0	37911	0
U1	R	diseased	B:B7	BCL6	11	0	0	0	37911	0
U1	R	diseased	B:B7	BECN1	11	0	0	0	37911	0
U1	R	diseased	B:B7	BLNK	11	2	2	0.181818	37911	0.423666
U1	R	diseased	B:B7	BRD4	11	2	1	0.0909091	37911	0.423666
U1	R	diseased	B:B7	CAT	11	0	0	0	37911	0
U1	R	diseased	B:B7	CD4	11	0	0	0	37911	0
U1	R	diseased	B:B7	CD86	11	2	1	0.0909091	37911	0.423666
U1	R	diseased	B:B7	CREB1	11	0	0	0	37911	0
U1	R	diseased	B:B7	CTNNB1	11	1	1	0.0909091	37911	0.234104
U1	R	diseased	B:B7	DNMT1	11	0	0	0	37911	0
U1	R	diseased	B:B7	FOXP3	11	0	0	0	37911	0
U1	R	diseased	B:B7	GABPA	11	0	0	0	37911	0
U1	R	diseased	B:B7	HIF1A	11	1	1	0.0909091	37911	0.234104
U1	R	diseased	B:B7	HMOX1	11	0	0	0	37911	0
U1	R	diseased	B:B7	ICAM1	11	1	1	0.0909091	37911	0.234104
U1	R	diseased	B:B7	IFNG	11	0	0	0	37911	0
U1	R	diseased	B:B7	IL15	11	0	0	0	37911	0
U1	R	diseased	B:B7	IL1B	11	0	0	0	37911	0
U1	R	diseased	B:B7	IL7	11	0	0	0	37911	0
U1	R	diseased	B:B7	ITGAM	11	0	0	0	37911	0
U1	R	diseased	B:B7	ITGAX	11	0	0	0	37911	0
U1	R	diseased	B:B7	JAK1	11	0	0	0	37911	0
U1	R	diseased	B:B7	LYZ	11	0	0	0	37911	0
U1	R	diseased	B:B7	MAFB	11	0	0	0	37911	0
U1	R	diseased	B:B7	MAP1LC3B	11	6	5	0.454545	37911	0.948818
U1	R	diseased	B:B7	MAPK14	11	1	1	0.0909091	37911	0.234104
U1	R	diseased	B:B7	NFKB1	11	0	0	0	37911	0
U1	R	diseased	B:B7	NLRP3	11	0	0	0	37911	0
U1	R	diseased	B:B7	OSM	11	0	0	0	37911	0
U1	R	diseased	B:B7	PARP1	11	3	3	0.272727	37911	0.582957
U1	R	diseased	B:B7	PIAS1	11	2	2	0.181818	37911	0.423666
U1	R	diseased	B:B7	PKM	11	1	1	0.0909091	37911	0.234104
U1	R	diseased	B:B7	PRKAA1	11	0	0	0	37911	0
U1	R	diseased	B:B7	PTGS2	11	0	0	0	37911	0
U1	R	diseased	B:B7	RELA	11	0	0	0	37911	0
U1	R	diseased	B:B7	SH3KBP1	11	1	1	0.0909091	37911	0.234104
U1	R	diseased	B:B7	SMAD3	11	0	0	0	37911	0
U1	R	diseased	B:B7	SOD1	11	4	3	0.272727	37911	0.720326
U1	R	diseased	B:B7	STAT3	11	0	0	0	37911	0
U1	R	diseased	B:B7	STAT5A	11	0	0	0	37911	0
U1	R	diseased	B:B7	SYK	11	1	1	0.0909091	37911	0.234104
U1	R	diseased	B:B7	TLR4	11	0	0	0	37911	0
U1	R	diseased	B:B7	TNF	11	0	0	0	37911	0
U1	R	diseased	B:B8	ACTA2	112	3	2	0.0178571	295693	0.0966335
U1	R	diseased	B:B8	AHR	112	4	4	0.0357143	295693	0.126875
U1	R	diseased	B:B8	AKT1	112	0	0	0	295693	0
U1	R	diseased	B:B8	ARNTL	112	7	7	0.0625	295693	0.212472
U1	R	diseased	B:B8	BCL6	112	12	11	0.0982143	295693	0.340625
U1	R	diseased	B:B8	BECN1	112	21	19	0.169643	295693	0.536608
U1	R	diseased	B:B8	BLNK	112	49	39	0.348214	295693	0.977244
U1	R	diseased	B:B8	BRD4	112	20	15	0.133929	295693	0.516635
U1	R	diseased	B:B8	CAT	112	14	12	0.107143	295693	0.387616
U1	R	diseased	B:B8	CD4	112	0	0	0	295693	0
U1	R	diseased	B:B8	CD86	112	5	5	0.0446429	295693	0.156229
U1	R	diseased	B:B8	CREB1	112	19	18	0.160714	295693	0.496255
U1	R	diseased	B:B8	CTNNB1	112	12	9	0.0803571	295693	0.340625
U1	R	diseased	B:B8	DNMT1	112	6	6	0.0535714	295693	0.184746
U1	R	diseased	B:B8	FOXP3	112	0	0	0	295693	0
U1	R	diseased	B:B8	GABPA	112	7	6	0.0535714	295693	0.212472
U1	R	diseased	B:B8	HIF1A	112	52	38	0.339286	295693	1.01472
U1	R	diseased	B:B8	HMOX1	112	0	0	0	295693	0
U1	R	diseased	B:B8	ICAM1	112	31	24	0.214286	295693	0.717052
U1	R	diseased	B:B8	IFNG	112	1	1	0.00892857	295693	0.0332596
U1	R	diseased	B:B8	IL15	112	7	7	0.0625	295693	0.212472
U1	R	diseased	B:B8	IL1B	112	0	0	0	295693	0
U1	R	diseased	B:B8	IL7	112	5	5	0.0446429	295693	0.156229
U1	R	diseased	B:B8	ITGAM	112	2	2	0.0178571	295693	0.0654485
U1	R	diseased	B:B8	ITGAX	112	0	0	0	295693	0
U1	R	diseased	B:B8	JAK1	112	74	50	0.446429	295693	1.2535
U1	R	diseased	B:B8	LYZ	112	0	0	0	295693	0
U1	R	diseased	B:B8	MAFB	112	0	0	0	295693	0
U1	R	diseased	B:B8	MAP1LC3B	112	50	39	0.348214	295693	0.989892
U1	R	diseased	B:B8	MAPK14	112	3	3	0.0267857	295693	0.0966335
U1	R	diseased	B:B8	NFKB1	112	33	28	0.25	295693	0.749538
U1	R	diseased	B:B8	NLRP3	112	0	0	0	295693	0
U1	R	diseased	B:B8	OSM	112	1	1	0.00892857	295693	0.0332596
U1	R	diseased	B:B8	PARP1	112	60	47	0.419643	295693	1.10828
U1	R	diseased	B:B8	PIAS1	112	26	25	0.223214	295693	0.630894
U1	R	diseased	B:B8	PKM	112	36	26	0.232143	295693	0.796371
U1	R	diseased	B:B8	PRKAA1	112	7	7	0.0625	295693	0.212472
U1	R	diseased	B:B8	PTGS2	112	0	0	0	295693	0
U1	R	diseased	B:B8	RELA	112	11	11	0.0982143	295693	0.316275
U1	R	diseased	B:B8	SH3KBP1	112	23	19	0.169643	295693	0.575396
U1	R	diseased	B:B8	SMAD3	112	22	20	0.178571	295693	0.55619
U1	R	diseased	B:B8	SOD1	112	41	36	0.321429	295693	0.869859
U1	R	diseased	B:B8	STAT3	112	70	48	0.428571	295693	1.21412
U1	R	diseased	B:B8	STAT5A	112	6	5	0.0446429	295693	0.184746
U1	R	diseased	B:B8	SYK	112	28	22	0.196429	295693	0.666253
U1	R	diseased	B:B8	TLR4	112	0	0	0	295693	0
U1	R	diseased	B:B8	TNF	112	28	17	0.151786	295693	0.666253
U1	R	diseased	B:B9	ACTA2	12	0	0	0	31768	0
U1	R	diseased	B:B9	AHR	12	0	0	0	31768	0
U1	R	diseased	B:B9	AKT1	12	0	0	0	31768	0
U1	R	diseased	B:B9	ARNTL	12	1	1	0.0833333	31768	0.273671
U1	R	diseased	B:B9	BCL6	12	1	1	0.0833333	31768	0.273671
U1	R	diseased	B:B9	BECN1	12	1	1	0.0833333	31768	0.273671
U1	R	diseased	B:B9	BLNK	12	6	4	0.333333	31768	1.0608
U1	R	diseased	B:B9	BRD4	12	1	1	0.0833333	31768	0.273671
U1	R	diseased	B:B9	CAT	12	0	0	0	31768	0
U1	R	diseased	B:B9	CD4	12	0	0	0	31768	0
U1	R	diseased	B:B9	CD86	12	1	1	0.0833333	31768	0.273671
U1	R	diseased	B:B9	CREB1	12	1	1	0.0833333	31768	0.273671
U1	R	diseased	B:B9	CTNNB1	12	0	0	0	31768	0
U1	R	diseased	B:B9	DNMT1	12	2	2	0.166667	31768	0.488313
U1	R	diseased	B:B9	FOXP3	12	0	0	0	31768	0
U1	R	diseased	B:B9	GABPA	12	1	1	0.0833333	31768	0.273671
U1	R	diseased	B:B9	HIF1A	12	11	5	0.416667	31768	1.49573
U1	R	diseased	B:B9	HMOX1	12	0	0	0	31768	0
U1	R	diseased	B:B9	ICAM1	12	1	1	0.0833333	31768	0.273671
U1	R	diseased	B:B9	IFNG	12	0	0	0	31768	0
U1	R	diseased	B:B9	IL15	12	1	1	0.0833333	31768	0.273671
U1	R	diseased	B:B9	IL1B	12	0	0	0	31768	0
U1	R	diseased	B:B9	IL7	12	0	0	0	31768	0
U1	R	diseased	B:B9	ITGAM	12	0	0	0	31768	0
U1	R	diseased	B:B9	ITGAX	12	0	0	0	31768	0
U1	R	diseased	B:B9	JAK1	12	7	5	0.416667	31768	1.16424
U1	R	diseased	B:B9	LYZ	12	0	0	0	31768	0
U1	R	diseased	B:B9	MAFB	12	0	0	0	31768	0
U1	R	diseased	B:B9	MAP1LC3B	12	5	3	0.25	31768	0.945426
U1	R	diseased	B:B9	MAPK14	12	0	0	0	31768	0
U1	R	diseased	B:B9	NFKB1	12	3	2	0.166667	31768	0.664926
U1	R	diseased	B:B9	NLRP3	12	0	0	0	31768	0
U1	R	diseased	B:B9	OSM	12	2	1	0.0833333	31768	0.488313
U1	R	diseased	B:B9	PARP1	12	8	6	0.5	31768	1.25797
U1	R	diseased	B:B9	PIAS1	12	3	3	0.25	31768	0.664926
U1	R	diseased	B:B9	PKM	12	1	1	0.0833333	31768	0.273671
U1	R	diseased	B:B9	PRKAA1	12	0	0	0	31768	0
U1	R	diseased	B:B9	PTGS2	12	0	0	0	31768	0
U1	R	diseased	B:B9	RELA	12	2	2	0.166667	31768	0.488313
U1	R	diseased	B:B9	SH3KBP1	12	2	2	0.166667	31768	0.488313
U1	R	diseased	B:B9	SMAD3	12	4	4	0.333333	31768	0.814979
U1	R	diseased	B:B9	SOD1	12	6	5	0.416667	31768	1.0608
U1	R	diseased	B:B9	STAT3	12	7	7	0.583333	31768	1.16424
U1	R	diseased	B:B9	STAT5A	12	0	0	0	31768	0
U1	R	diseased	B:B9	SYK	12	4	4	0.333333	31768	0.814979
U1	R	diseased	B:B9	TLR4	12	0	0	0	31768	0
U1	R	diseased	B:B9	TNF	12	2	2	0.166667	31768	0.488313
U1	R	diseased	M/DC	ACTA2	15	1	1	0.0666667	80891	0.116558
U1	R	diseased	M/DC	AHR	15	14	8	0.533333	80891	1.00457
U1	R	diseased	M/DC	AKT1	15	2	2	0.133333	80891	0.220938
U1	R	diseased	M/DC	ARNTL	15	2	2	0.133333	80891	0.220938
U1	R	diseased	M/DC	BCL6	15	3	3	0.2	80891	0.315445
U1	R	diseased	M/DC	BECN1	15	1	1	0.0666667	80891	0.116558
U1	R	diseased	M/DC	BLNK	15	1	1	0.0666667	80891	0.116558
U1	R	diseased	M/DC	BRD4	15	7	4	0.266667	80891	0.623455
U1	R	diseased	M/DC	CAT	15	7	5	0.333333	80891	0.623455
U1	R	diseased	M/DC	CD4	15	13	7	0.466667	80891	0.958239
U1	R	diseased	M/DC	CD86	15	7	5	0.333333	80891	0.623455
U1	R	diseased	M/DC	CREB1	15	1	1	0.0666667	80891	0.116558
U1	R	diseased	M/DC	CTNNB1	15	6	4	0.266667	80891	0.554884
U1	R	diseased	M/DC	DNMT1	15	5	3	0.2	80891	0.481262
U1	R	diseased	M/DC	FOXP3	15	0	0	0	80891	0
U1	R	diseased	M/DC	GABPA	15	0	0	0	80891	0
U1	R	diseased	M/DC	HIF1A	15	14	9	0.6	80891	1.00457
U1	R	diseased	M/DC	HMOX1	15	1	1	0.0666667	80891	0.116558
U1	R	diseased	M/DC	ICAM1	15	17	10	0.666667	80891	1.13192
U1	R	diseased	M/DC	IFNG	15	0	0	0	80891	0
U1	R	diseased	M/DC	IL15	15	0	0	0	80891	0
U1	R	diseased	M/DC	IL1B	15	117	13	0.866667	80891	2.73851
U1	R	diseased	M/DC	IL7	15	1	1	0.0666667	80891	0.116558
U1	R	diseased	M/DC	ITGAM	15	2	2	0.133333	80891	0.220938
U1	R	diseased	M/DC	ITGAX	15	21	11	0.733333	80891	1.27985
U1	R	diseased	M/DC	JAK1	15	14	7	0.466667	80891	1.00457
U1	R	diseased	M/DC	LYZ	15	466	15	1	80891	4.07088
U1	R	diseased	M/DC	MAFB	15	10	7	0.466667	80891	0.804792
U1	R	diseased	M/DC	MAP1LC3B	15	22	13	0.866667	80891	1.31365
U1	R	diseased	M/DC	MAPK14	15	4	3	0.2	80891	0.401787
U1	R	diseased	M/DC	NFKB1	15	7	6	0.4	80891	0.623455
U1	R	diseased	M/DC	NLRP3	15	4	2	0.133333	80891	0.401787
U1	R	diseased	M/DC	OSM	15	1	1	0.0666667	80891	0.116558
U1	R	diseased	M/DC	PARP1	15	6	5	0.333333	80891	0.554884
U1	R	diseased	M/DC	PIAS1	15	4	4	0.266667	80891	0.401787
U1	R	diseased	M/DC	PKM	15	33	10	0.666667	80891	1.62523
U1	R	diseased	M/DC	PRKAA1	15	0	0	0	80891	0
U1	R	diseased	M/DC	PTGS2	15	6	6	0.4	80891	0.554884
U1	R	diseased	M/DC	RELA	15	3	2	0.133333	80891	0.315445
U1	R	diseased	M/DC	SH3KBP1	15	4	4	0.266667	80891	0.401787
U1	R	diseased	M/DC	SMAD3	15	5	3	0.2	80891	0.481262
U1	R	diseased	M/DC	SOD1	15	8	6	0.4	80891	0.687625
U1	R	diseased	M/DC	STAT3	15	18	8	0.533333	80891	1.171
U1	R	diseased	M/DC	STAT5A	15	1	1	0.0666667	80891	0.116558
U1	R	diseased	M/DC	SYK	15	9	6	0.4	80891	0.747923
U1	R	diseased	M/DC	TLR4	15	4	3	0.2	80891	0.401787
U1	R	diseased	M/DC	TNF	15	5	2	0.133333	80891	0.481262
U1	R	diseased	NK	ACTA2	14	1	1	0.0714286	36333	0.243128
U1	R	diseased	NK	AHR	14	6	5	0.357143	36333	0.975085
U1	R	diseased	NK	AKT1	14	1	1	0.0714286	36333	0.243128
U1	R	diseased	NK	ARNTL	14	1	1	0.0714286	36333	0.243128
U1	R	diseased	NK	BCL6	14	1	1	0.0714286	36333	0.243128
U1	R	diseased	NK	BECN1	14	3	3	0.214286	36333	0.601961
U1	R	diseased	NK	BLNK	14	0	0	0	36333	0
U1	R	diseased	NK	BRD4	14	1	1	0.0714286	36333	0.243128
U1	R	diseased	NK	CAT	14	0	0	0	36333	0
U1	R	diseased	NK	CD4	14	0	0	0	36333	0
U1	R	diseased	NK	CD86	14	0	0	0	36333	0
U1	R	diseased	NK	CREB1	14	4	3	0.214286	36333	0.742379
U1	R	diseased	NK	CTNNB1	14	6	4	0.285714	36333	0.975085
U1	R	diseased	NK	DNMT1	14	4	4	0.285714	36333	0.742379
U1	R	diseased	NK	FOXP3	14	0	0	0	36333	0
U1	R	diseased	NK	GABPA	14	0	0	0	36333	0
U1	R	diseased	NK	HIF1A	14	2	2	0.142857	36333	0.438554
U1	R	diseased	NK	HMOX1	14	0	0	0	36333	0
U1	R	diseased	NK	ICAM1	14	9	6	0.428571	36333	1.24619
U1	R	diseased	NK	IFNG	14	19	5	0.357143	36333	1.82928
U1	R	diseased	NK	IL15	14	0	0	0	36333	0
U1	R	diseased	NK	IL1B	14	0	0	0	36333	0
U1	R	diseased	NK	IL7	14	0	0	0	36333	0
U1	R	diseased	NK	ITGAM	14	5	4	0.285714	36333	0.865485
U1	R	diseased	NK	ITGAX	14	3	2	0.142857	36333	0.601961
U1	R	diseased	NK	JAK1	14	21	9	0.642857	36333	1.91396
U1	R	diseased	NK	LYZ	14	0	0	0	36333	0
U1	R	diseased	NK	MAFB	14	0	0	0	36333	0
U1	R	diseased	NK	MAP1LC3B	14	6	3	0.214286	36333	0.975085
U1	R	diseased	NK	MAPK14	14	2	2	0.142857	36333	0.438554
U1	R	diseased	NK	NFKB1	14	5	4	0.285714	36333	0.865485
U1	R	diseased	NK	NLRP3	14	0	0	0	36333	0
U1	R	diseased	NK	OSM	14	5	5	0.357143	36333	0.865485
U1	R	diseased	NK	PARP1	14	4	4	0.285714	36333	0.742379
U1	R	diseased	NK	PIAS1	14	4	4	0.285714	36333	0.742379
U1	R	diseased	NK	PKM	14	8	6	0.428571	36333	1.16373
U1	R	diseased	NK	PRKAA1	14	2	2	0.142857	36333	0.438554
U1	R	diseased	NK	PTGS2	14	0	0	0	36333	0
U1	R	diseased	NK	RELA	14	4	3	0.214286	36333	0.742379
U1	R	diseased	NK	SH3KBP1	14	9	6	0.428571	36333	1.24619
U1	R	diseased	NK	SMAD3	14	0	0	0	36333	0
U1	R	diseased	NK	SOD1	14	9	8	0.571429	36333	1.24619
U1	R	diseased	NK	STAT3	14	8	7	0.5	36333	1.16373
U1	R	diseased	NK	STAT5A	14	0	0	0	36333	0
U1	R	diseased	NK	SYK	14	0	0	0	36333	0
U1	R	diseased	NK	TLR4	14	0	0	0	36333	0
U1	R	diseased	NK	TNF	14	0	0	0	36333	0
U1	R	diseased	T	ACTA2	861	59	54	0.0627178	2.14663e+06	0.242828
U1	R	diseased	T	AHR	861	216	165	0.191638	2.14663e+06	0.696257
U1	R	diseased	T	AKT1	861	22	22	0.0255517	2.14663e+06	0.0975678
U1	R	diseased	T	ARNTL	861	92	83	0.0963995	2.14663e+06	0.35668
U1	R	diseased	T	BCL6	861	36	33	0.0383275	2.14663e+06	0.15504
U1	R	diseased	T	BECN1	861	113	104	0.12079	2.14663e+06	0.422916
U1	R	diseased	T	BLNK	861	6	4	0.00464576	2.14663e+06	0.0275673
U1	R	diseased	T	BRD4	861	143	128	0.148664	2.14663e+06	0.510522
U1	R	diseased	T	CAT	861	69	68	0.0789779	2.14663e+06	0.278718
U1	R	diseased	T	CD4	861	204	163	0.189315	2.14663e+06	0.667997
U1	R	diseased	T	CD86	861	2	1	0.00116144	2.14663e+06	0.00927379
U1	R	diseased	T	CREB1	861	91	87	0.101045	2.14663e+06	0.353414
U1	R	diseased	T	CTNNB1	861	68	62	0.0720093	2.14663e+06	0.275186
U1	R	diseased	T	DNMT1	861	139	125	0.14518	2.14663e+06	0.499275
U1	R	diseased	T	FOXP3	861	152	92	0.106852	2.14663e+06	0.535374
U1	R	diseased	T	GABPA	861	35	32	0.0371661	2.14663e+06	0.151043
U1	R	diseased	T	HIF1A	861	183	154	0.178862	2.14663e+06	0.616536
U1	R	diseased	T	HMOX1	861	7	5	0.0058072	2.14663e+06	0.0320889
U1	R	diseased	T	ICAM1	861	67	52	0.0603949	2.14663e+06	0.271642
U1	R	diseased	T	IFNG	861	254	84	0.097561	2.14663e+06	0.780815
U1	R	diseased	T	IL15	861	18	18	0.0209059	2.14663e+06	0.0805217
U1	R	diseased	T	IL1B	861	1	1	0.00116144	2.14663e+06	0.00464765
U1	R	diseased	T	IL7	861	17	17	0.0197445	2.14663e+06	0.0762144
U1	R	diseased	T	ITGAM	861	2	2	0.00232288	2.14663e+06	0.00927379
U1	R	diseased	T	ITGAX	861	3	3	0.00348432	2.14663e+06	0.0138786
U1	R	diseased	T	JAK1	861	657	411	0.477352	2.14663e+06	1.40133
U1	R	diseased	T	LYZ	861	1	1	0.00116144	2.14663e+06	0.00464765
U1	R	diseased	T	MAFB	861	0	0	0	2.14663e+06	0
U1	R	diseased	T	MAP1LC3B	861	366	275	0.319396	2.14663e+06	0.995101
U1	R	diseased	T	MAPK14	861	40	38	0.0441347	2.14663e+06	0.170872
U1	R	diseased	T	NFKB1	861	168	132	0.15331	2.14663e+06	0.578085
U1	R	diseased	T	NLRP3	861	6	6	0.00696864	2.14663e+06	0.0275673
U1	R	diseased	T	OSM	861	22	17	0.0197445	2.14663e+06	0.0975678
U1	R	diseased	T	PARP1	861	227	178	0.206736	2.14663e+06	0.721478
U1	R	diseased	T	PIAS1	861	195	173	0.200929	2.14663e+06	0.646266
U1	R	diseased	T	PKM	861	643	373	0.433217	2.14663e+06	1.38514
U1	R	diseased	T	PRKAA1	861	71	68	0.0789779	2.14663e+06	0.285743
U1	R	diseased	T	PTGS2	861	0	0	0	2.14663e+06	0
U1	R	diseased	T	RELA	861	87	84	0.097561	2.14663e+06	0.340241
U1	R	diseased	T	SH3KBP1	861	290	230	0.267131	2.14663e+06	0.854822
U1	R	diseased	T	SMAD3	861	64	60	0.0696864	2.14663e+06	0.260934
U1	R	diseased	T	SOD1	861	753	468	0.543554	2.14663e+06	1.50581
U1	R	diseased	T	STAT3	861	660	416	0.483159	2.14663e+06	1.40477
U1	R	diseased	T	STAT5A	861	90	86	0.0998839	2.14663e+06	0.350137
U1	R	diseased	T	SYK	861	4	4	0.00464576	2.14663e+06	0.0184624
U1	R	diseased	T	TLR4	861	0	0	0	2.14663e+06	0
U1	R	diseased	T	TNF	861	344	150	0.174216	2.14663e+06	0.956477
U1	R	diseased	T:T1	ACTA2	65	3	3	0.0461538	122007	0.219848
U1	R	diseased	T:T1	AHR	65	6	6	0.0923077	122007	0.399967
U1	R	diseased	T:T1	AKT1	65	1	1	0.0153846	122007	0.0787765
U1	R	diseased	T:T1	ARNTL	65	1	1	0.0153846	122007	0.0787765
U1	R	diseased	T:T1	BCL6	65	3	3	0.0461538	122007	0.219848
U1	R	diseased	T:T1	BECN1	65	3	3	0.0461538	122007	0.219848
U1	R	diseased	T:T1	BLNK	65	1	1	0.0153846	122007	0.0787765
U1	R	diseased	T:T1	BRD4	65	12	9	0.138462	122007	0.684888
U1	R	diseased	T:T1	CAT	65	3	3	0.0461538	122007	0.219848
U1	R	diseased	T:T1	CD4	65	11	11	0.169231	122007	0.642689
U1	R	diseased	T:T1	CD86	65	0	0	0	122007	0
U1	R	diseased	T:T1	CREB1	65	3	3	0.0461538	122007	0.219848
U1	R	diseased	T:T1	CTNNB1	65	2	2	0.0307692	122007	0.151798
U1	R	diseased	T:T1	DNMT1	65	7	7	0.107692	122007	0.453453
U1	R	diseased	T:T1	FOXP3	65	1	1	0.0153846	122007	0.0787765
U1	R	diseased	T:T1	GABPA	65	2	2	0.0307692	122007	0.151798
U1	R	diseased	T:T1	HIF1A	65	9	8	0.123077	122007	0.552541
U1	R	diseased	T:T1	HMOX1	65	0	0	0	122007	0
U1	R	diseased	T:T1	ICAM1	65	3	3	0.0461538	122007	0.219848
U1	R	diseased	T:T1	IFNG	65	10	4	0.0615385	122007	0.59863
U1	R	diseased	T:T1	IL15	65	0	0	0	122007	0
U1	R	diseased	T:T1	IL1B	65	0	0	0	122007	0
U1	R	diseased	T:T1	IL7	65	1	1	0.0153846	122007	0.0787765
U1	R	diseased	T:T1	ITGAM	65	0	0	0	122007	0
U1	R	diseased	T:T1	ITGAX	65	0	0	0	122007	0
U1	R	diseased	T:T1	JAK1	65	29	19	0.292308	122007	1.21696
U1	R	diseased	T:T1	LYZ	65	0	0	0	122007	0
U1	R	diseased	T:T1	MAFB	65	0	0	0	122007	0
U1	R	diseased	T:T1	MAP1LC3B	65	21	18	0.276923	122007	1.00108
U1	R	diseased	T:T1	MAPK14	65	3	2	0.0307692	122007	0.219848
U1	R	diseased	T:T1	NFKB1	65	9	7	0.107692	122007	0.552541
U1	R	diseased	T:T1	NLRP3	65	0	0	0	122007	0
U1	R	diseased	T:T1	OSM	65	2	2	0.0307692	122007	0.151798
U1	R	diseased	T:T1	PARP1	65	5	5	0.0769231	122007	0.343457
U1	R	diseased	T:T1	PIAS1	65	10	9	0.138462	122007	0.59863
U1	R	diseased	T:T1	PKM	65	19	18	0.276923	122007	0.938947
U1	R	diseased	T:T1	PRKAA1	65	6	6	0.0923077	122007	0.399967
U1	R	diseased	T:T1	PTGS2	65	0	0	0	122007	0
U1	R	diseased	T:T1	RELA	65	1	1	0.0153846	122007	0.0787765
U1	R	diseased	T:T1	SH3KBP1	65	11	9	0.138462	122007	0.642689
U1	R	diseased	T:T1	SMAD3	65	3	3	0.0461538	122007	0.219848
U1	R	diseased	T:T1	SOD1	65	24	18	0.276923	122007	1.08759
U1	R	diseased	T:T1	STAT3	65	25	19	0.292308	122007	1.11483
U1	R	diseased	T:T1	STAT5A	65	3	3	0.0461538	122007	0.219848
U1	R	diseased	T:T1	SYK	65	2	2	0.0307692	122007	0.151798
U1	R	diseased	T:T1	TLR4	65	0	0	0	122007	0
U1	R	diseased	T:T1	TNF	65	23	13	0.2	122007	1.05957
U1	R	diseased	T:T10	ACTA2	72	4	4	0.0555556	162980	0.21948
U1	R	diseased	T:T10	AHR	72	9	8	0.111111	162980	0.439683
U1	R	diseased	T:T10	AKT1	72	3	3	0.0416667	162980	0.168959
U1	R	diseased	T:T10	ARNTL	72	2	2	0.0277778	162980	0.115749
U1	R	diseased	T:T10	BCL6	72	2	2	0.0277778	162980	0.115749
U1	R	diseased	T:T10	BECN1	72	6	6	0.0833333	162980	0.313455
U1	R	diseased	T:T10	BLNK	72	0	0	0	162980	0
U1	R	diseased	T:T10	BRD4	72	16	13	0.180556	162980	0.683963
U1	R	diseased	T:T10	CAT	72	2	2	0.0277778	162980	0.115749
U1	R	diseased	T:T10	CD4	72	0	0	0	162980	0
U1	R	diseased	T:T10	CD86	72	0	0	0	162980	0
U1	R	diseased	T:T10	CREB1	72	5	4	0.0555556	162980	0.267571
U1	R	diseased	T:T10	CTNNB1	72	5	5	0.0694444	162980	0.267571
U1	R	diseased	T:T10	DNMT1	72	9	8	0.111111	162980	0.439683
U1	R	diseased	T:T10	FOXP3	72	0	0	0	162980	0
U1	R	diseased	T:T10	GABPA	72	3	3	0.0416667	162980	0.168959
U1	R	diseased	T:T10	HIF1A	72	13	10	0.138889	162980	0.586477
U1	R	diseased	T:T10	HMOX1	72	0	0	0	162980	0
U1	R	diseased	T:T10	ICAM1	72	8	7	0.0972222	162980	0.399352
U1	R	diseased	T:T10	IFNG	72	159	40	0.555556	162980	2.37544
U1	R	diseased	T:T10	IL15	72	1	1	0.0138889	162980	0.0595485
U1	R	diseased	T:T10	IL1B	72	1	1	0.0138889	162980	0.0595485
U1	R	diseased	T:T10	IL7	72	0	0	0	162980	0
U1	R	diseased	T:T10	ITGAM	72	0	0	0	162980	0
U1	R	diseased	T:T10	ITGAX	72	0	0	0	162980	0
U1	R	diseased	T:T10	JAK1	72	49	35	0.486111	162980	1.38792
U1	R	diseased	T:T10	LYZ	72	0	0	0	162980	0
U1	R	diseased	T:T10	MAFB	72	0	0	0	162980	0
U1	R	diseased	T:T10	MAP1LC3B	72	35	25	0.347222	162980	1.14661
U1	R	diseased	T:T10	MAPK14	72	0	0	0	162980	0
U1	R	diseased	T:T10	NFKB1	72	9	7	0.0972222	162980	0.439683
U1	R	diseased	T:T10	NLRP3	72	0	0	0	162980	0
U1	R	diseased	T:T10	OSM	72	6	3	0.0416667	162980	0.313455
U1	R	diseased	T:T10	PARP1	72	25	20	0.277778	162980	0.929772
U1	R	diseased	T:T10	PIAS1	72	12	12	0.166667	162980	0.551749
U1	R	diseased	T:T10	PKM	72	27	26	0.361111	162980	0.977064
U1	R	diseased	T:T10	PRKAA1	72	8	8	0.111111	162980	0.399352
U1	R	diseased	T:T10	PTGS2	72	0	0	0	162980	0
U1	R	diseased	T:T10	RELA	72	4	4	0.0555556	162980	0.21948
U1	R	diseased	T:T10	SH3KBP1	72	27	20	0.277778	162980	0.977064
U1	R	diseased	T:T10	SMAD3	72	4	4	0.0555556	162980	0.21948
U1	R	diseased	T:T10	SOD1	72	44	31	0.430556	162980	1.30826
U1	R	diseased	T:T10	STAT3	72	44	29	0.402778	162980	1.30826
U1	R	diseased	T:T10	STAT5A	72	12	12	0.166667	162980	0.551749
U1	R	diseased	T:T10	SYK	72	0	0	0	162980	0
U1	R	diseased	T:T10	TLR4	72	0	0	0	162980	0
U1	R	diseased	T:T10	TNF	72	102	28	0.388889	162980	1.98216
U1	R	diseased	T:T12	ACTA2	3	0	0	0	12494	0
U1	R	diseased	T:T12	AHR	3	0	0	0	12494	0
U1	R	diseased	T:T12	AKT1	3	0	0	0	12494	0
U1	R	diseased	T:T12	ARNTL	3	0	0	0	12494	0
U1	R	diseased	T:T12	BCL6	3	0	0	0	12494	0
U1	R	diseased	T:T12	BECN1	3	0	0	0	12494	0
U1	R	diseased	T:T12	BLNK	3	0	0	0	12494	0
U1	R	diseased	T:T12	BRD4	3	1	1	0.333333	12494	0.588
U1	R	diseased	T:T12	CAT	3	0	0	0	12494	0
U1	R	diseased	T:T12	CD4	3	0	0	0	12494	0
U1	R	diseased	T:T12	CD86	3	0	0	0	12494	0
U1	R	diseased	T:T12	CREB1	3	0	0	0	12494	0
U1	R	diseased	T:T12	CTNNB1	3	1	1	0.333333	12494	0.588
U1	R	diseased	T:T12	DNMT1	3	0	0	0	12494	0
U1	R	diseased	T:T12	FOXP3	3	0	0	0	12494	0
U1	R	diseased	T:T12	GABPA	3	0	0	0	12494	0
U1	R	diseased	T:T12	HIF1A	3	2	2	0.666667	12494	0.955807
U1	R	diseased	T:T12	HMOX1	3	0	0	0	12494	0
U1	R	diseased	T:T12	ICAM1	3	0	0	0	12494	0
U1	R	diseased	T:T12	IFNG	3	0	0	0	12494	0
U1	R	diseased	T:T12	IL15	3	0	0	0	12494	0
U1	R	diseased	T:T12	IL1B	3	0	0	0	12494	0
U1	R	diseased	T:T12	IL7	3	0	0	0	12494	0
U1	R	diseased	T:T12	ITGAM	3	0	0	0	12494	0
U1	R	diseased	T:T12	ITGAX	3	0	0	0	12494	0
U1	R	diseased	T:T12	JAK1	3	3	2	0.666667	12494	1.22411
U1	R	diseased	T:T12	LYZ	3	0	0	0	12494	0
U1	R	diseased	T:T12	MAFB	3	0	0	0	12494	0
U1	R	diseased	T:T12	MAP1LC3B	3	1	1	0.333333	12494	0.588
U1	R	diseased	T:T12	MAPK14	3	0	0	0	12494	0
U1	R	diseased	T:T12	NFKB1	3	1	1	0.333333	12494	0.588
U1	R	diseased	T:T12	NLRP3	3	0	0	0	12494	0
U1	R	diseased	T:T12	OSM	3	0	0	0	12494	0
U1	R	diseased	T:T12	PARP1	3	2	1	0.333333	12494	0.955807
U1	R	diseased	T:T12	PIAS1	3	0	0	0	12494	0
U1	R	diseased	T:T12	PKM	3	3	3	1	12494	1.22411
U1	R	diseased	T:T12	PRKAA1	3	1	1	0.333333	12494	0.588
U1	R	diseased	T:T12	PTGS2	3	0	0	0	12494	0
U1	R	diseased	T:T12	RELA	3	0	0	0	12494	0
U1	R	diseased	T:T12	SH3KBP1	3	1	1	0.333333	12494	0.588
U1	R	diseased	T:T12	SMAD3	3	0	0	0	12494	0
U1	R	diseased	T:T12	SOD1	3	4	3	1	12494	1.43545
U1	R	diseased	T:T12	STAT3	3	4	2	0.666667	12494	1.43545
U1	R	diseased	T:T12	STAT5A	3	0	0	0	12494	0
U1	R	diseased	T:T12	SYK	3	0	0	0	12494	0
U1	R	diseased	T:T12	TLR4	3	0	0	0	12494	0
U1	R	diseased	T:T12	TNF	3	0	0	0	12494	0
U1	R	diseased	T:T13	ACTA2	2	0	0	0	6602	0
U1	R	diseased	T:T13	AHR	2	0	0	0	6602	0
U1	R	diseased	T:T13	AKT1	2	0	0	0	6602	0
U1	R	diseased	T:T13	ARNTL	2	0	0	0	6602	0
U1	R	diseased	T:T13	BCL6	2	0	0	0	6602	0
U1	R	diseased	T:T13	BECN1	2	1	1	0.5	6602	0.922151
U1	R	diseased	T:T13	BLNK	2	0	0	0	6602	0
U1	R	diseased	T:T13	BRD4	2	2	2	1	6602	1.39361
U1	R	diseased	T:T13	CAT	2	0	0	0	6602	0
U1	R	diseased	T:T13	CD4	2	0	0	0	6602	0
U1	R	diseased	T:T13	CD86	2	0	0	0	6602	0
U1	R	diseased	T:T13	CREB1	2	0	0	0	6602	0
U1	R	diseased	T:T13	CTNNB1	2	1	1	0.5	6602	0.922151
U1	R	diseased	T:T13	DNMT1	2	0	0	0	6602	0
U1	R	diseased	T:T13	FOXP3	2	0	0	0	6602	0
U1	R	diseased	T:T13	GABPA	2	0	0	0	6602	0
U1	R	diseased	T:T13	HIF1A	2	0	0	0	6602	0
U1	R	diseased	T:T13	HMOX1	2	0	0	0	6602	0
U1	R	diseased	T:T13	ICAM1	2	0	0	0	6602	0
U1	R	diseased	T:T13	IFNG	2	0	0	0	6602	0
U1	R	diseased	T:T13	IL15	2	0	0	0	6602	0
U1	R	diseased	T:T13	IL1B	2	0	0	0	6602	0
U1	R	diseased	T:T13	IL7	2	0	0	0	6602	0
U1	R	diseased	T:T13	ITGAM	2	1	1	0.5	6602	0.922151
U1	R	diseased	T:T13	ITGAX	2	0	0	0	6602	0
U1	R	diseased	T:T13	JAK1	2	0	0	0	6602	0
U1	R	diseased	T:T13	LYZ	2	0	0	0	6602	0
U1	R	diseased	T:T13	MAFB	2	0	0	0	6602	0
U1	R	diseased	T:T13	MAP1LC3B	2	0	0	0	6602	0
U1	R	diseased	T:T13	MAPK14	2	0	0	0	6602	0
U1	R	diseased	T:T13	NFKB1	2	0	0	0	6602	0
U1	R	diseased	T:T13	NLRP3	2	0	0	0	6602	0
U1	R	diseased	T:T13	OSM	2	0	0	0	6602	0
U1	R	diseased	T:T13	PARP1	2	2	1	0.5	6602	1.39361
U1	R	diseased	T:T13	PIAS1	2	0	0	0	6602	0
U1	R	diseased	T:T13	PKM	2	1	1	0.5	6602	0.922151
U1	R	diseased	T:T13	PRKAA1	2	1	1	0.5	6602	0.922151
U1	R	diseased	T:T13	PTGS2	2	0	0	0	6602	0
U1	R	diseased	T:T13	RELA	2	0	0	0	6602	0
U1	R	diseased	T:T13	SH3KBP1	2	1	1	0.5	6602	0.922151
U1	R	diseased	T:T13	SMAD3	2	0	0	0	6602	0
U1	R	diseased	T:T13	SOD1	2	1	1	0.5	6602	0.922151
U1	R	diseased	T:T13	STAT3	2	1	1	0.5	6602	0.922151
U1	R	diseased	T:T13	STAT5A	2	0	0	0	6602	0
U1	R	diseased	T:T13	SYK	2	0	0	0	6602	0
U1	R	diseased	T:T13	TLR4	2	0	0	0	6602	0
U1	R	diseased	T:T13	TNF	2	0	0	0	6602	0
U1	R	diseased	T:T14	ACTA2	16	3	2	0.125	38782	0.572986
U1	R	diseased	T:T14	AHR	16	4	3	0.1875	38782	0.708728
U1	R	diseased	T:T14	AKT1	16	2	2	0.125	38782	0.415879
U1	R	diseased	T:T14	ARNTL	16	3	3	0.1875	38782	0.572986
U1	R	diseased	T:T14	BCL6	16	1	1	0.0625	38782	0.229405
U1	R	diseased	T:T14	BECN1	16	2	2	0.125	38782	0.415879
U1	R	diseased	T:T14	BLNK	16	0	0	0	38782	0
U1	R	diseased	T:T14	BRD4	16	4	4	0.25	38782	0.708728
U1	R	diseased	T:T14	CAT	16	2	1	0.0625	38782	0.415879
U1	R	diseased	T:T14	CD4	16	0	0	0	38782	0
U1	R	diseased	T:T14	CD86	16	0	0	0	38782	0
U1	R	diseased	T:T14	CREB1	16	0	0	0	38782	0
U1	R	diseased	T:T14	CTNNB1	16	1	1	0.0625	38782	0.229405
U1	R	diseased	T:T14	DNMT1	16	4	4	0.25	38782	0.708728
U1	R	diseased	T:T14	FOXP3	16	0	0	0	38782	0
U1	R	diseased	T:T14	GABPA	16	0	0	0	38782	0
U1	R	diseased	T:T14	HIF1A	16	5	5	0.3125	38782	0.828228
U1	R	diseased	T:T14	HMOX1	16	0	0	0	38782	0
U1	R	diseased	T:T14	ICAM1	16	1	1	0.0625	38782	0.229405
U1	R	diseased	T:T14	IFNG	16	18	2	0.125	38782	1.73012
U1	R	diseased	T:T14	IL15	16	3	3	0.1875	38782	0.572986
U1	R	diseased	T:T14	IL1B	16	0	0	0	38782	0
U1	R	diseased	T:T14	IL7	16	0	0	0	38782	0
U1	R	diseased	T:T14	ITGAM	16	1	1	0.0625	38782	0.229405
U1	R	diseased	T:T14	ITGAX	16	1	1	0.0625	38782	0.229405
U1	R	diseased	T:T14	JAK1	16	14	7	0.4375	38782	1.52821
U1	R	diseased	T:T14	LYZ	16	0	0	0	38782	0
U1	R	diseased	T:T14	MAFB	16	0	0	0	38782	0
U1	R	diseased	T:T14	MAP1LC3B	16	9	8	0.5	38782	1.20016
U1	R	diseased	T:T14	MAPK14	16	0	0	0	38782	0
U1	R	diseased	T:T14	NFKB1	16	6	5	0.3125	38782	0.934959
U1	R	diseased	T:T14	NLRP3	16	0	0	0	38782	0
U1	R	diseased	T:T14	OSM	16	0	0	0	38782	0
U1	R	diseased	T:T14	PARP1	16	2	2	0.125	38782	0.415879
U1	R	diseased	T:T14	PIAS1	16	3	3	0.1875	38782	0.572986
U1	R	diseased	T:T14	PKM	16	9	9	0.5625	38782	1.20016
U1	R	diseased	T:T14	PRKAA1	16	1	1	0.0625	38782	0.229405
U1	R	diseased	T:T14	PTGS2	16	0	0	0	38782	0
U1	R	diseased	T:T14	RELA	16	3	3	0.1875	38782	0.572986
U1	R	diseased	T:T14	SH3KBP1	16	3	2	0.125	38782	0.572986
U1	R	diseased	T:T14	SMAD3	16	0	0	0	38782	0
U1	R	diseased	T:T14	SOD1	16	14	10	0.625	38782	1.52821
U1	R	diseased	T:T14	STAT3	16	11	8	0.5	38782	1.34453
U1	R	diseased	T:T14	STAT5A	16	1	1	0.0625	38782	0.229405
U1	R	diseased	T:T14	SYK	16	0	0	0	38782	0
U1	R	diseased	T:T14	TLR4	16	0	0	0	38782	0
U1	R	diseased	T:T14	TNF	16	13	6	0.375	38782	1.47065
U1	R	diseased	T:T15	ACTA2	2	0	0	0	6180	0
U1	R	diseased	T:T15	AHR	2	0	0	0	6180	0
U1	R	diseased	T:T15	AKT1	2	0	0	0	6180	0
U1	R	diseased	T:T15	ARNTL	2	0	0	0	6180	0
U1	R	diseased	T:T15	BCL6	2	0	0	0	6180	0
U1	R	diseased	T:T15	BECN1	2	0	0	0	6180	0
U1	R	diseased	T:T15	BLNK	2	0	0	0	6180	0
U1	R	diseased	T:T15	BRD4	2	1	1	0.5	6180	0.962458
U1	R	diseased	T:T15	CAT	2	1	1	0.5	6180	0.962458
U1	R	diseased	T:T15	CD4	2	1	1	0.5	6180	0.962458
U1	R	diseased	T:T15	CD86	2	0	0	0	6180	0
U1	R	diseased	T:T15	CREB1	2	0	0	0	6180	0
U1	R	diseased	T:T15	CTNNB1	2	0	0	0	6180	0
U1	R	diseased	T:T15	DNMT1	2	1	1	0.5	6180	0.962458
U1	R	diseased	T:T15	FOXP3	2	0	0	0	6180	0
U1	R	diseased	T:T15	GABPA	2	0	0	0	6180	0
U1	R	diseased	T:T15	HIF1A	2	0	0	0	6180	0
U1	R	diseased	T:T15	HMOX1	2	0	0	0	6180	0
U1	R	diseased	T:T15	ICAM1	2	0	0	0	6180	0
U1	R	diseased	T:T15	IFNG	2	0	0	0	6180	0
U1	R	diseased	T:T15	IL15	2	0	0	0	6180	0
U1	R	diseased	T:T15	IL1B	2	0	0	0	6180	0
U1	R	diseased	T:T15	IL7	2	0	0	0	6180	0
U1	R	diseased	T:T15	ITGAM	2	0	0	0	6180	0
U1	R	diseased	T:T15	ITGAX	2	0	0	0	6180	0
U1	R	diseased	T:T15	JAK1	2	4	2	1	6180	2.01123
U1	R	diseased	T:T15	LYZ	2	0	0	0	6180	0
U1	R	diseased	T:T15	MAFB	2	0	0	0	6180	0
U1	R	diseased	T:T15	MAP1LC3B	2	2	1	0.5	6180	1.44368
U1	R	diseased	T:T15	MAPK14	2	0	0	0	6180	0
U1	R	diseased	T:T15	NFKB1	2	0	0	0	6180	0
U1	R	diseased	T:T15	NLRP3	2	0	0	0	6180	0
U1	R	diseased	T:T15	OSM	2	0	0	0	6180	0
U1	R	diseased	T:T15	PARP1	2	0	0	0	6180	0
U1	R	diseased	T:T15	PIAS1	2	1	1	0.5	6180	0.962458
U1	R	diseased	T:T15	PKM	2	1	1	0.5	6180	0.962458
U1	R	diseased	T:T15	PRKAA1	2	0	0	0	6180	0
U1	R	diseased	T:T15	PTGS2	2	0	0	0	6180	0
U1	R	diseased	T:T15	RELA	2	0	0	0	6180	0
U1	R	diseased	T:T15	SH3KBP1	2	0	0	0	6180	0
U1	R	diseased	T:T15	SMAD3	2	0	0	0	6180	0
U1	R	diseased	T:T15	SOD1	2	1	1	0.5	6180	0.962458
U1	R	diseased	T:T15	STAT3	2	0	0	0	6180	0
U1	R	diseased	T:T15	STAT5A	2	0	0	0	6180	0
U1	R	diseased	T:T15	SYK	2	0	0	0	6180	0
U1	R	diseased	T:T15	TLR4	2	0	0	0	6180	0
U1	R	diseased	T:T15	TNF	2	0	0	0	6180	0
U1	R	diseased	T:T16	ACTA2	3	0	0	0	9478	0
U1	R	diseased	T:T16	AHR	3	0	0	0	9478	0
U1	R	diseased	T:T16	AKT1	3	2	2	0.666667	9478	1.13467
U1	R	diseased	T:T16	ARNTL	3	0	0	0	9478	0
U1	R	diseased	T:T16	BCL6	3	0	0	0	9478	0
U1	R	diseased	T:T16	BECN1	3	0	0	0	9478	0
U1	R	diseased	T:T16	BLNK	3	0	0	0	9478	0
U1	R	diseased	T:T16	BRD4	3	0	0	0	9478	0
U1	R	diseased	T:T16	CAT	3	1	1	0.333333	9478	0.720312
U1	R	diseased	T:T16	CD4	3	0	0	0	9478	0
U1	R	diseased	T:T16	CD86	3	0	0	0	9478	0
U1	R	diseased	T:T16	CREB1	3	0	0	0	9478	0
U1	R	diseased	T:T16	CTNNB1	3	0	0	0	9478	0
U1	R	diseased	T:T16	DNMT1	3	0	0	0	9478	0
U1	R	diseased	T:T16	FOXP3	3	0	0	0	9478	0
U1	R	diseased	T:T16	GABPA	3	0	0	0	9478	0
U1	R	diseased	T:T16	HIF1A	3	0	0	0	9478	0
U1	R	diseased	T:T16	HMOX1	3	0	0	0	9478	0
U1	R	diseased	T:T16	ICAM1	3	0	0	0	9478	0
U1	R	diseased	T:T16	IFNG	3	4	2	0.666667	9478	1.65255
U1	R	diseased	T:T16	IL15	3	1	1	0.333333	9478	0.720312
U1	R	diseased	T:T16	IL1B	3	0	0	0	9478	0
U1	R	diseased	T:T16	IL7	3	1	1	0.333333	9478	0.720312
U1	R	diseased	T:T16	ITGAM	3	0	0	0	9478	0
U1	R	diseased	T:T16	ITGAX	3	0	0	0	9478	0
U1	R	diseased	T:T16	JAK1	3	0	0	0	9478	0
U1	R	diseased	T:T16	LYZ	3	0	0	0	9478	0
U1	R	diseased	T:T16	MAFB	3	0	0	0	9478	0
U1	R	diseased	T:T16	MAP1LC3B	3	1	1	0.333333	9478	0.720312
U1	R	diseased	T:T16	MAPK14	3	0	0	0	9478	0
U1	R	diseased	T:T16	NFKB1	3	0	0	0	9478	0
U1	R	diseased	T:T16	NLRP3	3	0	0	0	9478	0
U1	R	diseased	T:T16	OSM	3	0	0	0	9478	0
U1	R	diseased	T:T16	PARP1	3	1	1	0.333333	9478	0.720312
U1	R	diseased	T:T16	PIAS1	3	3	2	0.666667	9478	1.42677
U1	R	diseased	T:T16	PKM	3	1	1	0.333333	9478	0.720312
U1	R	diseased	T:T16	PRKAA1	3	1	1	0.333333	9478	0.720312
U1	R	diseased	T:T16	PTGS2	3	0	0	0	9478	0
U1	R	diseased	T:T16	RELA	3	0	0	0	9478	0
U1	R	diseased	T:T16	SH3KBP1	3	2	1	0.333333	9478	1.13467
U1	R	diseased	T:T16	SMAD3	3	0	0	0	9478	0
U1	R	diseased	T:T16	SOD1	3	2	1	0.333333	9478	1.13467
U1	R	diseased	T:T16	STAT3	3	3	2	0.666667	9478	1.42677
U1	R	diseased	T:T16	STAT5A	3	0	0	0	9478	0
U1	R	diseased	T:T16	SYK	3	0	0	0	9478	0
U1	R	diseased	T:T16	TLR4	3	0	0	0	9478	0
U1	R	diseased	T:T16	TNF	3	0	0	0	9478	0
U1	R	diseased	T:T2	ACTA2	124	8	8	0.0645161	360430	0.200454
U1	R	diseased	T:T2	AHR	124	51	41	0.330645	360430	0.88169
U1	R	diseased	T:T2	AKT1	124	5	5	0.0403226	360430	0.129908
U1	R	diseased	T:T2	ARNTL	124	10	10	0.0806452	360430	0.244863
U1	R	diseased	T:T2	BCL6	124	5	4	0.0322581	360430	0.129908
U1	R	diseased	T:T2	BECN1	124	17	14	0.112903	360430	0.38639
U1	R	diseased	T:T2	BLNK	124	3	1	0.00806452	360430	0.0799509
U1	R	diseased	T:T2	BRD4	124	21	19	0.153226	360430	0.459093
U1	R	diseased	T:T2	CAT	124	11	11	0.0887097	360430	0.266349
U1	R	diseased	T:T2	CD4	124	24	23	0.185484	360430	0.510348
U1	R	diseased	T:T2	CD86	124	0	0	0	360430	0
U1	R	diseased	T:T2	CREB1	124	14	13	0.104839	360430	0.32817
U1	R	diseased	T:T2	CTNNB1	124	14	14	0.112903	360430	0.32817
U1	R	diseased	T:T2	DNMT1	124	29	25	0.201613	360430	0.590336
U1	R	diseased	T:T2	FOXP3	124	2	2	0.016129	360430	0.0540044
U1	R	diseased	T:T2	GABPA	124	5	4	0.0322581	360430	0.129908
U1	R	diseased	T:T2	HIF1A	124	31	24	0.193548	360430	0.620622
U1	R	diseased	T:T2	HMOX1	124	0	0	0	360430	0
U1	R	diseased	T:T2	ICAM1	124	19	13	0.104839	360430	0.423402
U1	R	diseased	T:T2	IFNG	124	36	17	0.137097	360430	0.69255
U1	R	diseased	T:T2	IL15	124	5	5	0.0403226	360430	0.129908
U1	R	diseased	T:T2	IL1B	124	0	0	0	360430	0
U1	R	diseased	T:T2	IL7	124	1	1	0.00806452	360430	0.0273667
U1	R	diseased	T:T2	ITGAM	124	0	0	0	360430	0
U1	R	diseased	T:T2	ITGAX	124	0	0	0	360430	0
U1	R	diseased	T:T2	JAK1	124	100	61	0.491935	360430	1.32826
U1	R	diseased	T:T2	LYZ	124	0	0	0	360430	0
U1	R	diseased	T:T2	MAFB	124	0	0	0	360430	0
U1	R	diseased	T:T2	MAP1LC3B	124	54	42	0.33871	360430	0.915575
U1	R	diseased	T:T2	MAPK14	124	8	7	0.0564516	360430	0.200454
U1	R	diseased	T:T2	NFKB1	124	43	35	0.282258	360430	0.785279
U1	R	diseased	T:T2	NLRP3	124	1	1	0.00806452	360430	0.0273667
U1	R	diseased	T:T2	OSM	124	5	4	0.0322581	360430	0.129908
U1	R	diseased	T:T2	PARP1	124	27	20	0.16129	360430	0.559104
U1	R	diseased	T:T2	PIAS1	124	39	33	0.266129	360430	0.733349
U1	R	diseased	T:T2	PKM	124	71	47	0.379032	360430	1.08852
U1	R	diseased	T:T2	PRKAA1	124	13	12	0.0967742	360430	0.307985
U1	R	diseased	T:T2	PTGS2	124	0	0	0	360430	0
U1	R	diseased	T:T2	RELA	124	9	8	0.0645161	360430	0.222905
U1	R	diseased	T:T2	SH3KBP1	124	42	33	0.266129	360430	0.772547
U1	R	diseased	T:T2	SMAD3	124	11	11	0.0887097	360430	0.266349
U1	R	diseased	T:T2	SOD1	124	114	74	0.596774	360430	1.42621
U1	R	diseased	T:T2	STAT3	124	95	67	0.540323	360430	1.29081
U1	R	diseased	T:T2	STAT5A	124	14	14	0.112903	360430	0.32817
U1	R	diseased	T:T2	SYK	124	0	0	0	360430	0
U1	R	diseased	T:T2	TLR4	124	0	0	0	360430	0
U1	R	diseased	T:T2	TNF	124	101	42	0.33871	360430	1.33558
U1	R	diseased	T:T3	ACTA2	20	0	0	0	58470	0
U1	R	diseased	T:T3	AHR	20	5	4	0.2	58470	0.61796
U1	R	diseased	T:T3	AKT1	20	1	1	0.05	58470	0.157882
U1	R	diseased	T:T3	ARNTL	20	1	1	0.05	58470	0.157882
U1	R	diseased	T:T3	BCL6	20	0	0	0	58470	0
U1	R	diseased	T:T3	BECN1	20	4	4	0.2	58470	0.521238
U1	R	diseased	T:T3	BLNK	20	0	0	0	58470	0
U1	R	diseased	T:T3	BRD4	20	2	2	0.1	58470	0.294203
U1	R	diseased	T:T3	CAT	20	2	2	0.1	58470	0.294203
U1	R	diseased	T:T3	CD4	20	3	3	0.15	58470	0.41415
U1	R	diseased	T:T3	CD86	20	0	0	0	58470	0
U1	R	diseased	T:T3	CREB1	20	3	3	0.15	58470	0.41415
U1	R	diseased	T:T3	CTNNB1	20	2	2	0.1	58470	0.294203
U1	R	diseased	T:T3	DNMT1	20	4	3	0.15	58470	0.521238
U1	R	diseased	T:T3	FOXP3	20	0	0	0	58470	0
U1	R	diseased	T:T3	GABPA	20	1	1	0.05	58470	0.157882
U1	R	diseased	T:T3	HIF1A	20	2	2	0.1	58470	0.294203
U1	R	diseased	T:T3	HMOX1	20	0	0	0	58470	0
U1	R	diseased	T:T3	ICAM1	20	3	1	0.05	58470	0.41415
U1	R	diseased	T:T3	IFNG	20	0	0	0	58470	0
U1	R	diseased	T:T3	IL15	20	1	1	0.05	58470	0.157882
U1	R	diseased	T:T3	IL1B	20	0	0	0	58470	0
U1	R	diseased	T:T3	IL7	20	0	0	0	58470	0
U1	R	diseased	T:T3	ITGAM	20	0	0	0	58470	0
U1	R	diseased	T:T3	ITGAX	20	0	0	0	58470	0
U1	R	diseased	T:T3	JAK1	20	12	10	0.5	58470	1.11591
U1	R	diseased	T:T3	LYZ	20	1	1	0.05	58470	0.157882
U1	R	diseased	T:T3	MAFB	20	0	0	0	58470	0
U1	R	diseased	T:T3	MAP1LC3B	20	8	7	0.35	58470	0.86214
U1	R	diseased	T:T3	MAPK14	20	0	0	0	58470	0
U1	R	diseased	T:T3	NFKB1	20	8	4	0.2	58470	0.86214
U1	R	diseased	T:T3	NLRP3	20	1	1	0.05	58470	0.157882
U1	R	diseased	T:T3	OSM	20	0	0	0	58470	0
U1	R	diseased	T:T3	PARP1	20	4	4	0.2	58470	0.521238
U1	R	diseased	T:T3	PIAS1	20	5	4	0.2	58470	0.61796
U1	R	diseased	T:T3	PKM	20	14	10	0.5	58470	1.22212
U1	R	diseased	T:T3	PRKAA1	20	2	2	0.1	58470	0.294203
U1	R	diseased	T:T3	PTGS2	20	0	0	0	58470	0
U1	R	diseased	T:T3	RELA	20	2	2	0.1	58470	0.294203
U1	R	diseased	T:T3	SH3KBP1	20	7	7	0.35	58470	0.787182
U1	R	diseased	T:T3	SMAD3	20	0	0	0	58470	0
U1	R	diseased	T:T3	SOD1	20	19	13	0.65	58470	1.44681
U1	R	diseased	T:T3	STAT3	20	11	8	0.4	58470	1.05824
U1	R	diseased	T:T3	STAT5A	20	2	2	0.1	58470	0.294203
U1	R	diseased	T:T3	SYK	20	1	1	0.05	58470	0.157882
U1	R	diseased	T:T3	TLR4	20	0	0	0	58470	0
U1	R	diseased	T:T3	TNF	20	3	3	0.15	58470	0.41415
U1	R	diseased	T:T4	ACTA2	9	0	0	0	17727	0
U1	R	diseased	T:T4	AHR	9	1	1	0.111111	17727	0.447318
U1	R	diseased	T:T4	AKT1	9	1	1	0.111111	17727	0.447318
U1	R	diseased	T:T4	ARNTL	9	0	0	0	17727	0
U1	R	diseased	T:T4	BCL6	9	0	0	0	17727	0
U1	R	diseased	T:T4	BECN1	9	1	1	0.111111	17727	0.447318
U1	R	diseased	T:T4	BLNK	9	0	0	0	17727	0
U1	R	diseased	T:T4	BRD4	9	1	1	0.111111	17727	0.447318
U1	R	diseased	T:T4	CAT	9	0	0	0	17727	0
U1	R	diseased	T:T4	CD4	9	5	3	0.333333	17727	1.3404
U1	R	diseased	T:T4	CD86	9	0	0	0	17727	0
U1	R	diseased	T:T4	CREB1	9	1	1	0.111111	17727	0.447318
U1	R	diseased	T:T4	CTNNB1	9	0	0	0	17727	0
U1	R	diseased	T:T4	DNMT1	9	1	1	0.111111	17727	0.447318
U1	R	diseased	T:T4	FOXP3	9	0	0	0	17727	0
U1	R	diseased	T:T4	GABPA	9	0	0	0	17727	0
U1	R	diseased	T:T4	HIF1A	9	0	0	0	17727	0
U1	R	diseased	T:T4	HMOX1	9	0	0	0	17727	0
U1	R	diseased	T:T4	ICAM1	9	0	0	0	17727	0
U1	R	diseased	T:T4	IFNG	9	0	0	0	17727	0
U1	R	diseased	T:T4	IL15	9	0	0	0	17727	0
U1	R	diseased	T:T4	IL1B	9	0	0	0	17727	0
U1	R	diseased	T:T4	IL7	9	0	0	0	17727	0
U1	R	diseased	T:T4	ITGAM	9	0	0	0	17727	0
U1	R	diseased	T:T4	ITGAX	9	0	0	0	17727	0
U1	R	diseased	T:T4	JAK1	9	4	3	0.333333	17727	1.18064
U1	R	diseased	T:T4	LYZ	9	0	0	0	17727	0
U1	R	diseased	T:T4	MAFB	9	0	0	0	17727	0
U1	R	diseased	T:T4	MAP1LC3B	9	1	1	0.111111	17727	0.447318
U1	R	diseased	T:T4	MAPK14	9	1	1	0.111111	17727	0.447318
U1	R	diseased	T:T4	NFKB1	9	0	0	0	17727	0
U1	R	diseased	T:T4	NLRP3	9	0	0	0	17727	0
U1	R	diseased	T:T4	OSM	9	1	1	0.111111	17727	0.447318
U1	R	diseased	T:T4	PARP1	9	2	1	0.111111	17727	0.755287
U1	R	diseased	T:T4	PIAS1	9	2	2	0.222222	17727	0.755287
U1	R	diseased	T:T4	PKM	9	9	6	0.666667	17727	1.80451
U1	R	diseased	T:T4	PRKAA1	9	0	0	0	17727	0
U1	R	diseased	T:T4	PTGS2	9	0	0	0	17727	0
U1	R	diseased	T:T4	RELA	9	1	1	0.111111	17727	0.447318
U1	R	diseased	T:T4	SH3KBP1	9	2	2	0.222222	17727	0.755287
U1	R	diseased	T:T4	SMAD3	9	0	0	0	17727	0
U1	R	diseased	T:T4	SOD1	9	7	4	0.444444	17727	1.59914
U1	R	diseased	T:T4	STAT3	9	2	2	0.222222	17727	0.755287
U1	R	diseased	T:T4	STAT5A	9	1	1	0.111111	17727	0.447318
U1	R	diseased	T:T4	SYK	9	0	0	0	17727	0
U1	R	diseased	T:T4	TLR4	9	0	0	0	17727	0
U1	R	diseased	T:T4	TNF	9	0	0	0	17727	0
U1	R	diseased	T:T5	ACTA2	380	21	19	0.05	916174	0.206375
U1	R	diseased	T:T5	AHR	380	72	56	0.147368	916174	0.57991
U1	R	diseased	T:T5	AKT1	380	4	4	0.0105263	916174	0.0427336
U1	R	diseased	T:T5	ARNTL	380	43	40	0.105263	916174	0.384815
U1	R	diseased	T:T5	BCL6	380	16	14	0.0368421	916174	0.160961
U1	R	diseased	T:T5	BECN1	380	48	45	0.118421	916174	0.421285
U1	R	diseased	T:T5	BLNK	380	2	2	0.00526316	916174	0.0215951
U1	R	diseased	T:T5	BRD4	380	54	49	0.128947	916174	0.463361
U1	R	diseased	T:T5	CAT	380	29	29	0.0763158	916174	0.275002
U1	R	diseased	T:T5	CD4	380	112	83	0.218421	916174	0.798622
U1	R	diseased	T:T5	CD86	380	0	0	0	916174	0
U1	R	diseased	T:T5	CREB1	380	40	39	0.102632	916174	0.362278
U1	R	diseased	T:T5	CTNNB1	380	28	24	0.0631579	916174	0.266677
U1	R	diseased	T:T5	DNMT1	380	61	55	0.144737	916174	0.510313
U1	R	diseased	T:T5	FOXP3	380	29	21	0.0552632	916174	0.275002
U1	R	diseased	T:T5	GABPA	380	15	13	0.0342105	916174	0.151626
U1	R	diseased	T:T5	HIF1A	380	81	68	0.178947	916174	0.633456
U1	R	diseased	T:T5	HMOX1	380	6	4	0.0105263	916174	0.0634345
U1	R	diseased	T:T5	ICAM1	380	15	13	0.0342105	916174	0.151626
U1	R	diseased	T:T5	IFNG	380	15	9	0.0236842	916174	0.151626
U1	R	diseased	T:T5	IL15	380	3	3	0.00789474	916174	0.0322202
U1	R	diseased	T:T5	IL1B	380	0	0	0	916174	0
U1	R	diseased	T:T5	IL7	380	5	5	0.0131579	916174	0.0531376
U1	R	diseased	T:T5	ITGAM	380	0	0	0	916174	0
U1	R	diseased	T:T5	ITGAX	380	0	0	0	916174	0
U1	R	diseased	T:T5	JAK1	380	277	178	0.468421	916174	1.39214
U1	R	diseased	T:T5	LYZ	380	0	0	0	916174	0
U1	R	diseased	T:T5	MAFB	380	0	0	0	916174	0
U1	R	diseased	T:T5	MAP1LC3B	380	151	113	0.297368	916174	0.973865
U1	R	diseased	T:T5	MAPK14	380	21	21	0.0552632	916174	0.206375
U1	R	diseased	T:T5	NFKB1	380	62	48	0.126316	916174	0.516844
U1	R	diseased	T:T5	NLRP3	380	3	3	0.00789474	916174	0.0322202
U1	R	diseased	T:T5	OSM	380	2	2	0.00526316	916174	0.0215951
U1	R	diseased	T:T5	PARP1	380	98	75	0.197368	916174	0.727387
U1	R	diseased	T:T5	PIAS1	380	91	80	0.210526	916174	0.689772
U1	R	diseased	T:T5	PKM	380	308	165	0.434211	916174	1.47289
U1	R	diseased	T:T5	PRKAA1	380	25	24	0.0631579	916174	0.241277
U1	R	diseased	T:T5	PTGS2	380	0	0	0	916174	0
U1	R	diseased	T:T5	RELA	380	45	44	0.115789	916174	0.399563
U1	R	diseased	T:T5	SH3KBP1	380	120	98	0.257895	916174	0.837159
U1	R	diseased	T:T5	SMAD3	380	31	28	0.0736842	916174	0.291448
U1	R	diseased	T:T5	SOD1	380	336	214	0.563158	916174	1.54061
U1	R	diseased	T:T5	STAT3	380	301	186	0.489474	916174	1.45521
U1	R	diseased	T:T5	STAT5A	380	38	36	0.0947368	916174	0.346966
U1	R	diseased	T:T5	SYK	380	1	1	0.00263158	916174	0.0108558
U1	R	diseased	T:T5	TLR4	380	0	0	0	916174	0
U1	R	diseased	T:T5	TNF	380	61	40	0.105263	916174	0.510313
U1	R	diseased	T:T6	ACTA2	12	1	1	0.0833333	33131	0.263773
U1	R	diseased	T:T6	AHR	12	1	1	0.0833333	33131	0.263773
U1	R	diseased	T:T6	AKT1	12	1	1	0.0833333	33131	0.263773
U1	R	diseased	T:T6	ARNTL	12	1	1	0.0833333	33131	0.263773
U1	R	diseased	T:T6	BCL6	12	1	1	0.0833333	33131	0.263773
U1	R	diseased	T:T6	BECN1	12	2	2	0.166667	33131	0.472291
U1	R	diseased	T:T6	BLNK	12	0	0	0	33131	0
U1	R	diseased	T:T6	BRD4	12	2	2	0.166667	33131	0.472291
U1	R	diseased	T:T6	CAT	12	2	2	0.166667	33131	0.472291
U1	R	diseased	T:T6	CD4	12	3	3	0.25	33131	0.644743
U1	R	diseased	T:T6	CD86	12	0	0	0	33131	0
U1	R	diseased	T:T6	CREB1	12	4	3	0.25	33131	0.791783
U1	R	diseased	T:T6	CTNNB1	12	2	2	0.166667	33131	0.472291
U1	R	diseased	T:T6	DNMT1	12	3	2	0.166667	33131	0.644743
U1	R	diseased	T:T6	FOXP3	12	0	0	0	33131	0
U1	R	diseased	T:T6	GABPA	12	0	0	0	33131	0
U1	R	diseased	T:T6	HIF1A	12	2	2	0.166667	33131	0.472291
U1	R	diseased	T:T6	HMOX1	12	0	0	0	33131	0
U1	R	diseased	T:T6	ICAM1	12	1	1	0.0833333	33131	0.263773
U1	R	diseased	T:T6	IFNG	12	0	0	0	33131	0
U1	R	diseased	T:T6	IL15	12	1	1	0.0833333	33131	0.263773
U1	R	diseased	T:T6	IL1B	12	0	0	0	33131	0
U1	R	diseased	T:T6	IL7	12	0	0	0	33131	0
U1	R	diseased	T:T6	ITGAM	12	0	0	0	33131	0
U1	R	diseased	T:T6	ITGAX	12	0	0	0	33131	0
U1	R	diseased	T:T6	JAK1	12	5	4	0.333333	33131	0.919948
U1	R	diseased	T:T6	LYZ	12	0	0	0	33131	0
U1	R	diseased	T:T6	MAFB	12	0	0	0	33131	0
U1	R	diseased	T:T6	MAP1LC3B	12	6	4	0.333333	33131	1.03354
U1	R	diseased	T:T6	MAPK14	12	0	0	0	33131	0
U1	R	diseased	T:T6	NFKB1	12	1	1	0.0833333	33131	0.263773
U1	R	diseased	T:T6	NLRP3	12	0	0	0	33131	0
U1	R	diseased	T:T6	OSM	12	0	0	0	33131	0
U1	R	diseased	T:T6	PARP1	12	3	3	0.25	33131	0.644743
U1	R	diseased	T:T6	PIAS1	12	0	0	0	33131	0
U1	R	diseased	T:T6	PKM	12	7	5	0.416667	33131	1.13553
U1	R	diseased	T:T6	PRKAA1	12	1	1	0.0833333	33131	0.263773
U1	R	diseased	T:T6	PTGS2	12	0	0	0	33131	0
U1	R	diseased	T:T6	RELA	12	2	2	0.166667	33131	0.472291
U1	R	diseased	T:T6	SH3KBP1	12	6	5	0.416667	33131	1.03354
U1	R	diseased	T:T6	SMAD3	12	0	0	0	33131	0
U1	R	diseased	T:T6	SOD1	12	8	5	0.416667	33131	1.22808
U1	R	diseased	T:T6	STAT3	12	9	6	0.5	33131	1.31278
U1	R	diseased	T:T6	STAT5A	12	1	1	0.0833333	33131	0.263773
U1	R	diseased	T:T6	SYK	12	0	0	0	33131	0
U1	R	diseased	T:T6	TLR4	12	0	0	0	33131	0
U1	R	diseased	T:T6	TNF	12	9	1	0.0833333	33131	1.31278
U1	R	diseased	T:T7	ACTA2	146	18	16	0.109589	387021	0.381917
U1	R	diseased	T:T7	AHR	146	66	44	0.30137	387021	0.995225
U1	R	diseased	T:T7	AKT1	146	1	1	0.00684932	387021	0.0255102
U1	R	diseased	T:T7	ARNTL	146	31	25	0.171233	387021	0.588337
U1	R	diseased	T:T7	BCL6	146	7	7	0.0479452	387021	0.16625
U1	R	diseased	T:T7	BECN1	146	28	25	0.171233	387021	0.544343
U1	R	diseased	T:T7	BLNK	146	0	0	0	387021	0
U1	R	diseased	T:T7	BRD4	146	27	25	0.171233	387021	0.529237
U1	R	diseased	T:T7	CAT	146	16	16	0.109589	387021	0.346008
U1	R	diseased	T:T7	CD4	146	44	35	0.239726	387021	0.759351
U1	R	diseased	T:T7	CD86	146	2	1	0.00684932	387021	0.0503858
U1	R	diseased	T:T7	CREB1	146	19	19	0.130137	387021	0.3994
U1	R	diseased	T:T7	CTNNB1	146	12	10	0.0684932	387021	0.270073
U1	R	diseased	T:T7	DNMT1	146	20	19	0.130137	387021	0.416582
U1	R	diseased	T:T7	FOXP3	146	120	68	0.465753	387021	1.41113
U1	R	diseased	T:T7	GABPA	146	9	9	0.0616438	387021	0.209082
U1	R	diseased	T:T7	HIF1A	146	37	32	0.219178	387021	0.670912
U1	R	diseased	T:T7	HMOX1	146	1	1	0.00684932	387021	0.0255102
U1	R	diseased	T:T7	ICAM1	146	17	13	0.0890411	387021	0.364124
U1	R	diseased	T:T7	IFNG	146	11	9	0.0616438	387021	0.250153
U1	R	diseased	T:T7	IL15	146	3	3	0.0205479	387021	0.0746576
U1	R	diseased	T:T7	IL1B	146	0	0	0	387021	0
U1	R	diseased	T:T7	IL7	146	9	9	0.0616438	387021	0.209082
U1	R	diseased	T:T7	ITGAM	146	0	0	0	387021	0
U1	R	diseased	T:T7	ITGAX	146	2	2	0.0136986	387021	0.0503858
U1	R	diseased	T:T7	JAK1	146	155	85	0.582192	387021	1.61043
U1	R	diseased	T:T7	LYZ	146	0	0	0	387021	0
U1	R	diseased	T:T7	MAFB	146	0	0	0	387021	0
U1	R	diseased	T:T7	MAP1LC3B	146	76	53	0.363014	387021	1.08644
U1	R	diseased	T:T7	MAPK14	146	7	7	0.0479452	387021	0.16625
U1	R	diseased	T:T7	NFKB1	146	27	22	0.150685	387021	0.529237
U1	R	diseased	T:T7	NLRP3	146	1	1	0.00684932	387021	0.0255102
U1	R	diseased	T:T7	OSM	146	6	5	0.0342466	387021	0.144127
U1	R	diseased	T:T7	PARP1	146	53	42	0.287671	387021	0.862651
U1	R	diseased	T:T7	PIAS1	146	26	25	0.171233	387021	0.5139
U1	R	diseased	T:T7	PKM	146	169	78	0.534247	387021	1.68021
U1	R	diseased	T:T7	PRKAA1	146	12	11	0.0753425	387021	0.270073
U1	R	diseased	T:T7	PTGS2	146	0	0	0	387021	0
U1	R	diseased	T:T7	RELA	146	20	19	0.130137	387021	0.416582
U1	R	diseased	T:T7	SH3KBP1	146	66	49	0.335616	387021	0.995225
U1	R	diseased	T:T7	SMAD3	146	14	13	0.0890411	387021	0.308761
U1	R	diseased	T:T7	SOD1	146	174	89	0.609589	387021	1.704
U1	R	diseased	T:T7	STAT3	146	153	85	0.582192	387021	1.60005
U1	R	diseased	T:T7	STAT5A	146	17	15	0.10274	387021	0.364124
U1	R	diseased	T:T7	SYK	146	0	0	0	387021	0
U1	R	diseased	T:T7	TLR4	146	0	0	0	387021	0
U1	R	diseased	T:T7	TNF	146	32	17	0.116438	387021	0.602581
U1	R	diseased	T:T8	ACTA2	3	1	1	0.333333	5504	1.03562
U1	R	diseased	T:T8	AHR	3	0	0	0	5504	0
U1	R	diseased	T:T8	AKT1	3	0	0	0	5504	0
U1	R	diseased	T:T8	ARNTL	3	0	0	0	5504	0
U1	R	diseased	T:T8	BCL6	3	1	1	0.333333	5504	1.03562
U1	R	diseased	T:T8	BECN1	3	0	0	0	5504	0
U1	R	diseased	T:T8	BLNK	3	0	0	0	5504	0
U1	R	diseased	T:T8	BRD4	3	0	0	0	5504	0
U1	R	diseased	T:T8	CAT	3	0	0	0	5504	0
U1	R	diseased	T:T8	CD4	3	0	0	0	5504	0
U1	R	diseased	T:T8	CD86	3	0	0	0	5504	0
U1	R	diseased	T:T8	CREB1	3	1	1	0.333333	5504	1.03562
U1	R	diseased	T:T8	CTNNB1	3	0	0	0	5504	0
U1	R	diseased	T:T8	DNMT1	3	0	0	0	5504	0
U1	R	diseased	T:T8	FOXP3	3	0	0	0	5504	0
U1	R	diseased	T:T8	GABPA	3	0	0	0	5504	0
U1	R	diseased	T:T8	HIF1A	3	0	0	0	5504	0
U1	R	diseased	T:T8	HMOX1	3	0	0	0	5504	0
U1	R	diseased	T:T8	ICAM1	3	0	0	0	5504	0
U1	R	diseased	T:T8	IFNG	3	1	1	0.333333	5504	1.03562
U1	R	diseased	T:T8	IL15	3	0	0	0	5504	0
U1	R	diseased	T:T8	IL1B	3	0	0	0	5504	0
U1	R	diseased	T:T8	IL7	3	0	0	0	5504	0
U1	R	diseased	T:T8	ITGAM	3	0	0	0	5504	0
U1	R	diseased	T:T8	ITGAX	3	0	0	0	5504	0
U1	R	diseased	T:T8	JAK1	3	3	3	1	5504	1.86417
U1	R	diseased	T:T8	LYZ	3	0	0	0	5504	0
U1	R	diseased	T:T8	MAFB	3	0	0	0	5504	0
U1	R	diseased	T:T8	MAP1LC3B	3	1	1	0.333333	5504	1.03562
U1	R	diseased	T:T8	MAPK14	3	0	0	0	5504	0
U1	R	diseased	T:T8	NFKB1	3	1	1	0.333333	5504	1.03562
U1	R	diseased	T:T8	NLRP3	3	0	0	0	5504	0
U1	R	diseased	T:T8	OSM	3	0	0	0	5504	0
U1	R	diseased	T:T8	PARP1	3	2	2	0.666667	5504	1.53336
U1	R	diseased	T:T8	PIAS1	3	2	1	0.333333	5504	1.53336
U1	R	diseased	T:T8	PKM	3	2	1	0.333333	5504	1.53336
U1	R	diseased	T:T8	PRKAA1	3	0	0	0	5504	0
U1	R	diseased	T:T8	PTGS2	3	0	0	0	5504	0
U1	R	diseased	T:T8	RELA	3	0	0	0	5504	0
U1	R	diseased	T:T8	SH3KBP1	3	1	1	0.333333	5504	1.03562
U1	R	diseased	T:T8	SMAD3	3	1	1	0.333333	5504	1.03562
U1	R	diseased	T:T8	SOD1	3	2	2	0.666667	5504	1.53336
U1	R	diseased	T:T8	STAT3	3	0	0	0	5504	0
U1	R	diseased	T:T8	STAT5A	3	1	1	0.333333	5504	1.03562
U1	R	diseased	T:T8	SYK	3	0	0	0	5504	0
U1	R	diseased	T:T8	TLR4	3	0	0	0	5504	0
U1	R	diseased	T:T8	TNF	3	0	0	0	5504	0
U1	R	diseased	T:T9	ACTA2	4	0	0	0	9650	0
U1	R	diseased	T:T9	AHR	4	1	1	0.25	9650	0.711119
U1	R	diseased	T:T9	AKT1	4	1	1	0.25	9650	0.711119
U1	R	diseased	T:T9	ARNTL	4	0	0	0	9650	0
U1	R	diseased	T:T9	BCL6	4	0	0	0	9650	0
U1	R	diseased	T:T9	BECN1	4	1	1	0.25	9650	0.711119
U1	R	diseased	T:T9	BLNK	4	0	0	0	9650	0
U1	R	diseased	T:T9	BRD4	4	0	0	0	9650	0
U1	R	diseased	T:T9	CAT	4	0	0	0	9650	0
U1	R	diseased	T:T9	CD4	4	1	1	0.25	9650	0.711119
U1	R	diseased	T:T9	CD86	4	0	0	0	9650	0
U1	R	diseased	T:T9	CREB1	4	1	1	0.25	9650	0.711119
U1	R	diseased	T:T9	CTNNB1	4	0	0	0	9650	0
U1	R	diseased	T:T9	DNMT1	4	0	0	0	9650	0
U1	R	diseased	T:T9	FOXP3	4	0	0	0	9650	0
U1	R	diseased	T:T9	GABPA	4	0	0	0	9650	0
U1	R	diseased	T:T9	HIF1A	4	1	1	0.25	9650	0.711119
U1	R	diseased	T:T9	HMOX1	4	0	0	0	9650	0
U1	R	diseased	T:T9	ICAM1	4	0	0	0	9650	0
U1	R	diseased	T:T9	IFNG	4	0	0	0	9650	0
U1	R	diseased	T:T9	IL15	4	0	0	0	9650	0
U1	R	diseased	T:T9	IL1B	4	0	0	0	9650	0
U1	R	diseased	T:T9	IL7	4	0	0	0	9650	0
U1	R	diseased	T:T9	ITGAM	4	0	0	0	9650	0
U1	R	diseased	T:T9	ITGAX	4	0	0	0	9650	0
U1	R	diseased	T:T9	JAK1	4	2	2	0.5	9650	1.1225
U1	R	diseased	T:T9	LYZ	4	0	0	0	9650	0
U1	R	diseased	T:T9	MAFB	4	0	0	0	9650	0
U1	R	diseased	T:T9	MAP1LC3B	4	0	0	0	9650	0
U1	R	diseased	T:T9	MAPK14	4	0	0	0	9650	0
U1	R	diseased	T:T9	NFKB1	4	1	1	0.25	9650	0.711119
U1	R	diseased	T:T9	NLRP3	4	0	0	0	9650	0
U1	R	diseased	T:T9	OSM	4	0	0	0	9650	0
U1	R	diseased	T:T9	PARP1	4	1	1	0.25	9650	0.711119
U1	R	diseased	T:T9	PIAS1	4	1	1	0.25	9650	0.711119
U1	R	diseased	T:T9	PKM	4	2	2	0.5	9650	1.1225
U1	R	diseased	T:T9	PRKAA1	4	0	0	0	9650	0
U1	R	diseased	T:T9	PTGS2	4	0	0	0	9650	0
U1	R	diseased	T:T9	RELA	4	0	0	0	9650	0
U1	R	diseased	T:T9	SH3KBP1	4	1	1	0.25	9650	0.711119
U1	R	diseased	T:T9	SMAD3	4	0	0	0	9650	0
U1	R	diseased	T:T9	SOD1	4	3	2	0.5	9650	1.41313
U1	R	diseased	T:T9	STAT3	4	1	1	0.25	9650	0.711119
U1	R	diseased	T:T9	STAT5A	4	0	0	0	9650	0
U1	R	diseased	T:T9	SYK	4	0	0	0	9650	0
U1	R	diseased	T:T9	TLR4	4	0	0	0	9650	0
U1	R	diseased	T:T9	TNF	4	0	0	0	9650	0
U1	R	diseased	unknown	ACTA2	1128	53	47	0.0416667	3.35751e+06	0.146569
U1	R	diseased	unknown	AHR	1128	187	154	0.136525	3.35751e+06	0.442735
U1	R	diseased	unknown	AKT1	1128	30	29	0.0257092	3.35751e+06	0.0855829
U1	R	diseased	unknown	ARNTL	1128	73	68	0.0602837	3.35751e+06	0.196736
U1	R	diseased	unknown	BCL6	1128	41	38	0.0336879	3.35751e+06	0.115215
U1	R	diseased	unknown	BECN1	1128	136	127	0.112589	3.35751e+06	0.340081
U1	R	diseased	unknown	BLNK	1128	118	96	0.0851064	3.35751e+06	0.301179
U1	R	diseased	unknown	BRD4	1128	199	173	0.153369	3.35751e+06	0.465431
U1	R	diseased	unknown	CAT	1128	70	66	0.0585106	3.35751e+06	0.18937
U1	R	diseased	unknown	CD4	1128	204	171	0.151596	3.35751e+06	0.474738
U1	R	diseased	unknown	CD86	1128	27	23	0.0203901	3.35751e+06	0.0773468
U1	R	diseased	unknown	CREB1	1128	148	136	0.120567	3.35751e+06	0.3652
U1	R	diseased	unknown	CTNNB1	1128	104	94	0.0833333	3.35751e+06	0.269839
U1	R	diseased	unknown	DNMT1	1128	186	163	0.144504	3.35751e+06	0.440821
U1	R	diseased	unknown	FOXP3	1128	162	102	0.0904255	3.35751e+06	0.39373
U1	R	diseased	unknown	GABPA	1128	35	34	0.0301418	3.35751e+06	0.0991608
U1	R	diseased	unknown	HIF1A	1128	246	209	0.185284	3.35751e+06	0.549673
U1	R	diseased	unknown	HMOX1	1128	23	20	0.0177305	3.35751e+06	0.0662587
U1	R	diseased	unknown	ICAM1	1128	114	92	0.0815603	3.35751e+06	0.292324
U1	R	diseased	unknown	IFNG	1128	257	113	0.100177	3.35751e+06	0.568404
U1	R	diseased	unknown	IL15	1128	27	26	0.0230496	3.35751e+06	0.0773468
U1	R	diseased	unknown	IL1B	1128	4	2	0.00177305	3.35751e+06	0.0118432
U1	R	diseased	unknown	IL7	1128	9	9	0.00797872	3.35751e+06	0.0264526
U1	R	diseased	unknown	ITGAM	1128	12	12	0.0106383	3.35751e+06	0.0351169
U1	R	diseased	unknown	ITGAX	1128	16	12	0.0106383	3.35751e+06	0.0465537
U1	R	diseased	unknown	JAK1	1128	692	470	0.416667	3.35751e+06	1.11876
U1	R	diseased	unknown	LYZ	1128	1	1	0.000886525	3.35751e+06	0.00297397
U1	R	diseased	unknown	MAFB	1128	3	3	0.00265957	3.35751e+06	0.00889551
U1	R	diseased	unknown	MAP1LC3B	1128	441	331	0.29344	3.35751e+06	0.83875
U1	R	diseased	unknown	MAPK14	1128	67	66	0.0585106	3.35751e+06	0.181949
U1	R	diseased	unknown	NFKB1	1128	190	156	0.138298	3.35751e+06	0.448458
U1	R	diseased	unknown	NLRP3	1128	7	7	0.00620567	3.35751e+06	0.0206344
U1	R	diseased	unknown	OSM	1128	25	23	0.0203901	3.35751e+06	0.0718181
U1	R	diseased	unknown	PARP1	1128	337	263	0.233156	3.35751e+06	0.695005
U1	R	diseased	unknown	PIAS1	1128	261	227	0.201241	3.35751e+06	0.57513
U1	R	diseased	unknown	PKM	1128	655	425	0.376773	3.35751e+06	1.08209
U1	R	diseased	unknown	PRKAA1	1128	68	68	0.0602837	3.35751e+06	0.184428
U1	R	diseased	unknown	PTGS2	1128	0	0	0	3.35751e+06	0
U1	R	diseased	unknown	RELA	1128	93	89	0.0789007	3.35751e+06	0.244506
U1	R	diseased	unknown	SH3KBP1	1128	298	243	0.215426	3.35751e+06	0.635286
U1	R	diseased	unknown	SMAD3	1128	75	70	0.0620567	3.35751e+06	0.201617
U1	R	diseased	unknown	SOD1	1128	880	557	0.493794	3.35751e+06	1.28675
U1	R	diseased	unknown	STAT3	1128	758	482	0.427305	3.35751e+06	1.181
U1	R	diseased	unknown	STAT5A	1128	98	90	0.0797872	3.35751e+06	0.256101
U1	R	diseased	unknown	SYK	1128	79	66	0.0585106	3.35751e+06	0.211308
U1	R	diseased	unknown	TLR4	1128	0	0	0	3.35751e+06	0
U1	R	diseased	unknown	TNF	1128	438	195	0.172872	3.35751e+06	0.83488
U2	R	diseased	B	ACTA2	369	4	4	0.0108401	747330	0.0521406
U2	R	diseased	B	AHR	369	13	13	0.0352304	747330	0.160376
U2	R	diseased	B	AKT1	369	8	8	0.0216802	747330	0.101697
U2	R	diseased	B	ARNTL	369	2	2	0.00542005	747330	0.0264101
U2	R	diseased	B	BCL6	369	5	4	0.0108401	747330	0.0647618
U2	R	diseased	B	BECN1	369	22	20	0.0542005	747330	0.258033
U2	R	diseased	B	BLNK	369	57	50	0.135501	747330	0.566855
U2	R	diseased	B	BRD4	369	39	38	0.102981	747330	0.419932
U2	R	diseased	B	CAT	369	19	16	0.0433604	747330	0.226529
U2	R	diseased	B	CD4	369	1	1	0.00271003	747330	0.0132922
U2	R	diseased	B	CD86	369	14	13	0.0352304	747330	0.17171
U2	R	diseased	B	CREB1	369	28	26	0.0704607	747330	0.318212
U2	R	diseased	B	CTNNB1	369	23	23	0.0623306	747330	0.268318
U2	R	diseased	B	DNMT1	369	15	15	0.0406504	747330	0.182917
U2	R	diseased	B	FOXP3	369	1	1	0.00271003	747330	0.0132922
U2	R	diseased	B	GABPA	369	9	9	0.0243902	747330	0.113711
U2	R	diseased	B	HIF1A	369	66	58	0.157182	747330	0.632943
U2	R	diseased	B	HMOX1	369	10	9	0.0243902	747330	0.125583
U2	R	diseased	B	ICAM1	369	51	45	0.121951	747330	0.520239
U2	R	diseased	B	IFNG	369	3	2	0.00542005	747330	0.0393581
U2	R	diseased	B	IL15	369	8	8	0.0216802	747330	0.101697
U2	R	diseased	B	IL1B	369	0	0	0	747330	0
U2	R	diseased	B	IL7	369	10	10	0.0271003	747330	0.125583
U2	R	diseased	B	ITGAM	369	8	8	0.0216802	747330	0.101697
U2	R	diseased	B	ITGAX	369	4	4	0.0108401	747330	0.0521406
U2	R	diseased	B	JAK1	369	146	113	0.306233	747330	1.08303
U2	R	diseased	B	LYZ	369	0	0	0	747330	0
U2	R	diseased	B	MAFB	369	1	1	0.00271003	747330	0.0132922
U2	R	diseased	B	MAP1LC3B	369	123	102	0.276423	747330	0.972996
U2	R	diseased	B	MAPK14	369	9	9	0.0243902	747330	0.113711
U2	R	diseased	B	NFKB1	369	48	45	0.121951	747330	0.49609
U2	R	diseased	B	NLRP3	369	2	2	0.00542005	747330	0.0264101
U2	R	diseased	B	OSM	369	2	2	0.00542005	747330	0.0264101
U2	R	diseased	B	PARP1	369	87	70	0.189702	747330	0.772025
U2	R	diseased	B	PIAS1	369	49	47	0.127371	747330	0.504204
U2	R	diseased	B	PKM	369	110	93	0.252033	747330	0.90499
U2	R	diseased	B	PRKAA1	369	21	20	0.0542005	747330	0.247641
U2	R	diseased	B	PTGS2	369	0	0	0	747330	0
U2	R	diseased	B	RELA	369	17	17	0.0460705	747330	0.20496
U2	R	diseased	B	SH3KBP1	369	44	41	0.111111	747330	0.462956
U2	R	diseased	B	SMAD3	369	15	15	0.0406504	747330	0.182917
U2	R	diseased	B	SOD1	369	136	106	0.287263	747330	1.03667
U2	R	diseased	B	STAT3	369	100	87	0.235772	747330	0.849337
U2	R	diseased	B	STAT5A	369	9	9	0.0243902	747330	0.113711
U2	R	diseased	B	SYK	369	53	46	0.124661	747330	0.53602
U2	R	diseased	B	TLR4	369	0	0	0	747330	0
U2	R	diseased	B	TNF	369	39	30	0.0813008	747330	0.419932
U2	R	diseased	B:B1	ACTA2	31	0	0	0	166869	0
U2	R	diseased	B:B1	AHR	31	0	0	0	166869	0
U2	R	diseased	B:B1	AKT1	31	1	1	0.0322581	166869	0.0582003
U2	R	diseased	B:B1	ARNTL	31	1	1	0.0322581	166869	0.0582003
U2	R	diseased	B:B1	BCL6	31	2	1	0.0322581	166869	0.113199
U2	R	diseased	B:B1	BECN1	31	3	3	0.0967742	166869	0.165329
U2	R	diseased	B:B1	BLNK	31	6	4	0.129032	166869	0.307164
U2	R	diseased	B:B1	BRD4	31	5	4	0.129032	166869	0.262084
U2	R	diseased	B:B1	CAT	31	1	1	0.0322581	166869	0.0582003
U2	R	diseased	B:B1	CD4	31	0	0	0	166869	0
U2	R	diseased	B:B1	CD86	31	0	0	0	166869	0
U2	R	diseased	B:B1	CREB1	31	3	3	0.0967742	166869	0.165329
U2	R	diseased	B:B1	CTNNB1	31	2	2	0.0645161	166869	0.113199
U2	R	diseased	B:B1	DNMT1	31	1	1	0.0322581	166869	0.0582003
U2	R	diseased	B:B1	FOXP3	31	0	0	0	166869	0
U2	R	diseased	B:B1	GABPA	31	1	1	0.0322581	166869	0.0582003
U2	R	diseased	B:B1	HIF1A	31	5	5	0.16129	166869	0.262084
U2	R	diseased	B:B1	HMOX1	31	0	0	0	166869	0
U2	R	diseased	B:B1	ICAM1	31	2	1	0.0322581	166869	0.113199
U2	R	diseased	B:B1	IFNG	31	1	1	0.0322581	166869	0.0582003
U2	R	diseased	B:B1	IL15	31	0	0	0	166869	0
U2	R	diseased	B:B1	IL1B	31	0	0	0	166869	0
U2	R	diseased	B:B1	IL7	31	1	1	0.0322581	166869	0.0582003
U2	R	diseased	B:B1	ITGAM	31	0	0	0	166869	0
U2	R	diseased	B:B1	ITGAX	31	0	0	0	166869	0
U2	R	diseased	B:B1	JAK1	31	9	6	0.193548	166869	0.431357
U2	R	diseased	B:B1	LYZ	31	0	0	0	166869	0
U2	R	diseased	B:B1	MAFB	31	0	0	0	166869	0
U2	R	diseased	B:B1	MAP1LC3B	31	16	14	0.451613	166869	0.67235
U2	R	diseased	B:B1	MAPK14	31	2	2	0.0645161	166869	0.113199
U2	R	diseased	B:B1	NFKB1	31	1	1	0.0322581	166869	0.0582003
U2	R	diseased	B:B1	NLRP3	31	0	0	0	166869	0
U2	R	diseased	B:B1	OSM	31	0	0	0	166869	0
U2	R	diseased	B:B1	PARP1	31	23	15	0.483871	166869	0.866397
U2	R	diseased	B:B1	PIAS1	31	4	4	0.129032	166869	0.214877
U2	R	diseased	B:B1	PKM	31	12	11	0.354839	166869	0.541817
U2	R	diseased	B:B1	PRKAA1	31	1	1	0.0322581	166869	0.0582003
U2	R	diseased	B:B1	PTGS2	31	0	0	0	166869	0
U2	R	diseased	B:B1	RELA	31	1	1	0.0322581	166869	0.0582003
U2	R	diseased	B:B1	SH3KBP1	31	0	0	0	166869	0
U2	R	diseased	B:B1	SMAD3	31	0	0	0	166869	0
U2	R	diseased	B:B1	SOD1	31	25	18	0.580645	166869	0.915563
U2	R	diseased	B:B1	STAT3	31	9	8	0.258065	166869	0.431357
U2	R	diseased	B:B1	STAT5A	31	1	1	0.0322581	166869	0.0582003
U2	R	diseased	B:B1	SYK	31	5	4	0.129032	166869	0.262084
U2	R	diseased	B:B1	TLR4	31	0	0	0	166869	0
U2	R	diseased	B:B1	TNF	31	2	2	0.0645161	166869	0.113199
U2	R	diseased	B:B11	ACTA2	2	0	0	0	13148	0
U2	R	diseased	B:B11	AHR	2	0	0	0	13148	0
U2	R	diseased	B:B11	AKT1	2	0	0	0	13148	0
U2	R	diseased	B:B11	ARNTL	2	0	0	0	13148	0
U2	R	diseased	B:B11	BCL6	2	0	0	0	13148	0
U2	R	diseased	B:B11	BECN1	2	0	0	0	13148	0
U2	R	diseased	B:B11	BLNK	2	1	1	0.5	13148	0.565639
U2	R	diseased	B:B11	BRD4	2	0	0	0	13148	0
U2	R	diseased	B:B11	CAT	2	0	0	0	13148	0
U2	R	diseased	B:B11	CD4	2	0	0	0	13148	0
U2	R	diseased	B:B11	CD86	2	0	0	0	13148	0
U2	R	diseased	B:B11	CREB1	2	0	0	0	13148	0
U2	R	diseased	B:B11	CTNNB1	2	0	0	0	13148	0
U2	R	diseased	B:B11	DNMT1	2	0	0	0	13148	0
U2	R	diseased	B:B11	FOXP3	2	0	0	0	13148	0
U2	R	diseased	B:B11	GABPA	2	0	0	0	13148	0
U2	R	diseased	B:B11	HIF1A	2	0	0	0	13148	0
U2	R	diseased	B:B11	HMOX1	2	0	0	0	13148	0
U2	R	diseased	B:B11	ICAM1	2	0	0	0	13148	0
U2	R	diseased	B:B11	IFNG	2	0	0	0	13148	0
U2	R	diseased	B:B11	IL15	2	1	1	0.5	13148	0.565639
U2	R	diseased	B:B11	IL1B	2	0	0	0	13148	0
U2	R	diseased	B:B11	IL7	2	0	0	0	13148	0
U2	R	diseased	B:B11	ITGAM	2	0	0	0	13148	0
U2	R	diseased	B:B11	ITGAX	2	0	0	0	13148	0
U2	R	diseased	B:B11	JAK1	2	2	2	1	13148	0.924713
U2	R	diseased	B:B11	LYZ	2	0	0	0	13148	0
U2	R	diseased	B:B11	MAFB	2	0	0	0	13148	0
U2	R	diseased	B:B11	MAP1LC3B	2	0	0	0	13148	0
U2	R	diseased	B:B11	MAPK14	2	0	0	0	13148	0
U2	R	diseased	B:B11	NFKB1	2	0	0	0	13148	0
U2	R	diseased	B:B11	NLRP3	2	0	0	0	13148	0
U2	R	diseased	B:B11	OSM	2	0	0	0	13148	0
U2	R	diseased	B:B11	PARP1	2	2	2	1	13148	0.924713
U2	R	diseased	B:B11	PIAS1	2	0	0	0	13148	0
U2	R	diseased	B:B11	PKM	2	1	1	0.5	13148	0.565639
U2	R	diseased	B:B11	PRKAA1	2	1	1	0.5	13148	0.565639
U2	R	diseased	B:B11	PTGS2	2	0	0	0	13148	0
U2	R	diseased	B:B11	RELA	2	0	0	0	13148	0
U2	R	diseased	B:B11	SH3KBP1	2	0	0	0	13148	0
U2	R	diseased	B:B11	SMAD3	2	0	0	0	13148	0
U2	R	diseased	B:B11	SOD1	2	1	1	0.5	13148	0.565639
U2	R	diseased	B:B11	STAT3	2	0	0	0	13148	0
U2	R	diseased	B:B11	STAT5A	2	0	0	0	13148	0
U2	R	diseased	B:B11	SYK	2	0	0	0	13148	0
U2	R	diseased	B:B11	TLR4	2	0	0	0	13148	0
U2	R	diseased	B:B11	TNF	2	0	0	0	13148	0
U2	R	diseased	B:B13	ACTA2	1	0	0	0	1003	0
U2	R	diseased	B:B13	AHR	1	0	0	0	1003	0
U2	R	diseased	B:B13	AKT1	1	0	0	0	1003	0
U2	R	diseased	B:B13	ARNTL	1	0	0	0	1003	0
U2	R	diseased	B:B13	BCL6	1	0	0	0	1003	0
U2	R	diseased	B:B13	BECN1	1	0	0	0	1003	0
U2	R	diseased	B:B13	BLNK	1	0	0	0	1003	0
U2	R	diseased	B:B13	BRD4	1	0	0	0	1003	0
U2	R	diseased	B:B13	CAT	1	0	0	0	1003	0
U2	R	diseased	B:B13	CD4	1	0	0	0	1003	0
U2	R	diseased	B:B13	CD86	1	0	0	0	1003	0
U2	R	diseased	B:B13	CREB1	1	0	0	0	1003	0
U2	R	diseased	B:B13	CTNNB1	1	0	0	0	1003	0
U2	R	diseased	B:B13	DNMT1	1	0	0	0	1003	0
U2	R	diseased	B:B13	FOXP3	1	0	0	0	1003	0
U2	R	diseased	B:B13	GABPA	1	0	0	0	1003	0
U2	R	diseased	B:B13	HIF1A	1	1	1	1	1003	2.39517
U2	R	diseased	B:B13	HMOX1	1	0	0	0	1003	0
U2	R	diseased	B:B13	ICAM1	1	0	0	0	1003	0
U2	R	diseased	B:B13	IFNG	1	0	0	0	1003	0
U2	R	diseased	B:B13	IL15	1	0	0	0	1003	0
U2	R	diseased	B:B13	IL1B	1	0	0	0	1003	0
U2	R	diseased	B:B13	IL7	1	0	0	0	1003	0
U2	R	diseased	B:B13	ITGAM	1	0	0	0	1003	0
U2	R	diseased	B:B13	ITGAX	1	0	0	0	1003	0
U2	R	diseased	B:B13	JAK1	1	0	0	0	1003	0
U2	R	diseased	B:B13	LYZ	1	0	0	0	1003	0
U2	R	diseased	B:B13	MAFB	1	0	0	0	1003	0
U2	R	diseased	B:B13	MAP1LC3B	1	0	0	0	1003	0
U2	R	diseased	B:B13	MAPK14	1	0	0	0	1003	0
U2	R	diseased	B:B13	NFKB1	1	0	0	0	1003	0
U2	R	diseased	B:B13	NLRP3	1	0	0	0	1003	0
U2	R	diseased	B:B13	OSM	1	0	0	0	1003	0
U2	R	diseased	B:B13	PARP1	1	0	0	0	1003	0
U2	R	diseased	B:B13	PIAS1	1	0	0	0	1003	0
U2	R	diseased	B:B13	PKM	1	0	0	0	1003	0
U2	R	diseased	B:B13	PRKAA1	1	0	0	0	1003	0
U2	R	diseased	B:B13	PTGS2	1	0	0	0	1003	0
U2	R	diseased	B:B13	RELA	1	0	0	0	1003	0
U2	R	diseased	B:B13	SH3KBP1	1	0	0	0	1003	0
U2	R	diseased	B:B13	SMAD3	1	0	0	0	1003	0
U2	R	diseased	B:B13	SOD1	1	0	0	0	1003	0
U2	R	diseased	B:B13	STAT3	1	0	0	0	1003	0
U2	R	diseased	B:B13	STAT5A	1	0	0	0	1003	0
U2	R	diseased	B:B13	SYK	1	0	0	0	1003	0
U2	R	diseased	B:B13	TLR4	1	0	0	0	1003	0
U2	R	diseased	B:B13	TNF	1	0	0	0	1003	0
U2	R	diseased	B:B14	ACTA2	4	0	0	0	15331	0
U2	R	diseased	B:B14	AHR	4	0	0	0	15331	0
U2	R	diseased	B:B14	AKT1	4	0	0	0	15331	0
U2	R	diseased	B:B14	ARNTL	4	0	0	0	15331	0
U2	R	diseased	B:B14	BCL6	4	0	0	0	15331	0
U2	R	diseased	B:B14	BECN1	4	0	0	0	15331	0
U2	R	diseased	B:B14	BLNK	4	0	0	0	15331	0
U2	R	diseased	B:B14	BRD4	4	0	0	0	15331	0
U2	R	diseased	B:B14	CAT	4	0	0	0	15331	0
U2	R	diseased	B:B14	CD4	4	0	0	0	15331	0
U2	R	diseased	B:B14	CD86	4	0	0	0	15331	0
U2	R	diseased	B:B14	CREB1	4	0	0	0	15331	0
U2	R	diseased	B:B14	CTNNB1	4	0	0	0	15331	0
U2	R	diseased	B:B14	DNMT1	4	0	0	0	15331	0
U2	R	diseased	B:B14	FOXP3	4	0	0	0	15331	0
U2	R	diseased	B:B14	GABPA	4	0	0	0	15331	0
U2	R	diseased	B:B14	HIF1A	4	1	1	0.25	15331	0.502152
U2	R	diseased	B:B14	HMOX1	4	0	0	0	15331	0
U2	R	diseased	B:B14	ICAM1	4	0	0	0	15331	0
U2	R	diseased	B:B14	IFNG	4	0	0	0	15331	0
U2	R	diseased	B:B14	IL15	4	1	1	0.25	15331	0.502152
U2	R	diseased	B:B14	IL1B	4	0	0	0	15331	0
U2	R	diseased	B:B14	IL7	4	0	0	0	15331	0
U2	R	diseased	B:B14	ITGAM	4	0	0	0	15331	0
U2	R	diseased	B:B14	ITGAX	4	0	0	0	15331	0
U2	R	diseased	B:B14	JAK1	4	0	0	0	15331	0
U2	R	diseased	B:B14	LYZ	4	0	0	0	15331	0
U2	R	diseased	B:B14	MAFB	4	0	0	0	15331	0
U2	R	diseased	B:B14	MAP1LC3B	4	0	0	0	15331	0
U2	R	diseased	B:B14	MAPK14	4	0	0	0	15331	0
U2	R	diseased	B:B14	NFKB1	4	0	0	0	15331	0
U2	R	diseased	B:B14	NLRP3	4	0	0	0	15331	0
U2	R	diseased	B:B14	OSM	4	0	0	0	15331	0
U2	R	diseased	B:B14	PARP1	4	2	1	0.25	15331	0.834884
U2	R	diseased	B:B14	PIAS1	4	0	0	0	15331	0
U2	R	diseased	B:B14	PKM	4	1	1	0.25	15331	0.502152
U2	R	diseased	B:B14	PRKAA1	4	1	1	0.25	15331	0.502152
U2	R	diseased	B:B14	PTGS2	4	0	0	0	15331	0
U2	R	diseased	B:B14	RELA	4	0	0	0	15331	0
U2	R	diseased	B:B14	SH3KBP1	4	0	0	0	15331	0
U2	R	diseased	B:B14	SMAD3	4	0	0	0	15331	0
U2	R	diseased	B:B14	SOD1	4	2	2	0.5	15331	0.834884
U2	R	diseased	B:B14	STAT3	4	2	1	0.25	15331	0.834884
U2	R	diseased	B:B14	STAT5A	4	0	0	0	15331	0
U2	R	diseased	B:B14	SYK	4	2	2	0.5	15331	0.834884
U2	R	diseased	B:B14	TLR4	4	0	0	0	15331	0
U2	R	diseased	B:B14	TNF	4	0	0	0	15331	0
U2	R	diseased	B:B17	ACTA2	1	0	0	0	6213	0
U2	R	diseased	B:B17	AHR	1	0	0	0	6213	0
U2	R	diseased	B:B17	AKT1	1	0	0	0	6213	0
U2	R	diseased	B:B17	ARNTL	1	0	0	0	6213	0
U2	R	diseased	B:B17	BCL6	1	0	0	0	6213	0
U2	R	diseased	B:B17	BECN1	1	0	0	0	6213	0
U2	R	diseased	B:B17	BLNK	1	0	0	0	6213	0
U2	R	diseased	B:B17	BRD4	1	0	0	0	6213	0
U2	R	diseased	B:B17	CAT	1	0	0	0	6213	0
U2	R	diseased	B:B17	CD4	1	0	0	0	6213	0
U2	R	diseased	B:B17	CD86	1	0	0	0	6213	0
U2	R	diseased	B:B17	CREB1	1	0	0	0	6213	0
U2	R	diseased	B:B17	CTNNB1	1	0	0	0	6213	0
U2	R	diseased	B:B17	DNMT1	1	0	0	0	6213	0
U2	R	diseased	B:B17	FOXP3	1	0	0	0	6213	0
U2	R	diseased	B:B17	GABPA	1	0	0	0	6213	0
U2	R	diseased	B:B17	HIF1A	1	0	0	0	6213	0
U2	R	diseased	B:B17	HMOX1	1	0	0	0	6213	0
U2	R	diseased	B:B17	ICAM1	1	0	0	0	6213	0
U2	R	diseased	B:B17	IFNG	1	0	0	0	6213	0
U2	R	diseased	B:B17	IL15	1	0	0	0	6213	0
U2	R	diseased	B:B17	IL1B	1	0	0	0	6213	0
U2	R	diseased	B:B17	IL7	1	0	0	0	6213	0
U2	R	diseased	B:B17	ITGAM	1	0	0	0	6213	0
U2	R	diseased	B:B17	ITGAX	1	0	0	0	6213	0
U2	R	diseased	B:B17	JAK1	1	0	0	0	6213	0
U2	R	diseased	B:B17	LYZ	1	0	0	0	6213	0
U2	R	diseased	B:B17	MAFB	1	0	0	0	6213	0
U2	R	diseased	B:B17	MAP1LC3B	1	0	0	0	6213	0
U2	R	diseased	B:B17	MAPK14	1	0	0	0	6213	0
U2	R	diseased	B:B17	NFKB1	1	0	0	0	6213	0
U2	R	diseased	B:B17	NLRP3	1	0	0	0	6213	0
U2	R	diseased	B:B17	OSM	1	0	0	0	6213	0
U2	R	diseased	B:B17	PARP1	1	1	1	1	6213	0.95917
U2	R	diseased	B:B17	PIAS1	1	0	0	0	6213	0
U2	R	diseased	B:B17	PKM	1	0	0	0	6213	0
U2	R	diseased	B:B17	PRKAA1	1	0	0	0	6213	0
U2	R	diseased	B:B17	PTGS2	1	0	0	0	6213	0
U2	R	diseased	B:B17	RELA	1	0	0	0	6213	0
U2	R	diseased	B:B17	SH3KBP1	1	0	0	0	6213	0
U2	R	diseased	B:B17	SMAD3	1	0	0	0	6213	0
U2	R	diseased	B:B17	SOD1	1	0	0	0	6213	0
U2	R	diseased	B:B17	STAT3	1	0	0	0	6213	0
U2	R	diseased	B:B17	STAT5A	1	0	0	0	6213	0
U2	R	diseased	B:B17	SYK	1	0	0	0	6213	0
U2	R	diseased	B:B17	TLR4	1	0	0	0	6213	0
U2	R	diseased	B:B17	TNF	1	0	0	0	6213	0
U2	R	diseased	B:B2	ACTA2	67	0	0	0	144947	0
U2	R	diseased	B:B2	AHR	67	4	4	0.0597015	144947	0.243701
U2	R	diseased	B:B2	AKT1	67	3	3	0.0447761	144947	0.188115
U2	R	diseased	B:B2	ARNTL	67	0	0	0	144947	0
U2	R	diseased	B:B2	BCL6	67	2	2	0.0298507	144947	0.129256
U2	R	diseased	B:B2	BECN1	67	8	8	0.119403	144947	0.439497
U2	R	diseased	B:B2	BLNK	67	15	13	0.19403	144947	0.710428
U2	R	diseased	B:B2	BRD4	67	8	8	0.119403	144947	0.439497
U2	R	diseased	B:B2	CAT	67	3	3	0.0447761	144947	0.188115
U2	R	diseased	B:B2	CD4	67	1	1	0.0149254	144947	0.066715
U2	R	diseased	B:B2	CD86	67	5	5	0.0746269	144947	0.29636
U2	R	diseased	B:B2	CREB1	67	5	5	0.0746269	144947	0.29636
U2	R	diseased	B:B2	CTNNB1	67	9	9	0.134328	144947	0.482992
U2	R	diseased	B:B2	DNMT1	67	4	4	0.0597015	144947	0.243701
U2	R	diseased	B:B2	FOXP3	67	1	1	0.0149254	144947	0.066715
U2	R	diseased	B:B2	GABPA	67	3	3	0.0447761	144947	0.188115
U2	R	diseased	B:B2	HIF1A	67	20	15	0.223881	144947	0.867023
U2	R	diseased	B:B2	HMOX1	67	5	4	0.0597015	144947	0.29636
U2	R	diseased	B:B2	ICAM1	67	18	16	0.238806	144947	0.807294
U2	R	diseased	B:B2	IFNG	67	2	1	0.0149254	144947	0.129256
U2	R	diseased	B:B2	IL15	67	0	0	0	144947	0
U2	R	diseased	B:B2	IL1B	67	0	0	0	144947	0
U2	R	diseased	B:B2	IL7	67	1	1	0.0149254	144947	0.066715
U2	R	diseased	B:B2	ITGAM	67	1	1	0.0149254	144947	0.066715
U2	R	diseased	B:B2	ITGAX	67	2	2	0.0298507	144947	0.129256
U2	R	diseased	B:B2	JAK1	67	36	30	0.447761	144947	1.24809
U2	R	diseased	B:B2	LYZ	67	0	0	0	144947	0
U2	R	diseased	B:B2	MAFB	67	0	0	0	144947	0
U2	R	diseased	B:B2	MAP1LC3B	67	28	23	0.343284	144947	1.0756
U2	R	diseased	B:B2	MAPK14	67	0	0	0	144947	0
U2	R	diseased	B:B2	NFKB1	67	21	19	0.283582	144947	0.8956
U2	R	diseased	B:B2	NLRP3	67	1	1	0.0149254	144947	0.066715
U2	R	diseased	B:B2	OSM	67	0	0	0	144947	0
U2	R	diseased	B:B2	PARP1	67	21	20	0.298507	144947	0.8956
U2	R	diseased	B:B2	PIAS1	67	18	16	0.238806	144947	0.807294
U2	R	diseased	B:B2	PKM	67	24	20	0.298507	144947	0.976738
U2	R	diseased	B:B2	PRKAA1	67	2	2	0.0298507	144947	0.129256
U2	R	diseased	B:B2	PTGS2	67	0	0	0	144947	0
U2	R	diseased	B:B2	RELA	67	7	7	0.104478	144947	0.394023
U2	R	diseased	B:B2	SH3KBP1	67	9	8	0.119403	144947	0.482992
U2	R	diseased	B:B2	SMAD3	67	5	5	0.0746269	144947	0.29636
U2	R	diseased	B:B2	SOD1	67	25	20	0.298507	144947	1.00238
U2	R	diseased	B:B2	STAT3	67	31	26	0.38806	144947	1.14381
U2	R	diseased	B:B2	STAT5A	67	3	3	0.0447761	144947	0.188115
U2	R	diseased	B:B2	SYK	67	16	13	0.19403	144947	0.74377
U2	R	diseased	B:B2	TLR4	67	0	0	0	144947	0
U2	R	diseased	B:B2	TNF	67	9	5	0.0746269	144947	0.482992
U2	R	diseased	B:B3	ACTA2	16	0	0	0	21503	0
U2	R	diseased	B:B3	AHR	16	1	1	0.0625	21503	0.38189
U2	R	diseased	B:B3	AKT1	16	0	0	0	21503	0
U2	R	diseased	B:B3	ARNTL	16	0	0	0	21503	0
U2	R	diseased	B:B3	BCL6	16	0	0	0	21503	0
U2	R	diseased	B:B3	BECN1	16	0	0	0	21503	0
U2	R	diseased	B:B3	BLNK	16	5	4	0.25	21503	1.20155
U2	R	diseased	B:B3	BRD4	16	1	1	0.0625	21503	0.38189
U2	R	diseased	B:B3	CAT	16	0	0	0	21503	0
U2	R	diseased	B:B3	CD4	16	0	0	0	21503	0
U2	R	diseased	B:B3	CD86	16	1	1	0.0625	21503	0.38189
U2	R	diseased	B:B3	CREB1	16	0	0	0	21503	0
U2	R	diseased	B:B3	CTNNB1	16	0	0	0	21503	0
U2	R	diseased	B:B3	DNMT1	16	0	0	0	21503	0
U2	R	diseased	B:B3	FOXP3	16	0	0	0	21503	0
U2	R	diseased	B:B3	GABPA	16	1	1	0.0625	21503	0.38189
U2	R	diseased	B:B3	HIF1A	16	3	3	0.1875	21503	0.873448
U2	R	diseased	B:B3	HMOX1	16	1	1	0.0625	21503	0.38189
U2	R	diseased	B:B3	ICAM1	16	1	1	0.0625	21503	0.38189
U2	R	diseased	B:B3	IFNG	16	0	0	0	21503	0
U2	R	diseased	B:B3	IL15	16	1	1	0.0625	21503	0.38189
U2	R	diseased	B:B3	IL1B	16	0	0	0	21503	0
U2	R	diseased	B:B3	IL7	16	0	0	0	21503	0
U2	R	diseased	B:B3	ITGAM	16	0	0	0	21503	0
U2	R	diseased	B:B3	ITGAX	16	0	0	0	21503	0
U2	R	diseased	B:B3	JAK1	16	10	6	0.375	21503	1.73175
U2	R	diseased	B:B3	LYZ	16	0	0	0	21503	0
U2	R	diseased	B:B3	MAFB	16	0	0	0	21503	0
U2	R	diseased	B:B3	MAP1LC3B	16	3	2	0.125	21503	0.873448
U2	R	diseased	B:B3	MAPK14	16	0	0	0	21503	0
U2	R	diseased	B:B3	NFKB1	16	1	1	0.0625	21503	0.38189
U2	R	diseased	B:B3	NLRP3	16	0	0	0	21503	0
U2	R	diseased	B:B3	OSM	16	0	0	0	21503	0
U2	R	diseased	B:B3	PARP1	16	2	2	0.125	21503	0.657573
U2	R	diseased	B:B3	PIAS1	16	1	1	0.0625	21503	0.38189
U2	R	diseased	B:B3	PKM	16	2	2	0.125	21503	0.657573
U2	R	diseased	B:B3	PRKAA1	16	1	1	0.0625	21503	0.38189
U2	R	diseased	B:B3	PTGS2	16	0	0	0	21503	0
U2	R	diseased	B:B3	RELA	16	0	0	0	21503	0
U2	R	diseased	B:B3	SH3KBP1	16	3	3	0.1875	21503	0.873448
U2	R	diseased	B:B3	SMAD3	16	1	1	0.0625	21503	0.38189
U2	R	diseased	B:B3	SOD1	16	1	1	0.0625	21503	0.38189
U2	R	diseased	B:B3	STAT3	16	5	4	0.25	21503	1.20155
U2	R	diseased	B:B3	STAT5A	16	0	0	0	21503	0
U2	R	diseased	B:B3	SYK	16	0	0	0	21503	0
U2	R	diseased	B:B3	TLR4	16	0	0	0	21503	0
U2	R	diseased	B:B3	TNF	16	1	1	0.0625	21503	0.38189
U2	R	diseased	B:B4	ACTA2	215	4	4	0.0186047	305942	0.122876
U2	R	diseased	B:B4	AHR	215	6	6	0.027907	305942	0.179079
U2	R	diseased	B:B4	AKT1	215	3	3	0.0139535	305942	0.093543
U2	R	diseased	B:B4	ARNTL	215	1	1	0.00465116	305942	0.0321631
U2	R	diseased	B:B4	BCL6	215	1	1	0.00465116	305942	0.0321631
U2	R	diseased	B:B4	BECN1	215	11	9	0.0418605	305942	0.30715
U2	R	diseased	B:B4	BLNK	215	23	22	0.102326	305942	0.56063
U2	R	diseased	B:B4	BRD4	215	24	24	0.111628	305942	0.579117
U2	R	diseased	B:B4	CAT	215	11	10	0.0465116	305942	0.30715
U2	R	diseased	B:B4	CD4	215	0	0	0	305942	0
U2	R	diseased	B:B4	CD86	215	5	5	0.0232558	305942	0.151372
U2	R	diseased	B:B4	CREB1	215	15	14	0.0651163	305942	0.39897
U2	R	diseased	B:B4	CTNNB1	215	11	11	0.0511628	305942	0.30715
U2	R	diseased	B:B4	DNMT1	215	9	9	0.0418605	305942	0.257872
U2	R	diseased	B:B4	FOXP3	215	0	0	0	305942	0
U2	R	diseased	B:B4	GABPA	215	3	3	0.0139535	305942	0.093543
U2	R	diseased	B:B4	HIF1A	215	32	30	0.139535	305942	0.715862
U2	R	diseased	B:B4	HMOX1	215	2	2	0.00930233	305942	0.0633239
U2	R	diseased	B:B4	ICAM1	215	26	23	0.106977	305942	0.615096
U2	R	diseased	B:B4	IFNG	215	0	0	0	305942	0
U2	R	diseased	B:B4	IL15	215	4	4	0.0186047	305942	0.122876
U2	R	diseased	B:B4	IL1B	215	0	0	0	305942	0
U2	R	diseased	B:B4	IL7	215	8	8	0.0372093	305942	0.232292
U2	R	diseased	B:B4	ITGAM	215	6	6	0.027907	305942	0.179079
U2	R	diseased	B:B4	ITGAX	215	1	1	0.00465116	305942	0.0321631
U2	R	diseased	B:B4	JAK1	215	69	55	0.255814	305942	1.18029
U2	R	diseased	B:B4	LYZ	215	0	0	0	305942	0
U2	R	diseased	B:B4	MAFB	215	1	1	0.00465116	305942	0.0321631
U2	R	diseased	B:B4	MAP1LC3B	215	64	53	0.246512	305942	1.12879
U2	R	diseased	B:B4	MAPK14	215	4	4	0.0186047	305942	0.122876
U2	R	diseased	B:B4	NFKB1	215	19	19	0.0883721	305942	0.483063
U2	R	diseased	B:B4	NLRP3	215	0	0	0	305942	0
U2	R	diseased	B:B4	OSM	215	2	2	0.00930233	305942	0.0633239
U2	R	diseased	B:B4	PARP1	215	25	25	0.116279	305942	0.597268
U2	R	diseased	B:B4	PIAS1	215	24	24	0.111628	305942	0.579117
U2	R	diseased	B:B4	PKM	215	59	49	0.227907	305942	1.07448
U2	R	diseased	B:B4	PRKAA1	215	12	11	0.0511628	305942	0.330908
U2	R	diseased	B:B4	PTGS2	215	0	0	0	305942	0
U2	R	diseased	B:B4	RELA	215	8	8	0.0372093	305942	0.232292
U2	R	diseased	B:B4	SH3KBP1	215	25	24	0.111628	305942	0.597268
U2	R	diseased	B:B4	SMAD3	215	8	8	0.0372093	305942	0.232292
U2	R	diseased	B:B4	SOD1	215	65	53	0.246512	305942	1.1393
U2	R	diseased	B:B4	STAT3	215	41	38	0.176744	305942	0.850204
U2	R	diseased	B:B4	STAT5A	215	4	4	0.0186047	305942	0.122876
U2	R	diseased	B:B4	SYK	215	26	23	0.106977	305942	0.615096
U2	R	diseased	B:B4	TLR4	215	0	0	0	305942	0
U2	R	diseased	B:B4	TNF	215	24	20	0.0930233	305942	0.579117
U2	R	diseased	B:B5	ACTA2	13	0	0	0	27830	0
U2	R	diseased	B:B5	AHR	13	1	1	0.0769231	27830	0.306988
U2	R	diseased	B:B5	AKT1	13	1	1	0.0769231	27830	0.306988
U2	R	diseased	B:B5	ARNTL	13	0	0	0	27830	0
U2	R	diseased	B:B5	BCL6	13	0	0	0	27830	0
U2	R	diseased	B:B5	BECN1	13	0	0	0	27830	0
U2	R	diseased	B:B5	BLNK	13	4	3	0.230769	27830	0.89089
U2	R	diseased	B:B5	BRD4	13	1	1	0.0769231	27830	0.306988
U2	R	diseased	B:B5	CAT	13	3	1	0.0769231	27830	0.731393
U2	R	diseased	B:B5	CD4	13	0	0	0	27830	0
U2	R	diseased	B:B5	CD86	13	3	2	0.153846	27830	0.731393
U2	R	diseased	B:B5	CREB1	13	2	2	0.153846	27830	0.541538
U2	R	diseased	B:B5	CTNNB1	13	1	1	0.0769231	27830	0.306988
U2	R	diseased	B:B5	DNMT1	13	1	1	0.0769231	27830	0.306988
U2	R	diseased	B:B5	FOXP3	13	0	0	0	27830	0
U2	R	diseased	B:B5	GABPA	13	0	0	0	27830	0
U2	R	diseased	B:B5	HIF1A	13	1	1	0.0769231	27830	0.306988
U2	R	diseased	B:B5	HMOX1	13	1	1	0.0769231	27830	0.306988
U2	R	diseased	B:B5	ICAM1	13	2	2	0.153846	27830	0.541538
U2	R	diseased	B:B5	IFNG	13	0	0	0	27830	0
U2	R	diseased	B:B5	IL15	13	0	0	0	27830	0
U2	R	diseased	B:B5	IL1B	13	0	0	0	27830	0
U2	R	diseased	B:B5	IL7	13	0	0	0	27830	0
U2	R	diseased	B:B5	ITGAM	13	1	1	0.0769231	27830	0.306988
U2	R	diseased	B:B5	ITGAX	13	1	1	0.0769231	27830	0.306988
U2	R	diseased	B:B5	JAK1	13	14	8	0.615385	27830	1.79684
U2	R	diseased	B:B5	LYZ	13	0	0	0	27830	0
U2	R	diseased	B:B5	MAFB	13	0	0	0	27830	0
U2	R	diseased	B:B5	MAP1LC3B	13	5	4	0.307692	27830	1.02841
U2	R	diseased	B:B5	MAPK14	13	0	0	0	27830	0
U2	R	diseased	B:B5	NFKB1	13	5	4	0.307692	27830	1.02841
U2	R	diseased	B:B5	NLRP3	13	1	1	0.0769231	27830	0.306988
U2	R	diseased	B:B5	OSM	13	0	0	0	27830	0
U2	R	diseased	B:B5	PARP1	13	8	2	0.153846	27830	1.35444
U2	R	diseased	B:B5	PIAS1	13	0	0	0	27830	0
U2	R	diseased	B:B5	PKM	13	6	5	0.384615	27830	1.14929
U2	R	diseased	B:B5	PRKAA1	13	3	3	0.230769	27830	0.731393
U2	R	diseased	B:B5	PTGS2	13	0	0	0	27830	0
U2	R	diseased	B:B5	RELA	13	1	1	0.0769231	27830	0.306988
U2	R	diseased	B:B5	SH3KBP1	13	5	4	0.307692	27830	1.02841
U2	R	diseased	B:B5	SMAD3	13	0	0	0	27830	0
U2	R	diseased	B:B5	SOD1	13	4	2	0.153846	27830	0.89089
U2	R	diseased	B:B5	STAT3	13	7	6	0.461538	27830	1.25712
U2	R	diseased	B:B5	STAT5A	13	1	1	0.0769231	27830	0.306988
U2	R	diseased	B:B5	SYK	13	3	3	0.230769	27830	0.731393
U2	R	diseased	B:B5	TLR4	13	0	0	0	27830	0
U2	R	diseased	B:B5	TNF	13	1	1	0.0769231	27830	0.306988
U2	R	diseased	B:B7	ACTA2	8	0	0	0	26446	0
U2	R	diseased	B:B7	AHR	8	0	0	0	26446	0
U2	R	diseased	B:B7	AKT1	8	0	0	0	26446	0
U2	R	diseased	B:B7	ARNTL	8	0	0	0	26446	0
U2	R	diseased	B:B7	BCL6	8	0	0	0	26446	0
U2	R	diseased	B:B7	BECN1	8	0	0	0	26446	0
U2	R	diseased	B:B7	BLNK	8	1	1	0.125	26446	0.320727
U2	R	diseased	B:B7	BRD4	8	0	0	0	26446	0
U2	R	diseased	B:B7	CAT	8	0	0	0	26446	0
U2	R	diseased	B:B7	CD4	8	0	0	0	26446	0
U2	R	diseased	B:B7	CD86	8	0	0	0	26446	0
U2	R	diseased	B:B7	CREB1	8	1	1	0.125	26446	0.320727
U2	R	diseased	B:B7	CTNNB1	8	0	0	0	26446	0
U2	R	diseased	B:B7	DNMT1	8	0	0	0	26446	0
U2	R	diseased	B:B7	FOXP3	8	0	0	0	26446	0
U2	R	diseased	B:B7	GABPA	8	1	1	0.125	26446	0.320727
U2	R	diseased	B:B7	HIF1A	8	2	1	0.125	26446	0.563185
U2	R	diseased	B:B7	HMOX1	8	1	1	0.125	26446	0.320727
U2	R	diseased	B:B7	ICAM1	8	0	0	0	26446	0
U2	R	diseased	B:B7	IFNG	8	0	0	0	26446	0
U2	R	diseased	B:B7	IL15	8	0	0	0	26446	0
U2	R	diseased	B:B7	IL1B	8	0	0	0	26446	0
U2	R	diseased	B:B7	IL7	8	0	0	0	26446	0
U2	R	diseased	B:B7	ITGAM	8	0	0	0	26446	0
U2	R	diseased	B:B7	ITGAX	8	0	0	0	26446	0
U2	R	diseased	B:B7	JAK1	8	1	1	0.125	26446	0.320727
U2	R	diseased	B:B7	LYZ	8	0	0	0	26446	0
U2	R	diseased	B:B7	MAFB	8	0	0	0	26446	0
U2	R	diseased	B:B7	MAP1LC3B	8	4	3	0.375	26446	0.921285
U2	R	diseased	B:B7	MAPK14	8	2	2	0.25	26446	0.563185
U2	R	diseased	B:B7	NFKB1	8	0	0	0	26446	0
U2	R	diseased	B:B7	NLRP3	8	0	0	0	26446	0
U2	R	diseased	B:B7	OSM	8	0	0	0	26446	0
U2	R	diseased	B:B7	PARP1	8	1	1	0.125	26446	0.320727
U2	R	diseased	B:B7	PIAS1	8	0	0	0	26446	0
U2	R	diseased	B:B7	PKM	8	2	2	0.25	26446	0.563185
U2	R	diseased	B:B7	PRKAA1	8	0	0	0	26446	0
U2	R	diseased	B:B7	PTGS2	8	0	0	0	26446	0
U2	R	diseased	B:B7	RELA	8	0	0	0	26446	0
U2	R	diseased	B:B7	SH3KBP1	8	0	0	0	26446	0
U2	R	diseased	B:B7	SMAD3	8	0	0	0	26446	0
U2	R	diseased	B:B7	SOD1	8	5	4	0.5	26446	1.06148
U2	R	diseased	B:B7	STAT3	8	3	2	0.25	26446	0.75818
U2	R	diseased	B:B7	STAT5A	8	0	0	0	26446	0
U2	R	diseased	B:B7	SYK	8	1	1	0.125	26446	0.320727
U2	R	diseased	B:B7	TLR4	8	0	0	0	26446	0
U2	R	diseased	B:B7	TNF	8	0	0	0	26446	0
U2	R	diseased	B:B8	ACTA2	10	0	0	0	16161	0
U2	R	diseased	B:B8	AHR	10	1	1	0.1	16161	0.481669
U2	R	diseased	B:B8	AKT1	10	0	0	0	16161	0
U2	R	diseased	B:B8	ARNTL	10	0	0	0	16161	0
U2	R	diseased	B:B8	BCL6	10	0	0	0	16161	0
U2	R	diseased	B:B8	BECN1	10	0	0	0	16161	0
U2	R	diseased	B:B8	BLNK	10	2	2	0.2	16161	0.80538
U2	R	diseased	B:B8	BRD4	10	0	0	0	16161	0
U2	R	diseased	B:B8	CAT	10	1	1	0.1	16161	0.481669
U2	R	diseased	B:B8	CD4	10	0	0	0	16161	0
U2	R	diseased	B:B8	CD86	10	0	0	0	16161	0
U2	R	diseased	B:B8	CREB1	10	2	1	0.1	16161	0.80538
U2	R	diseased	B:B8	CTNNB1	10	0	0	0	16161	0
U2	R	diseased	B:B8	DNMT1	10	0	0	0	16161	0
U2	R	diseased	B:B8	FOXP3	10	0	0	0	16161	0
U2	R	diseased	B:B8	GABPA	10	0	0	0	16161	0
U2	R	diseased	B:B8	HIF1A	10	1	1	0.1	16161	0.481669
U2	R	diseased	B:B8	HMOX1	10	0	0	0	16161	0
U2	R	diseased	B:B8	ICAM1	10	2	2	0.2	16161	0.80538
U2	R	diseased	B:B8	IFNG	10	0	0	0	16161	0
U2	R	diseased	B:B8	IL15	10	1	1	0.1	16161	0.481669
U2	R	diseased	B:B8	IL1B	10	0	0	0	16161	0
U2	R	diseased	B:B8	IL7	10	0	0	0	16161	0
U2	R	diseased	B:B8	ITGAM	10	0	0	0	16161	0
U2	R	diseased	B:B8	ITGAX	10	0	0	0	16161	0
U2	R	diseased	B:B8	JAK1	10	5	5	0.5	16161	1.40949
U2	R	diseased	B:B8	LYZ	10	0	0	0	16161	0
U2	R	diseased	B:B8	MAFB	10	0	0	0	16161	0
U2	R	diseased	B:B8	MAP1LC3B	10	3	3	0.3	16161	1.04953
U2	R	diseased	B:B8	MAPK14	10	0	0	0	16161	0
U2	R	diseased	B:B8	NFKB1	10	1	1	0.1	16161	0.481669
U2	R	diseased	B:B8	NLRP3	10	0	0	0	16161	0
U2	R	diseased	B:B8	OSM	10	0	0	0	16161	0
U2	R	diseased	B:B8	PARP1	10	2	1	0.1	16161	0.80538
U2	R	diseased	B:B8	PIAS1	10	1	1	0.1	16161	0.481669
U2	R	diseased	B:B8	PKM	10	3	2	0.2	16161	1.04953
U2	R	diseased	B:B8	PRKAA1	10	0	0	0	16161	0
U2	R	diseased	B:B8	PTGS2	10	0	0	0	16161	0
U2	R	diseased	B:B8	RELA	10	0	0	0	16161	0
U2	R	diseased	B:B8	SH3KBP1	10	2	2	0.2	16161	0.80538
U2	R	diseased	B:B8	SMAD3	10	0	0	0	16161	0
U2	R	diseased	B:B8	SOD1	10	7	4	0.4	16161	1.67362
U2	R	diseased	B:B8	STAT3	10	1	1	0.1	16161	0.481669
U2	R	diseased	B:B8	STAT5A	10	0	0	0	16161	0
U2	R	diseased	B:B8	SYK	10	0	0	0	16161	0
U2	R	diseased	B:B8	TLR4	10	0	0	0	16161	0
U2	R	diseased	B:B8	TNF	10	0	0	0	16161	0
U2	R	diseased	B:B9	ACTA2	1	0	0	0	1937	0
U2	R	diseased	B:B9	AHR	1	0	0	0	1937	0
U2	R	diseased	B:B9	AKT1	1	0	0	0	1937	0
U2	R	diseased	B:B9	ARNTL	1	0	0	0	1937	0
U2	R	diseased	B:B9	BCL6	1	0	0	0	1937	0
U2	R	diseased	B:B9	BECN1	1	0	0	0	1937	0
U2	R	diseased	B:B9	BLNK	1	0	0	0	1937	0
U2	R	diseased	B:B9	BRD4	1	0	0	0	1937	0
U2	R	diseased	B:B9	CAT	1	0	0	0	1937	0
U2	R	diseased	B:B9	CD4	1	0	0	0	1937	0
U2	R	diseased	B:B9	CD86	1	0	0	0	1937	0
U2	R	diseased	B:B9	CREB1	1	0	0	0	1937	0
U2	R	diseased	B:B9	CTNNB1	1	0	0	0	1937	0
U2	R	diseased	B:B9	DNMT1	1	0	0	0	1937	0
U2	R	diseased	B:B9	FOXP3	1	0	0	0	1937	0
U2	R	diseased	B:B9	GABPA	1	0	0	0	1937	0
U2	R	diseased	B:B9	HIF1A	1	0	0	0	1937	0
U2	R	diseased	B:B9	HMOX1	1	0	0	0	1937	0
U2	R	diseased	B:B9	ICAM1	1	0	0	0	1937	0
U2	R	diseased	B:B9	IFNG	1	0	0	0	1937	0
U2	R	diseased	B:B9	IL15	1	0	0	0	1937	0
U2	R	diseased	B:B9	IL1B	1	0	0	0	1937	0
U2	R	diseased	B:B9	IL7	1	0	0	0	1937	0
U2	R	diseased	B:B9	ITGAM	1	0	0	0	1937	0
U2	R	diseased	B:B9	ITGAX	1	0	0	0	1937	0
U2	R	diseased	B:B9	JAK1	1	0	0	0	1937	0
U2	R	diseased	B:B9	LYZ	1	0	0	0	1937	0
U2	R	diseased	B:B9	MAFB	1	0	0	0	1937	0
U2	R	diseased	B:B9	MAP1LC3B	1	0	0	0	1937	0
U2	R	diseased	B:B9	MAPK14	1	1	1	1	1937	1.8185
U2	R	diseased	B:B9	NFKB1	1	0	0	0	1937	0
U2	R	diseased	B:B9	NLRP3	1	0	0	0	1937	0
U2	R	diseased	B:B9	OSM	1	0	0	0	1937	0
U2	R	diseased	B:B9	PARP1	1	0	0	0	1937	0
U2	R	diseased	B:B9	PIAS1	1	1	1	1	1937	1.8185
U2	R	diseased	B:B9	PKM	1	0	0	0	1937	0
U2	R	diseased	B:B9	PRKAA1	1	0	0	0	1937	0
U2	R	diseased	B:B9	PTGS2	1	0	0	0	1937	0
U2	R	diseased	B:B9	RELA	1	0	0	0	1937	0
U2	R	diseased	B:B9	SH3KBP1	1	0	0	0	1937	0
U2	R	diseased	B:B9	SMAD3	1	1	1	1	1937	1.8185
U2	R	diseased	B:B9	SOD1	1	1	1	1	1937	1.8185
U2	R	diseased	B:B9	STAT3	1	1	1	1	1937	1.8185
U2	R	diseased	B:B9	STAT5A	1	0	0	0	1937	0
U2	R	diseased	B:B9	SYK	1	0	0	0	1937	0
U2	R	diseased	B:B9	TLR4	1	0	0	0	1937	0
U2	R	diseased	B:B9	TNF	1	2	1	1	1937	2.42703
U2	R	diseased	M/DC	ACTA2	17	0	0	0	49492	0
U2	R	diseased	M/DC	AHR	17	13	11	0.647059	49492	1.28832
U2	R	diseased	M/DC	AKT1	17	0	0	0	49492	0
U2	R	diseased	M/DC	ARNTL	17	0	0	0	49492	0
U2	R	diseased	M/DC	BCL6	17	0	0	0	49492	0
U2	R	diseased	M/DC	BECN1	17	2	2	0.117647	49492	0.339401
U2	R	diseased	M/DC	BLNK	17	1	1	0.0588235	49492	0.184031
U2	R	diseased	M/DC	BRD4	17	1	1	0.0588235	49492	0.184031
U2	R	diseased	M/DC	CAT	17	1	1	0.0588235	49492	0.184031
U2	R	diseased	M/DC	CD4	17	3	3	0.176471	49492	0.473845
U2	R	diseased	M/DC	CD86	17	2	2	0.117647	49492	0.339401
U2	R	diseased	M/DC	CREB1	17	1	1	0.0588235	49492	0.184031
U2	R	diseased	M/DC	CTNNB1	17	1	1	0.0588235	49492	0.184031
U2	R	diseased	M/DC	DNMT1	17	2	2	0.117647	49492	0.339401
U2	R	diseased	M/DC	FOXP3	17	0	0	0	49492	0
U2	R	diseased	M/DC	GABPA	17	0	0	0	49492	0
U2	R	diseased	M/DC	HIF1A	17	13	11	0.647059	49492	1.28832
U2	R	diseased	M/DC	HMOX1	17	4	3	0.176471	49492	0.592338
U2	R	diseased	M/DC	ICAM1	17	7	6	0.352941	49492	0.881438
U2	R	diseased	M/DC	IFNG	17	0	0	0	49492	0
U2	R	diseased	M/DC	IL15	17	0	0	0	49492	0
U2	R	diseased	M/DC	IL1B	17	74	13	0.764706	49492	2.76958
U2	R	diseased	M/DC	IL7	17	1	1	0.0588235	49492	0.184031
U2	R	diseased	M/DC	ITGAM	17	1	1	0.0588235	49492	0.184031
U2	R	diseased	M/DC	ITGAX	17	0	0	0	49492	0
U2	R	diseased	M/DC	JAK1	17	4	4	0.235294	49492	0.592338
U2	R	diseased	M/DC	LYZ	17	229	16	0.941176	49492	3.85588
U2	R	diseased	M/DC	MAFB	17	4	3	0.176471	49492	0.592338
U2	R	diseased	M/DC	MAP1LC3B	17	4	3	0.176471	49492	0.592338
U2	R	diseased	M/DC	MAPK14	17	1	1	0.0588235	49492	0.184031
U2	R	diseased	M/DC	NFKB1	17	7	5	0.294118	49492	0.881438
U2	R	diseased	M/DC	NLRP3	17	7	3	0.176471	49492	0.881438
U2	R	diseased	M/DC	OSM	17	7	4	0.235294	49492	0.881438
U2	R	diseased	M/DC	PARP1	17	4	4	0.235294	49492	0.592338
U2	R	diseased	M/DC	PIAS1	17	3	3	0.176471	49492	0.473845
U2	R	diseased	M/DC	PKM	17	24	11	0.647059	49492	1.76632
U2	R	diseased	M/DC	PRKAA1	17	1	1	0.0588235	49492	0.184031
U2	R	diseased	M/DC	PTGS2	17	5	3	0.176471	49492	0.698266
U2	R	diseased	M/DC	RELA	17	1	1	0.0588235	49492	0.184031
U2	R	diseased	M/DC	SH3KBP1	17	5	2	0.117647	49492	0.698266
U2	R	diseased	M/DC	SMAD3	17	0	0	0	49492	0
U2	R	diseased	M/DC	SOD1	17	7	5	0.294118	49492	0.881438
U2	R	diseased	M/DC	STAT3	17	7	4	0.235294	49492	0.881438
U2	R	diseased	M/DC	STAT5A	17	2	2	0.117647	49492	0.339401
U2	R	diseased	M/DC	SYK	17	3	2	0.117647	49492	0.473845
U2	R	diseased	M/DC	TLR4	17	1	1	0.0588235	49492	0.184031
U2	R	diseased	M/DC	TNF	17	2	2	0.117647	49492	0.339401
U2	R	diseased	NK	ACTA2	5	0	0	0	5854	0
U2	R	diseased	NK	AHR	5	0	0	0	5854	0
U2	R	diseased	NK	AKT1	5	0	0	0	5854	0
U2	R	diseased	NK	ARNTL	5	0	0	0	5854	0
U2	R	diseased	NK	BCL6	5	0	0	0	5854	0
U2	R	diseased	NK	BECN1	5	0	0	0	5854	0
U2	R	diseased	NK	BLNK	5	0	0	0	5854	0
U2	R	diseased	NK	BRD4	5	0	0	0	5854	0
U2	R	diseased	NK	CAT	5	0	0	0	5854	0
U2	R	diseased	NK	CD4	5	0	0	0	5854	0
U2	R	diseased	NK	CD86	5	0	0	0	5854	0
U2	R	diseased	NK	CREB1	5	0	0	0	5854	0
U2	R	diseased	NK	CTNNB1	5	0	0	0	5854	0
U2	R	diseased	NK	DNMT1	5	1	1	0.2	5854	0.996297
U2	R	diseased	NK	FOXP3	5	0	0	0	5854	0
U2	R	diseased	NK	GABPA	5	0	0	0	5854	0
U2	R	diseased	NK	HIF1A	5	0	0	0	5854	0
U2	R	diseased	NK	HMOX1	5	0	0	0	5854	0
U2	R	diseased	NK	ICAM1	5	2	2	0.4	5854	1.48534
U2	R	diseased	NK	IFNG	5	4	2	0.4	5854	2.05834
U2	R	diseased	NK	IL15	5	0	0	0	5854	0
U2	R	diseased	NK	IL1B	5	0	0	0	5854	0
U2	R	diseased	NK	IL7	5	0	0	0	5854	0
U2	R	diseased	NK	ITGAM	5	0	0	0	5854	0
U2	R	diseased	NK	ITGAX	5	1	1	0.2	5854	0.996297
U2	R	diseased	NK	JAK1	5	4	2	0.4	5854	2.05834
U2	R	diseased	NK	LYZ	5	0	0	0	5854	0
U2	R	diseased	NK	MAFB	5	0	0	0	5854	0
U2	R	diseased	NK	MAP1LC3B	5	2	2	0.4	5854	1.48534
U2	R	diseased	NK	MAPK14	5	1	1	0.2	5854	0.996297
U2	R	diseased	NK	NFKB1	5	3	3	0.6	5854	1.81233
U2	R	diseased	NK	NLRP3	5	0	0	0	5854	0
U2	R	diseased	NK	OSM	5	0	0	0	5854	0
U2	R	diseased	NK	PARP1	5	0	0	0	5854	0
U2	R	diseased	NK	PIAS1	5	0	0	0	5854	0
U2	R	diseased	NK	PKM	5	0	0	0	5854	0
U2	R	diseased	NK	PRKAA1	5	1	1	0.2	5854	0.996297
U2	R	diseased	NK	PTGS2	5	0	0	0	5854	0
U2	R	diseased	NK	RELA	5	0	0	0	5854	0
U2	R	diseased	NK	SH3KBP1	5	1	1	0.2	5854	0.996297
U2	R	diseased	NK	SMAD3	5	0	0	0	5854	0
U2	R	diseased	NK	SOD1	5	1	1	0.2	5854	0.996297
U2	R	diseased	NK	STAT3	5	0	0	0	5854	0
U2	R	diseased	NK	STAT5A	5	0	0	0	5854	0
U2	R	diseased	NK	SYK	5	0	0	0	5854	0
U2	R	diseased	NK	TLR4	5	0	0	0	5854	0
U2	R	diseased	NK	TNF	5	0	0	0	5854	0
U2	R	diseased	T	ACTA2	450	11	11	0.0244444	629821	0.160973
U2	R	diseased	T	AHR	450	51	44	0.0977778	629821	0.593191
U2	R	diseased	T	AKT1	450	6	6	0.0133333	629821	0.0909965
U2	R	diseased	T	ARNTL	450	16	16	0.0355556	629821	0.226371
U2	R	diseased	T	BCL6	450	4	4	0.00888889	629821	0.0615749
U2	R	diseased	T	BECN1	450	35	34	0.0755556	629821	0.441934
U2	R	diseased	T	BLNK	450	3	3	0.00666667	629821	0.0465329
U2	R	diseased	T	BRD4	450	43	41	0.0911111	629821	0.52042
U2	R	diseased	T	CAT	450	16	16	0.0355556	629821	0.226371
U2	R	diseased	T	CD4	450	35	31	0.0688889	629821	0.441934
U2	R	diseased	T	CD86	450	1	1	0.00222222	629821	0.0157528
U2	R	diseased	T	CREB1	450	25	25	0.0555556	629821	0.334283
U2	R	diseased	T	CTNNB1	450	21	18	0.04	629821	0.287753
U2	R	diseased	T	DNMT1	450	34	33	0.0733333	629821	0.431676
U2	R	diseased	T	FOXP3	450	25	22	0.0488889	629821	0.334283
U2	R	diseased	T	GABPA	450	9	9	0.02	629821	0.133567
U2	R	diseased	T	HIF1A	450	55	50	0.111111	629821	0.627682
U2	R	diseased	T	HMOX1	450	3	2	0.00444444	629821	0.0465329
U2	R	diseased	T	ICAM1	450	16	14	0.0311111	629821	0.226371
U2	R	diseased	T	IFNG	450	96	33	0.0733333	629821	0.925941
U2	R	diseased	T	IL15	450	5	5	0.0111111	629821	0.0763939
U2	R	diseased	T	IL1B	450	1	1	0.00222222	629821	0.0157528
U2	R	diseased	T	IL7	450	3	3	0.00666667	629821	0.0465329
U2	R	diseased	T	ITGAM	450	0	0	0	629821	0
U2	R	diseased	T	ITGAX	450	1	1	0.00222222	629821	0.0157528
U2	R	diseased	T	JAK1	450	196	147	0.326667	629821	1.41391
U2	R	diseased	T	LYZ	450	1	1	0.00222222	629821	0.0157528
U2	R	diseased	T	MAFB	450	3	3	0.00666667	629821	0.0465329
U2	R	diseased	T	MAP1LC3B	450	100	92	0.204444	629821	0.95079
U2	R	diseased	T	MAPK14	450	16	16	0.0355556	629821	0.226371
U2	R	diseased	T	NFKB1	450	44	41	0.0911111	629821	0.529811
U2	R	diseased	T	NLRP3	450	2	2	0.00444444	629821	0.0312613
U2	R	diseased	T	OSM	450	4	4	0.00888889	629821	0.0615749
U2	R	diseased	T	PARP1	450	60	57	0.126667	629821	0.669188
U2	R	diseased	T	PIAS1	450	64	58	0.128889	629821	0.701196
U2	R	diseased	T	PKM	450	137	103	0.228889	629821	1.15538
U2	R	diseased	T	PRKAA1	450	26	26	0.0577778	629821	0.345585
U2	R	diseased	T	PTGS2	450	0	0	0	629821	0
U2	R	diseased	T	RELA	450	26	25	0.0555556	629821	0.345585
U2	R	diseased	T	SH3KBP1	450	70	62	0.137778	629821	0.747364
U2	R	diseased	T	SMAD3	450	19	18	0.04	629821	0.26365
U2	R	diseased	T	SOD1	450	195	151	0.335556	629821	1.41004
U2	R	diseased	T	STAT3	450	176	131	0.291111	629821	1.33354
U2	R	diseased	T	STAT5A	450	23	23	0.0511111	629821	0.311289
U2	R	diseased	T	SYK	450	1	1	0.00222222	629821	0.0157528
U2	R	diseased	T	TLR4	450	0	0	0	629821	0
U2	R	diseased	T	TNF	450	137	87	0.193333	629821	1.15538
U2	R	diseased	T:T1	ACTA2	118	2	2	0.0169492	149952	0.125201
U2	R	diseased	T:T1	AHR	118	11	10	0.0847458	149952	0.550182
U2	R	diseased	T:T1	AKT1	118	0	0	0	149952	0
U2	R	diseased	T:T1	ARNTL	118	1	1	0.00847458	149952	0.0645585
U2	R	diseased	T:T1	BCL6	118	1	1	0.00847458	149952	0.0645585
U2	R	diseased	T:T1	BECN1	118	7	7	0.059322	149952	0.383094
U2	R	diseased	T:T1	BLNK	118	0	0	0	149952	0
U2	R	diseased	T:T1	BRD4	118	10	9	0.0762712	149952	0.510954
U2	R	diseased	T:T1	CAT	118	4	4	0.0338983	149952	0.236456
U2	R	diseased	T:T1	CD4	118	5	5	0.0423729	149952	0.287762
U2	R	diseased	T:T1	CD86	118	0	0	0	149952	0
U2	R	diseased	T:T1	CREB1	118	10	10	0.0847458	149952	0.510954
U2	R	diseased	T:T1	CTNNB1	118	1	1	0.00847458	149952	0.0645585
U2	R	diseased	T:T1	DNMT1	118	9	9	0.0762712	149952	0.470124
U2	R	diseased	T:T1	FOXP3	118	1	1	0.00847458	149952	0.0645585
U2	R	diseased	T:T1	GABPA	118	2	2	0.0169492	149952	0.125201
U2	R	diseased	T:T1	HIF1A	118	11	11	0.0932203	149952	0.550182
U2	R	diseased	T:T1	HMOX1	118	0	0	0	149952	0
U2	R	diseased	T:T1	ICAM1	118	5	4	0.0338983	149952	0.287762
U2	R	diseased	T:T1	IFNG	118	18	9	0.0762712	149952	0.788632
U2	R	diseased	T:T1	IL15	118	2	2	0.0169492	149952	0.125201
U2	R	diseased	T:T1	IL1B	118	0	0	0	149952	0
U2	R	diseased	T:T1	IL7	118	0	0	0	149952	0
U2	R	diseased	T:T1	ITGAM	118	0	0	0	149952	0
U2	R	diseased	T:T1	ITGAX	118	0	0	0	149952	0
U2	R	diseased	T:T1	JAK1	118	49	38	0.322034	149952	1.45108
U2	R	diseased	T:T1	LYZ	118	1	1	0.00847458	149952	0.0645585
U2	R	diseased	T:T1	MAFB	118	1	1	0.00847458	149952	0.0645585
U2	R	diseased	T:T1	MAP1LC3B	118	21	20	0.169492	149952	0.875655
U2	R	diseased	T:T1	MAPK14	118	6	6	0.0508475	149952	0.336564
U2	R	diseased	T:T1	NFKB1	118	9	9	0.0762712	149952	0.470124
U2	R	diseased	T:T1	NLRP3	118	0	0	0	149952	0
U2	R	diseased	T:T1	OSM	118	1	1	0.00847458	149952	0.0645585
U2	R	diseased	T:T1	PARP1	118	15	15	0.127119	149952	0.693307
U2	R	diseased	T:T1	PIAS1	118	19	16	0.135593	149952	0.818489
U2	R	diseased	T:T1	PKM	118	27	21	0.177966	149952	1.02983
U2	R	diseased	T:T1	PRKAA1	118	6	6	0.0508475	149952	0.336564
U2	R	diseased	T:T1	PTGS2	118	0	0	0	149952	0
U2	R	diseased	T:T1	RELA	118	8	8	0.0677966	149952	0.427555
U2	R	diseased	T:T1	SH3KBP1	118	14	13	0.110169	149952	0.6594
U2	R	diseased	T:T1	SMAD3	118	5	5	0.0423729	149952	0.287762
U2	R	diseased	T:T1	SOD1	118	28	27	0.228814	149952	1.05336
U2	R	diseased	T:T1	STAT3	118	34	28	0.237288	149952	1.18399
U2	R	diseased	T:T1	STAT5A	118	6	6	0.0508475	149952	0.336564
U2	R	diseased	T:T1	SYK	118	0	0	0	149952	0
U2	R	diseased	T:T1	TLR4	118	0	0	0	149952	0
U2	R	diseased	T:T1	TNF	118	43	32	0.271186	149952	1.35263
U2	R	diseased	T:T10	ACTA2	34	0	0	0	50332	0
U2	R	diseased	T:T10	AHR	34	2	2	0.0588235	50332	0.334586
U2	R	diseased	T:T10	AKT1	34	1	1	0.0294118	50332	0.181222
U2	R	diseased	T:T10	ARNTL	34	0	0	0	50332	0
U2	R	diseased	T:T10	BCL6	34	1	1	0.0294118	50332	0.181222
U2	R	diseased	T:T10	BECN1	34	1	1	0.0294118	50332	0.181222
U2	R	diseased	T:T10	BLNK	34	0	0	0	50332	0
U2	R	diseased	T:T10	BRD4	34	4	4	0.117647	50332	0.584851
U2	R	diseased	T:T10	CAT	34	2	2	0.0588235	50332	0.334586
U2	R	diseased	T:T10	CD4	34	0	0	0	50332	0
U2	R	diseased	T:T10	CD86	34	0	0	0	50332	0
U2	R	diseased	T:T10	CREB1	34	0	0	0	50332	0
U2	R	diseased	T:T10	CTNNB1	34	3	3	0.0882353	50332	0.467527
U2	R	diseased	T:T10	DNMT1	34	2	2	0.0588235	50332	0.334586
U2	R	diseased	T:T10	FOXP3	34	0	0	0	50332	0
U2	R	diseased	T:T10	GABPA	34	1	1	0.0294118	50332	0.181222
U2	R	diseased	T:T10	HIF1A	34	2	2	0.0588235	50332	0.334586
U2	R	diseased	T:T10	HMOX1	34	0	0	0	50332	0
U2	R	diseased	T:T10	ICAM1	34	6	5	0.147059	50332	0.784853
U2	R	diseased	T:T10	IFNG	34	65	15	0.441176	50332	2.63291
U2	R	diseased	T:T10	IL15	34	0	0	0	50332	0
U2	R	diseased	T:T10	IL1B	34	0	0	0	50332	0
U2	R	diseased	T:T10	IL7	34	0	0	0	50332	0
U2	R	diseased	T:T10	ITGAM	34	0	0	0	50332	0
U2	R	diseased	T:T10	ITGAX	34	0	0	0	50332	0
U2	R	diseased	T:T10	JAK1	34	15	11	0.323529	50332	1.38133
U2	R	diseased	T:T10	LYZ	34	0	0	0	50332	0
U2	R	diseased	T:T10	MAFB	34	0	0	0	50332	0
U2	R	diseased	T:T10	MAP1LC3B	34	12	10	0.294118	50332	1.21911
U2	R	diseased	T:T10	MAPK14	34	1	1	0.0294118	50332	0.181222
U2	R	diseased	T:T10	NFKB1	34	5	4	0.117647	50332	0.689844
U2	R	diseased	T:T10	NLRP3	34	0	0	0	50332	0
U2	R	diseased	T:T10	OSM	34	1	1	0.0294118	50332	0.181222
U2	R	diseased	T:T10	PARP1	34	5	4	0.117647	50332	0.689844
U2	R	diseased	T:T10	PIAS1	34	4	4	0.117647	50332	0.584851
U2	R	diseased	T:T10	PKM	34	7	7	0.205882	50332	0.871614
U2	R	diseased	T:T10	PRKAA1	34	1	1	0.0294118	50332	0.181222
U2	R	diseased	T:T10	PTGS2	34	0	0	0	50332	0
U2	R	diseased	T:T10	RELA	34	1	1	0.0294118	50332	0.181222
U2	R	diseased	T:T10	SH3KBP1	34	6	6	0.176471	50332	0.784853
U2	R	diseased	T:T10	SMAD3	34	0	0	0	50332	0
U2	R	diseased	T:T10	SOD1	34	13	12	0.352941	50332	1.27616
U2	R	diseased	T:T10	STAT3	34	16	10	0.294118	50332	1.43005
U2	R	diseased	T:T10	STAT5A	34	0	0	0	50332	0
U2	R	diseased	T:T10	SYK	34	1	1	0.0294118	50332	0.181222
U2	R	diseased	T:T10	TLR4	34	0	0	0	50332	0
U2	R	diseased	T:T10	TNF	34	36	18	0.529412	50332	2.09833
U2	R	diseased	T:T14	ACTA2	4	0	0	0	7129	0
U2	R	diseased	T:T14	AHR	4	0	0	0	7129	0
U2	R	diseased	T:T14	AKT1	4	1	1	0.25	7129	0.876602
U2	R	diseased	T:T14	ARNTL	4	0	0	0	7129	0
U2	R	diseased	T:T14	BCL6	4	1	1	0.25	7129	0.876602
U2	R	diseased	T:T14	BECN1	4	0	0	0	7129	0
U2	R	diseased	T:T14	BLNK	4	0	0	0	7129	0
U2	R	diseased	T:T14	BRD4	4	0	0	0	7129	0
U2	R	diseased	T:T14	CAT	4	0	0	0	7129	0
U2	R	diseased	T:T14	CD4	4	0	0	0	7129	0
U2	R	diseased	T:T14	CD86	4	0	0	0	7129	0
U2	R	diseased	T:T14	CREB1	4	0	0	0	7129	0
U2	R	diseased	T:T14	CTNNB1	4	0	0	0	7129	0
U2	R	diseased	T:T14	DNMT1	4	0	0	0	7129	0
U2	R	diseased	T:T14	FOXP3	4	0	0	0	7129	0
U2	R	diseased	T:T14	GABPA	4	0	0	0	7129	0
U2	R	diseased	T:T14	HIF1A	4	1	1	0.25	7129	0.876602
U2	R	diseased	T:T14	HMOX1	4	0	0	0	7129	0
U2	R	diseased	T:T14	ICAM1	4	0	0	0	7129	0
U2	R	diseased	T:T14	IFNG	4	3	1	0.25	7129	1.65023
U2	R	diseased	T:T14	IL15	4	0	0	0	7129	0
U2	R	diseased	T:T14	IL1B	4	0	0	0	7129	0
U2	R	diseased	T:T14	IL7	4	0	0	0	7129	0
U2	R	diseased	T:T14	ITGAM	4	0	0	0	7129	0
U2	R	diseased	T:T14	ITGAX	4	0	0	0	7129	0
U2	R	diseased	T:T14	JAK1	4	0	0	0	7129	0
U2	R	diseased	T:T14	LYZ	4	0	0	0	7129	0
U2	R	diseased	T:T14	MAFB	4	0	0	0	7129	0
U2	R	diseased	T:T14	MAP1LC3B	4	2	2	0.5	7129	1.33643
U2	R	diseased	T:T14	MAPK14	4	0	0	0	7129	0
U2	R	diseased	T:T14	NFKB1	4	1	1	0.25	7129	0.876602
U2	R	diseased	T:T14	NLRP3	4	0	0	0	7129	0
U2	R	diseased	T:T14	OSM	4	0	0	0	7129	0
U2	R	diseased	T:T14	PARP1	4	1	1	0.25	7129	0.876602
U2	R	diseased	T:T14	PIAS1	4	0	0	0	7129	0
U2	R	diseased	T:T14	PKM	4	3	1	0.25	7129	1.65023
U2	R	diseased	T:T14	PRKAA1	4	1	1	0.25	7129	0.876602
U2	R	diseased	T:T14	PTGS2	4	0	0	0	7129	0
U2	R	diseased	T:T14	RELA	4	1	1	0.25	7129	0.876602
U2	R	diseased	T:T14	SH3KBP1	4	0	0	0	7129	0
U2	R	diseased	T:T14	SMAD3	4	0	0	0	7129	0
U2	R	diseased	T:T14	SOD1	4	3	2	0.5	7129	1.65023
U2	R	diseased	T:T14	STAT3	4	2	2	0.5	7129	1.33643
U2	R	diseased	T:T14	STAT5A	4	2	2	0.5	7129	1.33643
U2	R	diseased	T:T14	SYK	4	0	0	0	7129	0
U2	R	diseased	T:T14	TLR4	4	0	0	0	7129	0
U2	R	diseased	T:T14	TNF	4	1	1	0.25	7129	0.876602
U2	R	diseased	T:T2	ACTA2	33	1	1	0.030303	68043	0.13712
U2	R	diseased	T:T2	AHR	33	9	5	0.151515	68043	0.842727
U2	R	diseased	T:T2	AKT1	33	0	0	0	68043	0
U2	R	diseased	T:T2	ARNTL	33	3	3	0.0909091	68043	0.365266
U2	R	diseased	T:T2	BCL6	33	0	0	0	68043	0
U2	R	diseased	T:T2	BECN1	33	2	2	0.0606061	68043	0.257685
U2	R	diseased	T:T2	BLNK	33	0	0	0	68043	0
U2	R	diseased	T:T2	BRD4	33	5	5	0.151515	68043	0.550909
U2	R	diseased	T:T2	CAT	33	2	2	0.0606061	68043	0.257685
U2	R	diseased	T:T2	CD4	33	5	4	0.121212	68043	0.550909
U2	R	diseased	T:T2	CD86	33	0	0	0	68043	0
U2	R	diseased	T:T2	CREB1	33	4	4	0.121212	68043	0.462389
U2	R	diseased	T:T2	CTNNB1	33	0	0	0	68043	0
U2	R	diseased	T:T2	DNMT1	33	1	1	0.030303	68043	0.13712
U2	R	diseased	T:T2	FOXP3	33	1	1	0.030303	68043	0.13712
U2	R	diseased	T:T2	GABPA	33	0	0	0	68043	0
U2	R	diseased	T:T2	HIF1A	33	6	5	0.151515	68043	0.632226
U2	R	diseased	T:T2	HMOX1	33	0	0	0	68043	0
U2	R	diseased	T:T2	ICAM1	33	1	1	0.030303	68043	0.13712
U2	R	diseased	T:T2	IFNG	33	4	3	0.0909091	68043	0.462389
U2	R	diseased	T:T2	IL15	33	1	1	0.030303	68043	0.13712
U2	R	diseased	T:T2	IL1B	33	0	0	0	68043	0
U2	R	diseased	T:T2	IL7	33	0	0	0	68043	0
U2	R	diseased	T:T2	ITGAM	33	0	0	0	68043	0
U2	R	diseased	T:T2	ITGAX	33	0	0	0	68043	0
U2	R	diseased	T:T2	JAK1	33	14	10	0.30303	68043	1.1176
U2	R	diseased	T:T2	LYZ	33	0	0	0	68043	0
U2	R	diseased	T:T2	MAFB	33	0	0	0	68043	0
U2	R	diseased	T:T2	MAP1LC3B	33	11	10	0.30303	68043	0.961885
U2	R	diseased	T:T2	MAPK14	33	0	0	0	68043	0
U2	R	diseased	T:T2	NFKB1	33	10	9	0.272727	68043	0.90408
U2	R	diseased	T:T2	NLRP3	33	1	1	0.030303	68043	0.13712
U2	R	diseased	T:T2	OSM	33	1	1	0.030303	68043	0.13712
U2	R	diseased	T:T2	PARP1	33	3	3	0.0909091	68043	0.365266
U2	R	diseased	T:T2	PIAS1	33	2	2	0.0606061	68043	0.257685
U2	R	diseased	T:T2	PKM	33	8	7	0.212121	68043	0.777363
U2	R	diseased	T:T2	PRKAA1	33	2	2	0.0606061	68043	0.257685
U2	R	diseased	T:T2	PTGS2	33	0	0	0	68043	0
U2	R	diseased	T:T2	RELA	33	5	5	0.151515	68043	0.550909
U2	R	diseased	T:T2	SH3KBP1	33	6	4	0.121212	68043	0.632226
U2	R	diseased	T:T2	SMAD3	33	4	4	0.121212	68043	0.462389
U2	R	diseased	T:T2	SOD1	33	19	16	0.484848	68043	1.33299
U2	R	diseased	T:T2	STAT3	33	18	15	0.454545	68043	1.29346
U2	R	diseased	T:T2	STAT5A	33	7	7	0.212121	68043	0.707425
U2	R	diseased	T:T2	SYK	33	0	0	0	68043	0
U2	R	diseased	T:T2	TLR4	33	0	0	0	68043	0
U2	R	diseased	T:T2	TNF	33	21	9	0.272727	68043	1.40764
U2	R	diseased	T:T3	ACTA2	10	0	0	0	12756	0
U2	R	diseased	T:T3	AHR	10	0	0	0	12756	0
U2	R	diseased	T:T3	AKT1	10	0	0	0	12756	0
U2	R	diseased	T:T3	ARNTL	10	1	1	0.1	12756	0.578827
U2	R	diseased	T:T3	BCL6	10	0	0	0	12756	0
U2	R	diseased	T:T3	BECN1	10	1	1	0.1	12756	0.578827
U2	R	diseased	T:T3	BLNK	10	0	0	0	12756	0
U2	R	diseased	T:T3	BRD4	10	0	0	0	12756	0
U2	R	diseased	T:T3	CAT	10	0	0	0	12756	0
U2	R	diseased	T:T3	CD4	10	0	0	0	12756	0
U2	R	diseased	T:T3	CD86	10	0	0	0	12756	0
U2	R	diseased	T:T3	CREB1	10	0	0	0	12756	0
U2	R	diseased	T:T3	CTNNB1	10	0	0	0	12756	0
U2	R	diseased	T:T3	DNMT1	10	0	0	0	12756	0
U2	R	diseased	T:T3	FOXP3	10	0	0	0	12756	0
U2	R	diseased	T:T3	GABPA	10	1	1	0.1	12756	0.578827
U2	R	diseased	T:T3	HIF1A	10	0	0	0	12756	0
U2	R	diseased	T:T3	HMOX1	10	0	0	0	12756	0
U2	R	diseased	T:T3	ICAM1	10	1	1	0.1	12756	0.578827
U2	R	diseased	T:T3	IFNG	10	0	0	0	12756	0
U2	R	diseased	T:T3	IL15	10	0	0	0	12756	0
U2	R	diseased	T:T3	IL1B	10	0	0	0	12756	0
U2	R	diseased	T:T3	IL7	10	0	0	0	12756	0
U2	R	diseased	T:T3	ITGAM	10	0	0	0	12756	0
U2	R	diseased	T:T3	ITGAX	10	0	0	0	12756	0
U2	R	diseased	T:T3	JAK1	10	6	6	0.6	12756	1.74111
U2	R	diseased	T:T3	LYZ	10	0	0	0	12756	0
U2	R	diseased	T:T3	MAFB	10	0	0	0	12756	0
U2	R	diseased	T:T3	MAP1LC3B	10	1	1	0.1	12756	0.578827
U2	R	diseased	T:T3	MAPK14	10	1	1	0.1	12756	0.578827
U2	R	diseased	T:T3	NFKB1	10	0	0	0	12756	0
U2	R	diseased	T:T3	NLRP3	10	0	0	0	12756	0
U2	R	diseased	T:T3	OSM	10	0	0	0	12756	0
U2	R	diseased	T:T3	PARP1	10	1	1	0.1	12756	0.578827
U2	R	diseased	T:T3	PIAS1	10	0	0	0	12756	0
U2	R	diseased	T:T3	PKM	10	2	2	0.2	12756	0.943084
U2	R	diseased	T:T3	PRKAA1	10	0	0	0	12756	0
U2	R	diseased	T:T3	PTGS2	10	0	0	0	12756	0
U2	R	diseased	T:T3	RELA	10	0	0	0	12756	0
U2	R	diseased	T:T3	SH3KBP1	10	2	1	0.1	12756	0.943084
U2	R	diseased	T:T3	SMAD3	10	0	0	0	12756	0
U2	R	diseased	T:T3	SOD1	10	3	3	0.3	12756	1.20951
U2	R	diseased	T:T3	STAT3	10	1	1	0.1	12756	0.578827
U2	R	diseased	T:T3	STAT5A	10	0	0	0	12756	0
U2	R	diseased	T:T3	SYK	10	0	0	0	12756	0
U2	R	diseased	T:T3	TLR4	10	0	0	0	12756	0
U2	R	diseased	T:T3	TNF	10	1	1	0.1	12756	0.578827
U2	R	diseased	T:T4	ACTA2	7	0	0	0	7183	0
U2	R	diseased	T:T4	AHR	7	0	0	0	7183	0
U2	R	diseased	T:T4	AKT1	7	0	0	0	7183	0
U2	R	diseased	T:T4	ARNTL	7	1	1	0.142857	7183	0.872203
U2	R	diseased	T:T4	BCL6	7	0	0	0	7183	0
U2	R	diseased	T:T4	BECN1	7	0	0	0	7183	0
U2	R	diseased	T:T4	BLNK	7	0	0	0	7183	0
U2	R	diseased	T:T4	BRD4	7	0	0	0	7183	0
U2	R	diseased	T:T4	CAT	7	1	1	0.142857	7183	0.872203
U2	R	diseased	T:T4	CD4	7	0	0	0	7183	0
U2	R	diseased	T:T4	CD86	7	0	0	0	7183	0
U2	R	diseased	T:T4	CREB1	7	0	0	0	7183	0
U2	R	diseased	T:T4	CTNNB1	7	0	0	0	7183	0
U2	R	diseased	T:T4	DNMT1	7	0	0	0	7183	0
U2	R	diseased	T:T4	FOXP3	7	0	0	0	7183	0
U2	R	diseased	T:T4	GABPA	7	0	0	0	7183	0
U2	R	diseased	T:T4	HIF1A	7	1	1	0.142857	7183	0.872203
U2	R	diseased	T:T4	HMOX1	7	0	0	0	7183	0
U2	R	diseased	T:T4	ICAM1	7	0	0	0	7183	0
U2	R	diseased	T:T4	IFNG	7	0	0	0	7183	0
U2	R	diseased	T:T4	IL15	7	0	0	0	7183	0
U2	R	diseased	T:T4	IL1B	7	0	0	0	7183	0
U2	R	diseased	T:T4	IL7	7	0	0	0	7183	0
U2	R	diseased	T:T4	ITGAM	7	0	0	0	7183	0
U2	R	diseased	T:T4	ITGAX	7	0	0	0	7183	0
U2	R	diseased	T:T4	JAK1	7	2	2	0.285714	7183	1.33087
U2	R	diseased	T:T4	LYZ	7	0	0	0	7183	0
U2	R	diseased	T:T4	MAFB	7	0	0	0	7183	0
U2	R	diseased	T:T4	MAP1LC3B	7	0	0	0	7183	0
U2	R	diseased	T:T4	MAPK14	7	0	0	0	7183	0
U2	R	diseased	T:T4	NFKB1	7	0	0	0	7183	0
U2	R	diseased	T:T4	NLRP3	7	0	0	0	7183	0
U2	R	diseased	T:T4	OSM	7	0	0	0	7183	0
U2	R	diseased	T:T4	PARP1	7	0	0	0	7183	0
U2	R	diseased	T:T4	PIAS1	7	0	0	0	7183	0
U2	R	diseased	T:T4	PKM	7	0	0	0	7183	0
U2	R	diseased	T:T4	PRKAA1	7	0	0	0	7183	0
U2	R	diseased	T:T4	PTGS2	7	0	0	0	7183	0
U2	R	diseased	T:T4	RELA	7	0	0	0	7183	0
U2	R	diseased	T:T4	SH3KBP1	7	0	0	0	7183	0
U2	R	diseased	T:T4	SMAD3	7	0	0	0	7183	0
U2	R	diseased	T:T4	SOD1	7	3	3	0.428571	7183	1.64413
U2	R	diseased	T:T4	STAT3	7	1	1	0.142857	7183	0.872203
U2	R	diseased	T:T4	STAT5A	7	0	0	0	7183	0
U2	R	diseased	T:T4	SYK	7	0	0	0	7183	0
U2	R	diseased	T:T4	TLR4	7	0	0	0	7183	0
U2	R	diseased	T:T4	TNF	7	2	2	0.285714	7183	1.33087
U2	R	diseased	T:T5	ACTA2	210	4	4	0.0190476	289083	0.129596
U2	R	diseased	T:T5	AHR	210	24	22	0.104762	289083	0.604431
U2	R	diseased	T:T5	AKT1	210	4	4	0.0190476	289083	0.129596
U2	R	diseased	T:T5	ARNTL	210	8	8	0.0380952	289083	0.244308
U2	R	diseased	T:T5	BCL6	210	0	0	0	289083	0
U2	R	diseased	T:T5	BECN1	210	16	16	0.0761905	289083	0.440494
U2	R	diseased	T:T5	BLNK	210	2	2	0.00952381	289083	0.066896
U2	R	diseased	T:T5	BRD4	210	21	20	0.0952381	289083	0.546059
U2	R	diseased	T:T5	CAT	210	5	5	0.0238095	289083	0.159531
U2	R	diseased	T:T5	CD4	210	21	18	0.0857143	289083	0.546059
U2	R	diseased	T:T5	CD86	210	1	1	0.0047619	289083	0.0340073
U2	R	diseased	T:T5	CREB1	210	10	10	0.047619	289083	0.297079
U2	R	diseased	T:T5	CTNNB1	210	13	12	0.0571429	289083	0.371355
U2	R	diseased	T:T5	DNMT1	210	21	20	0.0952381	289083	0.546059
U2	R	diseased	T:T5	FOXP3	210	10	9	0.0428571	289083	0.297079
U2	R	diseased	T:T5	GABPA	210	5	5	0.0238095	289083	0.159531
U2	R	diseased	T:T5	HIF1A	210	29	25	0.119048	289083	0.694732
U2	R	diseased	T:T5	HMOX1	210	3	2	0.00952381	289083	0.0987374
U2	R	diseased	T:T5	ICAM1	210	3	3	0.0142857	289083	0.0987374
U2	R	diseased	T:T5	IFNG	210	4	3	0.0142857	289083	0.129596
U2	R	diseased	T:T5	IL15	210	2	2	0.00952381	289083	0.066896
U2	R	diseased	T:T5	IL1B	210	0	0	0	289083	0
U2	R	diseased	T:T5	IL7	210	2	2	0.00952381	289083	0.066896
U2	R	diseased	T:T5	ITGAM	210	0	0	0	289083	0
U2	R	diseased	T:T5	ITGAX	210	1	1	0.0047619	289083	0.0340073
U2	R	diseased	T:T5	JAK1	210	92	67	0.319048	289083	1.4309
U2	R	diseased	T:T5	LYZ	210	0	0	0	289083	0
U2	R	diseased	T:T5	MAFB	210	2	2	0.00952381	289083	0.066896
U2	R	diseased	T:T5	MAP1LC3B	210	49	46	0.219048	289083	0.991404
U2	R	diseased	T:T5	MAPK14	210	8	8	0.0380952	289083	0.244308
U2	R	diseased	T:T5	NFKB1	210	18	17	0.0809524	289083	0.484066
U2	R	diseased	T:T5	NLRP3	210	1	1	0.0047619	289083	0.0340073
U2	R	diseased	T:T5	OSM	210	1	1	0.0047619	289083	0.0340073
U2	R	diseased	T:T5	PARP1	210	30	29	0.138095	289083	0.711853
U2	R	diseased	T:T5	PIAS1	210	34	31	0.147619	289083	0.777549
U2	R	diseased	T:T5	PKM	210	67	54	0.257143	289083	1.19926
U2	R	diseased	T:T5	PRKAA1	210	13	13	0.0619048	289083	0.371355
U2	R	diseased	T:T5	PTGS2	210	0	0	0	289083	0
U2	R	diseased	T:T5	RELA	210	8	8	0.0380952	289083	0.244308
U2	R	diseased	T:T5	SH3KBP1	210	34	31	0.147619	289083	0.777549
U2	R	diseased	T:T5	SMAD3	210	9	8	0.0380952	289083	0.271041
U2	R	diseased	T:T5	SOD1	210	109	76	0.361905	289083	1.56246
U2	R	diseased	T:T5	STAT3	210	85	62	0.295238	289083	1.37126
U2	R	diseased	T:T5	STAT5A	210	7	7	0.0333333	289083	0.21684
U2	R	diseased	T:T5	SYK	210	0	0	0	289083	0
U2	R	diseased	T:T5	TLR4	210	0	0	0	289083	0
U2	R	diseased	T:T5	TNF	210	26	21	0.1	289083	0.641536
U2	R	diseased	T:T6	ACTA2	1	1	1	1	1208	2.22766
U2	R	diseased	T:T6	AHR	1	0	0	0	1208	0
U2	R	diseased	T:T6	AKT1	1	0	0	0	1208	0
U2	R	diseased	T:T6	ARNTL	1	0	0	0	1208	0
U2	R	diseased	T:T6	BCL6	1	0	0	0	1208	0
U2	R	diseased	T:T6	BECN1	1	2	1	1	1208	2.86541
U2	R	diseased	T:T6	BLNK	1	0	0	0	1208	0
U2	R	diseased	T:T6	BRD4	1	0	0	0	1208	0
U2	R	diseased	T:T6	CAT	1	0	0	0	1208	0
U2	R	diseased	T:T6	CD4	1	0	0	0	1208	0
U2	R	diseased	T:T6	CD86	1	0	0	0	1208	0
U2	R	diseased	T:T6	CREB1	1	0	0	0	1208	0
U2	R	diseased	T:T6	CTNNB1	1	0	0	0	1208	0
U2	R	diseased	T:T6	DNMT1	1	1	1	1	1208	2.22766
U2	R	diseased	T:T6	FOXP3	1	0	0	0	1208	0
U2	R	diseased	T:T6	GABPA	1	0	0	0	1208	0
U2	R	diseased	T:T6	HIF1A	1	0	0	0	1208	0
U2	R	diseased	T:T6	HMOX1	1	0	0	0	1208	0
U2	R	diseased	T:T6	ICAM1	1	0	0	0	1208	0
U2	R	diseased	T:T6	IFNG	1	0	0	0	1208	0
U2	R	diseased	T:T6	IL15	1	0	0	0	1208	0
U2	R	diseased	T:T6	IL1B	1	0	0	0	1208	0
U2	R	diseased	T:T6	IL7	1	0	0	0	1208	0
U2	R	diseased	T:T6	ITGAM	1	0	0	0	1208	0
U2	R	diseased	T:T6	ITGAX	1	0	0	0	1208	0
U2	R	diseased	T:T6	JAK1	1	0	0	0	1208	0
U2	R	diseased	T:T6	LYZ	1	0	0	0	1208	0
U2	R	diseased	T:T6	MAFB	1	0	0	0	1208	0
U2	R	diseased	T:T6	MAP1LC3B	1	0	0	0	1208	0
U2	R	diseased	T:T6	MAPK14	1	0	0	0	1208	0
U2	R	diseased	T:T6	NFKB1	1	0	0	0	1208	0
U2	R	diseased	T:T6	NLRP3	1	0	0	0	1208	0
U2	R	diseased	T:T6	OSM	1	0	0	0	1208	0
U2	R	diseased	T:T6	PARP1	1	0	0	0	1208	0
U2	R	diseased	T:T6	PIAS1	1	0	0	0	1208	0
U2	R	diseased	T:T6	PKM	1	2	1	1	1208	2.86541
U2	R	diseased	T:T6	PRKAA1	1	0	0	0	1208	0
U2	R	diseased	T:T6	PTGS2	1	0	0	0	1208	0
U2	R	diseased	T:T6	RELA	1	0	0	0	1208	0
U2	R	diseased	T:T6	SH3KBP1	1	2	1	1	1208	2.86541
U2	R	diseased	T:T6	SMAD3	1	0	0	0	1208	0
U2	R	diseased	T:T6	SOD1	1	0	0	0	1208	0
U2	R	diseased	T:T6	STAT3	1	4	1	1	1208	3.52967
U2	R	diseased	T:T6	STAT5A	1	0	0	0	1208	0
U2	R	diseased	T:T6	SYK	1	0	0	0	1208	0
U2	R	diseased	T:T6	TLR4	1	0	0	0	1208	0
U2	R	diseased	T:T6	TNF	1	0	0	0	1208	0
U2	R	diseased	T:T7	ACTA2	23	3	3	0.130435	32553	0.653145
U2	R	diseased	T:T7	AHR	23	4	4	0.173913	32553	0.801448
U2	R	diseased	T:T7	AKT1	23	0	0	0	32553	0
U2	R	diseased	T:T7	ARNTL	23	1	1	0.0434783	32553	0.267881
U2	R	diseased	T:T7	BCL6	23	1	1	0.0434783	32553	0.267881
U2	R	diseased	T:T7	BECN1	23	4	4	0.173913	32553	0.801448
U2	R	diseased	T:T7	BLNK	23	1	1	0.0434783	32553	0.267881
U2	R	diseased	T:T7	BRD4	23	2	2	0.0869565	32553	0.478953
U2	R	diseased	T:T7	CAT	23	2	2	0.0869565	32553	0.478953
U2	R	diseased	T:T7	CD4	23	4	4	0.173913	32553	0.801448
U2	R	diseased	T:T7	CD86	23	0	0	0	32553	0
U2	R	diseased	T:T7	CREB1	23	1	1	0.0434783	32553	0.267881
U2	R	diseased	T:T7	CTNNB1	23	4	2	0.0869565	32553	0.801448
U2	R	diseased	T:T7	DNMT1	23	0	0	0	32553	0
U2	R	diseased	T:T7	FOXP3	23	13	11	0.478261	32553	1.60813
U2	R	diseased	T:T7	GABPA	23	0	0	0	32553	0
U2	R	diseased	T:T7	HIF1A	23	4	4	0.173913	32553	0.801448
U2	R	diseased	T:T7	HMOX1	23	0	0	0	32553	0
U2	R	diseased	T:T7	ICAM1	23	0	0	0	32553	0
U2	R	diseased	T:T7	IFNG	23	0	0	0	32553	0
U2	R	diseased	T:T7	IL15	23	0	0	0	32553	0
U2	R	diseased	T:T7	IL1B	23	1	1	0.0434783	32553	0.267881
U2	R	diseased	T:T7	IL7	23	1	1	0.0434783	32553	0.267881
U2	R	diseased	T:T7	ITGAM	23	0	0	0	32553	0
U2	R	diseased	T:T7	ITGAX	23	0	0	0	32553	0
U2	R	diseased	T:T7	JAK1	23	15	11	0.478261	32553	1.72417
U2	R	diseased	T:T7	LYZ	23	0	0	0	32553	0
U2	R	diseased	T:T7	MAFB	23	0	0	0	32553	0
U2	R	diseased	T:T7	MAP1LC3B	23	4	3	0.130435	32553	0.801448
U2	R	diseased	T:T7	MAPK14	23	0	0	0	32553	0
U2	R	diseased	T:T7	NFKB1	23	1	1	0.0434783	32553	0.267881
U2	R	diseased	T:T7	NLRP3	23	0	0	0	32553	0
U2	R	diseased	T:T7	OSM	23	0	0	0	32553	0
U2	R	diseased	T:T7	PARP1	23	3	2	0.0869565	32553	0.653145
U2	R	diseased	T:T7	PIAS1	23	5	5	0.217391	32553	0.930571
U2	R	diseased	T:T7	PKM	23	20	9	0.391304	32553	1.96625
U2	R	diseased	T:T7	PRKAA1	23	3	3	0.130435	32553	0.653145
U2	R	diseased	T:T7	PTGS2	23	0	0	0	32553	0
U2	R	diseased	T:T7	RELA	23	3	2	0.0869565	32553	0.653145
U2	R	diseased	T:T7	SH3KBP1	23	6	6	0.26087	32553	1.04491
U2	R	diseased	T:T7	SMAD3	23	1	1	0.0434783	32553	0.267881
U2	R	diseased	T:T7	SOD1	23	13	9	0.391304	32553	1.60813
U2	R	diseased	T:T7	STAT3	23	14	10	0.434783	32553	1.66783
U2	R	diseased	T:T7	STAT5A	23	1	1	0.0434783	32553	0.267881
U2	R	diseased	T:T7	SYK	23	0	0	0	32553	0
U2	R	diseased	T:T7	TLR4	23	0	0	0	32553	0
U2	R	diseased	T:T7	TNF	23	2	1	0.0434783	32553	0.478953
U2	R	diseased	T:T8	ACTA2	8	0	0	0	8123	0
U2	R	diseased	T:T8	AHR	8	1	1	0.125	8123	0.802482
U2	R	diseased	T:T8	AKT1	8	0	0	0	8123	0
U2	R	diseased	T:T8	ARNTL	8	1	1	0.125	8123	0.802482
U2	R	diseased	T:T8	BCL6	8	0	0	0	8123	0
U2	R	diseased	T:T8	BECN1	8	1	1	0.125	8123	0.802482
U2	R	diseased	T:T8	BLNK	8	0	0	0	8123	0
U2	R	diseased	T:T8	BRD4	8	1	1	0.125	8123	0.802482
U2	R	diseased	T:T8	CAT	8	0	0	0	8123	0
U2	R	diseased	T:T8	CD4	8	0	0	0	8123	0
U2	R	diseased	T:T8	CD86	8	0	0	0	8123	0
U2	R	diseased	T:T8	CREB1	8	0	0	0	8123	0
U2	R	diseased	T:T8	CTNNB1	8	0	0	0	8123	0
U2	R	diseased	T:T8	DNMT1	8	0	0	0	8123	0
U2	R	diseased	T:T8	FOXP3	8	0	0	0	8123	0
U2	R	diseased	T:T8	GABPA	8	0	0	0	8123	0
U2	R	diseased	T:T8	HIF1A	8	0	0	0	8123	0
U2	R	diseased	T:T8	HMOX1	8	0	0	0	8123	0
U2	R	diseased	T:T8	ICAM1	8	0	0	0	8123	0
U2	R	diseased	T:T8	IFNG	8	2	2	0.25	8123	1.24189
U2	R	diseased	T:T8	IL15	8	0	0	0	8123	0
U2	R	diseased	T:T8	IL1B	8	0	0	0	8123	0
U2	R	diseased	T:T8	IL7	8	0	0	0	8123	0
U2	R	diseased	T:T8	ITGAM	8	0	0	0	8123	0
U2	R	diseased	T:T8	ITGAX	8	0	0	0	8123	0
U2	R	diseased	T:T8	JAK1	8	3	2	0.25	8123	1.54612
U2	R	diseased	T:T8	LYZ	8	0	0	0	8123	0
U2	R	diseased	T:T8	MAFB	8	0	0	0	8123	0
U2	R	diseased	T:T8	MAP1LC3B	8	0	0	0	8123	0
U2	R	diseased	T:T8	MAPK14	8	0	0	0	8123	0
U2	R	diseased	T:T8	NFKB1	8	0	0	0	8123	0
U2	R	diseased	T:T8	NLRP3	8	0	0	0	8123	0
U2	R	diseased	T:T8	OSM	8	0	0	0	8123	0
U2	R	diseased	T:T8	PARP1	8	2	2	0.25	8123	1.24189
U2	R	diseased	T:T8	PIAS1	8	0	0	0	8123	0
U2	R	diseased	T:T8	PKM	8	1	1	0.125	8123	0.802482
U2	R	diseased	T:T8	PRKAA1	8	0	0	0	8123	0
U2	R	diseased	T:T8	PTGS2	8	0	0	0	8123	0
U2	R	diseased	T:T8	RELA	8	0	0	0	8123	0
U2	R	diseased	T:T8	SH3KBP1	8	0	0	0	8123	0
U2	R	diseased	T:T8	SMAD3	8	0	0	0	8123	0
U2	R	diseased	T:T8	SOD1	8	1	1	0.125	8123	0.802482
U2	R	diseased	T:T8	STAT3	8	0	0	0	8123	0
U2	R	diseased	T:T8	STAT5A	8	0	0	0	8123	0
U2	R	diseased	T:T8	SYK	8	0	0	0	8123	0
U2	R	diseased	T:T8	TLR4	8	0	0	0	8123	0
U2	R	diseased	T:T8	TNF	8	5	2	0.25	8123	1.96786
U2	R	diseased	T:T9	ACTA2	2	0	0	0	3459	0
U2	R	diseased	T:T9	AHR	2	0	0	0	3459	0
U2	R	diseased	T:T9	AKT1	2	0	0	0	3459	0
U2	R	diseased	T:T9	ARNTL	2	0	0	0	3459	0
U2	R	diseased	T:T9	BCL6	2	0	0	0	3459	0
U2	R	diseased	T:T9	BECN1	2	1	1	0.5	3459	1.35867
U2	R	diseased	T:T9	BLNK	2	0	0	0	3459	0
U2	R	diseased	T:T9	BRD4	2	0	0	0	3459	0
U2	R	diseased	T:T9	CAT	2	0	0	0	3459	0
U2	R	diseased	T:T9	CD4	2	0	0	0	3459	0
U2	R	diseased	T:T9	CD86	2	0	0	0	3459	0
U2	R	diseased	T:T9	CREB1	2	0	0	0	3459	0
U2	R	diseased	T:T9	CTNNB1	2	0	0	0	3459	0
U2	R	diseased	T:T9	DNMT1	2	0	0	0	3459	0
U2	R	diseased	T:T9	FOXP3	2	0	0	0	3459	0
U2	R	diseased	T:T9	GABPA	2	0	0	0	3459	0
U2	R	diseased	T:T9	HIF1A	2	1	1	0.5	3459	1.35867
U2	R	diseased	T:T9	HMOX1	2	0	0	0	3459	0
U2	R	diseased	T:T9	ICAM1	2	0	0	0	3459	0
U2	R	diseased	T:T9	IFNG	2	0	0	0	3459	0
U2	R	diseased	T:T9	IL15	2	0	0	0	3459	0
U2	R	diseased	T:T9	IL1B	2	0	0	0	3459	0
U2	R	diseased	T:T9	IL7	2	0	0	0	3459	0
U2	R	diseased	T:T9	ITGAM	2	0	0	0	3459	0
U2	R	diseased	T:T9	ITGAX	2	0	0	0	3459	0
U2	R	diseased	T:T9	JAK1	2	0	0	0	3459	0
U2	R	diseased	T:T9	LYZ	2	0	0	0	3459	0
U2	R	diseased	T:T9	MAFB	2	0	0	0	3459	0
U2	R	diseased	T:T9	MAP1LC3B	2	0	0	0	3459	0
U2	R	diseased	T:T9	MAPK14	2	0	0	0	3459	0
U2	R	diseased	T:T9	NFKB1	2	0	0	0	3459	0
U2	R	diseased	T:T9	NLRP3	2	0	0	0	3459	0
U2	R	diseased	T:T9	OSM	2	0	0	0	3459	0
U2	R	diseased	T:T9	PARP1	2	0	0	0	3459	0
U2	R	diseased	T:T9	PIAS1	2	0	0	0	3459	0
U2	R	diseased	T:T9	PKM	2	0	0	0	3459	0
U2	R	diseased	T:T9	PRKAA1	2	0	0	0	3459	0
U2	R	diseased	T:T9	PTGS2	2	0	0	0	3459	0
U2	R	diseased	T:T9	RELA	2	0	0	0	3459	0
U2	R	diseased	T:T9	SH3KBP1	2	0	0	0	3459	0
U2	R	diseased	T:T9	SMAD3	2	0	0	0	3459	0
U2	R	diseased	T:T9	SOD1	2	3	2	1	3459	2.26934
U2	R	diseased	T:T9	STAT3	2	1	1	0.5	3459	1.35867
U2	R	diseased	T:T9	STAT5A	2	0	0	0	3459	0
U2	R	diseased	T:T9	SYK	2	0	0	0	3459	0
U2	R	diseased	T:T9	TLR4	2	0	0	0	3459	0
U2	R	diseased	T:T9	TNF	2	0	0	0	3459	0
U2	R	diseased	unknown	ACTA2	1576	39	31	0.0196701	2.5696e+06	0.141304
U2	R	diseased	unknown	AHR	1576	155	137	0.0869289	2.5696e+06	0.472006
U2	R	diseased	unknown	AKT1	1576	30	29	0.018401	2.5696e+06	0.110422
U2	R	diseased	unknown	ARNTL	1576	41	40	0.0253807	2.5696e+06	0.148039
U2	R	diseased	unknown	BCL6	1576	47	46	0.0291878	2.5696e+06	0.167976
U2	R	diseased	unknown	BECN1	1576	114	108	0.0685279	2.5696e+06	0.367174
U2	R	diseased	unknown	BLNK	1576	165	152	0.0964467	2.5696e+06	0.49599
U2	R	diseased	unknown	BRD4	1576	208	187	0.118655	2.5696e+06	0.593031
U2	R	diseased	unknown	CAT	1576	85	82	0.0520305	2.5696e+06	0.285773
U2	R	diseased	unknown	CD4	1576	103	90	0.0571066	2.5696e+06	0.337073
U2	R	diseased	unknown	CD86	1576	43	39	0.0247462	2.5696e+06	0.154729
U2	R	diseased	unknown	CREB1	1576	109	103	0.0653553	2.5696e+06	0.353604
U2	R	diseased	unknown	CTNNB1	1576	104	96	0.0609137	2.5696e+06	0.339847
U2	R	diseased	unknown	DNMT1	1576	170	137	0.0869289	2.5696e+06	0.50777
U2	R	diseased	unknown	FOXP3	1576	35	27	0.017132	2.5696e+06	0.127696
U2	R	diseased	unknown	GABPA	1576	25	25	0.0158629	2.5696e+06	0.0928448
U2	R	diseased	unknown	HIF1A	1576	310	266	0.168782	2.5696e+06	0.791369
U2	R	diseased	unknown	HMOX1	1576	29	25	0.0158629	2.5696e+06	0.106932
U2	R	diseased	unknown	ICAM1	1576	138	119	0.0755076	2.5696e+06	0.429864
U2	R	diseased	unknown	IFNG	1576	110	66	0.0418782	2.5696e+06	0.356333
U2	R	diseased	unknown	IL15	1576	21	20	0.0126904	2.5696e+06	0.0785568
U2	R	diseased	unknown	IL1B	1576	35	8	0.00507614	2.5696e+06	0.127696
U2	R	diseased	unknown	IL7	1576	34	34	0.0215736	2.5696e+06	0.124265
U2	R	diseased	unknown	ITGAM	1576	25	24	0.0152284	2.5696e+06	0.0928448
U2	R	diseased	unknown	ITGAX	1576	24	22	0.0139594	2.5696e+06	0.0892919
U2	R	diseased	unknown	JAK1	1576	650	494	0.313452	2.5696e+06	1.26118
U2	R	diseased	unknown	LYZ	1576	118	11	0.0069797	2.5696e+06	0.377899
U2	R	diseased	unknown	MAFB	1576	6	6	0.00380711	2.5696e+06	0.0230815
U2	R	diseased	unknown	MAP1LC3B	1576	554	440	0.279188	2.5696e+06	1.1493
U2	R	diseased	unknown	MAPK14	1576	41	41	0.0260152	2.5696e+06	0.148039
U2	R	diseased	unknown	NFKB1	1576	180	168	0.106599	2.5696e+06	0.530921
U2	R	diseased	unknown	NLRP3	1576	3	3	0.00190355	2.5696e+06	0.0116073
U2	R	diseased	unknown	OSM	1576	15	14	0.00888325	2.5696e+06	0.0567346
U2	R	diseased	unknown	PARP1	1576	460	320	0.203046	2.5696e+06	1.0261
U2	R	diseased	unknown	PIAS1	1576	205	194	0.123096	2.5696e+06	0.586558
U2	R	diseased	unknown	PKM	1576	656	418	0.265228	2.5696e+06	1.26777
U2	R	diseased	unknown	PRKAA1	1576	76	73	0.0463198	2.5696e+06	0.259102
U2	R	diseased	unknown	PTGS2	1576	6	6	0.00380711	2.5696e+06	0.0230815
U2	R	diseased	unknown	RELA	1576	73	70	0.0444162	2.5696e+06	0.250051
U2	R	diseased	unknown	SH3KBP1	1576	264	228	0.14467	2.5696e+06	0.706753
U2	R	diseased	unknown	SMAD3	1576	70	69	0.0437817	2.5696e+06	0.240917
U2	R	diseased	unknown	SOD1	1576	620	469	0.297589	2.5696e+06	1.22754
U2	R	diseased	unknown	STAT3	1576	528	410	0.260152	2.5696e+06	1.11671
U2	R	diseased	unknown	STAT5A	1576	57	55	0.0348985	2.5696e+06	0.200345
U2	R	diseased	unknown	SYK	1576	158	136	0.0862944	2.5696e+06	0.479262
U2	R	diseased	unknown	TLR4	1576	0	0	0	2.5696e+06	0
U2	R	diseased	unknown	TNF	1576	409	226	0.143401	2.5696e+06	0.952309
U3	R	diseased	B	ACTA2	1075	9	8	0.00744186	4.33733e+06	0.0205377
U3	R	diseased	B	AHR	1075	48	45	0.0418605	4.33733e+06	0.104961
U3	R	diseased	B	AKT1	1075	27	27	0.0251163	4.33733e+06	0.0603895
U3	R	diseased	B	ARNTL	1075	18	17	0.015814	4.33733e+06	0.0406622
U3	R	diseased	B	BCL6	1075	40	39	0.0362791	4.33733e+06	0.0882147
U3	R	diseased	B	BECN1	1075	105	97	0.0902326	4.33733e+06	0.216791
U3	R	diseased	B	BLNK	1075	394	316	0.293953	4.33733e+06	0.646261
U3	R	diseased	B	BRD4	1075	129	118	0.109767	4.33733e+06	0.260376
U3	R	diseased	B	CAT	1075	85	80	0.0744186	4.33733e+06	0.17896
U3	R	diseased	B	CD4	1075	1	1	0.000930233	4.33733e+06	0.00230291
U3	R	diseased	B	CD86	1075	59	53	0.0493023	4.33733e+06	0.127538
U3	R	diseased	B	CREB1	1075	99	92	0.0855814	4.33733e+06	0.205591
U3	R	diseased	B	CTNNB1	1075	80	75	0.0697674	4.33733e+06	0.169275
U3	R	diseased	B	DNMT1	1075	65	60	0.055814	4.33733e+06	0.139642
U3	R	diseased	B	FOXP3	1075	1	1	0.000930233	4.33733e+06	0.00230291
U3	R	diseased	B	GABPA	1075	36	36	0.0334884	4.33733e+06	0.0797353
U3	R	diseased	B	HIF1A	1075	341	268	0.249302	4.33733e+06	0.580089
U3	R	diseased	B	HMOX1	1075	16	13	0.012093	4.33733e+06	0.0362249
U3	R	diseased	B	ICAM1	1075	168	141	0.131163	4.33733e+06	0.327385
U3	R	diseased	B	IFNG	1075	17	13	0.012093	4.33733e+06	0.038446
U3	R	diseased	B	IL15	1075	41	40	0.0372093	4.33733e+06	0.0903234
U3	R	diseased	B	IL1B	1075	3	3	0.0027907	4.33733e+06	0.00689289
U3	R	diseased	B	IL7	1075	40	40	0.0372093	4.33733e+06	0.0882147
U3	R	diseased	B	ITGAM	1075	20	20	0.0186047	4.33733e+06	0.0450798
U3	R	diseased	B	ITGAX	1075	13	12	0.0111628	4.33733e+06	0.029532
U3	R	diseased	B	JAK1	1075	467	347	0.322791	4.33733e+06	0.73078
U3	R	diseased	B	LYZ	1075	15	5	0.00465116	4.33733e+06	0.0339989
U3	R	diseased	B	MAFB	1075	2	1	0.000930233	4.33733e+06	0.00460053
U3	R	diseased	B	MAP1LC3B	1075	638	433	0.402791	4.33733e+06	0.904603
U3	R	diseased	B	MAPK14	1075	12	12	0.0111628	4.33733e+06	0.027291
U3	R	diseased	B	NFKB1	1075	51	47	0.0437209	4.33733e+06	0.111169
U3	R	diseased	B	NLRP3	1075	2	2	0.00186047	4.33733e+06	0.00460053
U3	R	diseased	B	OSM	1075	2	2	0.00186047	4.33733e+06	0.00460053
U3	R	diseased	B	PARP1	1075	318	256	0.23814	4.33733e+06	0.549952
U3	R	diseased	B	PIAS1	1075	188	167	0.155349	4.33733e+06	0.360082
U3	R	diseased	B	PKM	1075	372	290	0.269767	4.33733e+06	0.619323
U3	R	diseased	B	PRKAA1	1075	51	47	0.0437209	4.33733e+06	0.111169
U3	R	diseased	B	PTGS2	1075	1	1	0.000930233	4.33733e+06	0.00230291
U3	R	diseased	B	RELA	1075	100	91	0.0846512	4.33733e+06	0.207467
U3	R	diseased	B	SH3KBP1	1075	160	140	0.130233	4.33733e+06	0.314001
U3	R	diseased	B	SMAD3	1075	37	37	0.0344186	4.33733e+06	0.0818619
U3	R	diseased	B	SOD1	1075	517	389	0.36186	4.33733e+06	0.784804
U3	R	diseased	B	STAT3	1075	285	243	0.226047	4.33733e+06	0.505061
U3	R	diseased	B	STAT5A	1075	35	33	0.0306977	4.33733e+06	0.0776042
U3	R	diseased	B	SYK	1075	227	197	0.183256	4.33733e+06	0.420921
U3	R	diseased	B	TLR4	1075	3	3	0.0027907	4.33733e+06	0.00689289
U3	R	diseased	B	TNF	1075	175	87	0.0809302	4.33733e+06	0.338951
U3	R	diseased	B:B1	ACTA2	283	1	1	0.00353357	1.75882e+06	0.00566953
U3	R	diseased	B:B1	AHR	283	9	8	0.0282686	1.75882e+06	0.0499045
U3	R	diseased	B:B1	AKT1	283	9	9	0.0318021	1.75882e+06	0.0499045
U3	R	diseased	B:B1	ARNTL	283	6	5	0.0176678	1.75882e+06	0.0335448
U3	R	diseased	B:B1	BCL6	283	10	10	0.0353357	1.75882e+06	0.0552988
U3	R	diseased	B:B1	BECN1	283	21	19	0.0671378	1.75882e+06	0.112791
U3	R	diseased	B:B1	BLNK	283	109	86	0.303887	1.75882e+06	0.482262
U3	R	diseased	B:B1	BRD4	283	31	28	0.0989399	1.75882e+06	0.162335
U3	R	diseased	B:B1	CAT	283	12	12	0.0424028	1.75882e+06	0.0660008
U3	R	diseased	B:B1	CD4	283	1	1	0.00353357	1.75882e+06	0.00566953
U3	R	diseased	B:B1	CD86	283	7	7	0.024735	1.75882e+06	0.0390278
U3	R	diseased	B:B1	CREB1	283	25	23	0.0812721	1.75882e+06	0.132904
U3	R	diseased	B:B1	CTNNB1	283	19	18	0.0636042	1.75882e+06	0.102581
U3	R	diseased	B:B1	DNMT1	283	17	15	0.0530035	1.75882e+06	0.0922653
U3	R	diseased	B:B1	FOXP3	283	0	0	0	1.75882e+06	0
U3	R	diseased	B:B1	GABPA	283	10	10	0.0353357	1.75882e+06	0.0552988
U3	R	diseased	B:B1	HIF1A	283	63	56	0.19788	1.75882e+06	0.306157
U3	R	diseased	B:B1	HMOX1	283	2	2	0.00706714	1.75882e+06	0.0113071
U3	R	diseased	B:B1	ICAM1	283	30	27	0.0954064	1.75882e+06	0.15749
U3	R	diseased	B:B1	IFNG	283	3	3	0.0106007	1.75882e+06	0.0169131
U3	R	diseased	B:B1	IL15	283	17	16	0.0565371	1.75882e+06	0.0922653
U3	R	diseased	B:B1	IL1B	283	1	1	0.00353357	1.75882e+06	0.00566953
U3	R	diseased	B:B1	IL7	283	4	4	0.0141343	1.75882e+06	0.0224878
U3	R	diseased	B:B1	ITGAM	283	0	0	0	1.75882e+06	0
U3	R	diseased	B:B1	ITGAX	283	2	2	0.00706714	1.75882e+06	0.0113071
U3	R	diseased	B:B1	JAK1	283	71	61	0.215548	1.75882e+06	0.339097
U3	R	diseased	B:B1	LYZ	283	3	3	0.0106007	1.75882e+06	0.0169131
U3	R	diseased	B:B1	MAFB	283	2	1	0.00353357	1.75882e+06	0.0113071
U3	R	diseased	B:B1	MAP1LC3B	283	173	111	0.392226	1.75882e+06	0.684921
U3	R	diseased	B:B1	MAPK14	283	7	7	0.024735	1.75882e+06	0.0390278
U3	R	diseased	B:B1	NFKB1	283	5	5	0.0176678	1.75882e+06	0.0280316
U3	R	diseased	B:B1	NLRP3	283	0	0	0	1.75882e+06	0
U3	R	diseased	B:B1	OSM	283	0	0	0	1.75882e+06	0
U3	R	diseased	B:B1	PARP1	283	94	73	0.257951	1.75882e+06	0.428172
U3	R	diseased	B:B1	PIAS1	283	30	29	0.102473	1.75882e+06	0.15749
U3	R	diseased	B:B1	PKM	283	96	72	0.254417	1.75882e+06	0.435555
U3	R	diseased	B:B1	PRKAA1	283	9	9	0.0318021	1.75882e+06	0.0499045
U3	R	diseased	B:B1	PTGS2	283	0	0	0	1.75882e+06	0
U3	R	diseased	B:B1	RELA	283	34	31	0.109541	1.75882e+06	0.176732
U3	R	diseased	B:B1	SH3KBP1	283	17	16	0.0565371	1.75882e+06	0.0922653
U3	R	diseased	B:B1	SMAD3	283	1	1	0.00353357	1.75882e+06	0.00566953
U3	R	diseased	B:B1	SOD1	283	134	98	0.34629	1.75882e+06	0.566379
U3	R	diseased	B:B1	STAT3	283	54	49	0.173145	1.75882e+06	0.267753
U3	R	diseased	B:B1	STAT5A	283	5	5	0.0176678	1.75882e+06	0.0280316
U3	R	diseased	B:B1	SYK	283	45	40	0.141343	1.75882e+06	0.227815
U3	R	diseased	B:B1	TLR4	283	0	0	0	1.75882e+06	0
U3	R	diseased	B:B1	TNF	283	1	1	0.00353357	1.75882e+06	0.00566953
U3	R	diseased	B:B10	ACTA2	21	1	1	0.047619	147035	0.0657981
U3	R	diseased	B:B10	AHR	21	1	1	0.047619	147035	0.0657981
U3	R	diseased	B:B10	AKT1	21	0	0	0	147035	0
U3	R	diseased	B:B10	ARNTL	21	0	0	0	147035	0
U3	R	diseased	B:B10	BCL6	21	0	0	0	147035	0
U3	R	diseased	B:B10	BECN1	21	4	2	0.0952381	147035	0.240625
U3	R	diseased	B:B10	BLNK	21	10	9	0.428571	147035	0.518859
U3	R	diseased	B:B10	BRD4	21	2	2	0.0952381	147035	0.127533
U3	R	diseased	B:B10	CAT	21	3	2	0.0952381	147035	0.185677
U3	R	diseased	B:B10	CD4	21	0	0	0	147035	0
U3	R	diseased	B:B10	CD86	21	0	0	0	147035	0
U3	R	diseased	B:B10	CREB1	21	1	1	0.047619	147035	0.0657981
U3	R	diseased	B:B10	CTNNB1	21	1	1	0.047619	147035	0.0657981
U3	R	diseased	B:B10	DNMT1	21	0	0	0	147035	0
U3	R	diseased	B:B10	FOXP3	21	0	0	0	147035	0
U3	R	diseased	B:B10	GABPA	21	1	1	0.047619	147035	0.0657981
U3	R	diseased	B:B10	HIF1A	21	0	0	0	147035	0
U3	R	diseased	B:B10	HMOX1	21	0	0	0	147035	0
U3	R	diseased	B:B10	ICAM1	21	4	2	0.0952381	147035	0.240625
U3	R	diseased	B:B10	IFNG	21	0	0	0	147035	0
U3	R	diseased	B:B10	IL15	21	2	2	0.0952381	147035	0.127533
U3	R	diseased	B:B10	IL1B	21	0	0	0	147035	0
U3	R	diseased	B:B10	IL7	21	0	0	0	147035	0
U3	R	diseased	B:B10	ITGAM	21	0	0	0	147035	0
U3	R	diseased	B:B10	ITGAX	21	0	0	0	147035	0
U3	R	diseased	B:B10	JAK1	21	4	4	0.190476	147035	0.240625
U3	R	diseased	B:B10	LYZ	21	0	0	0	147035	0
U3	R	diseased	B:B10	MAFB	21	0	0	0	147035	0
U3	R	diseased	B:B10	MAP1LC3B	21	7	6	0.285714	147035	0.389388
U3	R	diseased	B:B10	MAPK14	21	0	0	0	147035	0
U3	R	diseased	B:B10	NFKB1	21	1	1	0.047619	147035	0.0657981
U3	R	diseased	B:B10	NLRP3	21	0	0	0	147035	0
U3	R	diseased	B:B10	OSM	21	0	0	0	147035	0
U3	R	diseased	B:B10	PARP1	21	4	3	0.142857	147035	0.240625
U3	R	diseased	B:B10	PIAS1	21	1	1	0.047619	147035	0.0657981
U3	R	diseased	B:B10	PKM	21	4	4	0.190476	147035	0.240625
U3	R	diseased	B:B10	PRKAA1	21	0	0	0	147035	0
U3	R	diseased	B:B10	PTGS2	21	0	0	0	147035	0
U3	R	diseased	B:B10	RELA	21	1	1	0.047619	147035	0.0657981
U3	R	diseased	B:B10	SH3KBP1	21	0	0	0	147035	0
U3	R	diseased	B:B10	SMAD3	21	0	0	0	147035	0
U3	R	diseased	B:B10	SOD1	21	11	7	0.333333	147035	0.558542
U3	R	diseased	B:B10	STAT3	21	5	3	0.142857	147035	0.292711
U3	R	diseased	B:B10	STAT5A	21	1	1	0.047619	147035	0.0657981
U3	R	diseased	B:B10	SYK	21	0	0	0	147035	0
U3	R	diseased	B:B10	TLR4	21	0	0	0	147035	0
U3	R	diseased	B:B10	TNF	21	0	0	0	147035	0
U3	R	diseased	B:B11	ACTA2	14	0	0	0	112225	0
U3	R	diseased	B:B11	AHR	14	0	0	0	112225	0
U3	R	diseased	B:B11	AKT1	14	0	0	0	112225	0
U3	R	diseased	B:B11	ARNTL	14	0	0	0	112225	0
U3	R	diseased	B:B11	BCL6	14	0	0	0	112225	0
U3	R	diseased	B:B11	BECN1	14	1	1	0.0714286	112225	0.0853578
U3	R	diseased	B:B11	BLNK	14	4	3	0.214286	112225	0.304854
U3	R	diseased	B:B11	BRD4	14	1	1	0.0714286	112225	0.0853578
U3	R	diseased	B:B11	CAT	14	5	4	0.285714	112225	0.368478
U3	R	diseased	B:B11	CD4	14	0	0	0	112225	0
U3	R	diseased	B:B11	CD86	14	2	2	0.142857	112225	0.163999
U3	R	diseased	B:B11	CREB1	14	0	0	0	112225	0
U3	R	diseased	B:B11	CTNNB1	14	0	0	0	112225	0
U3	R	diseased	B:B11	DNMT1	14	0	0	0	112225	0
U3	R	diseased	B:B11	FOXP3	14	0	0	0	112225	0
U3	R	diseased	B:B11	GABPA	14	1	1	0.0714286	112225	0.0853578
U3	R	diseased	B:B11	HIF1A	14	4	3	0.214286	112225	0.304854
U3	R	diseased	B:B11	HMOX1	14	0	0	0	112225	0
U3	R	diseased	B:B11	ICAM1	14	9	6	0.428571	112225	0.588875
U3	R	diseased	B:B11	IFNG	14	0	0	0	112225	0
U3	R	diseased	B:B11	IL15	14	0	0	0	112225	0
U3	R	diseased	B:B11	IL1B	14	0	0	0	112225	0
U3	R	diseased	B:B11	IL7	14	0	0	0	112225	0
U3	R	diseased	B:B11	ITGAM	14	0	0	0	112225	0
U3	R	diseased	B:B11	ITGAX	14	0	0	0	112225	0
U3	R	diseased	B:B11	JAK1	14	2	2	0.142857	112225	0.163999
U3	R	diseased	B:B11	LYZ	14	0	0	0	112225	0
U3	R	diseased	B:B11	MAFB	14	0	0	0	112225	0
U3	R	diseased	B:B11	MAP1LC3B	14	6	5	0.357143	112225	0.428296
U3	R	diseased	B:B11	MAPK14	14	0	0	0	112225	0
U3	R	diseased	B:B11	NFKB1	14	0	0	0	112225	0
U3	R	diseased	B:B11	NLRP3	14	0	0	0	112225	0
U3	R	diseased	B:B11	OSM	14	0	0	0	112225	0
U3	R	diseased	B:B11	PARP1	14	5	4	0.285714	112225	0.368478
U3	R	diseased	B:B11	PIAS1	14	1	1	0.0714286	112225	0.0853578
U3	R	diseased	B:B11	PKM	14	5	5	0.357143	112225	0.368478
U3	R	diseased	B:B11	PRKAA1	14	2	2	0.142857	112225	0.163999
U3	R	diseased	B:B11	PTGS2	14	0	0	0	112225	0
U3	R	diseased	B:B11	RELA	14	0	0	0	112225	0
U3	R	diseased	B:B11	SH3KBP1	14	2	2	0.142857	112225	0.163999
U3	R	diseased	B:B11	SMAD3	14	0	0	0	112225	0
U3	R	diseased	B:B11	SOD1	14	9	9	0.642857	112225	0.588875
U3	R	diseased	B:B11	STAT3	14	2	2	0.142857	112225	0.163999
U3	R	diseased	B:B11	STAT5A	14	0	0	0	112225	0
U3	R	diseased	B:B11	SYK	14	1	1	0.0714286	112225	0.0853578
U3	R	diseased	B:B11	TLR4	14	0	0	0	112225	0
U3	R	diseased	B:B11	TNF	14	0	0	0	112225	0
U3	R	diseased	B:B12	ACTA2	15	0	0	0	66048	0
U3	R	diseased	B:B12	AHR	15	0	0	0	66048	0
U3	R	diseased	B:B12	AKT1	15	2	2	0.133333	66048	0.264524
U3	R	diseased	B:B12	ARNTL	15	0	0	0	66048	0
U3	R	diseased	B:B12	BCL6	15	0	0	0	66048	0
U3	R	diseased	B:B12	BECN1	15	1	1	0.0666667	66048	0.140983
U3	R	diseased	B:B12	BLNK	15	4	4	0.266667	66048	0.47351
U3	R	diseased	B:B12	BRD4	15	1	1	0.0666667	66048	0.140983
U3	R	diseased	B:B12	CAT	15	0	0	0	66048	0
U3	R	diseased	B:B12	CD4	15	0	0	0	66048	0
U3	R	diseased	B:B12	CD86	15	0	0	0	66048	0
U3	R	diseased	B:B12	CREB1	15	2	1	0.0666667	66048	0.264524
U3	R	diseased	B:B12	CTNNB1	15	2	2	0.133333	66048	0.264524
U3	R	diseased	B:B12	DNMT1	15	2	2	0.133333	66048	0.264524
U3	R	diseased	B:B12	FOXP3	15	0	0	0	66048	0
U3	R	diseased	B:B12	GABPA	15	0	0	0	66048	0
U3	R	diseased	B:B12	HIF1A	15	2	2	0.133333	66048	0.264524
U3	R	diseased	B:B12	HMOX1	15	0	0	0	66048	0
U3	R	diseased	B:B12	ICAM1	15	0	0	0	66048	0
U3	R	diseased	B:B12	IFNG	15	1	1	0.0666667	66048	0.140983
U3	R	diseased	B:B12	IL15	15	0	0	0	66048	0
U3	R	diseased	B:B12	IL1B	15	0	0	0	66048	0
U3	R	diseased	B:B12	IL7	15	0	0	0	66048	0
U3	R	diseased	B:B12	ITGAM	15	0	0	0	66048	0
U3	R	diseased	B:B12	ITGAX	15	0	0	0	66048	0
U3	R	diseased	B:B12	JAK1	15	6	5	0.333333	66048	0.646281
U3	R	diseased	B:B12	LYZ	15	0	0	0	66048	0
U3	R	diseased	B:B12	MAFB	15	0	0	0	66048	0
U3	R	diseased	B:B12	MAP1LC3B	15	9	5	0.333333	66048	0.859782
U3	R	diseased	B:B12	MAPK14	15	0	0	0	66048	0
U3	R	diseased	B:B12	NFKB1	15	2	2	0.133333	66048	0.264524
U3	R	diseased	B:B12	NLRP3	15	0	0	0	66048	0
U3	R	diseased	B:B12	OSM	15	0	0	0	66048	0
U3	R	diseased	B:B12	PARP1	15	1	1	0.0666667	66048	0.140983
U3	R	diseased	B:B12	PIAS1	15	1	1	0.0666667	66048	0.140983
U3	R	diseased	B:B12	PKM	15	4	3	0.2	66048	0.47351
U3	R	diseased	B:B12	PRKAA1	15	1	1	0.0666667	66048	0.140983
U3	R	diseased	B:B12	PTGS2	15	0	0	0	66048	0
U3	R	diseased	B:B12	RELA	15	2	1	0.0666667	66048	0.264524
U3	R	diseased	B:B12	SH3KBP1	15	0	0	0	66048	0
U3	R	diseased	B:B12	SMAD3	15	0	0	0	66048	0
U3	R	diseased	B:B12	SOD1	15	5	4	0.266667	66048	0.563622
U3	R	diseased	B:B12	STAT3	15	5	4	0.266667	66048	0.563622
U3	R	diseased	B:B12	STAT5A	15	0	0	0	66048	0
U3	R	diseased	B:B12	SYK	15	2	2	0.133333	66048	0.264524
U3	R	diseased	B:B12	TLR4	15	0	0	0	66048	0
U3	R	diseased	B:B12	TNF	15	0	0	0	66048	0
U3	R	diseased	B:B13	ACTA2	6	0	0	0	20068	0
U3	R	diseased	B:B13	AHR	6	0	0	0	20068	0
U3	R	diseased	B:B13	AKT1	6	0	0	0	20068	0
U3	R	diseased	B:B13	ARNTL	6	0	0	0	20068	0
U3	R	diseased	B:B13	BCL6	6	0	0	0	20068	0
U3	R	diseased	B:B13	BECN1	6	1	1	0.166667	20068	0.404335
U3	R	diseased	B:B13	BLNK	6	1	1	0.166667	20068	0.404335
U3	R	diseased	B:B13	BRD4	6	0	0	0	20068	0
U3	R	diseased	B:B13	CAT	6	0	0	0	20068	0
U3	R	diseased	B:B13	CD4	6	0	0	0	20068	0
U3	R	diseased	B:B13	CD86	6	0	0	0	20068	0
U3	R	diseased	B:B13	CREB1	6	0	0	0	20068	0
U3	R	diseased	B:B13	CTNNB1	6	0	0	0	20068	0
U3	R	diseased	B:B13	DNMT1	6	1	1	0.166667	20068	0.404335
U3	R	diseased	B:B13	FOXP3	6	0	0	0	20068	0
U3	R	diseased	B:B13	GABPA	6	0	0	0	20068	0
U3	R	diseased	B:B13	HIF1A	6	0	0	0	20068	0
U3	R	diseased	B:B13	HMOX1	6	0	0	0	20068	0
U3	R	diseased	B:B13	ICAM1	6	2	2	0.333333	20068	0.691452
U3	R	diseased	B:B13	IFNG	6	0	0	0	20068	0
U3	R	diseased	B:B13	IL15	6	0	0	0	20068	0
U3	R	diseased	B:B13	IL1B	6	0	0	0	20068	0
U3	R	diseased	B:B13	IL7	6	0	0	0	20068	0
U3	R	diseased	B:B13	ITGAM	6	0	0	0	20068	0
U3	R	diseased	B:B13	ITGAX	6	0	0	0	20068	0
U3	R	diseased	B:B13	JAK1	6	2	2	0.333333	20068	0.691452
U3	R	diseased	B:B13	LYZ	6	0	0	0	20068	0
U3	R	diseased	B:B13	MAFB	6	0	0	0	20068	0
U3	R	diseased	B:B13	MAP1LC3B	6	2	2	0.333333	20068	0.691452
U3	R	diseased	B:B13	MAPK14	6	0	0	0	20068	0
U3	R	diseased	B:B13	NFKB1	6	0	0	0	20068	0
U3	R	diseased	B:B13	NLRP3	6	0	0	0	20068	0
U3	R	diseased	B:B13	OSM	6	0	0	0	20068	0
U3	R	diseased	B:B13	PARP1	6	0	0	0	20068	0
U3	R	diseased	B:B13	PIAS1	6	1	1	0.166667	20068	0.404335
U3	R	diseased	B:B13	PKM	6	1	1	0.166667	20068	0.404335
U3	R	diseased	B:B13	PRKAA1	6	0	0	0	20068	0
U3	R	diseased	B:B13	PTGS2	6	0	0	0	20068	0
U3	R	diseased	B:B13	RELA	6	0	0	0	20068	0
U3	R	diseased	B:B13	SH3KBP1	6	0	0	0	20068	0
U3	R	diseased	B:B13	SMAD3	6	0	0	0	20068	0
U3	R	diseased	B:B13	SOD1	6	7	3	0.5	20068	1.50144
U3	R	diseased	B:B13	STAT3	6	1	1	0.166667	20068	0.404335
U3	R	diseased	B:B13	STAT5A	6	0	0	0	20068	0
U3	R	diseased	B:B13	SYK	6	1	1	0.166667	20068	0.404335
U3	R	diseased	B:B13	TLR4	6	0	0	0	20068	0
U3	R	diseased	B:B13	TNF	6	0	0	0	20068	0
U3	R	diseased	B:B14	ACTA2	14	0	0	0	65193	0
U3	R	diseased	B:B14	AHR	14	0	0	0	65193	0
U3	R	diseased	B:B14	AKT1	14	1	1	0.0714286	65193	0.142706
U3	R	diseased	B:B14	ARNTL	14	0	0	0	65193	0
U3	R	diseased	B:B14	BCL6	14	1	1	0.0714286	65193	0.142706
U3	R	diseased	B:B14	BECN1	14	1	1	0.0714286	65193	0.142706
U3	R	diseased	B:B14	BLNK	14	2	2	0.142857	65193	0.267567
U3	R	diseased	B:B14	BRD4	14	1	1	0.0714286	65193	0.142706
U3	R	diseased	B:B14	CAT	14	2	2	0.142857	65193	0.267567
U3	R	diseased	B:B14	CD4	14	0	0	0	65193	0
U3	R	diseased	B:B14	CD86	14	0	0	0	65193	0
U3	R	diseased	B:B14	CREB1	14	0	0	0	65193	0
U3	R	diseased	B:B14	CTNNB1	14	3	2	0.142857	65193	0.378554
U3	R	diseased	B:B14	DNMT1	14	3	2	0.142857	65193	0.378554
U3	R	diseased	B:B14	FOXP3	14	0	0	0	65193	0
U3	R	diseased	B:B14	GABPA	14	2	2	0.142857	65193	0.267567
U3	R	diseased	B:B14	HIF1A	14	3	2	0.142857	65193	0.378554
U3	R	diseased	B:B14	HMOX1	14	0	0	0	65193	0
U3	R	diseased	B:B14	ICAM1	14	0	0	0	65193	0
U3	R	diseased	B:B14	IFNG	14	0	0	0	65193	0
U3	R	diseased	B:B14	IL15	14	1	1	0.0714286	65193	0.142706
U3	R	diseased	B:B14	IL1B	14	1	1	0.0714286	65193	0.142706
U3	R	diseased	B:B14	IL7	14	0	0	0	65193	0
U3	R	diseased	B:B14	ITGAM	14	0	0	0	65193	0
U3	R	diseased	B:B14	ITGAX	14	0	0	0	65193	0
U3	R	diseased	B:B14	JAK1	14	3	3	0.214286	65193	0.378554
U3	R	diseased	B:B14	LYZ	14	11	1	0.0714286	65193	0.988536
U3	R	diseased	B:B14	MAFB	14	0	0	0	65193	0
U3	R	diseased	B:B14	MAP1LC3B	14	12	8	0.571429	65193	1.04405
U3	R	diseased	B:B14	MAPK14	14	0	0	0	65193	0
U3	R	diseased	B:B14	NFKB1	14	1	1	0.0714286	65193	0.142706
U3	R	diseased	B:B14	NLRP3	14	1	1	0.0714286	65193	0.142706
U3	R	diseased	B:B14	OSM	14	0	0	0	65193	0
U3	R	diseased	B:B14	PARP1	14	5	5	0.357143	65193	0.569257
U3	R	diseased	B:B14	PIAS1	14	2	2	0.142857	65193	0.267567
U3	R	diseased	B:B14	PKM	14	3	3	0.214286	65193	0.378554
U3	R	diseased	B:B14	PRKAA1	14	1	1	0.0714286	65193	0.142706
U3	R	diseased	B:B14	PTGS2	14	1	1	0.0714286	65193	0.142706
U3	R	diseased	B:B14	RELA	14	1	1	0.0714286	65193	0.142706
U3	R	diseased	B:B14	SH3KBP1	14	1	1	0.0714286	65193	0.142706
U3	R	diseased	B:B14	SMAD3	14	0	0	0	65193	0
U3	R	diseased	B:B14	SOD1	14	3	3	0.214286	65193	0.378554
U3	R	diseased	B:B14	STAT3	14	1	1	0.0714286	65193	0.142706
U3	R	diseased	B:B14	STAT5A	14	1	1	0.0714286	65193	0.142706
U3	R	diseased	B:B14	SYK	14	4	3	0.214286	65193	0.478445
U3	R	diseased	B:B14	TLR4	14	1	1	0.0714286	65193	0.142706
U3	R	diseased	B:B14	TNF	14	0	0	0	65193	0
U3	R	diseased	B:B15	ACTA2	26	0	0	0	184080	0
U3	R	diseased	B:B15	AHR	26	1	1	0.0384615	184080	0.0529
U3	R	diseased	B:B15	AKT1	26	3	3	0.115385	184080	0.150979
U3	R	diseased	B:B15	ARNTL	26	0	0	0	184080	0
U3	R	diseased	B:B15	BCL6	26	0	0	0	184080	0
U3	R	diseased	B:B15	BECN1	26	4	4	0.153846	184080	0.196633
U3	R	diseased	B:B15	BLNK	26	8	6	0.230769	184080	0.360882
U3	R	diseased	B:B15	BRD4	26	2	2	0.0769231	184080	0.103142
U3	R	diseased	B:B15	CAT	26	0	0	0	184080	0
U3	R	diseased	B:B15	CD4	26	0	0	0	184080	0
U3	R	diseased	B:B15	CD86	26	0	0	0	184080	0
U3	R	diseased	B:B15	CREB1	26	3	3	0.115385	184080	0.150979
U3	R	diseased	B:B15	CTNNB1	26	1	1	0.0384615	184080	0.0529
U3	R	diseased	B:B15	DNMT1	26	0	0	0	184080	0
U3	R	diseased	B:B15	FOXP3	26	0	0	0	184080	0
U3	R	diseased	B:B15	GABPA	26	1	1	0.0384615	184080	0.0529
U3	R	diseased	B:B15	HIF1A	26	5	2	0.0769231	184080	0.240292
U3	R	diseased	B:B15	HMOX1	26	0	0	0	184080	0
U3	R	diseased	B:B15	ICAM1	26	2	2	0.0769231	184080	0.103142
U3	R	diseased	B:B15	IFNG	26	0	0	0	184080	0
U3	R	diseased	B:B15	IL15	26	0	0	0	184080	0
U3	R	diseased	B:B15	IL1B	26	0	0	0	184080	0
U3	R	diseased	B:B15	IL7	26	0	0	0	184080	0
U3	R	diseased	B:B15	ITGAM	26	0	0	0	184080	0
U3	R	diseased	B:B15	ITGAX	26	0	0	0	184080	0
U3	R	diseased	B:B15	JAK1	26	7	5	0.192308	184080	0.322279
U3	R	diseased	B:B15	LYZ	26	0	0	0	184080	0
U3	R	diseased	B:B15	MAFB	26	0	0	0	184080	0
U3	R	diseased	B:B15	MAP1LC3B	26	22	12	0.461538	184080	0.786242
U3	R	diseased	B:B15	MAPK14	26	0	0	0	184080	0
U3	R	diseased	B:B15	NFKB1	26	0	0	0	184080	0
U3	R	diseased	B:B15	NLRP3	26	0	0	0	184080	0
U3	R	diseased	B:B15	OSM	26	0	0	0	184080	0
U3	R	diseased	B:B15	PARP1	26	4	4	0.153846	184080	0.196633
U3	R	diseased	B:B15	PIAS1	26	4	3	0.115385	184080	0.196633
U3	R	diseased	B:B15	PKM	26	17	10	0.384615	184080	0.654152
U3	R	diseased	B:B15	PRKAA1	26	0	0	0	184080	0
U3	R	diseased	B:B15	PTGS2	26	0	0	0	184080	0
U3	R	diseased	B:B15	RELA	26	4	2	0.0769231	184080	0.196633
U3	R	diseased	B:B15	SH3KBP1	26	2	2	0.0769231	184080	0.103142
U3	R	diseased	B:B15	SMAD3	26	0	0	0	184080	0
U3	R	diseased	B:B15	SOD1	26	17	12	0.461538	184080	0.654152
U3	R	diseased	B:B15	STAT3	26	6	6	0.230769	184080	0.282126
U3	R	diseased	B:B15	STAT5A	26	0	0	0	184080	0
U3	R	diseased	B:B15	SYK	26	4	4	0.153846	184080	0.196633
U3	R	diseased	B:B15	TLR4	26	0	0	0	184080	0
U3	R	diseased	B:B15	TNF	26	0	0	0	184080	0
U3	R	diseased	B:B16	ACTA2	9	0	0	0	47925	0
U3	R	diseased	B:B16	AHR	9	0	0	0	47925	0
U3	R	diseased	B:B16	AKT1	9	0	0	0	47925	0
U3	R	diseased	B:B16	ARNTL	9	0	0	0	47925	0
U3	R	diseased	B:B16	BCL6	9	0	0	0	47925	0
U3	R	diseased	B:B16	BECN1	9	0	0	0	47925	0
U3	R	diseased	B:B16	BLNK	9	3	3	0.333333	47925	0.48611
U3	R	diseased	B:B16	BRD4	9	1	1	0.111111	47925	0.189512
U3	R	diseased	B:B16	CAT	9	0	0	0	47925	0
U3	R	diseased	B:B16	CD4	9	0	0	0	47925	0
U3	R	diseased	B:B16	CD86	9	1	1	0.111111	47925	0.189512
U3	R	diseased	B:B16	CREB1	9	1	1	0.111111	47925	0.189512
U3	R	diseased	B:B16	CTNNB1	9	0	0	0	47925	0
U3	R	diseased	B:B16	DNMT1	9	1	1	0.111111	47925	0.189512
U3	R	diseased	B:B16	FOXP3	9	0	0	0	47925	0
U3	R	diseased	B:B16	GABPA	9	1	1	0.111111	47925	0.189512
U3	R	diseased	B:B16	HIF1A	9	1	1	0.111111	47925	0.189512
U3	R	diseased	B:B16	HMOX1	9	0	0	0	47925	0
U3	R	diseased	B:B16	ICAM1	9	1	1	0.111111	47925	0.189512
U3	R	diseased	B:B16	IFNG	9	0	0	0	47925	0
U3	R	diseased	B:B16	IL15	9	1	1	0.111111	47925	0.189512
U3	R	diseased	B:B16	IL1B	9	0	0	0	47925	0
U3	R	diseased	B:B16	IL7	9	0	0	0	47925	0
U3	R	diseased	B:B16	ITGAM	9	0	0	0	47925	0
U3	R	diseased	B:B16	ITGAX	9	0	0	0	47925	0
U3	R	diseased	B:B16	JAK1	9	2	2	0.222222	47925	0.348767
U3	R	diseased	B:B16	LYZ	9	0	0	0	47925	0
U3	R	diseased	B:B16	MAFB	9	0	0	0	47925	0
U3	R	diseased	B:B16	MAP1LC3B	9	5	4	0.444444	47925	0.714565
U3	R	diseased	B:B16	MAPK14	9	0	0	0	47925	0
U3	R	diseased	B:B16	NFKB1	9	0	0	0	47925	0
U3	R	diseased	B:B16	NLRP3	9	0	0	0	47925	0
U3	R	diseased	B:B16	OSM	9	0	0	0	47925	0
U3	R	diseased	B:B16	PARP1	9	2	2	0.222222	47925	0.348767
U3	R	diseased	B:B16	PIAS1	9	0	0	0	47925	0
U3	R	diseased	B:B16	PKM	9	0	0	0	47925	0
U3	R	diseased	B:B16	PRKAA1	9	0	0	0	47925	0
U3	R	diseased	B:B16	PTGS2	9	0	0	0	47925	0
U3	R	diseased	B:B16	RELA	9	1	1	0.111111	47925	0.189512
U3	R	diseased	B:B16	SH3KBP1	9	0	0	0	47925	0
U3	R	diseased	B:B16	SMAD3	9	0	0	0	47925	0
U3	R	diseased	B:B16	SOD1	9	3	3	0.333333	47925	0.48611
U3	R	diseased	B:B16	STAT3	9	2	2	0.222222	47925	0.348767
U3	R	diseased	B:B16	STAT5A	9	2	1	0.111111	47925	0.348767
U3	R	diseased	B:B16	SYK	9	1	1	0.111111	47925	0.189512
U3	R	diseased	B:B16	TLR4	9	0	0	0	47925	0
U3	R	diseased	B:B16	TNF	9	0	0	0	47925	0
U3	R	diseased	B:B17	ACTA2	12	0	0	0	85287	0
U3	R	diseased	B:B17	AHR	12	2	2	0.166667	85287	0.210668
U3	R	diseased	B:B17	AKT1	12	1	1	0.0833333	85287	0.110871
U3	R	diseased	B:B17	ARNTL	12	0	0	0	85287	0
U3	R	diseased	B:B17	BCL6	12	0	0	0	85287	0
U3	R	diseased	B:B17	BECN1	12	1	1	0.0833333	85287	0.110871
U3	R	diseased	B:B17	BLNK	12	6	5	0.416667	85287	0.532689
U3	R	diseased	B:B17	BRD4	12	1	1	0.0833333	85287	0.110871
U3	R	diseased	B:B17	CAT	12	0	0	0	85287	0
U3	R	diseased	B:B17	CD4	12	0	0	0	85287	0
U3	R	diseased	B:B17	CD86	12	0	0	0	85287	0
U3	R	diseased	B:B17	CREB1	12	0	0	0	85287	0
U3	R	diseased	B:B17	CTNNB1	12	0	0	0	85287	0
U3	R	diseased	B:B17	DNMT1	12	2	2	0.166667	85287	0.210668
U3	R	diseased	B:B17	FOXP3	12	0	0	0	85287	0
U3	R	diseased	B:B17	GABPA	12	0	0	0	85287	0
U3	R	diseased	B:B17	HIF1A	12	4	4	0.333333	85287	0.384585
U3	R	diseased	B:B17	HMOX1	12	0	0	0	85287	0
U3	R	diseased	B:B17	ICAM1	12	2	1	0.0833333	85287	0.210668
U3	R	diseased	B:B17	IFNG	12	0	0	0	85287	0
U3	R	diseased	B:B17	IL15	12	0	0	0	85287	0
U3	R	diseased	B:B17	IL1B	12	0	0	0	85287	0
U3	R	diseased	B:B17	IL7	12	0	0	0	85287	0
U3	R	diseased	B:B17	ITGAM	12	0	0	0	85287	0
U3	R	diseased	B:B17	ITGAX	12	0	0	0	85287	0
U3	R	diseased	B:B17	JAK1	12	1	1	0.0833333	85287	0.110871
U3	R	diseased	B:B17	LYZ	12	0	0	0	85287	0
U3	R	diseased	B:B17	MAFB	12	0	0	0	85287	0
U3	R	diseased	B:B17	MAP1LC3B	12	4	4	0.333333	85287	0.384585
U3	R	diseased	B:B17	MAPK14	12	0	0	0	85287	0
U3	R	diseased	B:B17	NFKB1	12	0	0	0	85287	0
U3	R	diseased	B:B17	NLRP3	12	0	0	0	85287	0
U3	R	diseased	B:B17	OSM	12	0	0	0	85287	0
U3	R	diseased	B:B17	PARP1	12	3	3	0.25	85287	0.301403
U3	R	diseased	B:B17	PIAS1	12	2	2	0.166667	85287	0.210668
U3	R	diseased	B:B17	PKM	12	5	5	0.416667	85287	0.461376
U3	R	diseased	B:B17	PRKAA1	12	0	0	0	85287	0
U3	R	diseased	B:B17	PTGS2	12	0	0	0	85287	0
U3	R	diseased	B:B17	RELA	12	0	0	0	85287	0
U3	R	diseased	B:B17	SH3KBP1	12	1	1	0.0833333	85287	0.110871
U3	R	diseased	B:B17	SMAD3	12	1	1	0.0833333	85287	0.110871
U3	R	diseased	B:B17	SOD1	12	5	4	0.333333	85287	0.461376
U3	R	diseased	B:B17	STAT3	12	4	4	0.333333	85287	0.384585
U3	R	diseased	B:B17	STAT5A	12	0	0	0	85287	0
U3	R	diseased	B:B17	SYK	12	1	1	0.0833333	85287	0.110871
U3	R	diseased	B:B17	TLR4	12	0	0	0	85287	0
U3	R	diseased	B:B17	TNF	12	0	0	0	85287	0
U3	R	diseased	B:B2	ACTA2	338	2	2	0.00591716	906992	0.0218113
U3	R	diseased	B:B2	AHR	338	20	20	0.0591716	906992	0.199268
U3	R	diseased	B:B2	AKT1	338	6	6	0.0177515	906992	0.0640566
U3	R	diseased	B:B2	ARNTL	338	8	8	0.0236686	906992	0.0845283
U3	R	diseased	B:B2	BCL6	338	12	12	0.035503	906992	0.124256
U3	R	diseased	B:B2	BECN1	338	33	31	0.091716	906992	0.310304
U3	R	diseased	B:B2	BLNK	338	118	98	0.289941	906992	0.833345
U3	R	diseased	B:B2	BRD4	338	53	48	0.142012	906992	0.460174
U3	R	diseased	B:B2	CAT	338	25	24	0.0710059	906992	0.243445
U3	R	diseased	B:B2	CD4	338	0	0	0	906992	0
U3	R	diseased	B:B2	CD86	338	13	12	0.035503	906992	0.133946
U3	R	diseased	B:B2	CREB1	338	32	30	0.0887574	906992	0.302187
U3	R	diseased	B:B2	CTNNB1	338	33	30	0.0887574	906992	0.310304
U3	R	diseased	B:B2	DNMT1	338	19	18	0.0532544	906992	0.190194
U3	R	diseased	B:B2	FOXP3	338	1	1	0.00295858	906992	0.0109651
U3	R	diseased	B:B2	GABPA	338	10	10	0.0295858	906992	0.104589
U3	R	diseased	B:B2	HIF1A	338	107	86	0.254438	906992	0.779198
U3	R	diseased	B:B2	HMOX1	338	6	6	0.0177515	906992	0.0640566
U3	R	diseased	B:B2	ICAM1	338	71	59	0.174556	906992	0.578189
U3	R	diseased	B:B2	IFNG	338	5	3	0.00887574	906992	0.0536614
U3	R	diseased	B:B2	IL15	338	11	11	0.0325444	906992	0.114471
U3	R	diseased	B:B2	IL1B	338	1	1	0.00295858	906992	0.0109651
U3	R	diseased	B:B2	IL7	338	22	22	0.0650888	906992	0.217174
U3	R	diseased	B:B2	ITGAM	338	4	4	0.0118343	906992	0.043157
U3	R	diseased	B:B2	ITGAX	338	2	1	0.00295858	906992	0.0218113
U3	R	diseased	B:B2	JAK1	338	189	131	0.387574	906992	1.12617
U3	R	diseased	B:B2	LYZ	338	1	1	0.00295858	906992	0.0109651
U3	R	diseased	B:B2	MAFB	338	0	0	0	906992	0
U3	R	diseased	B:B2	MAP1LC3B	338	205	141	0.41716	906992	1.18179
U3	R	diseased	B:B2	MAPK14	338	1	1	0.00295858	906992	0.0109651
U3	R	diseased	B:B2	NFKB1	338	32	28	0.0828402	906992	0.302187
U3	R	diseased	B:B2	NLRP3	338	0	0	0	906992	0
U3	R	diseased	B:B2	OSM	338	0	0	0	906992	0
U3	R	diseased	B:B2	PARP1	338	102	77	0.227811	906992	0.753582
U3	R	diseased	B:B2	PIAS1	338	78	66	0.195266	906992	0.620569
U3	R	diseased	B:B2	PKM	338	122	101	0.298817	906992	0.85233
U3	R	diseased	B:B2	PRKAA1	338	22	21	0.0621302	906992	0.217174
U3	R	diseased	B:B2	PTGS2	338	0	0	0	906992	0
U3	R	diseased	B:B2	RELA	338	32	32	0.0946746	906992	0.302187
U3	R	diseased	B:B2	SH3KBP1	338	64	53	0.156805	906992	0.533934
U3	R	diseased	B:B2	SMAD3	338	20	20	0.0591716	906992	0.199268
U3	R	diseased	B:B2	SOD1	338	179	132	0.390533	906992	1.08976
U3	R	diseased	B:B2	STAT3	338	99	79	0.233728	906992	0.737891
U3	R	diseased	B:B2	STAT5A	338	15	14	0.0414201	906992	0.153049
U3	R	diseased	B:B2	SYK	338	82	72	0.213018	906992	0.644003
U3	R	diseased	B:B2	TLR4	338	2	2	0.00591716	906992	0.0218113
U3	R	diseased	B:B2	TNF	338	132	58	0.171598	906992	0.898273
U3	R	diseased	B:B3	ACTA2	3	0	0	0	5830	0
U3	R	diseased	B:B3	AHR	3	0	0	0	5830	0
U3	R	diseased	B:B3	AKT1	3	0	0	0	5830	0
U3	R	diseased	B:B3	ARNTL	3	0	0	0	5830	0
U3	R	diseased	B:B3	BCL6	3	0	0	0	5830	0
U3	R	diseased	B:B3	BECN1	3	0	0	0	5830	0
U3	R	diseased	B:B3	BLNK	3	0	0	0	5830	0
U3	R	diseased	B:B3	BRD4	3	0	0	0	5830	0
U3	R	diseased	B:B3	CAT	3	0	0	0	5830	0
U3	R	diseased	B:B3	CD4	3	0	0	0	5830	0
U3	R	diseased	B:B3	CD86	3	0	0	0	5830	0
U3	R	diseased	B:B3	CREB1	3	0	0	0	5830	0
U3	R	diseased	B:B3	CTNNB1	3	0	0	0	5830	0
U3	R	diseased	B:B3	DNMT1	3	0	0	0	5830	0
U3	R	diseased	B:B3	FOXP3	3	0	0	0	5830	0
U3	R	diseased	B:B3	GABPA	3	0	0	0	5830	0
U3	R	diseased	B:B3	HIF1A	3	0	0	0	5830	0
U3	R	diseased	B:B3	HMOX1	3	0	0	0	5830	0
U3	R	diseased	B:B3	ICAM1	3	0	0	0	5830	0
U3	R	diseased	B:B3	IFNG	3	0	0	0	5830	0
U3	R	diseased	B:B3	IL15	3	0	0	0	5830	0
U3	R	diseased	B:B3	IL1B	3	0	0	0	5830	0
U3	R	diseased	B:B3	IL7	3	0	0	0	5830	0
U3	R	diseased	B:B3	ITGAM	3	1	1	0.333333	5830	0.99889
U3	R	diseased	B:B3	ITGAX	3	0	0	0	5830	0
U3	R	diseased	B:B3	JAK1	3	3	2	0.666667	5830	1.81577
U3	R	diseased	B:B3	LYZ	3	0	0	0	5830	0
U3	R	diseased	B:B3	MAFB	3	0	0	0	5830	0
U3	R	diseased	B:B3	MAP1LC3B	3	0	0	0	5830	0
U3	R	diseased	B:B3	MAPK14	3	0	0	0	5830	0
U3	R	diseased	B:B3	NFKB1	3	0	0	0	5830	0
U3	R	diseased	B:B3	NLRP3	3	0	0	0	5830	0
U3	R	diseased	B:B3	OSM	3	0	0	0	5830	0
U3	R	diseased	B:B3	PARP1	3	0	0	0	5830	0
U3	R	diseased	B:B3	PIAS1	3	1	1	0.333333	5830	0.99889
U3	R	diseased	B:B3	PKM	3	3	2	0.666667	5830	1.81577
U3	R	diseased	B:B3	PRKAA1	3	0	0	0	5830	0
U3	R	diseased	B:B3	PTGS2	3	0	0	0	5830	0
U3	R	diseased	B:B3	RELA	3	0	0	0	5830	0
U3	R	diseased	B:B3	SH3KBP1	3	0	0	0	5830	0
U3	R	diseased	B:B3	SMAD3	3	0	0	0	5830	0
U3	R	diseased	B:B3	SOD1	3	0	0	0	5830	0
U3	R	diseased	B:B3	STAT3	3	1	1	0.333333	5830	0.99889
U3	R	diseased	B:B3	STAT5A	3	0	0	0	5830	0
U3	R	diseased	B:B3	SYK	3	2	1	0.333333	5830	1.48852
U3	R	diseased	B:B3	TLR4	3	0	0	0	5830	0
U3	R	diseased	B:B3	TNF	3	0	0	0	5830	0
U3	R	diseased	B:B4	ACTA2	98	4	3	0.0306122	240110	0.154085
U3	R	diseased	B:B4	AHR	98	6	6	0.0612245	240110	0.223052
U3	R	diseased	B:B4	AKT1	98	2	2	0.0204082	240110	0.0800075
U3	R	diseased	B:B4	ARNTL	98	0	0	0	240110	0
U3	R	diseased	B:B4	BCL6	98	3	3	0.0306122	240110	0.117732
U3	R	diseased	B:B4	BECN1	98	9	9	0.0918367	240110	0.318329
U3	R	diseased	B:B4	BLNK	98	41	32	0.326531	240110	0.996044
U3	R	diseased	B:B4	BRD4	98	6	6	0.0612245	240110	0.223052
U3	R	diseased	B:B4	CAT	98	9	9	0.0918367	240110	0.318329
U3	R	diseased	B:B4	CD4	98	0	0	0	240110	0
U3	R	diseased	B:B4	CD86	98	12	12	0.122449	240110	0.405312
U3	R	diseased	B:B4	CREB1	98	9	9	0.0918367	240110	0.318329
U3	R	diseased	B:B4	CTNNB1	98	6	6	0.0612245	240110	0.223052
U3	R	diseased	B:B4	DNMT1	98	7	7	0.0714286	240110	0.25583
U3	R	diseased	B:B4	FOXP3	98	0	0	0	240110	0
U3	R	diseased	B:B4	GABPA	98	1	1	0.0102041	240110	0.0408037
U3	R	diseased	B:B4	HIF1A	98	30	27	0.27551	240110	0.810676
U3	R	diseased	B:B4	HMOX1	98	2	2	0.0204082	240110	0.0800075
U3	R	diseased	B:B4	ICAM1	98	7	6	0.0612245	240110	0.25583
U3	R	diseased	B:B4	IFNG	98	2	1	0.0102041	240110	0.0800075
U3	R	diseased	B:B4	IL15	98	1	1	0.0102041	240110	0.0408037
U3	R	diseased	B:B4	IL1B	98	0	0	0	240110	0
U3	R	diseased	B:B4	IL7	98	6	6	0.0612245	240110	0.223052
U3	R	diseased	B:B4	ITGAM	98	8	8	0.0816327	240110	0.287568
U3	R	diseased	B:B4	ITGAX	98	0	0	0	240110	0
U3	R	diseased	B:B4	JAK1	98	48	40	0.408163	240110	1.09831
U3	R	diseased	B:B4	LYZ	98	0	0	0	240110	0
U3	R	diseased	B:B4	MAFB	98	0	0	0	240110	0
U3	R	diseased	B:B4	MAP1LC3B	98	50	38	0.387755	240110	1.1257
U3	R	diseased	B:B4	MAPK14	98	1	1	0.0102041	240110	0.0408037
U3	R	diseased	B:B4	NFKB1	98	1	1	0.0102041	240110	0.0408037
U3	R	diseased	B:B4	NLRP3	98	0	0	0	240110	0
U3	R	diseased	B:B4	OSM	98	1	1	0.0102041	240110	0.0408037
U3	R	diseased	B:B4	PARP1	98	25	25	0.255102	240110	0.713533
U3	R	diseased	B:B4	PIAS1	98	22	19	0.193878	240110	0.650368
U3	R	diseased	B:B4	PKM	98	40	32	0.326531	240110	0.980543
U3	R	diseased	B:B4	PRKAA1	98	5	4	0.0408163	240110	0.189163
U3	R	diseased	B:B4	PTGS2	98	0	0	0	240110	0
U3	R	diseased	B:B4	RELA	98	3	3	0.0306122	240110	0.117732
U3	R	diseased	B:B4	SH3KBP1	98	12	12	0.122449	240110	0.405312
U3	R	diseased	B:B4	SMAD3	98	4	4	0.0408163	240110	0.154085
U3	R	diseased	B:B4	SOD1	98	42	34	0.346939	240110	1.01131
U3	R	diseased	B:B4	STAT3	98	21	21	0.214286	240110	0.628395
U3	R	diseased	B:B4	STAT5A	98	6	6	0.0612245	240110	0.223052
U3	R	diseased	B:B4	SYK	98	30	25	0.255102	240110	0.810676
U3	R	diseased	B:B4	TLR4	98	0	0	0	240110	0
U3	R	diseased	B:B4	TNF	98	10	8	0.0816327	240110	0.348172
U3	R	diseased	B:B5	ACTA2	43	0	0	0	130882	0
U3	R	diseased	B:B5	AHR	43	5	3	0.0697674	130882	0.323549
U3	R	diseased	B:B5	AKT1	43	0	0	0	130882	0
U3	R	diseased	B:B5	ARNTL	43	1	1	0.0232558	130882	0.0736265
U3	R	diseased	B:B5	BCL6	43	0	0	0	130882	0
U3	R	diseased	B:B5	BECN1	43	5	4	0.0930233	130882	0.323549
U3	R	diseased	B:B5	BLNK	43	22	14	0.325581	130882	0.986154
U3	R	diseased	B:B5	BRD4	43	5	4	0.0930233	130882	0.323549
U3	R	diseased	B:B5	CAT	43	8	7	0.162791	130882	0.477003
U3	R	diseased	B:B5	CD4	43	0	0	0	130882	0
U3	R	diseased	B:B5	CD86	43	15	12	0.27907	130882	0.763638
U3	R	diseased	B:B5	CREB1	43	8	7	0.162791	130882	0.477003
U3	R	diseased	B:B5	CTNNB1	43	5	5	0.116279	130882	0.323549
U3	R	diseased	B:B5	DNMT1	43	4	3	0.0697674	130882	0.266677
U3	R	diseased	B:B5	FOXP3	43	0	0	0	130882	0
U3	R	diseased	B:B5	GABPA	43	2	2	0.0465116	130882	0.142202
U3	R	diseased	B:B5	HIF1A	43	20	17	0.395349	130882	0.927466
U3	R	diseased	B:B5	HMOX1	43	6	3	0.0697674	130882	0.377359
U3	R	diseased	B:B5	ICAM1	43	9	7	0.162791	130882	0.523332
U3	R	diseased	B:B5	IFNG	43	1	1	0.0232558	130882	0.0736265
U3	R	diseased	B:B5	IL15	43	2	2	0.0465116	130882	0.142202
U3	R	diseased	B:B5	IL1B	43	0	0	0	130882	0
U3	R	diseased	B:B5	IL7	43	1	1	0.0232558	130882	0.0736265
U3	R	diseased	B:B5	ITGAM	43	5	5	0.116279	130882	0.323549
U3	R	diseased	B:B5	ITGAX	43	9	9	0.209302	130882	0.523332
U3	R	diseased	B:B5	JAK1	43	29	20	0.465116	130882	1.16806
U3	R	diseased	B:B5	LYZ	43	0	0	0	130882	0
U3	R	diseased	B:B5	MAFB	43	0	0	0	130882	0
U3	R	diseased	B:B5	MAP1LC3B	43	40	21	0.488372	130882	1.40024
U3	R	diseased	B:B5	MAPK14	43	1	1	0.0232558	130882	0.0736265
U3	R	diseased	B:B5	NFKB1	43	1	1	0.0232558	130882	0.0736265
U3	R	diseased	B:B5	NLRP3	43	1	1	0.0232558	130882	0.0736265
U3	R	diseased	B:B5	OSM	43	0	0	0	130882	0
U3	R	diseased	B:B5	PARP1	43	20	14	0.325581	130882	0.927466
U3	R	diseased	B:B5	PIAS1	43	17	16	0.372093	130882	0.832422
U3	R	diseased	B:B5	PKM	43	30	15	0.348837	130882	1.19154
U3	R	diseased	B:B5	PRKAA1	43	1	1	0.0232558	130882	0.0736265
U3	R	diseased	B:B5	PTGS2	43	0	0	0	130882	0
U3	R	diseased	B:B5	RELA	43	2	2	0.0465116	130882	0.142202
U3	R	diseased	B:B5	SH3KBP1	43	17	12	0.27907	130882	0.832422
U3	R	diseased	B:B5	SMAD3	43	1	1	0.0232558	130882	0.0736265
U3	R	diseased	B:B5	SOD1	43	25	19	0.44186	130882	1.06819
U3	R	diseased	B:B5	STAT3	43	24	19	0.44186	130882	1.04159
U3	R	diseased	B:B5	STAT5A	43	3	3	0.0697674	130882	0.206375
U3	R	diseased	B:B5	SYK	43	22	16	0.372093	130882	0.986154
U3	R	diseased	B:B5	TLR4	43	0	0	0	130882	0
U3	R	diseased	B:B5	TNF	43	8	3	0.0697674	130882	0.477003
U3	R	diseased	B:B6	ACTA2	9	0	0	0	51174	0
U3	R	diseased	B:B6	AHR	9	0	0	0	51174	0
U3	R	diseased	B:B6	AKT1	9	0	0	0	51174	0
U3	R	diseased	B:B6	ARNTL	9	0	0	0	51174	0
U3	R	diseased	B:B6	BCL6	9	0	0	0	51174	0
U3	R	diseased	B:B6	BECN1	9	0	0	0	51174	0
U3	R	diseased	B:B6	BLNK	9	4	3	0.333333	51174	0.577538
U3	R	diseased	B:B6	BRD4	9	0	0	0	51174	0
U3	R	diseased	B:B6	CAT	9	0	0	0	51174	0
U3	R	diseased	B:B6	CD4	9	0	0	0	51174	0
U3	R	diseased	B:B6	CD86	9	1	1	0.111111	51174	0.178491
U3	R	diseased	B:B6	CREB1	9	0	0	0	51174	0
U3	R	diseased	B:B6	CTNNB1	9	0	0	0	51174	0
U3	R	diseased	B:B6	DNMT1	9	0	0	0	51174	0
U3	R	diseased	B:B6	FOXP3	9	0	0	0	51174	0
U3	R	diseased	B:B6	GABPA	9	1	1	0.111111	51174	0.178491
U3	R	diseased	B:B6	HIF1A	9	1	1	0.111111	51174	0.178491
U3	R	diseased	B:B6	HMOX1	9	0	0	0	51174	0
U3	R	diseased	B:B6	ICAM1	9	0	0	0	51174	0
U3	R	diseased	B:B6	IFNG	9	1	1	0.111111	51174	0.178491
U3	R	diseased	B:B6	IL15	9	0	0	0	51174	0
U3	R	diseased	B:B6	IL1B	9	0	0	0	51174	0
U3	R	diseased	B:B6	IL7	9	0	0	0	51174	0
U3	R	diseased	B:B6	ITGAM	9	0	0	0	51174	0
U3	R	diseased	B:B6	ITGAX	9	0	0	0	51174	0
U3	R	diseased	B:B6	JAK1	9	8	4	0.444444	51174	0.941293
U3	R	diseased	B:B6	LYZ	9	0	0	0	51174	0
U3	R	diseased	B:B6	MAFB	9	0	0	0	51174	0
U3	R	diseased	B:B6	MAP1LC3B	9	5	4	0.444444	51174	0.68161
U3	R	diseased	B:B6	MAPK14	9	0	0	0	51174	0
U3	R	diseased	B:B6	NFKB1	9	0	0	0	51174	0
U3	R	diseased	B:B6	NLRP3	9	0	0	0	51174	0
U3	R	diseased	B:B6	OSM	9	0	0	0	51174	0
U3	R	diseased	B:B6	PARP1	9	5	2	0.222222	51174	0.68161
U3	R	diseased	B:B6	PIAS1	9	4	4	0.444444	51174	0.577538
U3	R	diseased	B:B6	PKM	9	3	2	0.222222	51174	0.461363
U3	R	diseased	B:B6	PRKAA1	9	1	1	0.111111	51174	0.178491
U3	R	diseased	B:B6	PTGS2	9	0	0	0	51174	0
U3	R	diseased	B:B6	RELA	9	2	2	0.222222	51174	0.329896
U3	R	diseased	B:B6	SH3KBP1	9	1	1	0.111111	51174	0.178491
U3	R	diseased	B:B6	SMAD3	9	0	0	0	51174	0
U3	R	diseased	B:B6	SOD1	9	5	3	0.333333	51174	0.68161
U3	R	diseased	B:B6	STAT3	9	3	2	0.222222	51174	0.461363
U3	R	diseased	B:B6	STAT5A	9	0	0	0	51174	0
U3	R	diseased	B:B6	SYK	9	1	1	0.111111	51174	0.178491
U3	R	diseased	B:B6	TLR4	9	0	0	0	51174	0
U3	R	diseased	B:B6	TNF	9	0	0	0	51174	0
U3	R	diseased	B:B7	ACTA2	34	0	0	0	100723	0
U3	R	diseased	B:B7	AHR	34	0	0	0	100723	0
U3	R	diseased	B:B7	AKT1	34	0	0	0	100723	0
U3	R	diseased	B:B7	ARNTL	34	0	0	0	100723	0
U3	R	diseased	B:B7	BCL6	34	0	0	0	100723	0
U3	R	diseased	B:B7	BECN1	34	2	2	0.0588235	100723	0.181124
U3	R	diseased	B:B7	BLNK	34	5	4	0.117647	100723	0.40307
U3	R	diseased	B:B7	BRD4	34	1	1	0.0294118	100723	0.0946574
U3	R	diseased	B:B7	CAT	34	1	1	0.0294118	100723	0.0946574
U3	R	diseased	B:B7	CD4	34	0	0	0	100723	0
U3	R	diseased	B:B7	CD86	34	0	0	0	100723	0
U3	R	diseased	B:B7	CREB1	34	2	2	0.0588235	100723	0.181124
U3	R	diseased	B:B7	CTNNB1	34	2	2	0.0588235	100723	0.181124
U3	R	diseased	B:B7	DNMT1	34	0	0	0	100723	0
U3	R	diseased	B:B7	FOXP3	34	0	0	0	100723	0
U3	R	diseased	B:B7	GABPA	34	1	1	0.0294118	100723	0.0946574
U3	R	diseased	B:B7	HIF1A	34	3	3	0.0882353	100723	0.260706
U3	R	diseased	B:B7	HMOX1	34	0	0	0	100723	0
U3	R	diseased	B:B7	ICAM1	34	2	2	0.0588235	100723	0.181124
U3	R	diseased	B:B7	IFNG	34	0	0	0	100723	0
U3	R	diseased	B:B7	IL15	34	1	1	0.0294118	100723	0.0946574
U3	R	diseased	B:B7	IL1B	34	0	0	0	100723	0
U3	R	diseased	B:B7	IL7	34	0	0	0	100723	0
U3	R	diseased	B:B7	ITGAM	34	0	0	0	100723	0
U3	R	diseased	B:B7	ITGAX	34	0	0	0	100723	0
U3	R	diseased	B:B7	JAK1	34	3	3	0.0882353	100723	0.260706
U3	R	diseased	B:B7	LYZ	34	0	0	0	100723	0
U3	R	diseased	B:B7	MAFB	34	0	0	0	100723	0
U3	R	diseased	B:B7	MAP1LC3B	34	14	12	0.352941	100723	0.871273
U3	R	diseased	B:B7	MAPK14	34	0	0	0	100723	0
U3	R	diseased	B:B7	NFKB1	34	0	0	0	100723	0
U3	R	diseased	B:B7	NLRP3	34	0	0	0	100723	0
U3	R	diseased	B:B7	OSM	34	1	1	0.0294118	100723	0.0946574
U3	R	diseased	B:B7	PARP1	34	4	4	0.117647	100723	0.334419
U3	R	diseased	B:B7	PIAS1	34	3	3	0.0882353	100723	0.260706
U3	R	diseased	B:B7	PKM	34	2	2	0.0588235	100723	0.181124
U3	R	diseased	B:B7	PRKAA1	34	0	0	0	100723	0
U3	R	diseased	B:B7	PTGS2	34	0	0	0	100723	0
U3	R	diseased	B:B7	RELA	34	0	0	0	100723	0
U3	R	diseased	B:B7	SH3KBP1	34	3	3	0.0882353	100723	0.260706
U3	R	diseased	B:B7	SMAD3	34	0	0	0	100723	0
U3	R	diseased	B:B7	SOD1	34	5	3	0.0882353	100723	0.40307
U3	R	diseased	B:B7	STAT3	34	1	1	0.0294118	100723	0.0946574
U3	R	diseased	B:B7	STAT5A	34	0	0	0	100723	0
U3	R	diseased	B:B7	SYK	34	3	3	0.0882353	100723	0.260706
U3	R	diseased	B:B7	TLR4	34	0	0	0	100723	0
U3	R	diseased	B:B7	TNF	34	0	0	0	100723	0
U3	R	diseased	B:B8	ACTA2	150	1	1	0.00666667	414940	0.0238141
U3	R	diseased	B:B8	AHR	150	4	4	0.0266667	414940	0.0920316
U3	R	diseased	B:B8	AKT1	150	3	3	0.02	414940	0.0698055
U3	R	diseased	B:B8	ARNTL	150	3	3	0.02	414940	0.0698055
U3	R	diseased	B:B8	BCL6	150	14	13	0.0866667	414940	0.290726
U3	R	diseased	B:B8	BECN1	150	22	21	0.14	414940	0.425397
U3	R	diseased	B:B8	BLNK	150	57	46	0.306667	414940	0.864447
U3	R	diseased	B:B8	BRD4	150	24	22	0.146667	414940	0.45641
U3	R	diseased	B:B8	CAT	150	20	19	0.126667	414940	0.393391
U3	R	diseased	B:B8	CD4	150	0	0	0	414940	0
U3	R	diseased	B:B8	CD86	150	8	6	0.04	414940	0.176303
U3	R	diseased	B:B8	CREB1	150	16	15	0.1	414940	0.326132
U3	R	diseased	B:B8	CTNNB1	150	8	8	0.0533333	414940	0.176303
U3	R	diseased	B:B8	DNMT1	150	9	9	0.06	414940	0.196306
U3	R	diseased	B:B8	FOXP3	150	0	0	0	414940	0
U3	R	diseased	B:B8	GABPA	150	5	5	0.0333333	414940	0.113774
U3	R	diseased	B:B8	HIF1A	150	98	64	0.426667	414940	1.21247
U3	R	diseased	B:B8	HMOX1	150	0	0	0	414940	0
U3	R	diseased	B:B8	ICAM1	150	29	26	0.173333	414940	0.529979
U3	R	diseased	B:B8	IFNG	150	4	3	0.02	414940	0.0920316
U3	R	diseased	B:B8	IL15	150	5	5	0.0333333	414940	0.113774
U3	R	diseased	B:B8	IL1B	150	0	0	0	414940	0
U3	R	diseased	B:B8	IL7	150	7	7	0.0466667	414940	0.155891
U3	R	diseased	B:B8	ITGAM	150	2	2	0.0133333	414940	0.0470742
U3	R	diseased	B:B8	ITGAX	150	0	0	0	414940	0
U3	R	diseased	B:B8	JAK1	150	89	62	0.413333	414940	1.14578
U3	R	diseased	B:B8	LYZ	150	0	0	0	414940	0
U3	R	diseased	B:B8	MAFB	150	0	0	0	414940	0
U3	R	diseased	B:B8	MAP1LC3B	150	84	60	0.4	414940	1.10671
U3	R	diseased	B:B8	MAPK14	150	2	2	0.0133333	414940	0.0470742
U3	R	diseased	B:B8	NFKB1	150	8	8	0.0533333	414940	0.176303
U3	R	diseased	B:B8	NLRP3	150	0	0	0	414940	0
U3	R	diseased	B:B8	OSM	150	0	0	0	414940	0
U3	R	diseased	B:B8	PARP1	150	44	39	0.26	414940	0.722897
U3	R	diseased	B:B8	PIAS1	150	21	18	0.12	414940	0.409522
U3	R	diseased	B:B8	PKM	150	37	33	0.22	414940	0.637473
U3	R	diseased	B:B8	PRKAA1	150	9	7	0.0466667	414940	0.196306
U3	R	diseased	B:B8	PTGS2	150	0	0	0	414940	0
U3	R	diseased	B:B8	RELA	150	18	15	0.1	414940	0.360327
U3	R	diseased	B:B8	SH3KBP1	150	40	37	0.246667	414940	0.674981
U3	R	diseased	B:B8	SMAD3	150	10	10	0.0666667	414940	0.215916
U3	R	diseased	B:B8	SOD1	150	67	55	0.366667	414940	0.961146
U3	R	diseased	B:B8	STAT3	150	56	48	0.32	414940	0.854242
U3	R	diseased	B:B8	STAT5A	150	2	2	0.0133333	414940	0.0470742
U3	R	diseased	B:B8	SYK	150	28	26	0.173333	414940	0.515692
U3	R	diseased	B:B8	TLR4	150	0	0	0	414940	0
U3	R	diseased	B:B8	TNF	150	24	17	0.113333	414940	0.45641
U3	R	diseased	M/DC	ACTA2	66	1	1	0.0151515	338699	0.0290973
U3	R	diseased	M/DC	AHR	66	82	46	0.69697	338699	1.22994
U3	R	diseased	M/DC	AKT1	66	7	6	0.0909091	338699	0.187867
U3	R	diseased	M/DC	ARNTL	66	5	5	0.0757576	338699	0.137693
U3	R	diseased	M/DC	BCL6	66	6	6	0.0909091	338699	0.163095
U3	R	diseased	M/DC	BECN1	66	11	10	0.151515	338699	0.28124
U3	R	diseased	M/DC	BLNK	66	3	3	0.0454545	338699	0.0848688
U3	R	diseased	M/DC	BRD4	66	25	22	0.333333	338699	0.552803
U3	R	diseased	M/DC	CAT	66	49	31	0.469697	338699	0.894745
U3	R	diseased	M/DC	CD4	66	44	29	0.439394	338699	0.832513
U3	R	diseased	M/DC	CD86	66	78	38	0.575758	338699	1.19481
U3	R	diseased	M/DC	CREB1	66	13	13	0.19697	338699	0.324849
U3	R	diseased	M/DC	CTNNB1	66	27	18	0.272727	338699	0.586212
U3	R	diseased	M/DC	DNMT1	66	18	16	0.242424	338699	0.426212
U3	R	diseased	M/DC	FOXP3	66	0	0	0	338699	0
U3	R	diseased	M/DC	GABPA	66	2	2	0.030303	338699	0.0573718
U3	R	diseased	M/DC	HIF1A	66	57	37	0.560606	338699	0.986902
U3	R	diseased	M/DC	HMOX1	66	26	13	0.19697	338699	0.569647
U3	R	diseased	M/DC	ICAM1	66	64	35	0.530303	338699	1.06111
U3	R	diseased	M/DC	IFNG	66	0	0	0	338699	0
U3	R	diseased	M/DC	IL15	66	3	3	0.0454545	338699	0.0848688
U3	R	diseased	M/DC	IL1B	66	385	55	0.833333	338699	2.51503
U3	R	diseased	M/DC	IL7	66	0	0	0	338699	0
U3	R	diseased	M/DC	ITGAM	66	13	11	0.166667	338699	0.324849
U3	R	diseased	M/DC	ITGAX	66	38	29	0.439394	338699	0.752331
U3	R	diseased	M/DC	JAK1	66	44	32	0.484848	338699	0.832513
U3	R	diseased	M/DC	LYZ	66	2100	66	1	338699	4.14317
U3	R	diseased	M/DC	MAFB	66	29	16	0.242424	338699	0.618541
U3	R	diseased	M/DC	MAP1LC3B	66	60	33	0.5	338699	1.01938
U3	R	diseased	M/DC	MAPK14	66	3	3	0.0454545	338699	0.0848688
U3	R	diseased	M/DC	NFKB1	66	28	21	0.318182	338699	0.602507
U3	R	diseased	M/DC	NLRP3	66	35	27	0.409091	338699	0.709693
U3	R	diseased	M/DC	OSM	66	22	16	0.242424	338699	0.500499
U3	R	diseased	M/DC	PARP1	66	12	12	0.181818	338699	0.303282
U3	R	diseased	M/DC	PIAS1	66	14	11	0.166667	338699	0.34596
U3	R	diseased	M/DC	PKM	66	131	53	0.80303	338699	1.58263
U3	R	diseased	M/DC	PRKAA1	66	7	7	0.106061	338699	0.187867
U3	R	diseased	M/DC	PTGS2	66	66	33	0.5	338699	1.08134
U3	R	diseased	M/DC	RELA	66	8	7	0.106061	338699	0.21204
U3	R	diseased	M/DC	SH3KBP1	66	31	23	0.348485	338699	0.649857
U3	R	diseased	M/DC	SMAD3	66	1	1	0.0151515	338699	0.0290973
U3	R	diseased	M/DC	SOD1	66	28	23	0.348485	338699	0.602507
U3	R	diseased	M/DC	STAT3	66	41	29	0.439394	338699	0.793225
U3	R	diseased	M/DC	STAT5A	66	14	12	0.181818	338699	0.34596
U3	R	diseased	M/DC	SYK	66	33	24	0.363636	338699	0.680222
U3	R	diseased	M/DC	TLR4	66	3	3	0.0454545	338699	0.0848688
U3	R	diseased	M/DC	TNF	66	39	12	0.181818	338699	0.766149
U3	R	diseased	NK	ACTA2	25	2	2	0.08	65901	0.265042
U3	R	diseased	NK	AHR	25	7	3	0.12	65901	0.723773
U3	R	diseased	NK	AKT1	25	2	2	0.08	65901	0.265042
U3	R	diseased	NK	ARNTL	25	3	3	0.12	65901	0.375163
U3	R	diseased	NK	BCL6	25	0	0	0	65901	0
U3	R	diseased	NK	BECN1	25	2	2	0.08	65901	0.265042
U3	R	diseased	NK	BLNK	25	2	2	0.08	65901	0.265042
U3	R	diseased	NK	BRD4	25	4	4	0.16	65901	0.474351
U3	R	diseased	NK	CAT	25	7	4	0.16	65901	0.723773
U3	R	diseased	NK	CD4	25	0	0	0	65901	0
U3	R	diseased	NK	CD86	25	1	1	0.04	65901	0.141276
U3	R	diseased	NK	CREB1	25	3	2	0.08	65901	0.375163
U3	R	diseased	NK	CTNNB1	25	2	2	0.08	65901	0.265042
U3	R	diseased	NK	DNMT1	25	6	5	0.2	65901	0.647342
U3	R	diseased	NK	FOXP3	25	0	0	0	65901	0
U3	R	diseased	NK	GABPA	25	0	0	0	65901	0
U3	R	diseased	NK	HIF1A	25	5	3	0.12	65901	0.564583
U3	R	diseased	NK	HMOX1	25	0	0	0	65901	0
U3	R	diseased	NK	ICAM1	25	9	7	0.28	65901	0.861068
U3	R	diseased	NK	IFNG	25	52	11	0.44	65901	2.185
U3	R	diseased	NK	IL15	25	0	0	0	65901	0
U3	R	diseased	NK	IL1B	25	0	0	0	65901	0
U3	R	diseased	NK	IL7	25	0	0	0	65901	0
U3	R	diseased	NK	ITGAM	25	1	1	0.04	65901	0.141276
U3	R	diseased	NK	ITGAX	25	0	0	0	65901	0
U3	R	diseased	NK	JAK1	25	20	13	0.52	65901	1.39497
U3	R	diseased	NK	LYZ	25	0	0	0	65901	0
U3	R	diseased	NK	MAFB	25	0	0	0	65901	0
U3	R	diseased	NK	MAP1LC3B	25	13	10	0.4	65901	1.08946
U3	R	diseased	NK	MAPK14	25	1	1	0.04	65901	0.141276
U3	R	diseased	NK	NFKB1	25	9	6	0.24	65901	0.861068
U3	R	diseased	NK	NLRP3	25	2	2	0.08	65901	0.265042
U3	R	diseased	NK	OSM	25	2	1	0.04	65901	0.265042
U3	R	diseased	NK	PARP1	25	3	3	0.12	65901	0.375163
U3	R	diseased	NK	PIAS1	25	7	6	0.24	65901	0.723773
U3	R	diseased	NK	PKM	25	13	7	0.28	65901	1.08946
U3	R	diseased	NK	PRKAA1	25	3	3	0.12	65901	0.375163
U3	R	diseased	NK	PTGS2	25	0	0	0	65901	0
U3	R	diseased	NK	RELA	25	3	3	0.12	65901	0.375163
U3	R	diseased	NK	SH3KBP1	25	9	7	0.28	65901	0.861068
U3	R	diseased	NK	SMAD3	25	2	2	0.08	65901	0.265042
U3	R	diseased	NK	SOD1	25	14	10	0.4	65901	1.13924
U3	R	diseased	NK	STAT3	25	9	8	0.32	65901	0.861068
U3	R	diseased	NK	STAT5A	25	2	2	0.08	65901	0.265042
U3	R	diseased	NK	SYK	25	2	2	0.08	65901	0.265042
U3	R	diseased	NK	TLR4	25	0	0	0	65901	0
U3	R	diseased	NK	TNF	25	9	3	0.12	65901	0.861068
U3	R	diseased	T	ACTA2	542	22	22	0.0405904	1.09828e+06	0.182582
U3	R	diseased	T	AHR	542	94	76	0.140221	1.09828e+06	0.618361
U3	R	diseased	T	AKT1	542	15	15	0.0276753	1.09828e+06	0.128021
U3	R	diseased	T	ARNTL	542	27	27	0.0498155	1.09828e+06	0.219809
U3	R	diseased	T	BCL6	542	19	19	0.0350554	1.09828e+06	0.159563
U3	R	diseased	T	BECN1	542	50	47	0.0867159	1.09828e+06	0.375182
U3	R	diseased	T	BLNK	542	13	13	0.0239852	1.09828e+06	0.111869
U3	R	diseased	T	BRD4	542	62	60	0.110701	1.09828e+06	0.447578
U3	R	diseased	T	CAT	542	34	33	0.0608856	1.09828e+06	0.269702
U3	R	diseased	T	CD4	542	69	57	0.105166	1.09828e+06	0.487509
U3	R	diseased	T	CD86	542	0	0	0	1.09828e+06	0
U3	R	diseased	T	CREB1	542	41	39	0.0719557	1.09828e+06	0.317224
U3	R	diseased	T	CTNNB1	542	28	28	0.0516605	1.09828e+06	0.227091
U3	R	diseased	T	DNMT1	542	59	55	0.101476	1.09828e+06	0.429965
U3	R	diseased	T	FOXP3	542	73	45	0.0830258	1.09828e+06	0.50963
U3	R	diseased	T	GABPA	542	14	14	0.0258303	1.09828e+06	0.119978
U3	R	diseased	T	HIF1A	542	102	92	0.169742	1.09828e+06	0.656859
U3	R	diseased	T	HMOX1	542	3	3	0.00553506	1.09828e+06	0.026949
U3	R	diseased	T	ICAM1	542	23	22	0.0405904	1.09828e+06	0.190139
U3	R	diseased	T	IFNG	542	131	52	0.095941	1.09828e+06	0.785167
U3	R	diseased	T	IL15	542	2	2	0.00369004	1.09828e+06	0.0180465
U3	R	diseased	T	IL1B	542	1	1	0.00184502	1.09828e+06	0.00906394
U3	R	diseased	T	IL7	542	4	4	0.00738007	1.09828e+06	0.035773
U3	R	diseased	T	ITGAM	542	2	1	0.00184502	1.09828e+06	0.0180465
U3	R	diseased	T	ITGAX	542	2	2	0.00369004	1.09828e+06	0.0180465
U3	R	diseased	T	JAK1	542	249	182	0.335793	1.09828e+06	1.18393
U3	R	diseased	T	LYZ	542	1	1	0.00184502	1.09828e+06	0.00906394
U3	R	diseased	T	MAFB	542	2	2	0.00369004	1.09828e+06	0.0180465
U3	R	diseased	T	MAP1LC3B	542	182	142	0.261993	1.09828e+06	0.977249
U3	R	diseased	T	MAPK14	542	9	9	0.0166052	1.09828e+06	0.0787615
U3	R	diseased	T	NFKB1	542	36	32	0.0590406	1.09828e+06	0.283512
U3	R	diseased	T	NLRP3	542	0	0	0	1.09828e+06	0
U3	R	diseased	T	OSM	542	8	8	0.0147601	1.09828e+06	0.0703104
U3	R	diseased	T	PARP1	542	66	61	0.112546	1.09828e+06	0.47059
U3	R	diseased	T	PIAS1	542	95	89	0.164207	1.09828e+06	0.623255
U3	R	diseased	T	PKM	542	223	150	0.276753	1.09828e+06	1.10871
U3	R	diseased	T	PRKAA1	542	37	36	0.0664207	1.09828e+06	0.290346
U3	R	diseased	T	PTGS2	542	0	0	0	1.09828e+06	0
U3	R	diseased	T	RELA	542	57	54	0.099631	1.09828e+06	0.418048
U3	R	diseased	T	SH3KBP1	542	141	118	0.217712	1.09828e+06	0.825851
U3	R	diseased	T	SMAD3	542	20	20	0.0369004	1.09828e+06	0.167295
U3	R	diseased	T	SOD1	542	370	237	0.437269	1.09828e+06	1.47451
U3	R	diseased	T	STAT3	542	237	182	0.335793	1.09828e+06	1.14991
U3	R	diseased	T	STAT5A	542	19	19	0.0350554	1.09828e+06	0.159563
U3	R	diseased	T	SYK	542	5	4	0.00738007	1.09828e+06	0.0445198
U3	R	diseased	T	TLR4	542	0	0	0	1.09828e+06	0
U3	R	diseased	T	TNF	542	118	62	0.114391	1.09828e+06	0.729675
U3	R	diseased	T:T1	ACTA2	58	1	1	0.0172414	101743	0.0937516
U3	R	diseased	T:T1	AHR	58	1	1	0.0172414	101743	0.0937516
U3	R	diseased	T:T1	AKT1	58	1	1	0.0172414	101743	0.0937516
U3	R	diseased	T:T1	ARNTL	58	1	1	0.0172414	101743	0.0937516
U3	R	diseased	T:T1	BCL6	58	2	2	0.0344828	101743	0.179462
U3	R	diseased	T:T1	BECN1	58	2	2	0.0344828	101743	0.179462
U3	R	diseased	T:T1	BLNK	58	8	8	0.137931	101743	0.580144
U3	R	diseased	T:T1	BRD4	58	5	4	0.0689655	101743	0.399738
U3	R	diseased	T:T1	CAT	58	2	2	0.0344828	101743	0.179462
U3	R	diseased	T:T1	CD4	58	2	2	0.0344828	101743	0.179462
U3	R	diseased	T:T1	CD86	58	0	0	0	101743	0
U3	R	diseased	T:T1	CREB1	58	5	4	0.0689655	101743	0.399738
U3	R	diseased	T:T1	CTNNB1	58	1	1	0.0172414	101743	0.0937516
U3	R	diseased	T:T1	DNMT1	58	2	2	0.0344828	101743	0.179462
U3	R	diseased	T:T1	FOXP3	58	1	1	0.0172414	101743	0.0937516
U3	R	diseased	T:T1	GABPA	58	2	2	0.0344828	101743	0.179462
U3	R	diseased	T:T1	HIF1A	58	6	6	0.103448	101743	0.463559
U3	R	diseased	T:T1	HMOX1	58	0	0	0	101743	0
U3	R	diseased	T:T1	ICAM1	58	2	2	0.0344828	101743	0.179462
U3	R	diseased	T:T1	IFNG	58	0	0	0	101743	0
U3	R	diseased	T:T1	IL15	58	0	0	0	101743	0
U3	R	diseased	T:T1	IL1B	58	0	0	0	101743	0
U3	R	diseased	T:T1	IL7	58	1	1	0.0172414	101743	0.0937516
U3	R	diseased	T:T1	ITGAM	58	0	0	0	101743	0
U3	R	diseased	T:T1	ITGAX	58	0	0	0	101743	0
U3	R	diseased	T:T1	JAK1	58	9	9	0.155172	101743	0.633706
U3	R	diseased	T:T1	LYZ	58	0	0	0	101743	0
U3	R	diseased	T:T1	MAFB	58	0	0	0	101743	0
U3	R	diseased	T:T1	MAP1LC3B	58	9	9	0.155172	101743	0.633706
U3	R	diseased	T:T1	MAPK14	58	0	0	0	101743	0
U3	R	diseased	T:T1	NFKB1	58	2	2	0.0344828	101743	0.179462
U3	R	diseased	T:T1	NLRP3	58	0	0	0	101743	0
U3	R	diseased	T:T1	OSM	58	1	1	0.0172414	101743	0.0937516
U3	R	diseased	T:T1	PARP1	58	5	5	0.0862069	101743	0.399738
U3	R	diseased	T:T1	PIAS1	58	5	5	0.0862069	101743	0.399738
U3	R	diseased	T:T1	PKM	58	9	6	0.103448	101743	0.633706
U3	R	diseased	T:T1	PRKAA1	58	3	3	0.0517241	101743	0.258403
U3	R	diseased	T:T1	PTGS2	58	0	0	0	101743	0
U3	R	diseased	T:T1	RELA	58	1	1	0.0172414	101743	0.0937516
U3	R	diseased	T:T1	SH3KBP1	58	8	7	0.12069	101743	0.580144
U3	R	diseased	T:T1	SMAD3	58	0	0	0	101743	0
U3	R	diseased	T:T1	SOD1	58	19	17	0.293103	101743	1.05342
U3	R	diseased	T:T1	STAT3	58	12	9	0.155172	101743	0.779069
U3	R	diseased	T:T1	STAT5A	58	1	1	0.0172414	101743	0.0937516
U3	R	diseased	T:T1	SYK	58	0	0	0	101743	0
U3	R	diseased	T:T1	TLR4	58	0	0	0	101743	0
U3	R	diseased	T:T1	TNF	58	4	3	0.0517241	101743	0.331566
U3	R	diseased	T:T10	ACTA2	78	1	1	0.0128205	131102	0.0735074
U3	R	diseased	T:T10	AHR	78	2	2	0.025641	131102	0.141979
U3	R	diseased	T:T10	AKT1	78	4	4	0.0512821	131102	0.266284
U3	R	diseased	T:T10	ARNTL	78	5	5	0.0641026	131102	0.323085
U3	R	diseased	T:T10	BCL6	78	1	1	0.0128205	131102	0.0735074
U3	R	diseased	T:T10	BECN1	78	8	8	0.102564	131102	0.476366
U3	R	diseased	T:T10	BLNK	78	0	0	0	131102	0
U3	R	diseased	T:T10	BRD4	78	7	7	0.0897436	131102	0.427837
U3	R	diseased	T:T10	CAT	78	4	4	0.0512821	131102	0.266284
U3	R	diseased	T:T10	CD4	78	3	3	0.0384615	131102	0.206062
U3	R	diseased	T:T10	CD86	78	0	0	0	131102	0
U3	R	diseased	T:T10	CREB1	78	8	8	0.102564	131102	0.476366
U3	R	diseased	T:T10	CTNNB1	78	4	4	0.0512821	131102	0.266284
U3	R	diseased	T:T10	DNMT1	78	10	10	0.128205	131102	0.566884
U3	R	diseased	T:T10	FOXP3	78	0	0	0	131102	0
U3	R	diseased	T:T10	GABPA	78	2	2	0.025641	131102	0.141979
U3	R	diseased	T:T10	HIF1A	78	13	13	0.166667	131102	0.688935
U3	R	diseased	T:T10	HMOX1	78	0	0	0	131102	0
U3	R	diseased	T:T10	ICAM1	78	4	4	0.0512821	131102	0.266284
U3	R	diseased	T:T10	IFNG	78	102	35	0.448718	131102	2.1725
U3	R	diseased	T:T10	IL15	78	1	1	0.0128205	131102	0.0735074
U3	R	diseased	T:T10	IL1B	78	0	0	0	131102	0
U3	R	diseased	T:T10	IL7	78	0	0	0	131102	0
U3	R	diseased	T:T10	ITGAM	78	0	0	0	131102	0
U3	R	diseased	T:T10	ITGAX	78	0	0	0	131102	0
U3	R	diseased	T:T10	JAK1	78	30	25	0.320513	131102	1.19037
U3	R	diseased	T:T10	LYZ	78	0	0	0	131102	0
U3	R	diseased	T:T10	MAFB	78	0	0	0	131102	0
U3	R	diseased	T:T10	MAP1LC3B	78	33	26	0.333333	131102	1.25764
U3	R	diseased	T:T10	MAPK14	78	0	0	0	131102	0
U3	R	diseased	T:T10	NFKB1	78	4	4	0.0512821	131102	0.266284
U3	R	diseased	T:T10	NLRP3	78	0	0	0	131102	0
U3	R	diseased	T:T10	OSM	78	1	1	0.0128205	131102	0.0735074
U3	R	diseased	T:T10	PARP1	78	9	9	0.115385	131102	0.522648
U3	R	diseased	T:T10	PIAS1	78	11	11	0.141026	131102	0.609244
U3	R	diseased	T:T10	PKM	78	24	20	0.25641	131102	1.0405
U3	R	diseased	T:T10	PRKAA1	78	7	7	0.0897436	131102	0.427837
U3	R	diseased	T:T10	PTGS2	78	0	0	0	131102	0
U3	R	diseased	T:T10	RELA	78	9	9	0.115385	131102	0.522648
U3	R	diseased	T:T10	SH3KBP1	78	23	19	0.24359	131102	1.01318
U3	R	diseased	T:T10	SMAD3	78	1	1	0.0128205	131102	0.0735074
U3	R	diseased	T:T10	SOD1	78	35	25	0.320513	131102	1.3001
U3	R	diseased	T:T10	STAT3	78	30	25	0.320513	131102	1.19037
U3	R	diseased	T:T10	STAT5A	78	1	1	0.0128205	131102	0.0735074
U3	R	diseased	T:T10	SYK	78	0	0	0	131102	0
U3	R	diseased	T:T10	TLR4	78	0	0	0	131102	0
U3	R	diseased	T:T10	TNF	78	74	28	0.358974	131102	1.89378
U3	R	diseased	T:T11	ACTA2	18	0	0	0	49275	0
U3	R	diseased	T:T11	AHR	18	2	2	0.111111	49275	0.340667
U3	R	diseased	T:T11	AKT1	18	1	1	0.0555556	49275	0.184771
U3	R	diseased	T:T11	ARNTL	18	0	0	0	49275	0
U3	R	diseased	T:T11	BCL6	18	0	0	0	49275	0
U3	R	diseased	T:T11	BECN1	18	2	2	0.111111	49275	0.340667
U3	R	diseased	T:T11	BLNK	18	0	0	0	49275	0
U3	R	diseased	T:T11	BRD4	18	1	1	0.0555556	49275	0.184771
U3	R	diseased	T:T11	CAT	18	1	1	0.0555556	49275	0.184771
U3	R	diseased	T:T11	CD4	18	2	2	0.111111	49275	0.340667
U3	R	diseased	T:T11	CD86	18	0	0	0	49275	0
U3	R	diseased	T:T11	CREB1	18	1	1	0.0555556	49275	0.184771
U3	R	diseased	T:T11	CTNNB1	18	1	1	0.0555556	49275	0.184771
U3	R	diseased	T:T11	DNMT1	18	4	4	0.222222	49275	0.594305
U3	R	diseased	T:T11	FOXP3	18	0	0	0	49275	0
U3	R	diseased	T:T11	GABPA	18	0	0	0	49275	0
U3	R	diseased	T:T11	HIF1A	18	3	2	0.111111	49275	0.475506
U3	R	diseased	T:T11	HMOX1	18	0	0	0	49275	0
U3	R	diseased	T:T11	ICAM1	18	0	0	0	49275	0
U3	R	diseased	T:T11	IFNG	18	1	1	0.0555556	49275	0.184771
U3	R	diseased	T:T11	IL15	18	0	0	0	49275	0
U3	R	diseased	T:T11	IL1B	18	0	0	0	49275	0
U3	R	diseased	T:T11	IL7	18	0	0	0	49275	0
U3	R	diseased	T:T11	ITGAM	18	0	0	0	49275	0
U3	R	diseased	T:T11	ITGAX	18	0	0	0	49275	0
U3	R	diseased	T:T11	JAK1	18	7	5	0.277778	49275	0.884015
U3	R	diseased	T:T11	LYZ	18	0	0	0	49275	0
U3	R	diseased	T:T11	MAFB	18	0	0	0	49275	0
U3	R	diseased	T:T11	MAP1LC3B	18	1	1	0.0555556	49275	0.184771
U3	R	diseased	T:T11	MAPK14	18	0	0	0	49275	0
U3	R	diseased	T:T11	NFKB1	18	1	1	0.0555556	49275	0.184771
U3	R	diseased	T:T11	NLRP3	18	0	0	0	49275	0
U3	R	diseased	T:T11	OSM	18	0	0	0	49275	0
U3	R	diseased	T:T11	PARP1	18	1	1	0.0555556	49275	0.184771
U3	R	diseased	T:T11	PIAS1	18	3	3	0.166667	49275	0.475506
U3	R	diseased	T:T11	PKM	18	10	7	0.388889	49275	1.10837
U3	R	diseased	T:T11	PRKAA1	18	0	0	0	49275	0
U3	R	diseased	T:T11	PTGS2	18	0	0	0	49275	0
U3	R	diseased	T:T11	RELA	18	2	2	0.111111	49275	0.340667
U3	R	diseased	T:T11	SH3KBP1	18	5	4	0.222222	49275	0.700477
U3	R	diseased	T:T11	SMAD3	18	2	2	0.111111	49275	0.340667
U3	R	diseased	T:T11	SOD1	18	14	9	0.5	49275	1.34578
U3	R	diseased	T:T11	STAT3	18	4	4	0.222222	49275	0.594305
U3	R	diseased	T:T11	STAT5A	18	1	1	0.0555556	49275	0.184771
U3	R	diseased	T:T11	SYK	18	0	0	0	49275	0
U3	R	diseased	T:T11	TLR4	18	0	0	0	49275	0
U3	R	diseased	T:T11	TNF	18	3	3	0.166667	49275	0.475506
U3	R	diseased	T:T2	ACTA2	47	0	0	0	134907	0
U3	R	diseased	T:T2	AHR	47	11	9	0.191489	134907	0.596293
U3	R	diseased	T:T2	AKT1	47	4	4	0.0851064	134907	0.259669
U3	R	diseased	T:T2	ARNTL	47	2	2	0.0425532	134907	0.138239
U3	R	diseased	T:T2	BCL6	47	2	2	0.0425532	134907	0.138239
U3	R	diseased	T:T2	BECN1	47	3	2	0.0425532	134907	0.200796
U3	R	diseased	T:T2	BLNK	47	1	1	0.0212766	134907	0.0715065
U3	R	diseased	T:T2	BRD4	47	4	4	0.0851064	134907	0.259669
U3	R	diseased	T:T2	CAT	47	5	4	0.0851064	134907	0.315267
U3	R	diseased	T:T2	CD4	47	5	5	0.106383	134907	0.315267
U3	R	diseased	T:T2	CD86	47	0	0	0	134907	0
U3	R	diseased	T:T2	CREB1	47	5	5	0.106383	134907	0.315267
U3	R	diseased	T:T2	CTNNB1	47	2	2	0.0425532	134907	0.138239
U3	R	diseased	T:T2	DNMT1	47	3	3	0.0638298	134907	0.200796
U3	R	diseased	T:T2	FOXP3	47	1	1	0.0212766	134907	0.0715065
U3	R	diseased	T:T2	GABPA	47	1	1	0.0212766	134907	0.0715065
U3	R	diseased	T:T2	HIF1A	47	5	4	0.0851064	134907	0.315267
U3	R	diseased	T:T2	HMOX1	47	1	1	0.0212766	134907	0.0715065
U3	R	diseased	T:T2	ICAM1	47	7	6	0.12766	134907	0.417971
U3	R	diseased	T:T2	IFNG	47	5	3	0.0638298	134907	0.315267
U3	R	diseased	T:T2	IL15	47	1	1	0.0212766	134907	0.0715065
U3	R	diseased	T:T2	IL1B	47	0	0	0	134907	0
U3	R	diseased	T:T2	IL7	47	0	0	0	134907	0
U3	R	diseased	T:T2	ITGAM	47	0	0	0	134907	0
U3	R	diseased	T:T2	ITGAX	47	0	0	0	134907	0
U3	R	diseased	T:T2	JAK1	47	27	23	0.489362	134907	1.09907
U3	R	diseased	T:T2	LYZ	47	0	0	0	134907	0
U3	R	diseased	T:T2	MAFB	47	1	1	0.0212766	134907	0.0715065
U3	R	diseased	T:T2	MAP1LC3B	47	23	18	0.382979	134907	0.995057
U3	R	diseased	T:T2	MAPK14	47	0	0	0	134907	0
U3	R	diseased	T:T2	NFKB1	47	6	5	0.106383	134907	0.367937
U3	R	diseased	T:T2	NLRP3	47	0	0	0	134907	0
U3	R	diseased	T:T2	OSM	47	4	4	0.0851064	134907	0.259669
U3	R	diseased	T:T2	PARP1	47	6	6	0.12766	134907	0.367937
U3	R	diseased	T:T2	PIAS1	47	12	9	0.191489	134907	0.636313
U3	R	diseased	T:T2	PKM	47	15	11	0.234043	134907	0.747577
U3	R	diseased	T:T2	PRKAA1	47	0	0	0	134907	0
U3	R	diseased	T:T2	PTGS2	47	0	0	0	134907	0
U3	R	diseased	T:T2	RELA	47	4	4	0.0851064	134907	0.259669
U3	R	diseased	T:T2	SH3KBP1	47	9	9	0.191489	134907	0.511101
U3	R	diseased	T:T2	SMAD3	47	6	6	0.12766	134907	0.367937
U3	R	diseased	T:T2	SOD1	47	27	20	0.425532	134907	1.09907
U3	R	diseased	T:T2	STAT3	47	13	11	0.234043	134907	0.674793
U3	R	diseased	T:T2	STAT5A	47	2	2	0.0425532	134907	0.138239
U3	R	diseased	T:T2	SYK	47	0	0	0	134907	0
U3	R	diseased	T:T2	TLR4	47	0	0	0	134907	0
U3	R	diseased	T:T2	TNF	47	6	5	0.106383	134907	0.367937
U3	R	diseased	T:T3	ACTA2	3	0	0	0	12644	0
U3	R	diseased	T:T3	AHR	3	0	0	0	12644	0
U3	R	diseased	T:T3	AKT1	3	0	0	0	12644	0
U3	R	diseased	T:T3	ARNTL	3	0	0	0	12644	0
U3	R	diseased	T:T3	BCL6	3	0	0	0	12644	0
U3	R	diseased	T:T3	BECN1	3	0	0	0	12644	0
U3	R	diseased	T:T3	BLNK	3	1	1	0.333333	12644	0.582712
U3	R	diseased	T:T3	BRD4	3	1	1	0.333333	12644	0.582712
U3	R	diseased	T:T3	CAT	3	0	0	0	12644	0
U3	R	diseased	T:T3	CD4	3	0	0	0	12644	0
U3	R	diseased	T:T3	CD86	3	0	0	0	12644	0
U3	R	diseased	T:T3	CREB1	3	0	0	0	12644	0
U3	R	diseased	T:T3	CTNNB1	3	0	0	0	12644	0
U3	R	diseased	T:T3	DNMT1	3	1	1	0.333333	12644	0.582712
U3	R	diseased	T:T3	FOXP3	3	0	0	0	12644	0
U3	R	diseased	T:T3	GABPA	3	0	0	0	12644	0
U3	R	diseased	T:T3	HIF1A	3	0	0	0	12644	0
U3	R	diseased	T:T3	HMOX1	3	0	0	0	12644	0
U3	R	diseased	T:T3	ICAM1	3	0	0	0	12644	0
U3	R	diseased	T:T3	IFNG	3	0	0	0	12644	0
U3	R	diseased	T:T3	IL15	3	0	0	0	12644	0
U3	R	diseased	T:T3	IL1B	3	0	0	0	12644	0
U3	R	diseased	T:T3	IL7	3	0	0	0	12644	0
U3	R	diseased	T:T3	ITGAM	3	0	0	0	12644	0
U3	R	diseased	T:T3	ITGAX	3	0	0	0	12644	0
U3	R	diseased	T:T3	JAK1	3	0	0	0	12644	0
U3	R	diseased	T:T3	LYZ	3	0	0	0	12644	0
U3	R	diseased	T:T3	MAFB	3	0	0	0	12644	0
U3	R	diseased	T:T3	MAP1LC3B	3	1	1	0.333333	12644	0.582712
U3	R	diseased	T:T3	MAPK14	3	0	0	0	12644	0
U3	R	diseased	T:T3	NFKB1	3	0	0	0	12644	0
U3	R	diseased	T:T3	NLRP3	3	0	0	0	12644	0
U3	R	diseased	T:T3	OSM	3	0	0	0	12644	0
U3	R	diseased	T:T3	PARP1	3	1	1	0.333333	12644	0.582712
U3	R	diseased	T:T3	PIAS1	3	0	0	0	12644	0
U3	R	diseased	T:T3	PKM	3	2	1	0.333333	12644	0.948478
U3	R	diseased	T:T3	PRKAA1	3	0	0	0	12644	0
U3	R	diseased	T:T3	PTGS2	3	0	0	0	12644	0
U3	R	diseased	T:T3	RELA	3	1	1	0.333333	12644	0.582712
U3	R	diseased	T:T3	SH3KBP1	3	0	0	0	12644	0
U3	R	diseased	T:T3	SMAD3	3	0	0	0	12644	0
U3	R	diseased	T:T3	SOD1	3	1	1	0.333333	12644	0.582712
U3	R	diseased	T:T3	STAT3	3	0	0	0	12644	0
U3	R	diseased	T:T3	STAT5A	3	0	0	0	12644	0
U3	R	diseased	T:T3	SYK	3	0	0	0	12644	0
U3	R	diseased	T:T3	TLR4	3	0	0	0	12644	0
U3	R	diseased	T:T3	TNF	3	0	0	0	12644	0
U3	R	diseased	T:T4	ACTA2	6	0	0	0	13892	0
U3	R	diseased	T:T4	AHR	6	0	0	0	13892	0
U3	R	diseased	T:T4	AKT1	6	0	0	0	13892	0
U3	R	diseased	T:T4	ARNTL	6	0	0	0	13892	0
U3	R	diseased	T:T4	BCL6	6	0	0	0	13892	0
U3	R	diseased	T:T4	BECN1	6	0	0	0	13892	0
U3	R	diseased	T:T4	BLNK	6	0	0	0	13892	0
U3	R	diseased	T:T4	BRD4	6	0	0	0	13892	0
U3	R	diseased	T:T4	CAT	6	0	0	0	13892	0
U3	R	diseased	T:T4	CD4	6	0	0	0	13892	0
U3	R	diseased	T:T4	CD86	6	0	0	0	13892	0
U3	R	diseased	T:T4	CREB1	6	0	0	0	13892	0
U3	R	diseased	T:T4	CTNNB1	6	0	0	0	13892	0
U3	R	diseased	T:T4	DNMT1	6	0	0	0	13892	0
U3	R	diseased	T:T4	FOXP3	6	0	0	0	13892	0
U3	R	diseased	T:T4	GABPA	6	0	0	0	13892	0
U3	R	diseased	T:T4	HIF1A	6	0	0	0	13892	0
U3	R	diseased	T:T4	HMOX1	6	0	0	0	13892	0
U3	R	diseased	T:T4	ICAM1	6	0	0	0	13892	0
U3	R	diseased	T:T4	IFNG	6	0	0	0	13892	0
U3	R	diseased	T:T4	IL15	6	0	0	0	13892	0
U3	R	diseased	T:T4	IL1B	6	0	0	0	13892	0
U3	R	diseased	T:T4	IL7	6	0	0	0	13892	0
U3	R	diseased	T:T4	ITGAM	6	0	0	0	13892	0
U3	R	diseased	T:T4	ITGAX	6	0	0	0	13892	0
U3	R	diseased	T:T4	JAK1	6	2	2	0.333333	13892	0.891866
U3	R	diseased	T:T4	LYZ	6	0	0	0	13892	0
U3	R	diseased	T:T4	MAFB	6	0	0	0	13892	0
U3	R	diseased	T:T4	MAP1LC3B	6	0	0	0	13892	0
U3	R	diseased	T:T4	MAPK14	6	0	0	0	13892	0
U3	R	diseased	T:T4	NFKB1	6	0	0	0	13892	0
U3	R	diseased	T:T4	NLRP3	6	0	0	0	13892	0
U3	R	diseased	T:T4	OSM	6	0	0	0	13892	0
U3	R	diseased	T:T4	PARP1	6	0	0	0	13892	0
U3	R	diseased	T:T4	PIAS1	6	0	0	0	13892	0
U3	R	diseased	T:T4	PKM	6	0	0	0	13892	0
U3	R	diseased	T:T4	PRKAA1	6	0	0	0	13892	0
U3	R	diseased	T:T4	PTGS2	6	0	0	0	13892	0
U3	R	diseased	T:T4	RELA	6	0	0	0	13892	0
U3	R	diseased	T:T4	SH3KBP1	6	1	1	0.166667	13892	0.542231
U3	R	diseased	T:T4	SMAD3	6	0	0	0	13892	0
U3	R	diseased	T:T4	SOD1	6	1	1	0.166667	13892	0.542231
U3	R	diseased	T:T4	STAT3	6	0	0	0	13892	0
U3	R	diseased	T:T4	STAT5A	6	0	0	0	13892	0
U3	R	diseased	T:T4	SYK	6	0	0	0	13892	0
U3	R	diseased	T:T4	TLR4	6	0	0	0	13892	0
U3	R	diseased	T:T4	TNF	6	0	0	0	13892	0
U3	R	diseased	T:T5	ACTA2	202	7	7	0.0346535	387214	0.166174
U3	R	diseased	T:T5	AHR	202	27	24	0.118812	387214	0.529032
U3	R	diseased	T:T5	AKT1	202	2	2	0.00990099	387214	0.0503613
U3	R	diseased	T:T5	ARNTL	202	12	12	0.0594059	387214	0.269955
U3	R	diseased	T:T5	BCL6	202	10	10	0.049505	387214	0.229726
U3	R	diseased	T:T5	BECN1	202	20	18	0.0891089	387214	0.416412
U3	R	diseased	T:T5	BLNK	202	2	2	0.00990099	387214	0.0503613
U3	R	diseased	T:T5	BRD4	202	24	23	0.113861	387214	0.48231
U3	R	diseased	T:T5	CAT	202	8	8	0.039604	387214	0.18781
U3	R	diseased	T:T5	CD4	202	26	22	0.108911	387214	0.513699
U3	R	diseased	T:T5	CD86	202	0	0	0	387214	0
U3	R	diseased	T:T5	CREB1	202	13	12	0.0594059	387214	0.289479
U3	R	diseased	T:T5	CTNNB1	202	9	9	0.0445545	387214	0.208988
U3	R	diseased	T:T5	DNMT1	202	19	19	0.0940594	387214	0.399236
U3	R	diseased	T:T5	FOXP3	202	3	3	0.0148515	387214	0.0746218
U3	R	diseased	T:T5	GABPA	202	4	4	0.019802	387214	0.0983075
U3	R	diseased	T:T5	HIF1A	202	45	40	0.19802	387214	0.771102
U3	R	diseased	T:T5	HMOX1	202	2	2	0.00990099	387214	0.0503613
U3	R	diseased	T:T5	ICAM1	202	4	4	0.019802	387214	0.0983075
U3	R	diseased	T:T5	IFNG	202	12	7	0.0346535	387214	0.269955
U3	R	diseased	T:T5	IL15	202	0	0	0	387214	0
U3	R	diseased	T:T5	IL1B	202	1	1	0.0049505	387214	0.0254977
U3	R	diseased	T:T5	IL7	202	0	0	0	387214	0
U3	R	diseased	T:T5	ITGAM	202	0	0	0	387214	0
U3	R	diseased	T:T5	ITGAX	202	1	1	0.0049505	387214	0.0254977
U3	R	diseased	T:T5	JAK1	202	84	62	0.306931	387214	1.15352
U3	R	diseased	T:T5	LYZ	202	1	1	0.0049505	387214	0.0254977
U3	R	diseased	T:T5	MAFB	202	0	0	0	387214	0
U3	R	diseased	T:T5	MAP1LC3B	202	59	48	0.237624	387214	0.925728
U3	R	diseased	T:T5	MAPK14	202	7	7	0.0346535	387214	0.166174
U3	R	diseased	T:T5	NFKB1	202	13	11	0.0544554	387214	0.289479
U3	R	diseased	T:T5	NLRP3	202	0	0	0	387214	0
U3	R	diseased	T:T5	OSM	202	1	1	0.0049505	387214	0.0254977
U3	R	diseased	T:T5	PARP1	202	28	23	0.113861	387214	0.544133
U3	R	diseased	T:T5	PIAS1	202	37	35	0.173267	387214	0.670668
U3	R	diseased	T:T5	PKM	202	94	60	0.29703	387214	1.23186
U3	R	diseased	T:T5	PRKAA1	202	16	16	0.0792079	387214	0.345862
U3	R	diseased	T:T5	PTGS2	202	0	0	0	387214	0
U3	R	diseased	T:T5	RELA	202	27	26	0.128713	387214	0.529032
U3	R	diseased	T:T5	SH3KBP1	202	49	42	0.207921	387214	0.817773
U3	R	diseased	T:T5	SMAD3	202	6	6	0.029703	387214	0.14406
U3	R	diseased	T:T5	SOD1	202	153	100	0.49505	387214	1.59965
U3	R	diseased	T:T5	STAT3	202	110	78	0.386139	387214	1.34568
U3	R	diseased	T:T5	STAT5A	202	9	9	0.0445545	387214	0.208988
U3	R	diseased	T:T5	SYK	202	2	1	0.0049505	387214	0.0503613
U3	R	diseased	T:T5	TLR4	202	0	0	0	387214	0
U3	R	diseased	T:T5	TNF	202	19	13	0.0643564	387214	0.399236
U3	R	diseased	T:T7	ACTA2	122	13	13	0.106557	255384	0.411472
U3	R	diseased	T:T7	AHR	122	51	38	0.311475	255384	1.09761
U3	R	diseased	T:T7	AKT1	122	3	3	0.0245902	255384	0.111067
U3	R	diseased	T:T7	ARNTL	122	7	7	0.057377	255384	0.242238
U3	R	diseased	T:T7	BCL6	122	4	4	0.0327869	255384	0.145508
U3	R	diseased	T:T7	BECN1	122	15	15	0.122951	255384	0.462066
U3	R	diseased	T:T7	BLNK	122	1	1	0.00819672	255384	0.0384095
U3	R	diseased	T:T7	BRD4	122	20	20	0.163934	255384	0.578373
U3	R	diseased	T:T7	CAT	122	14	14	0.114754	255384	0.437089
U3	R	diseased	T:T7	CD4	122	30	22	0.180328	255384	0.776891
U3	R	diseased	T:T7	CD86	122	0	0	0	255384	0
U3	R	diseased	T:T7	CREB1	122	9	9	0.0737705	255384	0.301889
U3	R	diseased	T:T7	CTNNB1	122	11	11	0.0901639	255384	0.358181
U3	R	diseased	T:T7	DNMT1	122	19	15	0.122951	255384	0.556169
U3	R	diseased	T:T7	FOXP3	122	68	40	0.327869	255384	1.29819
U3	R	diseased	T:T7	GABPA	122	4	4	0.0327869	255384	0.145508
U3	R	diseased	T:T7	HIF1A	122	29	26	0.213115	255384	0.758722
U3	R	diseased	T:T7	HMOX1	122	0	0	0	255384	0
U3	R	diseased	T:T7	ICAM1	122	6	6	0.0491803	255384	0.211023
U3	R	diseased	T:T7	IFNG	122	11	6	0.0491803	255384	0.358181
U3	R	diseased	T:T7	IL15	122	0	0	0	255384	0
U3	R	diseased	T:T7	IL1B	122	0	0	0	255384	0
U3	R	diseased	T:T7	IL7	122	3	3	0.0245902	255384	0.111067
U3	R	diseased	T:T7	ITGAM	122	2	1	0.00819672	255384	0.0753982
U3	R	diseased	T:T7	ITGAX	122	1	1	0.00819672	255384	0.0384095
U3	R	diseased	T:T7	JAK1	122	87	54	0.442623	255384	1.48311
U3	R	diseased	T:T7	LYZ	122	0	0	0	255384	0
U3	R	diseased	T:T7	MAFB	122	1	1	0.00819672	255384	0.0384095
U3	R	diseased	T:T7	MAP1LC3B	122	52	35	0.286885	255384	1.11059
U3	R	diseased	T:T7	MAPK14	122	2	2	0.0163934	255384	0.0753982
U3	R	diseased	T:T7	NFKB1	122	10	9	0.0737705	255384	0.330431
U3	R	diseased	T:T7	NLRP3	122	0	0	0	255384	0
U3	R	diseased	T:T7	OSM	122	1	1	0.00819672	255384	0.0384095
U3	R	diseased	T:T7	PARP1	122	15	15	0.122951	255384	0.462066
U3	R	diseased	T:T7	PIAS1	122	26	25	0.204918	255384	0.702144
U3	R	diseased	T:T7	PKM	122	67	43	0.352459	255384	1.28744
U3	R	diseased	T:T7	PRKAA1	122	11	10	0.0819672	255384	0.358181
U3	R	diseased	T:T7	PTGS2	122	0	0	0	255384	0
U3	R	diseased	T:T7	RELA	122	13	11	0.0901639	255384	0.411472
U3	R	diseased	T:T7	SH3KBP1	122	45	35	0.286885	255384	1.01597
U3	R	diseased	T:T7	SMAD3	122	5	5	0.0409836	255384	0.178802
U3	R	diseased	T:T7	SOD1	122	114	59	0.483607	255384	1.69816
U3	R	diseased	T:T7	STAT3	122	65	53	0.434426	255384	1.26559
U3	R	diseased	T:T7	STAT5A	122	4	4	0.0327869	255384	0.145508
U3	R	diseased	T:T7	SYK	122	3	3	0.0245902	255384	0.111067
U3	R	diseased	T:T7	TLR4	122	0	0	0	255384	0
U3	R	diseased	T:T7	TNF	122	12	10	0.0819672	255384	0.385181
U3	R	diseased	T:T8	ACTA2	1	0	0	0	3065	0
U3	R	diseased	T:T8	AHR	1	0	0	0	3065	0
U3	R	diseased	T:T8	AKT1	1	0	0	0	3065	0
U3	R	diseased	T:T8	ARNTL	1	0	0	0	3065	0
U3	R	diseased	T:T8	BCL6	1	0	0	0	3065	0
U3	R	diseased	T:T8	BECN1	1	0	0	0	3065	0
U3	R	diseased	T:T8	BLNK	1	0	0	0	3065	0
U3	R	diseased	T:T8	BRD4	1	0	0	0	3065	0
U3	R	diseased	T:T8	CAT	1	0	0	0	3065	0
U3	R	diseased	T:T8	CD4	1	0	0	0	3065	0
U3	R	diseased	T:T8	CD86	1	0	0	0	3065	0
U3	R	diseased	T:T8	CREB1	1	0	0	0	3065	0
U3	R	diseased	T:T8	CTNNB1	1	0	0	0	3065	0
U3	R	diseased	T:T8	DNMT1	1	0	0	0	3065	0
U3	R	diseased	T:T8	FOXP3	1	0	0	0	3065	0
U3	R	diseased	T:T8	GABPA	1	0	0	0	3065	0
U3	R	diseased	T:T8	HIF1A	1	0	0	0	3065	0
U3	R	diseased	T:T8	HMOX1	1	0	0	0	3065	0
U3	R	diseased	T:T8	ICAM1	1	0	0	0	3065	0
U3	R	diseased	T:T8	IFNG	1	0	0	0	3065	0
U3	R	diseased	T:T8	IL15	1	0	0	0	3065	0
U3	R	diseased	T:T8	IL1B	1	0	0	0	3065	0
U3	R	diseased	T:T8	IL7	1	0	0	0	3065	0
U3	R	diseased	T:T8	ITGAM	1	0	0	0	3065	0
U3	R	diseased	T:T8	ITGAX	1	0	0	0	3065	0
U3	R	diseased	T:T8	JAK1	1	2	1	1	3065	2.01827
U3	R	diseased	T:T8	LYZ	1	0	0	0	3065	0
U3	R	diseased	T:T8	MAFB	1	0	0	0	3065	0
U3	R	diseased	T:T8	MAP1LC3B	1	1	1	1	3065	1.44989
U3	R	diseased	T:T8	MAPK14	1	0	0	0	3065	0
U3	R	diseased	T:T8	NFKB1	1	0	0	0	3065	0
U3	R	diseased	T:T8	NLRP3	1	0	0	0	3065	0
U3	R	diseased	T:T8	OSM	1	0	0	0	3065	0
U3	R	diseased	T:T8	PARP1	1	0	0	0	3065	0
U3	R	diseased	T:T8	PIAS1	1	0	0	0	3065	0
U3	R	diseased	T:T8	PKM	1	0	0	0	3065	0
U3	R	diseased	T:T8	PRKAA1	1	0	0	0	3065	0
U3	R	diseased	T:T8	PTGS2	1	0	0	0	3065	0
U3	R	diseased	T:T8	RELA	1	0	0	0	3065	0
U3	R	diseased	T:T8	SH3KBP1	1	0	0	0	3065	0
U3	R	diseased	T:T8	SMAD3	1	0	0	0	3065	0
U3	R	diseased	T:T8	SOD1	1	0	0	0	3065	0
U3	R	diseased	T:T8	STAT3	1	0	0	0	3065	0
U3	R	diseased	T:T8	STAT5A	1	1	1	1	3065	1.44989
U3	R	diseased	T:T8	SYK	1	0	0	0	3065	0
U3	R	diseased	T:T8	TLR4	1	0	0	0	3065	0
U3	R	diseased	T:T8	TNF	1	0	0	0	3065	0
U3	R	diseased	T:T9	ACTA2	7	0	0	0	9055	0
U3	R	diseased	T:T9	AHR	7	0	0	0	9055	0
U3	R	diseased	T:T9	AKT1	7	0	0	0	9055	0
U3	R	diseased	T:T9	ARNTL	7	0	0	0	9055	0
U3	R	diseased	T:T9	BCL6	7	0	0	0	9055	0
U3	R	diseased	T:T9	BECN1	7	0	0	0	9055	0
U3	R	diseased	T:T9	BLNK	7	0	0	0	9055	0
U3	R	diseased	T:T9	BRD4	7	0	0	0	9055	0
U3	R	diseased	T:T9	CAT	7	0	0	0	9055	0
U3	R	diseased	T:T9	CD4	7	1	1	0.142857	9055	0.744012
U3	R	diseased	T:T9	CD86	7	0	0	0	9055	0
U3	R	diseased	T:T9	CREB1	7	0	0	0	9055	0
U3	R	diseased	T:T9	CTNNB1	7	0	0	0	9055	0
U3	R	diseased	T:T9	DNMT1	7	1	1	0.142857	9055	0.744012
U3	R	diseased	T:T9	FOXP3	7	0	0	0	9055	0
U3	R	diseased	T:T9	GABPA	7	1	1	0.142857	9055	0.744012
U3	R	diseased	T:T9	HIF1A	7	1	1	0.142857	9055	0.744012
U3	R	diseased	T:T9	HMOX1	7	0	0	0	9055	0
U3	R	diseased	T:T9	ICAM1	7	0	0	0	9055	0
U3	R	diseased	T:T9	IFNG	7	0	0	0	9055	0
U3	R	diseased	T:T9	IL15	7	0	0	0	9055	0
U3	R	diseased	T:T9	IL1B	7	0	0	0	9055	0
U3	R	diseased	T:T9	IL7	7	0	0	0	9055	0
U3	R	diseased	T:T9	ITGAM	7	0	0	0	9055	0
U3	R	diseased	T:T9	ITGAX	7	0	0	0	9055	0
U3	R	diseased	T:T9	JAK1	7	1	1	0.142857	9055	0.744012
U3	R	diseased	T:T9	LYZ	7	0	0	0	9055	0
U3	R	diseased	T:T9	MAFB	7	0	0	0	9055	0
U3	R	diseased	T:T9	MAP1LC3B	7	3	3	0.428571	9055	1.46165
U3	R	diseased	T:T9	MAPK14	7	0	0	0	9055	0
U3	R	diseased	T:T9	NFKB1	7	0	0	0	9055	0
U3	R	diseased	T:T9	NLRP3	7	0	0	0	9055	0
U3	R	diseased	T:T9	OSM	7	0	0	0	9055	0
U3	R	diseased	T:T9	PARP1	7	1	1	0.142857	9055	0.744012
U3	R	diseased	T:T9	PIAS1	7	1	1	0.142857	9055	0.744012
U3	R	diseased	T:T9	PKM	7	2	2	0.285714	9055	1.16587
U3	R	diseased	T:T9	PRKAA1	7	0	0	0	9055	0
U3	R	diseased	T:T9	PTGS2	7	0	0	0	9055	0
U3	R	diseased	T:T9	RELA	7	0	0	0	9055	0
U3	R	diseased	T:T9	SH3KBP1	7	1	1	0.142857	9055	0.744012
U3	R	diseased	T:T9	SMAD3	7	0	0	0	9055	0
U3	R	diseased	T:T9	SOD1	7	6	5	0.714286	9055	2.03159
U3	R	diseased	T:T9	STAT3	7	3	2	0.285714	9055	1.46165
U3	R	diseased	T:T9	STAT5A	7	0	0	0	9055	0
U3	R	diseased	T:T9	SYK	7	0	0	0	9055	0
U3	R	diseased	T:T9	TLR4	7	0	0	0	9055	0
U3	R	diseased	T:T9	TNF	7	0	0	0	9055	0
U3	R	diseased	unknown	ACTA2	1344	38	30	0.0223214	4.87466e+06	0.075065
U3	R	diseased	unknown	AHR	1344	191	150	0.111607	4.87466e+06	0.330614
U3	R	diseased	unknown	AKT1	1344	39	38	0.0282738	4.87466e+06	0.0769662
U3	R	diseased	unknown	ARNTL	1344	49	44	0.0327381	4.87466e+06	0.0957827
U3	R	diseased	unknown	BCL6	1344	82	73	0.0543155	4.87466e+06	0.155479
U3	R	diseased	unknown	BECN1	1344	164	149	0.110863	4.87466e+06	0.290005
U3	R	diseased	unknown	BLNK	1344	371	275	0.204613	4.87466e+06	0.565927
U3	R	diseased	unknown	BRD4	1344	204	178	0.13244	4.87466e+06	0.349594
U3	R	diseased	unknown	CAT	1344	117	106	0.078869	4.87466e+06	0.215125
U3	R	diseased	unknown	CD4	1344	74	57	0.0424107	4.87466e+06	0.141331
U3	R	diseased	unknown	CD86	1344	69	57	0.0424107	4.87466e+06	0.132386
U3	R	diseased	unknown	CREB1	1344	121	109	0.0811012	4.87466e+06	0.221721
U3	R	diseased	unknown	CTNNB1	1344	104	90	0.0669643	4.87466e+06	0.193384
U3	R	diseased	unknown	DNMT1	1344	236	149	0.110863	4.87466e+06	0.394833
U3	R	diseased	unknown	FOXP3	1344	97	71	0.0528274	4.87466e+06	0.181478
U3	R	diseased	unknown	GABPA	1344	58	54	0.0401786	4.87466e+06	0.11242
U3	R	diseased	unknown	HIF1A	1344	382	291	0.216518	4.87466e+06	0.578659
U3	R	diseased	unknown	HMOX1	1344	20	19	0.0141369	4.87466e+06	0.0402092
U3	R	diseased	unknown	ICAM1	1344	183	144	0.107143	4.87466e+06	0.318753
U3	R	diseased	unknown	IFNG	1344	137	66	0.0491071	4.87466e+06	0.247676
U3	R	diseased	unknown	IL15	1344	37	32	0.0238095	4.87466e+06	0.0731601
U3	R	diseased	unknown	IL1B	1344	130	17	0.0126488	4.87466e+06	0.236404
U3	R	diseased	unknown	IL7	1344	43	43	0.031994	4.87466e+06	0.0845354
U3	R	diseased	unknown	ITGAM	1344	10	10	0.00744048	4.87466e+06	0.0203067
U3	R	diseased	unknown	ITGAX	1344	10	9	0.00669643	4.87466e+06	0.0203067
U3	R	diseased	unknown	JAK1	1344	644	460	0.342262	4.87466e+06	0.842049
U3	R	diseased	unknown	LYZ	1344	289	18	0.0133929	4.87466e+06	0.465532
U3	R	diseased	unknown	MAFB	1344	15	11	0.00818452	4.87466e+06	0.0303074
U3	R	diseased	unknown	MAP1LC3B	1344	642	440	0.327381	4.87466e+06	0.84028
U3	R	diseased	unknown	MAPK14	1344	41	40	0.0297619	4.87466e+06	0.080758
U3	R	diseased	unknown	NFKB1	1344	85	80	0.0595238	4.87466e+06	0.160733
U3	R	diseased	unknown	NLRP3	1344	13	9	0.00669643	4.87466e+06	0.0263191
U3	R	diseased	unknown	OSM	1344	11	10	0.00744048	4.87466e+06	0.0223148
U3	R	diseased	unknown	PARP1	1344	474	303	0.225446	4.87466e+06	0.679239
U3	R	diseased	unknown	PIAS1	1344	259	231	0.171875	4.87466e+06	0.42613
U3	R	diseased	unknown	PKM	1344	743	423	0.314732	4.87466e+06	0.925928
U3	R	diseased	unknown	PRKAA1	1344	82	78	0.0580357	4.87466e+06	0.155479
U3	R	diseased	unknown	PTGS2	1344	28	12	0.00892857	4.87466e+06	0.0558508
U3	R	diseased	unknown	RELA	1344	134	127	0.094494	4.87466e+06	0.242861
U3	R	diseased	unknown	SH3KBP1	1344	288	230	0.171131	4.87466e+06	0.464244
U3	R	diseased	unknown	SMAD3	1344	34	32	0.0238095	4.87466e+06	0.0674236
U3	R	diseased	unknown	SOD1	1344	858	548	0.407738	4.87466e+06	1.01528
U3	R	diseased	unknown	STAT3	1344	533	392	0.291667	4.87466e+06	0.738794
U3	R	diseased	unknown	STAT5A	1344	59	54	0.0401786	4.87466e+06	0.114252
U3	R	diseased	unknown	SYK	1344	238	174	0.129464	4.87466e+06	0.397594
U3	R	diseased	unknown	TLR4	1344	2	2	0.0014881	4.87466e+06	0.00409446
U3	R	diseased	unknown	TNF	1344	229	124	0.0922619	4.87466e+06	0.38511
U4	R	diseased	B	ACTA2	536	1	1	0.00186567	1.44944e+06	0.00687551
U4	R	diseased	B	AHR	536	30	28	0.0522388	1.44944e+06	0.188118
U4	R	diseased	B	AKT1	536	15	15	0.0279851	1.44944e+06	0.098476
U4	R	diseased	B	ARNTL	536	9	9	0.016791	1.44944e+06	0.0602413
U4	R	diseased	B	BCL6	536	16	16	0.0298507	1.44944e+06	0.104709
U4	R	diseased	B	BECN1	536	54	53	0.0988806	1.44944e+06	0.316675
U4	R	diseased	B	BLNK	536	175	154	0.287313	1.44944e+06	0.791797
U4	R	diseased	B	BRD4	536	91	77	0.143657	1.44944e+06	0.487246
U4	R	diseased	B	CAT	536	47	43	0.0802239	1.44944e+06	0.280856
U4	R	diseased	B	CD4	536	5	5	0.00932836	1.44944e+06	0.0339143
U4	R	diseased	B	CD86	536	32	29	0.0541045	1.44944e+06	0.199485
U4	R	diseased	B	CREB1	536	64	57	0.106343	1.44944e+06	0.365718
U4	R	diseased	B	CTNNB1	536	47	44	0.0820896	1.44944e+06	0.280856
U4	R	diseased	B	DNMT1	536	29	29	0.0541045	1.44944e+06	0.182385
U4	R	diseased	B	FOXP3	536	2	2	0.00373134	1.44944e+06	0.0137041
U4	R	diseased	B	GABPA	536	12	12	0.0223881	1.44944e+06	0.0795414
U4	R	diseased	B	HIF1A	536	185	146	0.272388	1.44944e+06	0.822574
U4	R	diseased	B	HMOX1	536	6	6	0.011194	1.44944e+06	0.0405613
U4	R	diseased	B	ICAM1	536	86	75	0.139925	1.44944e+06	0.465827
U4	R	diseased	B	IFNG	536	12	8	0.0149254	1.44944e+06	0.0795414
U4	R	diseased	B	IL15	536	13	13	0.0242537	1.44944e+06	0.0858929
U4	R	diseased	B	IL1B	536	1	1	0.00186567	1.44944e+06	0.00687551
U4	R	diseased	B	IL7	536	22	22	0.0410448	1.44944e+06	0.141311
U4	R	diseased	B	ITGAM	536	13	13	0.0242537	1.44944e+06	0.0858929
U4	R	diseased	B	ITGAX	536	7	6	0.011194	1.44944e+06	0.0471644
U4	R	diseased	B	JAK1	536	291	214	0.399254	1.44944e+06	1.10116
U4	R	diseased	B	LYZ	536	1	1	0.00186567	1.44944e+06	0.00687551
U4	R	diseased	B	MAFB	536	3	3	0.00559701	1.44944e+06	0.0204863
U4	R	diseased	B	MAP1LC3B	536	243	179	0.333955	1.44944e+06	0.984512
U4	R	diseased	B	MAPK14	536	20	19	0.0354478	1.44944e+06	0.129258
U4	R	diseased	B	NFKB1	536	83	72	0.134328	1.44944e+06	0.452752
U4	R	diseased	B	NLRP3	536	2	2	0.00373134	1.44944e+06	0.0137041
U4	R	diseased	B	OSM	536	1	1	0.00186567	1.44944e+06	0.00687551
U4	R	diseased	B	PARP1	536	214	171	0.31903	1.44944e+06	0.906817
U4	R	diseased	B	PIAS1	536	97	92	0.171642	1.44944e+06	0.512358
U4	R	diseased	B	PKM	536	223	175	0.326493	1.44944e+06	0.931582
U4	R	diseased	B	PRKAA1	536	35	31	0.0578358	1.44944e+06	0.216298
U4	R	diseased	B	PTGS2	536	0	0	0	1.44944e+06	0
U4	R	diseased	B	RELA	536	37	35	0.0652985	1.44944e+06	0.227351
U4	R	diseased	B	SH3KBP1	536	80	68	0.126866	1.44944e+06	0.439503
U4	R	diseased	B	SMAD3	536	46	41	0.0764925	1.44944e+06	0.275632
U4	R	diseased	B	SOD1	536	223	184	0.343284	1.44944e+06	0.931582
U4	R	diseased	B	STAT3	536	180	139	0.259328	1.44944e+06	0.807304
U4	R	diseased	B	STAT5A	536	34	31	0.0578358	1.44944e+06	0.210725
U4	R	diseased	B	SYK	536	110	97	0.18097	1.44944e+06	0.564695
U4	R	diseased	B	TLR4	536	1	1	0.00186567	1.44944e+06	0.00687551
U4	R	diseased	B	TNF	536	119	76	0.141791	1.44944e+06	0.599388
U4	R	diseased	B:B1	ACTA2	24	0	0	0	195153	0
U4	R	diseased	B:B1	AHR	24	2	2	0.0833333	195153	0.0975655
U4	R	diseased	B:B1	AKT1	24	1	1	0.0416667	195153	0.0499722
U4	R	diseased	B:B1	ARNTL	24	1	1	0.0416667	195153	0.0499722
U4	R	diseased	B:B1	BCL6	24	2	2	0.0833333	195153	0.0975655
U4	R	diseased	B:B1	BECN1	24	4	4	0.166667	195153	0.186452
U4	R	diseased	B:B1	BLNK	24	14	11	0.458333	195153	0.540803
U4	R	diseased	B:B1	BRD4	24	6	5	0.208333	195153	0.268079
U4	R	diseased	B:B1	CAT	24	3	3	0.125	195153	0.142996
U4	R	diseased	B:B1	CD4	24	2	2	0.0833333	195153	0.0975655
U4	R	diseased	B:B1	CD86	24	0	0	0	195153	0
U4	R	diseased	B:B1	CREB1	24	2	2	0.0833333	195153	0.0975655
U4	R	diseased	B:B1	CTNNB1	24	1	1	0.0416667	195153	0.0499722
U4	R	diseased	B:B1	DNMT1	24	4	4	0.166667	195153	0.186452
U4	R	diseased	B:B1	FOXP3	24	0	0	0	195153	0
U4	R	diseased	B:B1	GABPA	24	0	0	0	195153	0
U4	R	diseased	B:B1	HIF1A	24	6	5	0.208333	195153	0.268079
U4	R	diseased	B:B1	HMOX1	24	1	1	0.0416667	195153	0.0499722
U4	R	diseased	B:B1	ICAM1	24	4	4	0.166667	195153	0.186452
U4	R	diseased	B:B1	IFNG	24	8	4	0.166667	195153	0.343543
U4	R	diseased	B:B1	IL15	24	3	3	0.125	195153	0.142996
U4	R	diseased	B:B1	IL1B	24	0	0	0	195153	0
U4	R	diseased	B:B1	IL7	24	0	0	0	195153	0
U4	R	diseased	B:B1	ITGAM	24	0	0	0	195153	0
U4	R	diseased	B:B1	ITGAX	24	0	0	0	195153	0
U4	R	diseased	B:B1	JAK1	24	13	7	0.291667	195153	0.510512
U4	R	diseased	B:B1	LYZ	24	0	0	0	195153	0
U4	R	diseased	B:B1	MAFB	24	0	0	0	195153	0
U4	R	diseased	B:B1	MAP1LC3B	24	14	10	0.416667	195153	0.540803
U4	R	diseased	B:B1	MAPK14	24	2	2	0.0833333	195153	0.0975655
U4	R	diseased	B:B1	NFKB1	24	3	3	0.125	195153	0.142996
U4	R	diseased	B:B1	NLRP3	24	0	0	0	195153	0
U4	R	diseased	B:B1	OSM	24	0	0	0	195153	0
U4	R	diseased	B:B1	PARP1	24	17	10	0.416667	195153	0.626533
U4	R	diseased	B:B1	PIAS1	24	3	3	0.125	195153	0.142996
U4	R	diseased	B:B1	PKM	24	10	8	0.333333	195153	0.41371
U4	R	diseased	B:B1	PRKAA1	24	1	1	0.0416667	195153	0.0499722
U4	R	diseased	B:B1	PTGS2	24	0	0	0	195153	0
U4	R	diseased	B:B1	RELA	24	3	2	0.0833333	195153	0.142996
U4	R	diseased	B:B1	SH3KBP1	24	3	1	0.0416667	195153	0.142996
U4	R	diseased	B:B1	SMAD3	24	2	1	0.0416667	195153	0.0975655
U4	R	diseased	B:B1	SOD1	24	20	14	0.583333	195153	0.705489
U4	R	diseased	B:B1	STAT3	24	10	8	0.333333	195153	0.41371
U4	R	diseased	B:B1	STAT5A	24	0	0	0	195153	0
U4	R	diseased	B:B1	SYK	24	3	3	0.125	195153	0.142996
U4	R	diseased	B:B1	TLR4	24	0	0	0	195153	0
U4	R	diseased	B:B1	TNF	24	5	3	0.125	195153	0.228099
U4	R	diseased	B:B10	ACTA2	1	0	0	0	8639	0
U4	R	diseased	B:B10	AHR	1	0	0	0	8639	0
U4	R	diseased	B:B10	AKT1	1	0	0	0	8639	0
U4	R	diseased	B:B10	ARNTL	1	0	0	0	8639	0
U4	R	diseased	B:B10	BCL6	1	0	0	0	8639	0
U4	R	diseased	B:B10	BECN1	1	1	1	1	8639	0.768969
U4	R	diseased	B:B10	BLNK	1	0	0	0	8639	0
U4	R	diseased	B:B10	BRD4	1	0	0	0	8639	0
U4	R	diseased	B:B10	CAT	1	0	0	0	8639	0
U4	R	diseased	B:B10	CD4	1	0	0	0	8639	0
U4	R	diseased	B:B10	CD86	1	0	0	0	8639	0
U4	R	diseased	B:B10	CREB1	1	0	0	0	8639	0
U4	R	diseased	B:B10	CTNNB1	1	0	0	0	8639	0
U4	R	diseased	B:B10	DNMT1	1	0	0	0	8639	0
U4	R	diseased	B:B10	FOXP3	1	0	0	0	8639	0
U4	R	diseased	B:B10	GABPA	1	0	0	0	8639	0
U4	R	diseased	B:B10	HIF1A	1	0	0	0	8639	0
U4	R	diseased	B:B10	HMOX1	1	0	0	0	8639	0
U4	R	diseased	B:B10	ICAM1	1	0	0	0	8639	0
U4	R	diseased	B:B10	IFNG	1	0	0	0	8639	0
U4	R	diseased	B:B10	IL15	1	0	0	0	8639	0
U4	R	diseased	B:B10	IL1B	1	0	0	0	8639	0
U4	R	diseased	B:B10	IL7	1	0	0	0	8639	0
U4	R	diseased	B:B10	ITGAM	1	0	0	0	8639	0
U4	R	diseased	B:B10	ITGAX	1	0	0	0	8639	0
U4	R	diseased	B:B10	JAK1	1	0	0	0	8639	0
U4	R	diseased	B:B10	LYZ	1	0	0	0	8639	0
U4	R	diseased	B:B10	MAFB	1	0	0	0	8639	0
U4	R	diseased	B:B10	MAP1LC3B	1	0	0	0	8639	0
U4	R	diseased	B:B10	MAPK14	1	0	0	0	8639	0
U4	R	diseased	B:B10	NFKB1	1	0	0	0	8639	0
U4	R	diseased	B:B10	NLRP3	1	0	0	0	8639	0
U4	R	diseased	B:B10	OSM	1	0	0	0	8639	0
U4	R	diseased	B:B10	PARP1	1	0	0	0	8639	0
U4	R	diseased	B:B10	PIAS1	1	0	0	0	8639	0
U4	R	diseased	B:B10	PKM	1	0	0	0	8639	0
U4	R	diseased	B:B10	PRKAA1	1	0	0	0	8639	0
U4	R	diseased	B:B10	PTGS2	1	0	0	0	8639	0
U4	R	diseased	B:B10	RELA	1	0	0	0	8639	0
U4	R	diseased	B:B10	SH3KBP1	1	0	0	0	8639	0
U4	R	diseased	B:B10	SMAD3	1	0	0	0	8639	0
U4	R	diseased	B:B10	SOD1	1	0	0	0	8639	0
U4	R	diseased	B:B10	STAT3	1	0	0	0	8639	0
U4	R	diseased	B:B10	STAT5A	1	0	0	0	8639	0
U4	R	diseased	B:B10	SYK	1	0	0	0	8639	0
U4	R	diseased	B:B10	TLR4	1	0	0	0	8639	0
U4	R	diseased	B:B10	TNF	1	0	0	0	8639	0
U4	R	diseased	B:B11	ACTA2	5	0	0	0	32545	0
U4	R	diseased	B:B11	AHR	5	0	0	0	32545	0
U4	R	diseased	B:B11	AKT1	5	0	0	0	32545	0
U4	R	diseased	B:B11	ARNTL	5	0	0	0	32545	0
U4	R	diseased	B:B11	BCL6	5	0	0	0	32545	0
U4	R	diseased	B:B11	BECN1	5	0	0	0	32545	0
U4	R	diseased	B:B11	BLNK	5	4	3	0.6	32545	0.801583
U4	R	diseased	B:B11	BRD4	5	0	0	0	32545	0
U4	R	diseased	B:B11	CAT	5	0	0	0	32545	0
U4	R	diseased	B:B11	CD4	5	0	0	0	32545	0
U4	R	diseased	B:B11	CD86	5	0	0	0	32545	0
U4	R	diseased	B:B11	CREB1	5	0	0	0	32545	0
U4	R	diseased	B:B11	CTNNB1	5	0	0	0	32545	0
U4	R	diseased	B:B11	DNMT1	5	0	0	0	32545	0
U4	R	diseased	B:B11	FOXP3	5	0	0	0	32545	0
U4	R	diseased	B:B11	GABPA	5	0	0	0	32545	0
U4	R	diseased	B:B11	HIF1A	5	1	1	0.2	32545	0.267939
U4	R	diseased	B:B11	HMOX1	5	0	0	0	32545	0
U4	R	diseased	B:B11	ICAM1	5	0	0	0	32545	0
U4	R	diseased	B:B11	IFNG	5	0	0	0	32545	0
U4	R	diseased	B:B11	IL15	5	0	0	0	32545	0
U4	R	diseased	B:B11	IL1B	5	0	0	0	32545	0
U4	R	diseased	B:B11	IL7	5	0	0	0	32545	0
U4	R	diseased	B:B11	ITGAM	5	0	0	0	32545	0
U4	R	diseased	B:B11	ITGAX	5	0	0	0	32545	0
U4	R	diseased	B:B11	JAK1	5	0	0	0	32545	0
U4	R	diseased	B:B11	LYZ	5	0	0	0	32545	0
U4	R	diseased	B:B11	MAFB	5	0	0	0	32545	0
U4	R	diseased	B:B11	MAP1LC3B	5	0	0	0	32545	0
U4	R	diseased	B:B11	MAPK14	5	0	0	0	32545	0
U4	R	diseased	B:B11	NFKB1	5	0	0	0	32545	0
U4	R	diseased	B:B11	NLRP3	5	0	0	0	32545	0
U4	R	diseased	B:B11	OSM	5	0	0	0	32545	0
U4	R	diseased	B:B11	PARP1	5	4	2	0.4	32545	0.801583
U4	R	diseased	B:B11	PIAS1	5	1	1	0.2	32545	0.267939
U4	R	diseased	B:B11	PKM	5	1	1	0.2	32545	0.267939
U4	R	diseased	B:B11	PRKAA1	5	0	0	0	32545	0
U4	R	diseased	B:B11	PTGS2	5	0	0	0	32545	0
U4	R	diseased	B:B11	RELA	5	0	0	0	32545	0
U4	R	diseased	B:B11	SH3KBP1	5	0	0	0	32545	0
U4	R	diseased	B:B11	SMAD3	5	0	0	0	32545	0
U4	R	diseased	B:B11	SOD1	5	3	3	0.6	32545	0.653263
U4	R	diseased	B:B11	STAT3	5	0	0	0	32545	0
U4	R	diseased	B:B11	STAT5A	5	0	0	0	32545	0
U4	R	diseased	B:B11	SYK	5	2	1	0.2	32545	0.479046
U4	R	diseased	B:B11	TLR4	5	0	0	0	32545	0
U4	R	diseased	B:B11	TNF	5	0	0	0	32545	0
U4	R	diseased	B:B12	ACTA2	8	0	0	0	36678	0
U4	R	diseased	B:B12	AHR	8	0	0	0	36678	0
U4	R	diseased	B:B12	AKT1	8	0	0	0	36678	0
U4	R	diseased	B:B12	ARNTL	8	0	0	0	36678	0
U4	R	diseased	B:B12	BCL6	8	0	0	0	36678	0
U4	R	diseased	B:B12	BECN1	8	1	1	0.125	36678	0.241096
U4	R	diseased	B:B12	BLNK	8	0	0	0	36678	0
U4	R	diseased	B:B12	BRD4	8	0	0	0	36678	0
U4	R	diseased	B:B12	CAT	8	0	0	0	36678	0
U4	R	diseased	B:B12	CD4	8	0	0	0	36678	0
U4	R	diseased	B:B12	CD86	8	0	0	0	36678	0
U4	R	diseased	B:B12	CREB1	8	1	1	0.125	36678	0.241096
U4	R	diseased	B:B12	CTNNB1	8	0	0	0	36678	0
U4	R	diseased	B:B12	DNMT1	8	0	0	0	36678	0
U4	R	diseased	B:B12	FOXP3	8	0	0	0	36678	0
U4	R	diseased	B:B12	GABPA	8	0	0	0	36678	0
U4	R	diseased	B:B12	HIF1A	8	0	0	0	36678	0
U4	R	diseased	B:B12	HMOX1	8	0	0	0	36678	0
U4	R	diseased	B:B12	ICAM1	8	2	2	0.25	36678	0.435209
U4	R	diseased	B:B12	IFNG	8	0	0	0	36678	0
U4	R	diseased	B:B12	IL15	8	0	0	0	36678	0
U4	R	diseased	B:B12	IL1B	8	0	0	0	36678	0
U4	R	diseased	B:B12	IL7	8	0	0	0	36678	0
U4	R	diseased	B:B12	ITGAM	8	0	0	0	36678	0
U4	R	diseased	B:B12	ITGAX	8	0	0	0	36678	0
U4	R	diseased	B:B12	JAK1	8	0	0	0	36678	0
U4	R	diseased	B:B12	LYZ	8	0	0	0	36678	0
U4	R	diseased	B:B12	MAFB	8	0	0	0	36678	0
U4	R	diseased	B:B12	MAP1LC3B	8	1	1	0.125	36678	0.241096
U4	R	diseased	B:B12	MAPK14	8	0	0	0	36678	0
U4	R	diseased	B:B12	NFKB1	8	0	0	0	36678	0
U4	R	diseased	B:B12	NLRP3	8	0	0	0	36678	0
U4	R	diseased	B:B12	OSM	8	0	0	0	36678	0
U4	R	diseased	B:B12	PARP1	8	3	3	0.375	36678	0.597698
U4	R	diseased	B:B12	PIAS1	8	1	1	0.125	36678	0.241096
U4	R	diseased	B:B12	PKM	8	1	1	0.125	36678	0.241096
U4	R	diseased	B:B12	PRKAA1	8	1	1	0.125	36678	0.241096
U4	R	diseased	B:B12	PTGS2	8	0	0	0	36678	0
U4	R	diseased	B:B12	RELA	8	1	1	0.125	36678	0.241096
U4	R	diseased	B:B12	SH3KBP1	8	0	0	0	36678	0
U4	R	diseased	B:B12	SMAD3	8	0	0	0	36678	0
U4	R	diseased	B:B12	SOD1	8	4	3	0.375	36678	0.737438
U4	R	diseased	B:B12	STAT3	8	1	1	0.125	36678	0.241096
U4	R	diseased	B:B12	STAT5A	8	0	0	0	36678	0
U4	R	diseased	B:B12	SYK	8	2	2	0.25	36678	0.435209
U4	R	diseased	B:B12	TLR4	8	0	0	0	36678	0
U4	R	diseased	B:B12	TNF	8	0	0	0	36678	0
U4	R	diseased	B:B13	ACTA2	1	0	0	0	5616	0
U4	R	diseased	B:B13	AHR	1	0	0	0	5616	0
U4	R	diseased	B:B13	AKT1	1	0	0	0	5616	0
U4	R	diseased	B:B13	ARNTL	1	0	0	0	5616	0
U4	R	diseased	B:B13	BCL6	1	0	0	0	5616	0
U4	R	diseased	B:B13	BECN1	1	1	1	1	5616	1.02268
U4	R	diseased	B:B13	BLNK	1	1	1	1	5616	1.02268
U4	R	diseased	B:B13	BRD4	1	0	0	0	5616	0
U4	R	diseased	B:B13	CAT	1	0	0	0	5616	0
U4	R	diseased	B:B13	CD4	1	0	0	0	5616	0
U4	R	diseased	B:B13	CD86	1	0	0	0	5616	0
U4	R	diseased	B:B13	CREB1	1	0	0	0	5616	0
U4	R	diseased	B:B13	CTNNB1	1	0	0	0	5616	0
U4	R	diseased	B:B13	DNMT1	1	0	0	0	5616	0
U4	R	diseased	B:B13	FOXP3	1	0	0	0	5616	0
U4	R	diseased	B:B13	GABPA	1	0	0	0	5616	0
U4	R	diseased	B:B13	HIF1A	1	0	0	0	5616	0
U4	R	diseased	B:B13	HMOX1	1	0	0	0	5616	0
U4	R	diseased	B:B13	ICAM1	1	0	0	0	5616	0
U4	R	diseased	B:B13	IFNG	1	0	0	0	5616	0
U4	R	diseased	B:B13	IL15	1	0	0	0	5616	0
U4	R	diseased	B:B13	IL1B	1	0	0	0	5616	0
U4	R	diseased	B:B13	IL7	1	0	0	0	5616	0
U4	R	diseased	B:B13	ITGAM	1	0	0	0	5616	0
U4	R	diseased	B:B13	ITGAX	1	0	0	0	5616	0
U4	R	diseased	B:B13	JAK1	1	0	0	0	5616	0
U4	R	diseased	B:B13	LYZ	1	0	0	0	5616	0
U4	R	diseased	B:B13	MAFB	1	0	0	0	5616	0
U4	R	diseased	B:B13	MAP1LC3B	1	0	0	0	5616	0
U4	R	diseased	B:B13	MAPK14	1	0	0	0	5616	0
U4	R	diseased	B:B13	NFKB1	1	0	0	0	5616	0
U4	R	diseased	B:B13	NLRP3	1	0	0	0	5616	0
U4	R	diseased	B:B13	OSM	1	0	0	0	5616	0
U4	R	diseased	B:B13	PARP1	1	0	0	0	5616	0
U4	R	diseased	B:B13	PIAS1	1	0	0	0	5616	0
U4	R	diseased	B:B13	PKM	1	2	1	1	5616	1.5176
U4	R	diseased	B:B13	PRKAA1	1	0	0	0	5616	0
U4	R	diseased	B:B13	PTGS2	1	0	0	0	5616	0
U4	R	diseased	B:B13	RELA	1	0	0	0	5616	0
U4	R	diseased	B:B13	SH3KBP1	1	0	0	0	5616	0
U4	R	diseased	B:B13	SMAD3	1	0	0	0	5616	0
U4	R	diseased	B:B13	SOD1	1	1	1	1	5616	1.02268
U4	R	diseased	B:B13	STAT3	1	5	1	1	5616	2.29285
U4	R	diseased	B:B13	STAT5A	1	0	0	0	5616	0
U4	R	diseased	B:B13	SYK	1	0	0	0	5616	0
U4	R	diseased	B:B13	TLR4	1	0	0	0	5616	0
U4	R	diseased	B:B13	TNF	1	0	0	0	5616	0
U4	R	diseased	B:B14	ACTA2	6	0	0	0	33639	0
U4	R	diseased	B:B14	AHR	6	0	0	0	33639	0
U4	R	diseased	B:B14	AKT1	6	0	0	0	33639	0
U4	R	diseased	B:B14	ARNTL	6	0	0	0	33639	0
U4	R	diseased	B:B14	BCL6	6	0	0	0	33639	0
U4	R	diseased	B:B14	BECN1	6	3	3	0.5	33639	0.63754
U4	R	diseased	B:B14	BLNK	6	3	3	0.5	33639	0.63754
U4	R	diseased	B:B14	BRD4	6	2	2	0.333333	33639	0.46659
U4	R	diseased	B:B14	CAT	6	0	0	0	33639	0
U4	R	diseased	B:B14	CD4	6	0	0	0	33639	0
U4	R	diseased	B:B14	CD86	6	0	0	0	33639	0
U4	R	diseased	B:B14	CREB1	6	0	0	0	33639	0
U4	R	diseased	B:B14	CTNNB1	6	0	0	0	33639	0
U4	R	diseased	B:B14	DNMT1	6	1	1	0.166667	33639	0.260265
U4	R	diseased	B:B14	FOXP3	6	0	0	0	33639	0
U4	R	diseased	B:B14	GABPA	6	1	1	0.166667	33639	0.260265
U4	R	diseased	B:B14	HIF1A	6	4	3	0.5	33639	0.783489
U4	R	diseased	B:B14	HMOX1	6	0	0	0	33639	0
U4	R	diseased	B:B14	ICAM1	6	3	3	0.5	33639	0.63754
U4	R	diseased	B:B14	IFNG	6	0	0	0	33639	0
U4	R	diseased	B:B14	IL15	6	1	1	0.166667	33639	0.260265
U4	R	diseased	B:B14	IL1B	6	0	0	0	33639	0
U4	R	diseased	B:B14	IL7	6	0	0	0	33639	0
U4	R	diseased	B:B14	ITGAM	6	0	0	0	33639	0
U4	R	diseased	B:B14	ITGAX	6	0	0	0	33639	0
U4	R	diseased	B:B14	JAK1	6	2	1	0.166667	33639	0.46659
U4	R	diseased	B:B14	LYZ	6	0	0	0	33639	0
U4	R	diseased	B:B14	MAFB	6	0	0	0	33639	0
U4	R	diseased	B:B14	MAP1LC3B	6	7	3	0.5	33639	1.12523
U4	R	diseased	B:B14	MAPK14	6	1	1	0.166667	33639	0.260265
U4	R	diseased	B:B14	NFKB1	6	2	2	0.333333	33639	0.46659
U4	R	diseased	B:B14	NLRP3	6	0	0	0	33639	0
U4	R	diseased	B:B14	OSM	6	0	0	0	33639	0
U4	R	diseased	B:B14	PARP1	6	8	4	0.666667	33639	1.21734
U4	R	diseased	B:B14	PIAS1	6	1	1	0.166667	33639	0.260265
U4	R	diseased	B:B14	PKM	6	1	1	0.166667	33639	0.260265
U4	R	diseased	B:B14	PRKAA1	6	0	0	0	33639	0
U4	R	diseased	B:B14	PTGS2	6	0	0	0	33639	0
U4	R	diseased	B:B14	RELA	6	1	1	0.166667	33639	0.260265
U4	R	diseased	B:B14	SH3KBP1	6	1	1	0.166667	33639	0.260265
U4	R	diseased	B:B14	SMAD3	6	0	0	0	33639	0
U4	R	diseased	B:B14	SOD1	6	4	2	0.333333	33639	0.783489
U4	R	diseased	B:B14	STAT3	6	3	3	0.5	33639	0.63754
U4	R	diseased	B:B14	STAT5A	6	2	1	0.166667	33639	0.46659
U4	R	diseased	B:B14	SYK	6	2	1	0.166667	33639	0.46659
U4	R	diseased	B:B14	TLR4	6	0	0	0	33639	0
U4	R	diseased	B:B14	TNF	6	2	1	0.166667	33639	0.46659
U4	R	diseased	B:B17	ACTA2	2	0	0	0	20226	0
U4	R	diseased	B:B17	AHR	2	0	0	0	20226	0
U4	R	diseased	B:B17	AKT1	2	0	0	0	20226	0
U4	R	diseased	B:B17	ARNTL	2	0	0	0	20226	0
U4	R	diseased	B:B17	BCL6	2	0	0	0	20226	0
U4	R	diseased	B:B17	BECN1	2	1	1	0.5	20226	0.401734
U4	R	diseased	B:B17	BLNK	2	2	1	0.5	20226	0.687545
U4	R	diseased	B:B17	BRD4	2	0	0	0	20226	0
U4	R	diseased	B:B17	CAT	2	1	1	0.5	20226	0.401734
U4	R	diseased	B:B17	CD4	2	0	0	0	20226	0
U4	R	diseased	B:B17	CD86	2	0	0	0	20226	0
U4	R	diseased	B:B17	CREB1	2	1	1	0.5	20226	0.401734
U4	R	diseased	B:B17	CTNNB1	2	0	0	0	20226	0
U4	R	diseased	B:B17	DNMT1	2	0	0	0	20226	0
U4	R	diseased	B:B17	FOXP3	2	0	0	0	20226	0
U4	R	diseased	B:B17	GABPA	2	0	0	0	20226	0
U4	R	diseased	B:B17	HIF1A	2	3	1	0.5	20226	0.909564
U4	R	diseased	B:B17	HMOX1	2	0	0	0	20226	0
U4	R	diseased	B:B17	ICAM1	2	0	0	0	20226	0
U4	R	diseased	B:B17	IFNG	2	0	0	0	20226	0
U4	R	diseased	B:B17	IL15	2	1	1	0.5	20226	0.401734
U4	R	diseased	B:B17	IL1B	2	0	0	0	20226	0
U4	R	diseased	B:B17	IL7	2	0	0	0	20226	0
U4	R	diseased	B:B17	ITGAM	2	0	0	0	20226	0
U4	R	diseased	B:B17	ITGAX	2	0	0	0	20226	0
U4	R	diseased	B:B17	JAK1	2	0	0	0	20226	0
U4	R	diseased	B:B17	LYZ	2	0	0	0	20226	0
U4	R	diseased	B:B17	MAFB	2	0	0	0	20226	0
U4	R	diseased	B:B17	MAP1LC3B	2	3	1	0.5	20226	0.909564
U4	R	diseased	B:B17	MAPK14	2	0	0	0	20226	0
U4	R	diseased	B:B17	NFKB1	2	0	0	0	20226	0
U4	R	diseased	B:B17	NLRP3	2	0	0	0	20226	0
U4	R	diseased	B:B17	OSM	2	0	0	0	20226	0
U4	R	diseased	B:B17	PARP1	2	0	0	0	20226	0
U4	R	diseased	B:B17	PIAS1	2	0	0	0	20226	0
U4	R	diseased	B:B17	PKM	2	2	1	0.5	20226	0.687545
U4	R	diseased	B:B17	PRKAA1	2	1	1	0.5	20226	0.401734
U4	R	diseased	B:B17	PTGS2	2	0	0	0	20226	0
U4	R	diseased	B:B17	RELA	2	0	0	0	20226	0
U4	R	diseased	B:B17	SH3KBP1	2	0	0	0	20226	0
U4	R	diseased	B:B17	SMAD3	2	1	1	0.5	20226	0.401734
U4	R	diseased	B:B17	SOD1	2	2	1	0.5	20226	0.687545
U4	R	diseased	B:B17	STAT3	2	1	1	0.5	20226	0.401734
U4	R	diseased	B:B17	STAT5A	2	0	0	0	20226	0
U4	R	diseased	B:B17	SYK	2	0	0	0	20226	0
U4	R	diseased	B:B17	TLR4	2	0	0	0	20226	0
U4	R	diseased	B:B17	TNF	2	0	0	0	20226	0
U4	R	diseased	B:B2	ACTA2	152	1	1	0.00657895	379290	0.0260235
U4	R	diseased	B:B2	AHR	152	15	13	0.0855263	379290	0.333235
U4	R	diseased	B:B2	AKT1	152	3	3	0.0197368	379290	0.0761229
U4	R	diseased	B:B2	ARNTL	152	1	1	0.00657895	379290	0.0260235
U4	R	diseased	B:B2	BCL6	152	7	7	0.0460526	379290	0.169367
U4	R	diseased	B:B2	BECN1	152	16	15	0.0986842	379290	0.351952
U4	R	diseased	B:B2	BLNK	152	45	42	0.276316	379290	0.782269
U4	R	diseased	B:B2	BRD4	152	31	25	0.164474	379290	0.597361
U4	R	diseased	B:B2	CAT	152	11	10	0.0657895	379290	0.254654
U4	R	diseased	B:B2	CD4	152	1	1	0.00657895	379290	0.0260235
U4	R	diseased	B:B2	CD86	152	12	10	0.0657895	379290	0.274886
U4	R	diseased	B:B2	CREB1	152	26	22	0.144737	379290	0.522057
U4	R	diseased	B:B2	CTNNB1	152	18	16	0.105263	379290	0.388367
U4	R	diseased	B:B2	DNMT1	152	4	4	0.0263158	379290	0.100262
U4	R	diseased	B:B2	FOXP3	152	0	0	0	379290	0
U4	R	diseased	B:B2	GABPA	152	4	4	0.0263158	379290	0.100262
U4	R	diseased	B:B2	HIF1A	152	55	44	0.289474	379290	0.89612
U4	R	diseased	B:B2	HMOX1	152	2	2	0.0131579	379290	0.0513869
U4	R	diseased	B:B2	ICAM1	152	36	29	0.190789	379290	0.667389
U4	R	diseased	B:B2	IFNG	152	3	3	0.0197368	379290	0.0761229
U4	R	diseased	B:B2	IL15	152	2	2	0.0131579	379290	0.0513869
U4	R	diseased	B:B2	IL1B	152	0	0	0	379290	0
U4	R	diseased	B:B2	IL7	152	6	6	0.0394737	379290	0.146859
U4	R	diseased	B:B2	ITGAM	152	1	1	0.00657895	379290	0.0260235
U4	R	diseased	B:B2	ITGAX	152	1	1	0.00657895	379290	0.0260235
U4	R	diseased	B:B2	JAK1	152	101	69	0.453947	379290	1.29825
U4	R	diseased	B:B2	LYZ	152	0	0	0	379290	0
U4	R	diseased	B:B2	MAFB	152	2	2	0.0131579	379290	0.0513869
U4	R	diseased	B:B2	MAP1LC3B	152	82	62	0.407895	379290	1.15118
U4	R	diseased	B:B2	MAPK14	152	5	5	0.0328947	379290	0.123832
U4	R	diseased	B:B2	NFKB1	152	29	26	0.171053	379290	0.567916
U4	R	diseased	B:B2	NLRP3	152	1	1	0.00657895	379290	0.0260235
U4	R	diseased	B:B2	OSM	152	1	1	0.00657895	379290	0.0260235
U4	R	diseased	B:B2	PARP1	152	56	50	0.328947	379290	0.906823
U4	R	diseased	B:B2	PIAS1	152	30	29	0.190789	379290	0.582747
U4	R	diseased	B:B2	PKM	152	77	56	0.368421	379290	1.1086
U4	R	diseased	B:B2	PRKAA1	152	15	12	0.0789474	379290	0.333235
U4	R	diseased	B:B2	PTGS2	152	0	0	0	379290	0
U4	R	diseased	B:B2	RELA	152	15	14	0.0921053	379290	0.333235
U4	R	diseased	B:B2	SH3KBP1	152	38	31	0.203947	379290	0.694083
U4	R	diseased	B:B2	SMAD3	152	14	13	0.0855263	379290	0.314161
U4	R	diseased	B:B2	SOD1	152	61	53	0.348684	379290	0.958686
U4	R	diseased	B:B2	STAT3	152	52	40	0.263158	379290	0.863304
U4	R	diseased	B:B2	STAT5A	152	7	6	0.0394737	379290	0.169367
U4	R	diseased	B:B2	SYK	152	27	23	0.151316	379290	0.537578
U4	R	diseased	B:B2	TLR4	152	0	0	0	379290	0
U4	R	diseased	B:B2	TNF	152	48	30	0.197368	379290	0.817805
U4	R	diseased	B:B3	ACTA2	9	0	0	0	15269	0
U4	R	diseased	B:B3	AHR	9	0	0	0	15269	0
U4	R	diseased	B:B3	AKT1	9	0	0	0	15269	0
U4	R	diseased	B:B3	ARNTL	9	0	0	0	15269	0
U4	R	diseased	B:B3	BCL6	9	0	0	0	15269	0
U4	R	diseased	B:B3	BECN1	9	1	1	0.111111	15269	0.503754
U4	R	diseased	B:B3	BLNK	9	1	1	0.111111	15269	0.503754
U4	R	diseased	B:B3	BRD4	9	0	0	0	15269	0
U4	R	diseased	B:B3	CAT	9	1	1	0.111111	15269	0.503754
U4	R	diseased	B:B3	CD4	9	0	0	0	15269	0
U4	R	diseased	B:B3	CD86	9	0	0	0	15269	0
U4	R	diseased	B:B3	CREB1	9	0	0	0	15269	0
U4	R	diseased	B:B3	CTNNB1	9	1	1	0.111111	15269	0.503754
U4	R	diseased	B:B3	DNMT1	9	1	1	0.111111	15269	0.503754
U4	R	diseased	B:B3	FOXP3	9	0	0	0	15269	0
U4	R	diseased	B:B3	GABPA	9	0	0	0	15269	0
U4	R	diseased	B:B3	HIF1A	9	1	1	0.111111	15269	0.503754
U4	R	diseased	B:B3	HMOX1	9	0	0	0	15269	0
U4	R	diseased	B:B3	ICAM1	9	0	0	0	15269	0
U4	R	diseased	B:B3	IFNG	9	0	0	0	15269	0
U4	R	diseased	B:B3	IL15	9	0	0	0	15269	0
U4	R	diseased	B:B3	IL1B	9	0	0	0	15269	0
U4	R	diseased	B:B3	IL7	9	0	0	0	15269	0
U4	R	diseased	B:B3	ITGAM	9	0	0	0	15269	0
U4	R	diseased	B:B3	ITGAX	9	0	0	0	15269	0
U4	R	diseased	B:B3	JAK1	9	4	4	0.444444	15269	1.28639
U4	R	diseased	B:B3	LYZ	9	0	0	0	15269	0
U4	R	diseased	B:B3	MAFB	9	0	0	0	15269	0
U4	R	diseased	B:B3	MAP1LC3B	9	1	1	0.111111	15269	0.503754
U4	R	diseased	B:B3	MAPK14	9	1	1	0.111111	15269	0.503754
U4	R	diseased	B:B3	NFKB1	9	1	1	0.111111	15269	0.503754
U4	R	diseased	B:B3	NLRP3	9	0	0	0	15269	0
U4	R	diseased	B:B3	OSM	9	0	0	0	15269	0
U4	R	diseased	B:B3	PARP1	9	6	5	0.555556	15269	1.59524
U4	R	diseased	B:B3	PIAS1	9	3	3	0.333333	15269	1.0868
U4	R	diseased	B:B3	PKM	9	2	2	0.222222	15269	0.83718
U4	R	diseased	B:B3	PRKAA1	9	0	0	0	15269	0
U4	R	diseased	B:B3	PTGS2	9	0	0	0	15269	0
U4	R	diseased	B:B3	RELA	9	1	1	0.111111	15269	0.503754
U4	R	diseased	B:B3	SH3KBP1	9	0	0	0	15269	0
U4	R	diseased	B:B3	SMAD3	9	0	0	0	15269	0
U4	R	diseased	B:B3	SOD1	9	2	2	0.222222	15269	0.83718
U4	R	diseased	B:B3	STAT3	9	1	1	0.111111	15269	0.503754
U4	R	diseased	B:B3	STAT5A	9	2	2	0.222222	15269	0.83718
U4	R	diseased	B:B3	SYK	9	1	1	0.111111	15269	0.503754
U4	R	diseased	B:B3	TLR4	9	0	0	0	15269	0
U4	R	diseased	B:B3	TNF	9	0	0	0	15269	0
U4	R	diseased	B:B4	ACTA2	132	0	0	0	263944	0
U4	R	diseased	B:B4	AHR	132	0	0	0	263944	0
U4	R	diseased	B:B4	AKT1	132	4	4	0.030303	263944	0.141107
U4	R	diseased	B:B4	ARNTL	132	2	2	0.0151515	263944	0.0730401
U4	R	diseased	B:B4	BCL6	132	1	1	0.00757576	263944	0.0371867
U4	R	diseased	B:B4	BECN1	132	5	5	0.0378788	263944	0.173478
U4	R	diseased	B:B4	BLNK	132	38	35	0.265152	263944	0.891875
U4	R	diseased	B:B4	BRD4	132	16	14	0.106061	263944	0.473864
U4	R	diseased	B:B4	CAT	132	10	10	0.0757576	263944	0.321263
U4	R	diseased	B:B4	CD4	132	1	1	0.00757576	263944	0.0371867
U4	R	diseased	B:B4	CD86	132	7	7	0.0530303	263944	0.235236
U4	R	diseased	B:B4	CREB1	132	17	16	0.121212	263944	0.497179
U4	R	diseased	B:B4	CTNNB1	132	8	8	0.0606061	263944	0.264742
U4	R	diseased	B:B4	DNMT1	132	6	6	0.0454545	263944	0.204834
U4	R	diseased	B:B4	FOXP3	132	2	2	0.0151515	263944	0.0730401
U4	R	diseased	B:B4	GABPA	132	3	3	0.0227273	263944	0.107652
U4	R	diseased	B:B4	HIF1A	132	32	29	0.219697	263944	0.794068
U4	R	diseased	B:B4	HMOX1	132	2	2	0.0151515	263944	0.0730401
U4	R	diseased	B:B4	ICAM1	132	11	11	0.0833333	263944	0.348369
U4	R	diseased	B:B4	IFNG	132	1	1	0.00757576	263944	0.0371867
U4	R	diseased	B:B4	IL15	132	5	5	0.0378788	263944	0.173478
U4	R	diseased	B:B4	IL1B	132	1	1	0.00757576	263944	0.0371867
U4	R	diseased	B:B4	IL7	132	9	9	0.0681818	263944	0.293402
U4	R	diseased	B:B4	ITGAM	132	6	6	0.0454545	263944	0.204834
U4	R	diseased	B:B4	ITGAX	132	3	3	0.0227273	263944	0.107652
U4	R	diseased	B:B4	JAK1	132	68	53	0.401515	263944	1.27433
U4	R	diseased	B:B4	LYZ	132	0	0	0	263944	0
U4	R	diseased	B:B4	MAFB	132	0	0	0	263944	0
U4	R	diseased	B:B4	MAP1LC3B	132	35	28	0.212121	263944	0.844167
U4	R	diseased	B:B4	MAPK14	132	3	3	0.0227273	263944	0.107652
U4	R	diseased	B:B4	NFKB1	132	19	16	0.121212	263944	0.542237
U4	R	diseased	B:B4	NLRP3	132	0	0	0	263944	0
U4	R	diseased	B:B4	OSM	132	0	0	0	263944	0
U4	R	diseased	B:B4	PARP1	132	32	29	0.219697	263944	0.794068
U4	R	diseased	B:B4	PIAS1	132	19	18	0.136364	263944	0.542237
U4	R	diseased	B:B4	PKM	132	52	43	0.325758	263944	1.0886
U4	R	diseased	B:B4	PRKAA1	132	6	6	0.0454545	263944	0.204834
U4	R	diseased	B:B4	PTGS2	132	0	0	0	263944	0
U4	R	diseased	B:B4	RELA	132	4	4	0.030303	263944	0.141107
U4	R	diseased	B:B4	SH3KBP1	132	13	12	0.0909091	263944	0.400472
U4	R	diseased	B:B4	SMAD3	132	7	7	0.0530303	263944	0.235236
U4	R	diseased	B:B4	SOD1	132	43	39	0.295455	263944	0.966654
U4	R	diseased	B:B4	STAT3	132	30	25	0.189394	263944	0.759218
U4	R	diseased	B:B4	STAT5A	132	5	5	0.0378788	263944	0.173478
U4	R	diseased	B:B4	SYK	132	29	24	0.181818	263944	0.741327
U4	R	diseased	B:B4	TLR4	132	0	0	0	263944	0
U4	R	diseased	B:B4	TNF	132	25	17	0.128788	263944	0.666377
U4	R	diseased	B:B5	ACTA2	19	0	0	0	60773	0
U4	R	diseased	B:B5	AHR	19	4	4	0.210526	60773	0.505725
U4	R	diseased	B:B5	AKT1	19	2	2	0.105263	60773	0.284497
U4	R	diseased	B:B5	ARNTL	19	1	1	0.0526316	60773	0.152332
U4	R	diseased	B:B5	BCL6	19	0	0	0	60773	0
U4	R	diseased	B:B5	BECN1	19	1	1	0.0526316	60773	0.152332
U4	R	diseased	B:B5	BLNK	19	11	9	0.473684	60773	1.03319
U4	R	diseased	B:B5	BRD4	19	4	3	0.157895	60773	0.505725
U4	R	diseased	B:B5	CAT	19	4	3	0.157895	60773	0.505725
U4	R	diseased	B:B5	CD4	19	0	0	0	60773	0
U4	R	diseased	B:B5	CD86	19	5	4	0.210526	60773	0.600337
U4	R	diseased	B:B5	CREB1	19	1	1	0.0526316	60773	0.152332
U4	R	diseased	B:B5	CTNNB1	19	2	1	0.0526316	60773	0.284497
U4	R	diseased	B:B5	DNMT1	19	2	2	0.105263	60773	0.284497
U4	R	diseased	B:B5	FOXP3	19	0	0	0	60773	0
U4	R	diseased	B:B5	GABPA	19	0	0	0	60773	0
U4	R	diseased	B:B5	HIF1A	19	8	6	0.315789	60773	0.840003
U4	R	diseased	B:B5	HMOX1	19	0	0	0	60773	0
U4	R	diseased	B:B5	ICAM1	19	1	1	0.0526316	60773	0.152332
U4	R	diseased	B:B5	IFNG	19	0	0	0	60773	0
U4	R	diseased	B:B5	IL15	19	0	0	0	60773	0
U4	R	diseased	B:B5	IL1B	19	0	0	0	60773	0
U4	R	diseased	B:B5	IL7	19	0	0	0	60773	0
U4	R	diseased	B:B5	ITGAM	19	2	2	0.105263	60773	0.284497
U4	R	diseased	B:B5	ITGAX	19	3	2	0.105263	60773	0.401216
U4	R	diseased	B:B5	JAK1	19	16	11	0.578947	60773	1.28999
U4	R	diseased	B:B5	LYZ	19	0	0	0	60773	0
U4	R	diseased	B:B5	MAFB	19	0	0	0	60773	0
U4	R	diseased	B:B5	MAP1LC3B	19	14	7	0.368421	60773	1.19503
U4	R	diseased	B:B5	MAPK14	19	2	2	0.105263	60773	0.284497
U4	R	diseased	B:B5	NFKB1	19	1	1	0.0526316	60773	0.152332
U4	R	diseased	B:B5	NLRP3	19	0	0	0	60773	0
U4	R	diseased	B:B5	OSM	19	0	0	0	60773	0
U4	R	diseased	B:B5	PARP1	19	13	10	0.526316	60773	1.14394
U4	R	diseased	B:B5	PIAS1	19	4	4	0.210526	60773	0.505725
U4	R	diseased	B:B5	PKM	19	14	9	0.473684	60773	1.19503
U4	R	diseased	B:B5	PRKAA1	19	1	1	0.0526316	60773	0.152332
U4	R	diseased	B:B5	PTGS2	19	0	0	0	60773	0
U4	R	diseased	B:B5	RELA	19	1	1	0.0526316	60773	0.152332
U4	R	diseased	B:B5	SH3KBP1	19	1	1	0.0526316	60773	0.152332
U4	R	diseased	B:B5	SMAD3	19	2	1	0.0526316	60773	0.284497
U4	R	diseased	B:B5	SOD1	19	11	8	0.421053	60773	1.03319
U4	R	diseased	B:B5	STAT3	19	4	4	0.210526	60773	0.505725
U4	R	diseased	B:B5	STAT5A	19	3	3	0.157895	60773	0.401216
U4	R	diseased	B:B5	SYK	19	8	8	0.421053	60773	0.840003
U4	R	diseased	B:B5	TLR4	19	1	1	0.0526316	60773	0.152332
U4	R	diseased	B:B5	TNF	19	1	1	0.0526316	60773	0.152332
U4	R	diseased	B:B6	ACTA2	3	0	0	0	21884	0
U4	R	diseased	B:B6	AHR	3	0	0	0	21884	0
U4	R	diseased	B:B6	AKT1	3	0	0	0	21884	0
U4	R	diseased	B:B6	ARNTL	3	0	0	0	21884	0
U4	R	diseased	B:B6	BCL6	3	0	0	0	21884	0
U4	R	diseased	B:B6	BECN1	3	1	1	0.333333	21884	0.376349
U4	R	diseased	B:B6	BLNK	3	1	1	0.333333	21884	0.376349
U4	R	diseased	B:B6	BRD4	3	0	0	0	21884	0
U4	R	diseased	B:B6	CAT	3	0	0	0	21884	0
U4	R	diseased	B:B6	CD4	3	0	0	0	21884	0
U4	R	diseased	B:B6	CD86	3	0	0	0	21884	0
U4	R	diseased	B:B6	CREB1	3	0	0	0	21884	0
U4	R	diseased	B:B6	CTNNB1	3	0	0	0	21884	0
U4	R	diseased	B:B6	DNMT1	3	1	1	0.333333	21884	0.376349
U4	R	diseased	B:B6	FOXP3	3	0	0	0	21884	0
U4	R	diseased	B:B6	GABPA	3	0	0	0	21884	0
U4	R	diseased	B:B6	HIF1A	3	2	1	0.333333	21884	0.649148
U4	R	diseased	B:B6	HMOX1	3	0	0	0	21884	0
U4	R	diseased	B:B6	ICAM1	3	1	1	0.333333	21884	0.376349
U4	R	diseased	B:B6	IFNG	3	0	0	0	21884	0
U4	R	diseased	B:B6	IL15	3	1	1	0.333333	21884	0.376349
U4	R	diseased	B:B6	IL1B	3	0	0	0	21884	0
U4	R	diseased	B:B6	IL7	3	0	0	0	21884	0
U4	R	diseased	B:B6	ITGAM	3	0	0	0	21884	0
U4	R	diseased	B:B6	ITGAX	3	0	0	0	21884	0
U4	R	diseased	B:B6	JAK1	3	1	1	0.333333	21884	0.376349
U4	R	diseased	B:B6	LYZ	3	0	0	0	21884	0
U4	R	diseased	B:B6	MAFB	3	0	0	0	21884	0
U4	R	diseased	B:B6	MAP1LC3B	3	1	1	0.333333	21884	0.376349
U4	R	diseased	B:B6	MAPK14	3	0	0	0	21884	0
U4	R	diseased	B:B6	NFKB1	3	0	0	0	21884	0
U4	R	diseased	B:B6	NLRP3	3	0	0	0	21884	0
U4	R	diseased	B:B6	OSM	3	0	0	0	21884	0
U4	R	diseased	B:B6	PARP1	3	3	2	0.666667	21884	0.863255
U4	R	diseased	B:B6	PIAS1	3	1	1	0.333333	21884	0.376349
U4	R	diseased	B:B6	PKM	3	1	1	0.333333	21884	0.376349
U4	R	diseased	B:B6	PRKAA1	3	0	0	0	21884	0
U4	R	diseased	B:B6	PTGS2	3	0	0	0	21884	0
U4	R	diseased	B:B6	RELA	3	0	0	0	21884	0
U4	R	diseased	B:B6	SH3KBP1	3	1	1	0.333333	21884	0.376349
U4	R	diseased	B:B6	SMAD3	3	0	0	0	21884	0
U4	R	diseased	B:B6	SOD1	3	2	2	0.666667	21884	0.649148
U4	R	diseased	B:B6	STAT3	3	2	1	0.333333	21884	0.649148
U4	R	diseased	B:B6	STAT5A	3	0	0	0	21884	0
U4	R	diseased	B:B6	SYK	3	1	1	0.333333	21884	0.376349
U4	R	diseased	B:B6	TLR4	3	0	0	0	21884	0
U4	R	diseased	B:B6	TNF	3	0	0	0	21884	0
U4	R	diseased	B:B8	ACTA2	174	0	0	0	375788	0
U4	R	diseased	B:B8	AHR	174	9	9	0.0517241	375788	0.214705
U4	R	diseased	B:B8	AKT1	174	5	5	0.0287356	375788	0.124916
U4	R	diseased	B:B8	ARNTL	174	4	4	0.0229885	375788	0.10115
U4	R	diseased	B:B8	BCL6	174	6	6	0.0344828	375788	0.148131
U4	R	diseased	B:B8	BECN1	174	19	19	0.109195	375788	0.409194
U4	R	diseased	B:B8	BLNK	174	55	47	0.270115	375788	0.90162
U4	R	diseased	B:B8	BRD4	174	32	28	0.16092	375788	0.61602
U4	R	diseased	B:B8	CAT	174	17	15	0.0862069	375788	0.373205
U4	R	diseased	B:B8	CD4	174	1	1	0.00574713	375788	0.0262628
U4	R	diseased	B:B8	CD86	174	8	8	0.045977	375788	0.193003
U4	R	diseased	B:B8	CREB1	174	16	14	0.0804598	375788	0.354713
U4	R	diseased	B:B8	CTNNB1	174	17	17	0.0977011	375788	0.373205
U4	R	diseased	B:B8	DNMT1	174	10	10	0.0574713	375788	0.235947
U4	R	diseased	B:B8	FOXP3	174	0	0	0	375788	0
U4	R	diseased	B:B8	GABPA	174	4	4	0.0229885	375788	0.10115
U4	R	diseased	B:B8	HIF1A	174	73	55	0.316092	375788	1.07929
U4	R	diseased	B:B8	HMOX1	174	1	1	0.00574713	375788	0.0262628
U4	R	diseased	B:B8	ICAM1	174	28	24	0.137931	375788	0.556812
U4	R	diseased	B:B8	IFNG	174	0	0	0	375788	0
U4	R	diseased	B:B8	IL15	174	0	0	0	375788	0
U4	R	diseased	B:B8	IL1B	174	0	0	0	375788	0
U4	R	diseased	B:B8	IL7	174	7	7	0.0402299	375788	0.170818
U4	R	diseased	B:B8	ITGAM	174	4	4	0.0229885	375788	0.10115
U4	R	diseased	B:B8	ITGAX	174	0	0	0	375788	0
U4	R	diseased	B:B8	JAK1	174	86	68	0.390805	375788	1.19044
U4	R	diseased	B:B8	LYZ	174	1	1	0.00574713	375788	0.0262628
U4	R	diseased	B:B8	MAFB	174	1	1	0.00574713	375788	0.0262628
U4	R	diseased	B:B8	MAP1LC3B	174	85	65	0.373563	375788	1.18231
U4	R	diseased	B:B8	MAPK14	174	6	5	0.0287356	375788	0.148131
U4	R	diseased	B:B8	NFKB1	174	28	23	0.132184	375788	0.556812
U4	R	diseased	B:B8	NLRP3	174	1	1	0.00574713	375788	0.0262628
U4	R	diseased	B:B8	OSM	174	0	0	0	375788	0
U4	R	diseased	B:B8	PARP1	174	72	56	0.321839	375788	1.0702
U4	R	diseased	B:B8	PIAS1	174	34	31	0.178161	375788	0.644359
U4	R	diseased	B:B8	PKM	174	60	51	0.293103	375788	0.95422
U4	R	diseased	B:B8	PRKAA1	174	10	9	0.0517241	375788	0.235947
U4	R	diseased	B:B8	PTGS2	174	0	0	0	375788	0
U4	R	diseased	B:B8	RELA	174	11	11	0.0632184	375788	0.256747
U4	R	diseased	B:B8	SH3KBP1	174	23	21	0.12069	375788	0.477505
U4	R	diseased	B:B8	SMAD3	174	20	18	0.103448	375788	0.426714
U4	R	diseased	B:B8	SOD1	174	70	56	0.321839	375788	1.05178
U4	R	diseased	B:B8	STAT3	174	71	54	0.310345	375788	1.06104
U4	R	diseased	B:B8	STAT5A	174	15	14	0.0804598	375788	0.335873
U4	R	diseased	B:B8	SYK	174	35	33	0.189655	375788	0.658233
U4	R	diseased	B:B8	TLR4	174	0	0	0	375788	0
U4	R	diseased	B:B8	TNF	174	38	24	0.137931	375788	0.698736
U4	R	diseased	M/DC	ACTA2	31	0	0	0	219567	0
U4	R	diseased	M/DC	AHR	31	43	18	0.580645	219567	1.08465
U4	R	diseased	M/DC	AKT1	31	5	5	0.16129	219567	0.20516
U4	R	diseased	M/DC	ARNTL	31	1	1	0.0322581	219567	0.0445375
U4	R	diseased	M/DC	BCL6	31	10	9	0.290323	219567	0.37531
U4	R	diseased	M/DC	BECN1	31	9	8	0.258065	219567	0.343517
U4	R	diseased	M/DC	BLNK	31	2	2	0.0645161	219567	0.0871757
U4	R	diseased	M/DC	BRD4	31	18	14	0.451613	219567	0.598724
U4	R	diseased	M/DC	CAT	31	22	13	0.419355	219567	0.694133
U4	R	diseased	M/DC	CD4	31	32	20	0.645161	219567	0.89911
U4	R	diseased	M/DC	CD86	31	28	19	0.612903	219567	0.822084
U4	R	diseased	M/DC	CREB1	31	7	6	0.193548	219567	0.276729
U4	R	diseased	M/DC	CTNNB1	31	13	9	0.290323	219567	0.465038
U4	R	diseased	M/DC	DNMT1	31	15	11	0.354839	219567	0.520675
U4	R	diseased	M/DC	FOXP3	31	0	0	0	219567	0
U4	R	diseased	M/DC	GABPA	31	3	3	0.0967742	219567	0.12807
U4	R	diseased	M/DC	HIF1A	31	34	18	0.580645	219567	0.935506
U4	R	diseased	M/DC	HMOX1	31	9	4	0.129032	219567	0.343517
U4	R	diseased	M/DC	ICAM1	31	46	21	0.677419	219567	1.1298
U4	R	diseased	M/DC	IFNG	31	0	0	0	219567	0
U4	R	diseased	M/DC	IL15	31	4	4	0.129032	219567	0.167357
U4	R	diseased	M/DC	IL1B	31	221	25	0.806452	219567	2.40381
U4	R	diseased	M/DC	IL7	31	1	1	0.0322581	219567	0.0445375
U4	R	diseased	M/DC	ITGAM	31	4	4	0.129032	219567	0.167357
U4	R	diseased	M/DC	ITGAX	31	23	14	0.451613	219567	0.716627
U4	R	diseased	M/DC	JAK1	31	41	21	0.677419	219567	1.05337
U4	R	diseased	M/DC	LYZ	31	1920	30	0.967742	219567	4.48238
U4	R	diseased	M/DC	MAFB	31	14	8	0.258065	219567	0.493243
U4	R	diseased	M/DC	MAP1LC3B	31	29	15	0.483871	219567	0.841904
U4	R	diseased	M/DC	MAPK14	31	4	3	0.0967742	219567	0.167357
U4	R	diseased	M/DC	NFKB1	31	24	19	0.612903	219567	0.738627
U4	R	diseased	M/DC	NLRP3	31	10	9	0.290323	219567	0.37531
U4	R	diseased	M/DC	OSM	31	5	3	0.0967742	219567	0.20516
U4	R	diseased	M/DC	PARP1	31	19	13	0.419355	219567	0.623443
U4	R	diseased	M/DC	PIAS1	31	10	9	0.290323	219567	0.37531
U4	R	diseased	M/DC	PKM	31	107	29	0.935484	219567	1.7704
U4	R	diseased	M/DC	PRKAA1	31	2	2	0.0645161	219567	0.0871757
U4	R	diseased	M/DC	PTGS2	31	18	11	0.354839	219567	0.598724
U4	R	diseased	M/DC	RELA	31	5	5	0.16129	219567	0.20516
U4	R	diseased	M/DC	SH3KBP1	31	9	7	0.225806	219567	0.343517
U4	R	diseased	M/DC	SMAD3	31	3	3	0.0967742	219567	0.12807
U4	R	diseased	M/DC	SOD1	31	26	19	0.612903	219567	0.781226
U4	R	diseased	M/DC	STAT3	31	38	19	0.612903	219567	1.00455
U4	R	diseased	M/DC	STAT5A	31	14	12	0.387097	219567	0.493243
U4	R	diseased	M/DC	SYK	31	23	15	0.483871	219567	0.716627
U4	R	diseased	M/DC	TLR4	31	0	0	0	219567	0
U4	R	diseased	M/DC	TNF	31	28	9	0.290323	219567	0.822084
U4	R	diseased	NK	ACTA2	116	1	1	0.00862069	257148	0.038151
U4	R	diseased	NK	AHR	116	38	21	0.181034	257148	0.90735
U4	R	diseased	NK	AKT1	116	4	4	0.0344828	257148	0.144579
U4	R	diseased	NK	ARNTL	116	7	7	0.0603448	257148	0.240761
U4	R	diseased	NK	BCL6	116	3	3	0.0258621	257148	0.110346
U4	R	diseased	NK	BECN1	116	16	14	0.12069	257148	0.483789
U4	R	diseased	NK	BLNK	116	2	1	0.00862069	257148	0.0748999
U4	R	diseased	NK	BRD4	116	23	22	0.189655	257148	0.638916
U4	R	diseased	NK	CAT	116	18	13	0.112069	257148	0.53062
U4	R	diseased	NK	CD4	116	1	1	0.00862069	257148	0.038151
U4	R	diseased	NK	CD86	116	0	0	0	257148	0
U4	R	diseased	NK	CREB1	116	12	10	0.0862069	257148	0.382986
U4	R	diseased	NK	CTNNB1	116	9	8	0.0689655	257148	0.300099
U4	R	diseased	NK	DNMT1	116	29	24	0.206897	257148	0.755068
U4	R	diseased	NK	FOXP3	116	0	0	0	257148	0
U4	R	diseased	NK	GABPA	116	2	2	0.0172414	257148	0.0748999
U4	R	diseased	NK	HIF1A	116	20	18	0.155172	257148	0.575355
U4	R	diseased	NK	HMOX1	116	1	1	0.00862069	257148	0.038151
U4	R	diseased	NK	ICAM1	116	40	25	0.215517	257148	0.938257
U4	R	diseased	NK	IFNG	116	228	53	0.456897	257148	2.28914
U4	R	diseased	NK	IL15	116	5	5	0.0431034	257148	0.177678
U4	R	diseased	NK	IL1B	116	0	0	0	257148	0
U4	R	diseased	NK	IL7	116	0	0	0	257148	0
U4	R	diseased	NK	ITGAM	116	11	11	0.0948276	257148	0.356113
U4	R	diseased	NK	ITGAX	116	9	9	0.0775862	257148	0.300099
U4	R	diseased	NK	JAK1	116	133	77	0.663793	257148	1.82004
U4	R	diseased	NK	LYZ	116	0	0	0	257148	0
U4	R	diseased	NK	MAFB	116	0	0	0	257148	0
U4	R	diseased	NK	MAP1LC3B	116	64	48	0.413793	257148	1.24957
U4	R	diseased	NK	MAPK14	116	6	6	0.0517241	257148	0.209717
U4	R	diseased	NK	NFKB1	116	77	51	0.439655	257148	1.38489
U4	R	diseased	NK	NLRP3	116	3	3	0.0258621	257148	0.110346
U4	R	diseased	NK	OSM	116	5	5	0.0431034	257148	0.177678
U4	R	diseased	NK	PARP1	116	23	22	0.189655	257148	0.638916
U4	R	diseased	NK	PIAS1	116	27	25	0.215517	257148	0.71783
U4	R	diseased	NK	PKM	116	41	35	0.301724	257148	0.95336
U4	R	diseased	NK	PRKAA1	116	13	12	0.103448	257148	0.409155
U4	R	diseased	NK	PTGS2	116	2	2	0.0172414	257148	0.0748999
U4	R	diseased	NK	RELA	116	12	12	0.103448	257148	0.382986
U4	R	diseased	NK	SH3KBP1	116	34	26	0.224138	257148	0.842513
U4	R	diseased	NK	SMAD3	116	9	8	0.0689655	257148	0.300099
U4	R	diseased	NK	SOD1	116	53	43	0.37069	257148	1.11876
U4	R	diseased	NK	STAT3	116	51	43	0.37069	257148	1.09303
U4	R	diseased	NK	STAT5A	116	8	7	0.0603448	257148	0.27087
U4	R	diseased	NK	SYK	116	15	15	0.12931	257148	0.459525
U4	R	diseased	NK	TLR4	116	0	0	0	257148	0
U4	R	diseased	NK	TNF	116	159	44	0.37931	257148	1.97175
U4	R	diseased	T	ACTA2	602	19	19	0.0315615	1.24467e+06	0.142064
U4	R	diseased	T	AHR	602	177	132	0.219269	1.24467e+06	0.884619
U4	R	diseased	T	AKT1	602	32	32	0.0531561	1.24467e+06	0.228804
U4	R	diseased	T	ARNTL	602	61	55	0.0913621	1.24467e+06	0.398836
U4	R	diseased	T	BCL6	602	19	19	0.0315615	1.24467e+06	0.142064
U4	R	diseased	T	BECN1	602	62	57	0.0946844	1.24467e+06	0.404213
U4	R	diseased	T	BLNK	602	9	8	0.013289	1.24467e+06	0.0698135
U4	R	diseased	T	BRD4	602	79	73	0.121262	1.24467e+06	0.491463
U4	R	diseased	T	CAT	602	50	46	0.076412	1.24467e+06	0.337695
U4	R	diseased	T	CD4	602	84	75	0.124585	1.24467e+06	0.515739
U4	R	diseased	T	CD86	602	0	0	0	1.24467e+06	0
U4	R	diseased	T	CREB1	602	63	60	0.0996678	1.24467e+06	0.409562
U4	R	diseased	T	CTNNB1	602	53	50	0.0830565	1.24467e+06	0.354744
U4	R	diseased	T	DNMT1	602	83	73	0.121262	1.24467e+06	0.510931
U4	R	diseased	T	FOXP3	602	92	50	0.0830565	1.24467e+06	0.553397
U4	R	diseased	T	GABPA	602	16	15	0.0249169	1.24467e+06	0.120932
U4	R	diseased	T	HIF1A	602	151	127	0.210963	1.24467e+06	0.794426
U4	R	diseased	T	HMOX1	602	1	1	0.00166113	1.24467e+06	0.00800214
U4	R	diseased	T	ICAM1	602	67	58	0.0963455	1.24467e+06	0.430674
U4	R	diseased	T	IFNG	602	384	131	0.217608	1.24467e+06	1.40736
U4	R	diseased	T	IL15	602	5	5	0.00830565	1.24467e+06	0.0393853
U4	R	diseased	T	IL1B	602	1	1	0.00166113	1.24467e+06	0.00800214
U4	R	diseased	T	IL7	602	5	5	0.00830565	1.24467e+06	0.0393853
U4	R	diseased	T	ITGAM	602	5	5	0.00830565	1.24467e+06	0.0393853
U4	R	diseased	T	ITGAX	602	7	7	0.0116279	1.24467e+06	0.0547152
U4	R	diseased	T	JAK1	602	382	271	0.450166	1.24467e+06	1.40342
U4	R	diseased	T	LYZ	602	15	2	0.00332226	1.24467e+06	0.113787
U4	R	diseased	T	MAFB	602	0	0	0	1.24467e+06	0
U4	R	diseased	T	MAP1LC3B	602	209	171	0.284053	1.24467e+06	0.985502
U4	R	diseased	T	MAPK14	602	20	20	0.0332226	1.24467e+06	0.14901
U4	R	diseased	T	NFKB1	602	135	110	0.182724	1.24467e+06	0.734588
U4	R	diseased	T	NLRP3	602	6	6	0.00996678	1.24467e+06	0.0470796
U4	R	diseased	T	OSM	602	19	15	0.0249169	1.24467e+06	0.142064
U4	R	diseased	T	PARP1	602	128	108	0.179402	1.24467e+06	0.707239
U4	R	diseased	T	PIAS1	602	113	102	0.169435	1.24467e+06	0.645987
U4	R	diseased	T	PKM	602	309	201	0.333887	1.24467e+06	1.24777
U4	R	diseased	T	PRKAA1	602	49	45	0.0747508	1.24467e+06	0.331946
U4	R	diseased	T	PTGS2	602	4	1	0.00166113	1.24467e+06	0.0316314
U4	R	diseased	T	RELA	602	52	49	0.0813953	1.24467e+06	0.349093
U4	R	diseased	T	SH3KBP1	602	161	139	0.230897	1.24467e+06	0.830085
U4	R	diseased	T	SMAD3	602	39	35	0.0581395	1.24467e+06	0.27257
U4	R	diseased	T	SOD1	602	434	289	0.480066	1.24467e+06	1.50115
U4	R	diseased	T	STAT3	602	329	245	0.406977	1.24467e+06	1.29288
U4	R	diseased	T	STAT5A	602	56	52	0.0863787	1.24467e+06	0.371507
U4	R	diseased	T	SYK	602	6	4	0.00664452	1.24467e+06	0.0470796
U4	R	diseased	T	TLR4	602	0	0	0	1.24467e+06	0
U4	R	diseased	T	TNF	602	453	188	0.312292	1.24467e+06	1.53461
U4	R	diseased	T:T1	ACTA2	30	0	0	0	47189	0
U4	R	diseased	T:T1	AHR	30	3	3	0.1	47189	0.492096
U4	R	diseased	T:T1	AKT1	30	2	2	0.0666667	47189	0.353349
U4	R	diseased	T:T1	ARNTL	30	2	2	0.0666667	47189	0.353349
U4	R	diseased	T:T1	BCL6	30	0	0	0	47189	0
U4	R	diseased	T:T1	BECN1	30	4	4	0.133333	47189	0.613917
U4	R	diseased	T:T1	BLNK	30	0	0	0	47189	0
U4	R	diseased	T:T1	BRD4	30	5	5	0.166667	47189	0.722497
U4	R	diseased	T:T1	CAT	30	4	3	0.1	47189	0.613917
U4	R	diseased	T:T1	CD4	30	1	1	0.0333333	47189	0.192201
U4	R	diseased	T:T1	CD86	30	0	0	0	47189	0
U4	R	diseased	T:T1	CREB1	30	2	2	0.0666667	47189	0.353349
U4	R	diseased	T:T1	CTNNB1	30	0	0	0	47189	0
U4	R	diseased	T:T1	DNMT1	30	2	2	0.0666667	47189	0.353349
U4	R	diseased	T:T1	FOXP3	30	0	0	0	47189	0
U4	R	diseased	T:T1	GABPA	30	1	1	0.0333333	47189	0.192201
U4	R	diseased	T:T1	HIF1A	30	4	4	0.133333	47189	0.613917
U4	R	diseased	T:T1	HMOX1	30	0	0	0	47189	0
U4	R	diseased	T:T1	ICAM1	30	1	1	0.0333333	47189	0.192201
U4	R	diseased	T:T1	IFNG	30	6	4	0.133333	47189	0.820433
U4	R	diseased	T:T1	IL15	30	0	0	0	47189	0
U4	R	diseased	T:T1	IL1B	30	0	0	0	47189	0
U4	R	diseased	T:T1	IL7	30	0	0	0	47189	0
U4	R	diseased	T:T1	ITGAM	30	0	0	0	47189	0
U4	R	diseased	T:T1	ITGAX	30	0	0	0	47189	0
U4	R	diseased	T:T1	JAK1	30	19	16	0.533333	47189	1.6147
U4	R	diseased	T:T1	LYZ	30	0	0	0	47189	0
U4	R	diseased	T:T1	MAFB	30	0	0	0	47189	0
U4	R	diseased	T:T1	MAP1LC3B	30	3	3	0.1	47189	0.492096
U4	R	diseased	T:T1	MAPK14	30	1	1	0.0333333	47189	0.192201
U4	R	diseased	T:T1	NFKB1	30	7	6	0.2	47189	0.909627
U4	R	diseased	T:T1	NLRP3	30	1	1	0.0333333	47189	0.192201
U4	R	diseased	T:T1	OSM	30	0	0	0	47189	0
U4	R	diseased	T:T1	PARP1	30	4	4	0.133333	47189	0.613917
U4	R	diseased	T:T1	PIAS1	30	6	5	0.166667	47189	0.820433
U4	R	diseased	T:T1	PKM	30	8	7	0.233333	47189	0.991513
U4	R	diseased	T:T1	PRKAA1	30	1	1	0.0333333	47189	0.192201
U4	R	diseased	T:T1	PTGS2	30	0	0	0	47189	0
U4	R	diseased	T:T1	RELA	30	3	2	0.0666667	47189	0.492096
U4	R	diseased	T:T1	SH3KBP1	30	6	6	0.2	47189	0.820433
U4	R	diseased	T:T1	SMAD3	30	0	0	0	47189	0
U4	R	diseased	T:T1	SOD1	30	13	11	0.366667	47189	1.32306
U4	R	diseased	T:T1	STAT3	30	14	11	0.366667	47189	1.37796
U4	R	diseased	T:T1	STAT5A	30	0	0	0	47189	0
U4	R	diseased	T:T1	SYK	30	0	0	0	47189	0
U4	R	diseased	T:T1	TLR4	30	0	0	0	47189	0
U4	R	diseased	T:T1	TNF	30	22	12	0.4	47189	1.7338
U4	R	diseased	T:T10	ACTA2	64	2	2	0.03125	123752	0.14981
U4	R	diseased	T:T10	AHR	64	12	9	0.140625	123752	0.677872
U4	R	diseased	T:T10	AKT1	64	0	0	0	123752	0
U4	R	diseased	T:T10	ARNTL	64	0	0	0	123752	0
U4	R	diseased	T:T10	BCL6	64	2	2	0.03125	123752	0.14981
U4	R	diseased	T:T10	BECN1	64	6	6	0.09375	123752	0.395307
U4	R	diseased	T:T10	BLNK	64	0	0	0	123752	0
U4	R	diseased	T:T10	BRD4	64	7	7	0.109375	123752	0.448299
U4	R	diseased	T:T10	CAT	64	4	3	0.046875	123752	0.280074
U4	R	diseased	T:T10	CD4	64	1	1	0.015625	123752	0.0777078
U4	R	diseased	T:T10	CD86	64	0	0	0	123752	0
U4	R	diseased	T:T10	CREB1	64	9	8	0.125	123752	0.546537
U4	R	diseased	T:T10	CTNNB1	64	3	3	0.046875	123752	0.217061
U4	R	diseased	T:T10	DNMT1	64	15	12	0.1875	123752	0.793943
U4	R	diseased	T:T10	FOXP3	64	0	0	0	123752	0
U4	R	diseased	T:T10	GABPA	64	3	3	0.046875	123752	0.217061
U4	R	diseased	T:T10	HIF1A	64	17	14	0.21875	123752	0.864456
U4	R	diseased	T:T10	HMOX1	64	1	1	0.015625	123752	0.0777078
U4	R	diseased	T:T10	ICAM1	64	4	4	0.0625	123752	0.280074
U4	R	diseased	T:T10	IFNG	64	77	27	0.421875	123752	1.97715
U4	R	diseased	T:T10	IL15	64	0	0	0	123752	0
U4	R	diseased	T:T10	IL1B	64	0	0	0	123752	0
U4	R	diseased	T:T10	IL7	64	0	0	0	123752	0
U4	R	diseased	T:T10	ITGAM	64	0	0	0	123752	0
U4	R	diseased	T:T10	ITGAX	64	0	0	0	123752	0
U4	R	diseased	T:T10	JAK1	64	32	22	0.34375	123752	1.27699
U4	R	diseased	T:T10	LYZ	64	0	0	0	123752	0
U4	R	diseased	T:T10	MAFB	64	0	0	0	123752	0
U4	R	diseased	T:T10	MAP1LC3B	64	25	23	0.359375	123752	1.10531
U4	R	diseased	T:T10	MAPK14	64	5	5	0.078125	123752	0.339349
U4	R	diseased	T:T10	NFKB1	64	17	13	0.203125	123752	0.864456
U4	R	diseased	T:T10	NLRP3	64	1	1	0.015625	123752	0.0777078
U4	R	diseased	T:T10	OSM	64	2	2	0.03125	123752	0.14981
U4	R	diseased	T:T10	PARP1	64	13	11	0.171875	123752	0.718078
U4	R	diseased	T:T10	PIAS1	64	14	12	0.1875	123752	0.75673
U4	R	diseased	T:T10	PKM	64	34	23	0.359375	123752	1.32107
U4	R	diseased	T:T10	PRKAA1	64	6	5	0.078125	123752	0.395307
U4	R	diseased	T:T10	PTGS2	64	0	0	0	123752	0
U4	R	diseased	T:T10	RELA	64	2	2	0.03125	123752	0.14981
U4	R	diseased	T:T10	SH3KBP1	64	15	15	0.234375	123752	0.793943
U4	R	diseased	T:T10	SMAD3	64	2	2	0.03125	123752	0.14981
U4	R	diseased	T:T10	SOD1	64	55	35	0.546875	123752	1.69458
U4	R	diseased	T:T10	STAT3	64	38	30	0.46875	123752	1.4038
U4	R	diseased	T:T10	STAT5A	64	7	6	0.09375	123752	0.448299
U4	R	diseased	T:T10	SYK	64	0	0	0	123752	0
U4	R	diseased	T:T10	TLR4	64	0	0	0	123752	0
U4	R	diseased	T:T10	TNF	64	89	27	0.421875	123752	2.10313
U4	R	diseased	T:T11	ACTA2	2	0	0	0	8921	0
U4	R	diseased	T:T11	AHR	2	0	0	0	8921	0
U4	R	diseased	T:T11	AKT1	2	0	0	0	8921	0
U4	R	diseased	T:T11	ARNTL	2	0	0	0	8921	0
U4	R	diseased	T:T11	BCL6	2	0	0	0	8921	0
U4	R	diseased	T:T11	BECN1	2	0	0	0	8921	0
U4	R	diseased	T:T11	BLNK	2	1	1	0.5	8921	0.751864
U4	R	diseased	T:T11	BRD4	2	0	0	0	8921	0
U4	R	diseased	T:T11	CAT	2	0	0	0	8921	0
U4	R	diseased	T:T11	CD4	2	0	0	0	8921	0
U4	R	diseased	T:T11	CD86	2	0	0	0	8921	0
U4	R	diseased	T:T11	CREB1	2	0	0	0	8921	0
U4	R	diseased	T:T11	CTNNB1	2	1	1	0.5	8921	0.751864
U4	R	diseased	T:T11	DNMT1	2	1	1	0.5	8921	0.751864
U4	R	diseased	T:T11	FOXP3	2	0	0	0	8921	0
U4	R	diseased	T:T11	GABPA	2	0	0	0	8921	0
U4	R	diseased	T:T11	HIF1A	2	1	1	0.5	8921	0.751864
U4	R	diseased	T:T11	HMOX1	2	0	0	0	8921	0
U4	R	diseased	T:T11	ICAM1	2	2	1	0.5	8921	1.17616
U4	R	diseased	T:T11	IFNG	2	0	0	0	8921	0
U4	R	diseased	T:T11	IL15	2	0	0	0	8921	0
U4	R	diseased	T:T11	IL1B	2	0	0	0	8921	0
U4	R	diseased	T:T11	IL7	2	0	0	0	8921	0
U4	R	diseased	T:T11	ITGAM	2	0	0	0	8921	0
U4	R	diseased	T:T11	ITGAX	2	0	0	0	8921	0
U4	R	diseased	T:T11	JAK1	2	0	0	0	8921	0
U4	R	diseased	T:T11	LYZ	2	0	0	0	8921	0
U4	R	diseased	T:T11	MAFB	2	0	0	0	8921	0
U4	R	diseased	T:T11	MAP1LC3B	2	1	1	0.5	8921	0.751864
U4	R	diseased	T:T11	MAPK14	2	0	0	0	8921	0
U4	R	diseased	T:T11	NFKB1	2	0	0	0	8921	0
U4	R	diseased	T:T11	NLRP3	2	0	0	0	8921	0
U4	R	diseased	T:T11	OSM	2	0	0	0	8921	0
U4	R	diseased	T:T11	PARP1	2	1	1	0.5	8921	0.751864
U4	R	diseased	T:T11	PIAS1	2	0	0	0	8921	0
U4	R	diseased	T:T11	PKM	2	0	0	0	8921	0
U4	R	diseased	T:T11	PRKAA1	2	0	0	0	8921	0
U4	R	diseased	T:T11	PTGS2	2	0	0	0	8921	0
U4	R	diseased	T:T11	RELA	2	1	1	0.5	8921	0.751864
U4	R	diseased	T:T11	SH3KBP1	2	0	0	0	8921	0
U4	R	diseased	T:T11	SMAD3	2	0	0	0	8921	0
U4	R	diseased	T:T11	SOD1	2	1	1	0.5	8921	0.751864
U4	R	diseased	T:T11	STAT3	2	0	0	0	8921	0
U4	R	diseased	T:T11	STAT5A	2	0	0	0	8921	0
U4	R	diseased	T:T11	SYK	2	0	0	0	8921	0
U4	R	diseased	T:T11	TLR4	2	0	0	0	8921	0
U4	R	diseased	T:T11	TNF	2	1	1	0.5	8921	0.751864
U4	R	diseased	T:T13	ACTA2	1	0	0	0	1828	0
U4	R	diseased	T:T13	AHR	1	0	0	0	1828	0
U4	R	diseased	T:T13	AKT1	1	0	0	0	1828	0
U4	R	diseased	T:T13	ARNTL	1	0	0	0	1828	0
U4	R	diseased	T:T13	BCL6	1	0	0	0	1828	0
U4	R	diseased	T:T13	BECN1	1	0	0	0	1828	0
U4	R	diseased	T:T13	BLNK	1	0	0	0	1828	0
U4	R	diseased	T:T13	BRD4	1	1	1	1	1828	1.86725
U4	R	diseased	T:T13	CAT	1	0	0	0	1828	0
U4	R	diseased	T:T13	CD4	1	0	0	0	1828	0
U4	R	diseased	T:T13	CD86	1	0	0	0	1828	0
U4	R	diseased	T:T13	CREB1	1	0	0	0	1828	0
U4	R	diseased	T:T13	CTNNB1	1	0	0	0	1828	0
U4	R	diseased	T:T13	DNMT1	1	1	1	1	1828	1.86725
U4	R	diseased	T:T13	FOXP3	1	0	0	0	1828	0
U4	R	diseased	T:T13	GABPA	1	0	0	0	1828	0
U4	R	diseased	T:T13	HIF1A	1	0	0	0	1828	0
U4	R	diseased	T:T13	HMOX1	1	0	0	0	1828	0
U4	R	diseased	T:T13	ICAM1	1	0	0	0	1828	0
U4	R	diseased	T:T13	IFNG	1	0	0	0	1828	0
U4	R	diseased	T:T13	IL15	1	0	0	0	1828	0
U4	R	diseased	T:T13	IL1B	1	0	0	0	1828	0
U4	R	diseased	T:T13	IL7	1	0	0	0	1828	0
U4	R	diseased	T:T13	ITGAM	1	1	1	1	1828	1.86725
U4	R	diseased	T:T13	ITGAX	1	0	0	0	1828	0
U4	R	diseased	T:T13	JAK1	1	1	1	1	1828	1.86725
U4	R	diseased	T:T13	LYZ	1	0	0	0	1828	0
U4	R	diseased	T:T13	MAFB	1	0	0	0	1828	0
U4	R	diseased	T:T13	MAP1LC3B	1	0	0	0	1828	0
U4	R	diseased	T:T13	MAPK14	1	0	0	0	1828	0
U4	R	diseased	T:T13	NFKB1	1	0	0	0	1828	0
U4	R	diseased	T:T13	NLRP3	1	0	0	0	1828	0
U4	R	diseased	T:T13	OSM	1	0	0	0	1828	0
U4	R	diseased	T:T13	PARP1	1	0	0	0	1828	0
U4	R	diseased	T:T13	PIAS1	1	1	1	1	1828	1.86725
U4	R	diseased	T:T13	PKM	1	0	0	0	1828	0
U4	R	diseased	T:T13	PRKAA1	1	0	0	0	1828	0
U4	R	diseased	T:T13	PTGS2	1	0	0	0	1828	0
U4	R	diseased	T:T13	RELA	1	0	0	0	1828	0
U4	R	diseased	T:T13	SH3KBP1	1	0	0	0	1828	0
U4	R	diseased	T:T13	SMAD3	1	0	0	0	1828	0
U4	R	diseased	T:T13	SOD1	1	1	1	1	1828	1.86725
U4	R	diseased	T:T13	STAT3	1	0	0	0	1828	0
U4	R	diseased	T:T13	STAT5A	1	0	0	0	1828	0
U4	R	diseased	T:T13	SYK	1	0	0	0	1828	0
U4	R	diseased	T:T13	TLR4	1	0	0	0	1828	0
U4	R	diseased	T:T13	TNF	1	1	1	1	1828	1.86725
U4	R	diseased	T:T14	ACTA2	55	1	1	0.0181818	133276	0.0723507
U4	R	diseased	T:T14	AHR	55	12	12	0.218182	133276	0.642058
U4	R	diseased	T:T14	AKT1	55	7	7	0.127273	133276	0.422142
U4	R	diseased	T:T14	ARNTL	55	4	3	0.0545455	133276	0.262464
U4	R	diseased	T:T14	BCL6	55	2	2	0.0363636	133276	0.139818
U4	R	diseased	T:T14	BECN1	55	10	9	0.163636	133276	0.5598
U4	R	diseased	T:T14	BLNK	55	3	2	0.0363636	133276	0.20302
U4	R	diseased	T:T14	BRD4	55	11	9	0.163636	133276	0.601774
U4	R	diseased	T:T14	CAT	55	8	8	0.145455	133276	0.470165
U4	R	diseased	T:T14	CD4	55	0	0	0	133276	0
U4	R	diseased	T:T14	CD86	55	0	0	0	133276	0
U4	R	diseased	T:T14	CREB1	55	5	5	0.0909091	133276	0.318571
U4	R	diseased	T:T14	CTNNB1	55	5	5	0.0909091	133276	0.318571
U4	R	diseased	T:T14	DNMT1	55	12	11	0.2	133276	0.642058
U4	R	diseased	T:T14	FOXP3	55	0	0	0	133276	0
U4	R	diseased	T:T14	GABPA	55	2	2	0.0363636	133276	0.139818
U4	R	diseased	T:T14	HIF1A	55	22	16	0.290909	133276	0.974827
U4	R	diseased	T:T14	HMOX1	55	0	0	0	133276	0
U4	R	diseased	T:T14	ICAM1	55	10	8	0.145455	133276	0.5598
U4	R	diseased	T:T14	IFNG	55	134	38	0.690909	133276	2.40282
U4	R	diseased	T:T14	IL15	55	0	0	0	133276	0
U4	R	diseased	T:T14	IL1B	55	1	1	0.0181818	133276	0.0723507
U4	R	diseased	T:T14	IL7	55	0	0	0	133276	0
U4	R	diseased	T:T14	ITGAM	55	1	1	0.0181818	133276	0.0723507
U4	R	diseased	T:T14	ITGAX	55	5	5	0.0909091	133276	0.318571
U4	R	diseased	T:T14	JAK1	55	52	33	0.6	133276	1.58958
U4	R	diseased	T:T14	LYZ	55	0	0	0	133276	0
U4	R	diseased	T:T14	MAFB	55	0	0	0	133276	0
U4	R	diseased	T:T14	MAP1LC3B	55	30	20	0.363636	133276	1.17895
U4	R	diseased	T:T14	MAPK14	55	2	2	0.0363636	133276	0.139818
U4	R	diseased	T:T14	NFKB1	55	11	9	0.163636	133276	0.601774
U4	R	diseased	T:T14	NLRP3	55	1	1	0.0181818	133276	0.0723507
U4	R	diseased	T:T14	OSM	55	3	2	0.0363636	133276	0.20302
U4	R	diseased	T:T14	PARP1	55	22	18	0.327273	133276	0.974827
U4	R	diseased	T:T14	PIAS1	55	10	9	0.163636	133276	0.5598
U4	R	diseased	T:T14	PKM	55	39	26	0.472727	133276	1.36769
U4	R	diseased	T:T14	PRKAA1	55	5	5	0.0909091	133276	0.318571
U4	R	diseased	T:T14	PTGS2	55	0	0	0	133276	0
U4	R	diseased	T:T14	RELA	55	5	5	0.0909091	133276	0.318571
U4	R	diseased	T:T14	SH3KBP1	55	19	17	0.309091	133276	0.886084
U4	R	diseased	T:T14	SMAD3	55	2	2	0.0363636	133276	0.139818
U4	R	diseased	T:T14	SOD1	55	40	30	0.545455	133276	1.38662
U4	R	diseased	T:T14	STAT3	55	33	25	0.454545	133276	1.2459
U4	R	diseased	T:T14	STAT5A	55	7	7	0.127273	133276	0.422142
U4	R	diseased	T:T14	SYK	55	0	0	0	133276	0
U4	R	diseased	T:T14	TLR4	55	0	0	0	133276	0
U4	R	diseased	T:T14	TNF	55	3	2	0.0363636	133276	0.20302
U4	R	diseased	T:T15	ACTA2	2	0	0	0	4344	0
U4	R	diseased	T:T15	AHR	2	1	1	0.5	4344	1.19454
U4	R	diseased	T:T15	AKT1	2	0	0	0	4344	0
U4	R	diseased	T:T15	ARNTL	2	0	0	0	4344	0
U4	R	diseased	T:T15	BCL6	2	0	0	0	4344	0
U4	R	diseased	T:T15	BECN1	2	0	0	0	4344	0
U4	R	diseased	T:T15	BLNK	2	0	0	0	4344	0
U4	R	diseased	T:T15	BRD4	2	0	0	0	4344	0
U4	R	diseased	T:T15	CAT	2	0	0	0	4344	0
U4	R	diseased	T:T15	CD4	2	0	0	0	4344	0
U4	R	diseased	T:T15	CD86	2	0	0	0	4344	0
U4	R	diseased	T:T15	CREB1	2	0	0	0	4344	0
U4	R	diseased	T:T15	CTNNB1	2	0	0	0	4344	0
U4	R	diseased	T:T15	DNMT1	2	0	0	0	4344	0
U4	R	diseased	T:T15	FOXP3	2	0	0	0	4344	0
U4	R	diseased	T:T15	GABPA	2	0	0	0	4344	0
U4	R	diseased	T:T15	HIF1A	2	0	0	0	4344	0
U4	R	diseased	T:T15	HMOX1	2	0	0	0	4344	0
U4	R	diseased	T:T15	ICAM1	2	1	1	0.5	4344	1.19454
U4	R	diseased	T:T15	IFNG	2	0	0	0	4344	0
U4	R	diseased	T:T15	IL15	2	0	0	0	4344	0
U4	R	diseased	T:T15	IL1B	2	0	0	0	4344	0
U4	R	diseased	T:T15	IL7	2	0	0	0	4344	0
U4	R	diseased	T:T15	ITGAM	2	0	0	0	4344	0
U4	R	diseased	T:T15	ITGAX	2	0	0	0	4344	0
U4	R	diseased	T:T15	JAK1	2	2	2	1	4344	1.72349
U4	R	diseased	T:T15	LYZ	2	0	0	0	4344	0
U4	R	diseased	T:T15	MAFB	2	0	0	0	4344	0
U4	R	diseased	T:T15	MAP1LC3B	2	0	0	0	4344	0
U4	R	diseased	T:T15	MAPK14	2	0	0	0	4344	0
U4	R	diseased	T:T15	NFKB1	2	0	0	0	4344	0
U4	R	diseased	T:T15	NLRP3	2	0	0	0	4344	0
U4	R	diseased	T:T15	OSM	2	1	1	0.5	4344	1.19454
U4	R	diseased	T:T15	PARP1	2	0	0	0	4344	0
U4	R	diseased	T:T15	PIAS1	2	2	2	1	4344	1.72349
U4	R	diseased	T:T15	PKM	2	0	0	0	4344	0
U4	R	diseased	T:T15	PRKAA1	2	0	0	0	4344	0
U4	R	diseased	T:T15	PTGS2	2	0	0	0	4344	0
U4	R	diseased	T:T15	RELA	2	0	0	0	4344	0
U4	R	diseased	T:T15	SH3KBP1	2	0	0	0	4344	0
U4	R	diseased	T:T15	SMAD3	2	0	0	0	4344	0
U4	R	diseased	T:T15	SOD1	2	0	0	0	4344	0
U4	R	diseased	T:T15	STAT3	2	0	0	0	4344	0
U4	R	diseased	T:T15	STAT5A	2	0	0	0	4344	0
U4	R	diseased	T:T15	SYK	2	0	0	0	4344	0
U4	R	diseased	T:T15	TLR4	2	0	0	0	4344	0
U4	R	diseased	T:T15	TNF	2	1	1	0.5	4344	1.19454
U4	R	diseased	T:T16	ACTA2	6	0	0	0	12089	0
U4	R	diseased	T:T16	AHR	6	0	0	0	12089	0
U4	R	diseased	T:T16	AKT1	6	1	1	0.166667	12089	0.602784
U4	R	diseased	T:T16	ARNTL	6	0	0	0	12089	0
U4	R	diseased	T:T16	BCL6	6	0	0	0	12089	0
U4	R	diseased	T:T16	BECN1	6	0	0	0	12089	0
U4	R	diseased	T:T16	BLNK	6	1	1	0.166667	12089	0.602784
U4	R	diseased	T:T16	BRD4	6	1	1	0.166667	12089	0.602784
U4	R	diseased	T:T16	CAT	6	0	0	0	12089	0
U4	R	diseased	T:T16	CD4	6	0	0	0	12089	0
U4	R	diseased	T:T16	CD86	6	0	0	0	12089	0
U4	R	diseased	T:T16	CREB1	6	1	1	0.166667	12089	0.602784
U4	R	diseased	T:T16	CTNNB1	6	0	0	0	12089	0
U4	R	diseased	T:T16	DNMT1	6	1	1	0.166667	12089	0.602784
U4	R	diseased	T:T16	FOXP3	6	0	0	0	12089	0
U4	R	diseased	T:T16	GABPA	6	0	0	0	12089	0
U4	R	diseased	T:T16	HIF1A	6	0	0	0	12089	0
U4	R	diseased	T:T16	HMOX1	6	0	0	0	12089	0
U4	R	diseased	T:T16	ICAM1	6	3	2	0.333333	12089	1.24749
U4	R	diseased	T:T16	IFNG	6	8	5	0.833333	12089	2.03046
U4	R	diseased	T:T16	IL15	6	0	0	0	12089	0
U4	R	diseased	T:T16	IL1B	6	0	0	0	12089	0
U4	R	diseased	T:T16	IL7	6	0	0	0	12089	0
U4	R	diseased	T:T16	ITGAM	6	1	1	0.166667	12089	0.602784
U4	R	diseased	T:T16	ITGAX	6	1	1	0.166667	12089	0.602784
U4	R	diseased	T:T16	JAK1	6	7	4	0.666667	12089	1.91551
U4	R	diseased	T:T16	LYZ	6	0	0	0	12089	0
U4	R	diseased	T:T16	MAFB	6	0	0	0	12089	0
U4	R	diseased	T:T16	MAP1LC3B	6	1	1	0.166667	12089	0.602784
U4	R	diseased	T:T16	MAPK14	6	0	0	0	12089	0
U4	R	diseased	T:T16	NFKB1	6	1	1	0.166667	12089	0.602784
U4	R	diseased	T:T16	NLRP3	6	0	0	0	12089	0
U4	R	diseased	T:T16	OSM	6	0	0	0	12089	0
U4	R	diseased	T:T16	PARP1	6	1	1	0.166667	12089	0.602784
U4	R	diseased	T:T16	PIAS1	6	4	3	0.5	12089	1.46066
U4	R	diseased	T:T16	PKM	6	5	2	0.333333	12089	1.63627
U4	R	diseased	T:T16	PRKAA1	6	2	2	0.333333	12089	0.976217
U4	R	diseased	T:T16	PTGS2	6	0	0	0	12089	0
U4	R	diseased	T:T16	RELA	6	2	1	0.166667	12089	0.976217
U4	R	diseased	T:T16	SH3KBP1	6	1	1	0.166667	12089	0.602784
U4	R	diseased	T:T16	SMAD3	6	0	0	0	12089	0
U4	R	diseased	T:T16	SOD1	6	4	2	0.333333	12089	1.46066
U4	R	diseased	T:T16	STAT3	6	7	4	0.666667	12089	1.91551
U4	R	diseased	T:T16	STAT5A	6	0	0	0	12089	0
U4	R	diseased	T:T16	SYK	6	0	0	0	12089	0
U4	R	diseased	T:T16	TLR4	6	0	0	0	12089	0
U4	R	diseased	T:T16	TNF	6	3	1	0.166667	12089	1.24749
U4	R	diseased	T:T2	ACTA2	218	4	4	0.0183486	470471	0.0815995
U4	R	diseased	T:T2	AHR	218	72	52	0.238532	470471	0.92837
U4	R	diseased	T:T2	AKT1	218	10	10	0.0458716	470471	0.192728
U4	R	diseased	T:T2	ARNTL	218	26	23	0.105505	470471	0.439955
U4	R	diseased	T:T2	BCL6	218	5	5	0.0229358	470471	0.101
U4	R	diseased	T:T2	BECN1	218	20	18	0.0825688	470471	0.354246
U4	R	diseased	T:T2	BLNK	218	1	1	0.00458716	470471	0.0210326
U4	R	diseased	T:T2	BRD4	218	20	19	0.087156	470471	0.354246
U4	R	diseased	T:T2	CAT	218	18	17	0.0779817	470471	0.323962
U4	R	diseased	T:T2	CD4	218	30	26	0.119266	470471	0.493268
U4	R	diseased	T:T2	CD86	218	0	0	0	470471	0
U4	R	diseased	T:T2	CREB1	218	18	17	0.0779817	470471	0.323962
U4	R	diseased	T:T2	CTNNB1	218	25	22	0.100917	470471	0.426171
U4	R	diseased	T:T2	DNMT1	218	24	21	0.0963303	470471	0.412194
U4	R	diseased	T:T2	FOXP3	218	2	2	0.00917431	470471	0.0416318
U4	R	diseased	T:T2	GABPA	218	2	2	0.00917431	470471	0.0416318
U4	R	diseased	T:T2	HIF1A	218	58	49	0.224771	470471	0.80326
U4	R	diseased	T:T2	HMOX1	218	0	0	0	470471	0
U4	R	diseased	T:T2	ICAM1	218	27	23	0.105505	470471	0.453552
U4	R	diseased	T:T2	IFNG	218	69	27	0.123853	470471	0.902847
U4	R	diseased	T:T2	IL15	218	4	4	0.0183486	470471	0.0815995
U4	R	diseased	T:T2	IL1B	218	0	0	0	470471	0
U4	R	diseased	T:T2	IL7	218	1	1	0.00458716	470471	0.0210326
U4	R	diseased	T:T2	ITGAM	218	1	1	0.00458716	470471	0.0210326
U4	R	diseased	T:T2	ITGAX	218	1	1	0.00458716	470471	0.0210326
U4	R	diseased	T:T2	JAK1	218	130	91	0.417431	470471	1.32527
U4	R	diseased	T:T2	LYZ	218	15	2	0.00917431	470471	0.276745
U4	R	diseased	T:T2	MAFB	218	0	0	0	470471	0
U4	R	diseased	T:T2	MAP1LC3B	218	74	63	0.288991	470471	0.94503
U4	R	diseased	T:T2	MAPK14	218	9	9	0.0412844	470471	0.175043
U4	R	diseased	T:T2	NFKB1	218	61	48	0.220183	470471	0.831418
U4	R	diseased	T:T2	NLRP3	218	2	2	0.00917431	470471	0.0416318
U4	R	diseased	T:T2	OSM	218	9	6	0.0275229	470471	0.175043
U4	R	diseased	T:T2	PARP1	218	33	30	0.137615	470471	0.531466
U4	R	diseased	T:T2	PIAS1	218	32	32	0.146789	470471	0.518895
U4	R	diseased	T:T2	PKM	218	61	48	0.220183	470471	0.831418
U4	R	diseased	T:T2	PRKAA1	218	22	19	0.087156	470471	0.38364
U4	R	diseased	T:T2	PTGS2	218	4	1	0.00458716	470471	0.0815995
U4	R	diseased	T:T2	RELA	218	19	19	0.087156	470471	0.339219
U4	R	diseased	T:T2	SH3KBP1	218	41	36	0.165138	470471	0.626723
U4	R	diseased	T:T2	SMAD3	218	19	17	0.0779817	470471	0.339219
U4	R	diseased	T:T2	SOD1	218	122	93	0.426606	470471	1.27903
U4	R	diseased	T:T2	STAT3	218	95	71	0.325688	470471	1.10501
U4	R	diseased	T:T2	STAT5A	218	16	14	0.0642202	470471	0.292733
U4	R	diseased	T:T2	SYK	218	5	3	0.0137615	470471	0.101
U4	R	diseased	T:T2	TLR4	218	0	0	0	470471	0
U4	R	diseased	T:T2	TNF	218	248	99	0.454128	470471	1.83599
U4	R	diseased	T:T3	ACTA2	9	1	1	0.111111	20684	0.394381
U4	R	diseased	T:T3	AHR	9	0	0	0	20684	0
U4	R	diseased	T:T3	AKT1	9	2	2	0.222222	20684	0.676474
U4	R	diseased	T:T3	ARNTL	9	2	2	0.222222	20684	0.676474
U4	R	diseased	T:T3	BCL6	9	1	1	0.111111	20684	0.394381
U4	R	diseased	T:T3	BECN1	9	0	0	0	20684	0
U4	R	diseased	T:T3	BLNK	9	0	0	0	20684	0
U4	R	diseased	T:T3	BRD4	9	2	2	0.222222	20684	0.676474
U4	R	diseased	T:T3	CAT	9	1	1	0.111111	20684	0.394381
U4	R	diseased	T:T3	CD4	9	1	1	0.111111	20684	0.394381
U4	R	diseased	T:T3	CD86	9	0	0	0	20684	0
U4	R	diseased	T:T3	CREB1	9	3	3	0.333333	20684	0.89625
U4	R	diseased	T:T3	CTNNB1	9	0	0	0	20684	0
U4	R	diseased	T:T3	DNMT1	9	1	1	0.111111	20684	0.394381
U4	R	diseased	T:T3	FOXP3	9	0	0	0	20684	0
U4	R	diseased	T:T3	GABPA	9	0	0	0	20684	0
U4	R	diseased	T:T3	HIF1A	9	1	1	0.111111	20684	0.394381
U4	R	diseased	T:T3	HMOX1	9	0	0	0	20684	0
U4	R	diseased	T:T3	ICAM1	9	0	0	0	20684	0
U4	R	diseased	T:T3	IFNG	9	0	0	0	20684	0
U4	R	diseased	T:T3	IL15	9	0	0	0	20684	0
U4	R	diseased	T:T3	IL1B	9	0	0	0	20684	0
U4	R	diseased	T:T3	IL7	9	0	0	0	20684	0
U4	R	diseased	T:T3	ITGAM	9	0	0	0	20684	0
U4	R	diseased	T:T3	ITGAX	9	0	0	0	20684	0
U4	R	diseased	T:T3	JAK1	9	1	1	0.111111	20684	0.394381
U4	R	diseased	T:T3	LYZ	9	0	0	0	20684	0
U4	R	diseased	T:T3	MAFB	9	0	0	0	20684	0
U4	R	diseased	T:T3	MAP1LC3B	9	1	1	0.111111	20684	0.394381
U4	R	diseased	T:T3	MAPK14	9	0	0	0	20684	0
U4	R	diseased	T:T3	NFKB1	9	0	0	0	20684	0
U4	R	diseased	T:T3	NLRP3	9	0	0	0	20684	0
U4	R	diseased	T:T3	OSM	9	0	0	0	20684	0
U4	R	diseased	T:T3	PARP1	9	4	2	0.222222	20684	1.07632
U4	R	diseased	T:T3	PIAS1	9	0	0	0	20684	0
U4	R	diseased	T:T3	PKM	9	5	4	0.444444	20684	1.22886
U4	R	diseased	T:T3	PRKAA1	9	0	0	0	20684	0
U4	R	diseased	T:T3	PTGS2	9	0	0	0	20684	0
U4	R	diseased	T:T3	RELA	9	0	0	0	20684	0
U4	R	diseased	T:T3	SH3KBP1	9	2	2	0.222222	20684	0.676474
U4	R	diseased	T:T3	SMAD3	9	0	0	0	20684	0
U4	R	diseased	T:T3	SOD1	9	1	1	0.111111	20684	0.394381
U4	R	diseased	T:T3	STAT3	9	1	1	0.111111	20684	0.394381
U4	R	diseased	T:T3	STAT5A	9	0	0	0	20684	0
U4	R	diseased	T:T3	SYK	9	0	0	0	20684	0
U4	R	diseased	T:T3	TLR4	9	0	0	0	20684	0
U4	R	diseased	T:T3	TNF	9	10	5	0.555556	20684	1.76382
U4	R	diseased	T:T4	ACTA2	2	0	0	0	2491	0
U4	R	diseased	T:T4	AHR	2	0	0	0	2491	0
U4	R	diseased	T:T4	AKT1	2	0	0	0	2491	0
U4	R	diseased	T:T4	ARNTL	2	0	0	0	2491	0
U4	R	diseased	T:T4	BCL6	2	0	0	0	2491	0
U4	R	diseased	T:T4	BECN1	2	0	0	0	2491	0
U4	R	diseased	T:T4	BLNK	2	0	0	0	2491	0
U4	R	diseased	T:T4	BRD4	2	0	0	0	2491	0
U4	R	diseased	T:T4	CAT	2	0	0	0	2491	0
U4	R	diseased	T:T4	CD4	2	0	0	0	2491	0
U4	R	diseased	T:T4	CD86	2	0	0	0	2491	0
U4	R	diseased	T:T4	CREB1	2	1	1	0.5	2491	1.61232
U4	R	diseased	T:T4	CTNNB1	2	0	0	0	2491	0
U4	R	diseased	T:T4	DNMT1	2	1	1	0.5	2491	1.61232
U4	R	diseased	T:T4	FOXP3	2	0	0	0	2491	0
U4	R	diseased	T:T4	GABPA	2	0	0	0	2491	0
U4	R	diseased	T:T4	HIF1A	2	0	0	0	2491	0
U4	R	diseased	T:T4	HMOX1	2	0	0	0	2491	0
U4	R	diseased	T:T4	ICAM1	2	0	0	0	2491	0
U4	R	diseased	T:T4	IFNG	2	0	0	0	2491	0
U4	R	diseased	T:T4	IL15	2	0	0	0	2491	0
U4	R	diseased	T:T4	IL1B	2	0	0	0	2491	0
U4	R	diseased	T:T4	IL7	2	0	0	0	2491	0
U4	R	diseased	T:T4	ITGAM	2	0	0	0	2491	0
U4	R	diseased	T:T4	ITGAX	2	0	0	0	2491	0
U4	R	diseased	T:T4	JAK1	2	3	2	1	2491	2.56828
U4	R	diseased	T:T4	LYZ	2	0	0	0	2491	0
U4	R	diseased	T:T4	MAFB	2	0	0	0	2491	0
U4	R	diseased	T:T4	MAP1LC3B	2	0	0	0	2491	0
U4	R	diseased	T:T4	MAPK14	2	0	0	0	2491	0
U4	R	diseased	T:T4	NFKB1	2	0	0	0	2491	0
U4	R	diseased	T:T4	NLRP3	2	0	0	0	2491	0
U4	R	diseased	T:T4	OSM	2	0	0	0	2491	0
U4	R	diseased	T:T4	PARP1	2	1	1	0.5	2491	1.61232
U4	R	diseased	T:T4	PIAS1	2	0	0	0	2491	0
U4	R	diseased	T:T4	PKM	2	1	1	0.5	2491	1.61232
U4	R	diseased	T:T4	PRKAA1	2	0	0	0	2491	0
U4	R	diseased	T:T4	PTGS2	2	0	0	0	2491	0
U4	R	diseased	T:T4	RELA	2	0	0	0	2491	0
U4	R	diseased	T:T4	SH3KBP1	2	0	0	0	2491	0
U4	R	diseased	T:T4	SMAD3	2	0	0	0	2491	0
U4	R	diseased	T:T4	SOD1	2	0	0	0	2491	0
U4	R	diseased	T:T4	STAT3	2	2	1	0.5	2491	2.20043
U4	R	diseased	T:T4	STAT5A	2	0	0	0	2491	0
U4	R	diseased	T:T4	SYK	2	0	0	0	2491	0
U4	R	diseased	T:T4	TLR4	2	0	0	0	2491	0
U4	R	diseased	T:T4	TNF	2	0	0	0	2491	0
U4	R	diseased	T:T5	ACTA2	74	2	2	0.027027	148234	0.126564
U4	R	diseased	T:T5	AHR	74	14	9	0.121622	148234	0.664981
U4	R	diseased	T:T5	AKT1	74	4	4	0.0540541	148234	0.238894
U4	R	diseased	T:T5	ARNTL	74	8	7	0.0945946	148234	0.431579
U4	R	diseased	T:T5	BCL6	74	6	6	0.0810811	148234	0.33987
U4	R	diseased	T:T5	BECN1	74	4	3	0.0405405	148234	0.238894
U4	R	diseased	T:T5	BLNK	74	0	0	0	148234	0
U4	R	diseased	T:T5	BRD4	74	11	10	0.135135	148234	0.555074
U4	R	diseased	T:T5	CAT	74	2	2	0.027027	148234	0.126564
U4	R	diseased	T:T5	CD4	74	17	15	0.202703	148234	0.763995
U4	R	diseased	T:T5	CD86	74	0	0	0	148234	0
U4	R	diseased	T:T5	CREB1	74	8	8	0.108108	148234	0.431579
U4	R	diseased	T:T5	CTNNB1	74	5	5	0.0675676	148234	0.290656
U4	R	diseased	T:T5	DNMT1	74	10	10	0.135135	148234	0.51558
U4	R	diseased	T:T5	FOXP3	74	2	2	0.027027	148234	0.126564
U4	R	diseased	T:T5	GABPA	74	0	0	0	148234	0
U4	R	diseased	T:T5	HIF1A	74	21	18	0.243243	148234	0.882394
U4	R	diseased	T:T5	HMOX1	74	0	0	0	148234	0
U4	R	diseased	T:T5	ICAM1	74	5	5	0.0675676	148234	0.290656
U4	R	diseased	T:T5	IFNG	74	4	3	0.0405405	148234	0.238894
U4	R	diseased	T:T5	IL15	74	0	0	0	148234	0
U4	R	diseased	T:T5	IL1B	74	0	0	0	148234	0
U4	R	diseased	T:T5	IL7	74	0	0	0	148234	0
U4	R	diseased	T:T5	ITGAM	74	0	0	0	148234	0
U4	R	diseased	T:T5	ITGAX	74	0	0	0	148234	0
U4	R	diseased	T:T5	JAK1	74	37	29	0.391892	148234	1.25163
U4	R	diseased	T:T5	LYZ	74	0	0	0	148234	0
U4	R	diseased	T:T5	MAFB	74	0	0	0	148234	0
U4	R	diseased	T:T5	MAP1LC3B	74	16	13	0.175676	148234	0.732067
U4	R	diseased	T:T5	MAPK14	74	1	1	0.0135135	148234	0.0652828
U4	R	diseased	T:T5	NFKB1	74	13	12	0.162162	148234	0.62967
U4	R	diseased	T:T5	NLRP3	74	1	1	0.0135135	148234	0.0652828
U4	R	diseased	T:T5	OSM	74	2	2	0.027027	148234	0.126564
U4	R	diseased	T:T5	PARP1	74	13	12	0.162162	148234	0.62967
U4	R	diseased	T:T5	PIAS1	74	13	13	0.175676	148234	0.62967
U4	R	diseased	T:T5	PKM	74	40	31	0.418919	148234	1.30791
U4	R	diseased	T:T5	PRKAA1	74	3	3	0.0405405	148234	0.184305
U4	R	diseased	T:T5	PTGS2	74	0	0	0	148234	0
U4	R	diseased	T:T5	RELA	74	4	4	0.0540541	148234	0.238894
U4	R	diseased	T:T5	SH3KBP1	74	19	17	0.22973	148234	0.824946
U4	R	diseased	T:T5	SMAD3	74	7	6	0.0810811	148234	0.386776
U4	R	diseased	T:T5	SOD1	74	45	33	0.445946	148234	1.39519
U4	R	diseased	T:T5	STAT3	74	42	30	0.405405	148234	1.34374
U4	R	diseased	T:T5	STAT5A	74	10	10	0.135135	148234	0.51558
U4	R	diseased	T:T5	SYK	74	0	0	0	148234	0
U4	R	diseased	T:T5	TLR4	74	0	0	0	148234	0
U4	R	diseased	T:T5	TNF	74	9	7	0.0945946	148234	0.474461
U4	R	diseased	T:T6	ACTA2	4	0	0	0	8398	0
U4	R	diseased	T:T6	AHR	4	2	2	0.5	8398	1.21833
U4	R	diseased	T:T6	AKT1	4	0	0	0	8398	0
U4	R	diseased	T:T6	ARNTL	4	1	1	0.25	8398	0.784248
U4	R	diseased	T:T6	BCL6	4	0	0	0	8398	0
U4	R	diseased	T:T6	BECN1	4	1	1	0.25	8398	0.784248
U4	R	diseased	T:T6	BLNK	4	1	1	0.25	8398	0.784248
U4	R	diseased	T:T6	BRD4	4	1	1	0.25	8398	0.784248
U4	R	diseased	T:T6	CAT	4	1	1	0.25	8398	0.784248
U4	R	diseased	T:T6	CD4	4	0	0	0	8398	0
U4	R	diseased	T:T6	CD86	4	0	0	0	8398	0
U4	R	diseased	T:T6	CREB1	4	0	0	0	8398	0
U4	R	diseased	T:T6	CTNNB1	4	1	1	0.25	8398	0.784248
U4	R	diseased	T:T6	DNMT1	4	0	0	0	8398	0
U4	R	diseased	T:T6	FOXP3	4	0	0	0	8398	0
U4	R	diseased	T:T6	GABPA	4	2	1	0.25	8398	1.21833
U4	R	diseased	T:T6	HIF1A	4	2	1	0.25	8398	1.21833
U4	R	diseased	T:T6	HMOX1	4	0	0	0	8398	0
U4	R	diseased	T:T6	ICAM1	4	0	0	0	8398	0
U4	R	diseased	T:T6	IFNG	4	2	1	0.25	8398	1.21833
U4	R	diseased	T:T6	IL15	4	0	0	0	8398	0
U4	R	diseased	T:T6	IL1B	4	0	0	0	8398	0
U4	R	diseased	T:T6	IL7	4	0	0	0	8398	0
U4	R	diseased	T:T6	ITGAM	4	0	0	0	8398	0
U4	R	diseased	T:T6	ITGAX	4	0	0	0	8398	0
U4	R	diseased	T:T6	JAK1	4	3	2	0.5	8398	1.52001
U4	R	diseased	T:T6	LYZ	4	0	0	0	8398	0
U4	R	diseased	T:T6	MAFB	4	0	0	0	8398	0
U4	R	diseased	T:T6	MAP1LC3B	4	2	2	0.5	8398	1.21833
U4	R	diseased	T:T6	MAPK14	4	0	0	0	8398	0
U4	R	diseased	T:T6	NFKB1	4	1	1	0.25	8398	0.784248
U4	R	diseased	T:T6	NLRP3	4	0	0	0	8398	0
U4	R	diseased	T:T6	OSM	4	0	0	0	8398	0
U4	R	diseased	T:T6	PARP1	4	1	1	0.25	8398	0.784248
U4	R	diseased	T:T6	PIAS1	4	1	1	0.25	8398	0.784248
U4	R	diseased	T:T6	PKM	4	1	1	0.25	8398	0.784248
U4	R	diseased	T:T6	PRKAA1	4	0	0	0	8398	0
U4	R	diseased	T:T6	PTGS2	4	0	0	0	8398	0
U4	R	diseased	T:T6	RELA	4	0	0	0	8398	0
U4	R	diseased	T:T6	SH3KBP1	4	0	0	0	8398	0
U4	R	diseased	T:T6	SMAD3	4	1	1	0.25	8398	0.784248
U4	R	diseased	T:T6	SOD1	4	1	1	0.25	8398	0.784248
U4	R	diseased	T:T6	STAT3	4	3	3	0.75	8398	1.52001
U4	R	diseased	T:T6	STAT5A	4	0	0	0	8398	0
U4	R	diseased	T:T6	SYK	4	0	0	0	8398	0
U4	R	diseased	T:T6	TLR4	4	0	0	0	8398	0
U4	R	diseased	T:T6	TNF	4	2	2	0.5	8398	1.21833
U4	R	diseased	T:T7	ACTA2	133	9	9	0.0676692	260403	0.296853
U4	R	diseased	T:T7	AHR	133	60	43	0.323308	260403	1.19517
U4	R	diseased	T:T7	AKT1	133	6	6	0.0451128	260403	0.207349
U4	R	diseased	T:T7	ARNTL	133	18	17	0.12782	260403	0.52546
U4	R	diseased	T:T7	BCL6	133	3	3	0.0225564	260403	0.109039
U4	R	diseased	T:T7	BECN1	133	17	16	0.120301	260403	0.502492
U4	R	diseased	T:T7	BLNK	133	2	2	0.0150376	260403	0.0739974
U4	R	diseased	T:T7	BRD4	133	20	18	0.135338	260403	0.569872
U4	R	diseased	T:T7	CAT	133	12	11	0.0827068	260403	0.379001
U4	R	diseased	T:T7	CD4	133	34	31	0.233083	260403	0.835371
U4	R	diseased	T:T7	CD86	133	0	0	0	260403	0
U4	R	diseased	T:T7	CREB1	133	16	15	0.112782	260403	0.478983
U4	R	diseased	T:T7	CTNNB1	133	13	13	0.0977444	260403	0.404949
U4	R	diseased	T:T7	DNMT1	133	15	12	0.0902256	260403	0.454909
U4	R	diseased	T:T7	FOXP3	133	88	46	0.345865	260403	1.47691
U4	R	diseased	T:T7	GABPA	133	6	6	0.0451128	260403	0.207349
U4	R	diseased	T:T7	HIF1A	133	24	22	0.165414	260403	0.653183
U4	R	diseased	T:T7	HMOX1	133	0	0	0	260403	0
U4	R	diseased	T:T7	ICAM1	133	14	13	0.0977444	260403	0.430241
U4	R	diseased	T:T7	IFNG	133	82	25	0.18797	260403	1.42286
U4	R	diseased	T:T7	IL15	133	1	1	0.0075188	260403	0.037683
U4	R	diseased	T:T7	IL1B	133	0	0	0	260403	0
U4	R	diseased	T:T7	IL7	133	4	4	0.0300752	260403	0.142894
U4	R	diseased	T:T7	ITGAM	133	1	1	0.0075188	260403	0.037683
U4	R	diseased	T:T7	ITGAX	133	0	0	0	260403	0
U4	R	diseased	T:T7	JAK1	133	95	68	0.511278	260403	1.53648
U4	R	diseased	T:T7	LYZ	133	0	0	0	260403	0
U4	R	diseased	T:T7	MAFB	133	0	0	0	260403	0
U4	R	diseased	T:T7	MAP1LC3B	133	56	44	0.330827	260403	1.14757
U4	R	diseased	T:T7	MAPK14	133	2	2	0.0150376	260403	0.0739974
U4	R	diseased	T:T7	NFKB1	133	24	20	0.150376	260403	0.653183
U4	R	diseased	T:T7	NLRP3	133	0	0	0	260403	0
U4	R	diseased	T:T7	OSM	133	2	2	0.0150376	260403	0.0739974
U4	R	diseased	T:T7	PARP1	133	35	27	0.203008	260403	0.851889
U4	R	diseased	T:T7	PIAS1	133	29	23	0.172932	260403	0.74842
U4	R	diseased	T:T7	PKM	133	115	58	0.43609	260403	1.6894
U4	R	diseased	T:T7	PRKAA1	133	10	10	0.075188	260403	0.324992
U4	R	diseased	T:T7	PTGS2	133	0	0	0	260403	0
U4	R	diseased	T:T7	RELA	133	16	15	0.112782	260403	0.478983
U4	R	diseased	T:T7	SH3KBP1	133	57	44	0.330827	260403	1.15968
U4	R	diseased	T:T7	SMAD3	133	8	7	0.0526316	260403	0.2679
U4	R	diseased	T:T7	SOD1	133	151	81	0.609023	260403	1.91673
U4	R	diseased	T:T7	STAT3	133	94	69	0.518797	260403	1.52818
U4	R	diseased	T:T7	STAT5A	133	15	14	0.105263	260403	0.454909
U4	R	diseased	T:T7	SYK	133	1	1	0.0075188	260403	0.037683
U4	R	diseased	T:T7	TLR4	133	0	0	0	260403	0
U4	R	diseased	T:T7	TNF	133	60	29	0.218045	260403	1.19517
U4	R	diseased	T:T8	ACTA2	1	0	0	0	1735	0
U4	R	diseased	T:T8	AHR	1	0	0	0	1735	0
U4	R	diseased	T:T8	AKT1	1	0	0	0	1735	0
U4	R	diseased	T:T8	ARNTL	1	0	0	0	1735	0
U4	R	diseased	T:T8	BCL6	1	0	0	0	1735	0
U4	R	diseased	T:T8	BECN1	1	0	0	0	1735	0
U4	R	diseased	T:T8	BLNK	1	0	0	0	1735	0
U4	R	diseased	T:T8	BRD4	1	0	0	0	1735	0
U4	R	diseased	T:T8	CAT	1	0	0	0	1735	0
U4	R	diseased	T:T8	CD4	1	0	0	0	1735	0
U4	R	diseased	T:T8	CD86	1	0	0	0	1735	0
U4	R	diseased	T:T8	CREB1	1	0	0	0	1735	0
U4	R	diseased	T:T8	CTNNB1	1	0	0	0	1735	0
U4	R	diseased	T:T8	DNMT1	1	0	0	0	1735	0
U4	R	diseased	T:T8	FOXP3	1	0	0	0	1735	0
U4	R	diseased	T:T8	GABPA	1	0	0	0	1735	0
U4	R	diseased	T:T8	HIF1A	1	1	1	1	1735	1.91157
U4	R	diseased	T:T8	HMOX1	1	0	0	0	1735	0
U4	R	diseased	T:T8	ICAM1	1	0	0	0	1735	0
U4	R	diseased	T:T8	IFNG	1	2	1	1	1735	2.52792
U4	R	diseased	T:T8	IL15	1	0	0	0	1735	0
U4	R	diseased	T:T8	IL1B	1	0	0	0	1735	0
U4	R	diseased	T:T8	IL7	1	0	0	0	1735	0
U4	R	diseased	T:T8	ITGAM	1	0	0	0	1735	0
U4	R	diseased	T:T8	ITGAX	1	0	0	0	1735	0
U4	R	diseased	T:T8	JAK1	1	0	0	0	1735	0
U4	R	diseased	T:T8	LYZ	1	0	0	0	1735	0
U4	R	diseased	T:T8	MAFB	1	0	0	0	1735	0
U4	R	diseased	T:T8	MAP1LC3B	1	0	0	0	1735	0
U4	R	diseased	T:T8	MAPK14	1	0	0	0	1735	0
U4	R	diseased	T:T8	NFKB1	1	0	0	0	1735	0
U4	R	diseased	T:T8	NLRP3	1	0	0	0	1735	0
U4	R	diseased	T:T8	OSM	1	0	0	0	1735	0
U4	R	diseased	T:T8	PARP1	1	0	0	0	1735	0
U4	R	diseased	T:T8	PIAS1	1	1	1	1	1735	1.91157
U4	R	diseased	T:T8	PKM	1	0	0	0	1735	0
U4	R	diseased	T:T8	PRKAA1	1	0	0	0	1735	0
U4	R	diseased	T:T8	PTGS2	1	0	0	0	1735	0
U4	R	diseased	T:T8	RELA	1	0	0	0	1735	0
U4	R	diseased	T:T8	SH3KBP1	1	1	1	1	1735	1.91157
U4	R	diseased	T:T8	SMAD3	1	0	0	0	1735	0
U4	R	diseased	T:T8	SOD1	1	0	0	0	1735	0
U4	R	diseased	T:T8	STAT3	1	0	0	0	1735	0
U4	R	diseased	T:T8	STAT5A	1	0	0	0	1735	0
U4	R	diseased	T:T8	SYK	1	0	0	0	1735	0
U4	R	diseased	T:T8	TLR4	1	0	0	0	1735	0
U4	R	diseased	T:T8	TNF	1	4	1	1	1735	3.18033
U4	R	diseased	T:T9	ACTA2	1	0	0	0	857	0
U4	R	diseased	T:T9	AHR	1	1	1	1	857	2.53913
U4	R	diseased	T:T9	AKT1	1	0	0	0	857	0
U4	R	diseased	T:T9	ARNTL	1	0	0	0	857	0
U4	R	diseased	T:T9	BCL6	1	0	0	0	857	0
U4	R	diseased	T:T9	BECN1	1	0	0	0	857	0
U4	R	diseased	T:T9	BLNK	1	0	0	0	857	0
U4	R	diseased	T:T9	BRD4	1	0	0	0	857	0
U4	R	diseased	T:T9	CAT	1	0	0	0	857	0
U4	R	diseased	T:T9	CD4	1	0	0	0	857	0
U4	R	diseased	T:T9	CD86	1	0	0	0	857	0
U4	R	diseased	T:T9	CREB1	1	0	0	0	857	0
U4	R	diseased	T:T9	CTNNB1	1	0	0	0	857	0
U4	R	diseased	T:T9	DNMT1	1	0	0	0	857	0
U4	R	diseased	T:T9	FOXP3	1	0	0	0	857	0
U4	R	diseased	T:T9	GABPA	1	0	0	0	857	0
U4	R	diseased	T:T9	HIF1A	1	0	0	0	857	0
U4	R	diseased	T:T9	HMOX1	1	0	0	0	857	0
U4	R	diseased	T:T9	ICAM1	1	0	0	0	857	0
U4	R	diseased	T:T9	IFNG	1	0	0	0	857	0
U4	R	diseased	T:T9	IL15	1	0	0	0	857	0
U4	R	diseased	T:T9	IL1B	1	0	0	0	857	0
U4	R	diseased	T:T9	IL7	1	0	0	0	857	0
U4	R	diseased	T:T9	ITGAM	1	0	0	0	857	0
U4	R	diseased	T:T9	ITGAX	1	0	0	0	857	0
U4	R	diseased	T:T9	JAK1	1	0	0	0	857	0
U4	R	diseased	T:T9	LYZ	1	0	0	0	857	0
U4	R	diseased	T:T9	MAFB	1	0	0	0	857	0
U4	R	diseased	T:T9	MAP1LC3B	1	0	0	0	857	0
U4	R	diseased	T:T9	MAPK14	1	0	0	0	857	0
U4	R	diseased	T:T9	NFKB1	1	0	0	0	857	0
U4	R	diseased	T:T9	NLRP3	1	0	0	0	857	0
U4	R	diseased	T:T9	OSM	1	0	0	0	857	0
U4	R	diseased	T:T9	PARP1	1	0	0	0	857	0
U4	R	diseased	T:T9	PIAS1	1	0	0	0	857	0
U4	R	diseased	T:T9	PKM	1	0	0	0	857	0
U4	R	diseased	T:T9	PRKAA1	1	0	0	0	857	0
U4	R	diseased	T:T9	PTGS2	1	0	0	0	857	0
U4	R	diseased	T:T9	RELA	1	0	0	0	857	0
U4	R	diseased	T:T9	SH3KBP1	1	0	0	0	857	0
U4	R	diseased	T:T9	SMAD3	1	0	0	0	857	0
U4	R	diseased	T:T9	SOD1	1	0	0	0	857	0
U4	R	diseased	T:T9	STAT3	1	0	0	0	857	0
U4	R	diseased	T:T9	STAT5A	1	1	1	1	857	2.53913
U4	R	diseased	T:T9	SYK	1	0	0	0	857	0
U4	R	diseased	T:T9	TLR4	1	0	0	0	857	0
U4	R	diseased	T:T9	TNF	1	0	0	0	857	0
U4	R	diseased	unknown	ACTA2	1501	36	34	0.0226516	3.58333e+06	0.0957331
U4	R	diseased	unknown	AHR	1501	283	222	0.147901	3.58333e+06	0.582087
U4	R	diseased	unknown	AKT1	1501	63	62	0.0413058	3.58333e+06	0.161961
U4	R	diseased	unknown	ARNTL	1501	112	102	0.0679547	3.58333e+06	0.271978
U4	R	diseased	unknown	BCL6	1501	55	47	0.0313125	3.58333e+06	0.142791
U4	R	diseased	unknown	BECN1	1501	152	141	0.0939374	3.58333e+06	0.353601
U4	R	diseased	unknown	BLNK	1501	182	151	0.1006	3.58333e+06	0.410723
U4	R	diseased	unknown	BRD4	1501	232	205	0.136576	3.58333e+06	0.499225
U4	R	diseased	unknown	CAT	1501	110	103	0.0686209	3.58333e+06	0.267717
U4	R	diseased	unknown	CD4	1501	175	142	0.0946036	3.58333e+06	0.397684
U4	R	diseased	unknown	CD86	1501	42	37	0.0246502	3.58333e+06	0.110834
U4	R	diseased	unknown	CREB1	1501	154	148	0.0986009	3.58333e+06	0.357512
U4	R	diseased	unknown	CTNNB1	1501	125	109	0.0726183	3.58333e+06	0.299243
U4	R	diseased	unknown	DNMT1	1501	210	166	0.110593	3.58333e+06	0.461245
U4	R	diseased	unknown	FOXP3	1501	151	88	0.0586276	3.58333e+06	0.35164
U4	R	diseased	unknown	GABPA	1501	44	42	0.0279813	3.58333e+06	0.115818
U4	R	diseased	unknown	HIF1A	1501	397	314	0.209194	3.58333e+06	0.745697
U4	R	diseased	unknown	HMOX1	1501	18	16	0.0106596	3.58333e+06	0.0490117
U4	R	diseased	unknown	ICAM1	1501	179	154	0.102598	3.58333e+06	0.405156
U4	R	diseased	unknown	IFNG	1501	475	211	0.140573	3.58333e+06	0.843971
U4	R	diseased	unknown	IL15	1501	32	30	0.0199867	3.58333e+06	0.0855376
U4	R	diseased	unknown	IL1B	1501	66	7	0.00466356	3.58333e+06	0.169056
U4	R	diseased	unknown	IL7	1501	26	26	0.0173218	3.58333e+06	0.0700467
U4	R	diseased	unknown	ITGAM	1501	14	13	0.00866089	3.58333e+06	0.0383259
U4	R	diseased	unknown	ITGAX	1501	24	19	0.0126582	3.58333e+06	0.0648293
U4	R	diseased	unknown	JAK1	1501	846	590	0.393071	3.58333e+06	1.21222
U4	R	diseased	unknown	LYZ	1501	248	7	0.00466356	3.58333e+06	0.525967
U4	R	diseased	unknown	MAFB	1501	24	18	0.011992	3.58333e+06	0.0648293
U4	R	diseased	unknown	MAP1LC3B	1501	550	419	0.279147	3.58333e+06	0.930149
U4	R	diseased	unknown	MAPK14	1501	39	38	0.0253165	3.58333e+06	0.103312
U4	R	diseased	unknown	NFKB1	1501	300	255	0.169887	3.58333e+06	0.608249
U4	R	diseased	unknown	NLRP3	1501	10	9	0.005996	3.58333e+06	0.0275247
U4	R	diseased	unknown	OSM	1501	42	36	0.023984	3.58333e+06	0.110834
U4	R	diseased	unknown	PARP1	1501	437	329	0.219187	3.58333e+06	0.797299
U4	R	diseased	unknown	PIAS1	1501	274	252	0.167888	3.58333e+06	0.567954
U4	R	diseased	unknown	PKM	1501	758	457	0.304464	3.58333e+06	1.13634
U4	R	diseased	unknown	PRKAA1	1501	109	106	0.0706196	3.58333e+06	0.26558
U4	R	diseased	unknown	PTGS2	1501	17	6	0.00399734	3.58333e+06	0.046351
U4	R	diseased	unknown	RELA	1501	160	153	0.101932	3.58333e+06	0.369156
U4	R	diseased	unknown	SH3KBP1	1501	347	292	0.194537	3.58333e+06	0.677208
U4	R	diseased	unknown	SMAD3	1501	94	89	0.0592938	3.58333e+06	0.232956
U4	R	diseased	unknown	SOD1	1501	947	633	0.421719	3.58333e+06	1.29275
U4	R	diseased	unknown	STAT3	1501	819	575	0.383078	3.58333e+06	1.18955
U4	R	diseased	unknown	STAT5A	1501	107	104	0.0692871	3.58333e+06	0.261291
U4	R	diseased	unknown	SYK	1501	120	105	0.0699534	3.58333e+06	0.288845
U4	R	diseased	unknown	TLR4	1501	1	1	0.000666223	3.58333e+06	0.00278682
U4	R	diseased	unknown	TNF	1501	899	377	0.251166	3.58333e+06	1.25529
U5	R	diseased	B	ACTA2	226	2	2	0.00884956	754274	0.0261701
U5	R	diseased	B	AHR	226	20	20	0.0884956	754274	0.235195
U5	R	diseased	B	AKT1	226	6	6	0.0265487	754274	0.0765412
U5	R	diseased	B	ARNTL	226	4	4	0.0176991	754274	0.0516728
U5	R	diseased	B	BCL6	226	8	8	0.0353982	754274	0.100806
U5	R	diseased	B	BECN1	226	23	21	0.0929204	754274	0.266149
U5	R	diseased	B	BLNK	226	114	92	0.40708	754274	0.920835
U5	R	diseased	B	BRD4	226	51	40	0.176991	754274	0.516498
U5	R	diseased	B	CAT	226	27	25	0.110619	754274	0.305984
U5	R	diseased	B	CD4	226	2	2	0.00884956	754274	0.0261701
U5	R	diseased	B	CD86	226	15	13	0.0575221	754274	0.181377
U5	R	diseased	B	CREB1	226	32	31	0.137168	754274	0.353645
U5	R	diseased	B	CTNNB1	226	16	15	0.0663717	754274	0.192375
U5	R	diseased	B	DNMT1	226	34	31	0.137168	754274	0.372091
U5	R	diseased	B	FOXP3	226	0	0	0	754274	0
U5	R	diseased	B	GABPA	226	9	9	0.039823	754274	0.112721
U5	R	diseased	B	HIF1A	226	64	51	0.225664	754274	0.614373
U5	R	diseased	B	HMOX1	226	13	10	0.0442478	754274	0.159011
U5	R	diseased	B	ICAM1	226	59	41	0.181416	754274	0.577854
U5	R	diseased	B	IFNG	226	2	2	0.00884956	754274	0.0261701
U5	R	diseased	B	IL15	226	10	9	0.039823	754274	0.124496
U5	R	diseased	B	IL1B	226	0	0	0	754274	0
U5	R	diseased	B	IL7	226	15	15	0.0663717	754274	0.181377
U5	R	diseased	B	ITGAM	226	5	5	0.0221239	754274	0.0641843
U5	R	diseased	B	ITGAX	226	2	2	0.00884956	754274	0.0261701
U5	R	diseased	B	JAK1	226	150	101	0.446903	754274	1.09483
U5	R	diseased	B	LYZ	226	2	2	0.00884956	754274	0.0261701
U5	R	diseased	B	MAFB	226	0	0	0	754274	0
U5	R	diseased	B	MAP1LC3B	226	166	109	0.482301	754274	1.1634
U5	R	diseased	B	MAPK14	226	4	4	0.0176991	754274	0.0516728
U5	R	diseased	B	NFKB1	226	55	46	0.20354	754274	0.547646
U5	R	diseased	B	NLRP3	226	1	1	0.00442478	754274	0.0131707
U5	R	diseased	B	OSM	226	2	2	0.00884956	754274	0.0261701
U5	R	diseased	B	PARP1	226	110	81	0.358407	754274	0.899493
U5	R	diseased	B	PIAS1	226	67	59	0.261062	754274	0.635662
U5	R	diseased	B	PKM	226	116	80	0.353982	754274	0.931338
U5	R	diseased	B	PRKAA1	226	29	26	0.115044	754274	0.325321
U5	R	diseased	B	PTGS2	226	0	0	0	754274	0
U5	R	diseased	B	RELA	226	26	25	0.110619	754274	0.296173
U5	R	diseased	B	SH3KBP1	226	41	35	0.154867	754274	0.434097
U5	R	diseased	B	SMAD3	226	34	29	0.128319	754274	0.372091
U5	R	diseased	B	SOD1	226	116	86	0.380531	754274	0.931338
U5	R	diseased	B	STAT3	226	118	88	0.389381	754274	0.941732
U5	R	diseased	B	STAT5A	226	13	11	0.0486726	754274	0.159011
U5	R	diseased	B	SYK	226	94	68	0.300885	754274	0.809254
U5	R	diseased	B	TLR4	226	0	0	0	754274	0
U5	R	diseased	B	TNF	226	103	51	0.225664	754274	0.861011
U5	R	diseased	B:B1	ACTA2	32	0	0	0	232173	0
U5	R	diseased	B:B1	AHR	32	1	1	0.03125	232173	0.0421696
U5	R	diseased	B:B1	AKT1	32	0	0	0	232173	0
U5	R	diseased	B:B1	ARNTL	32	1	1	0.03125	232173	0.0421696
U5	R	diseased	B:B1	BCL6	32	0	0	0	232173	0
U5	R	diseased	B:B1	BECN1	32	2	2	0.0625	232173	0.0826326
U5	R	diseased	B:B1	BLNK	32	10	9	0.28125	232173	0.358173
U5	R	diseased	B:B1	BRD4	32	6	5	0.15625	232173	0.229863
U5	R	diseased	B:B1	CAT	32	0	0	0	232173	0
U5	R	diseased	B:B1	CD4	32	0	0	0	232173	0
U5	R	diseased	B:B1	CD86	32	1	1	0.03125	232173	0.0421696
U5	R	diseased	B:B1	CREB1	32	4	4	0.125	232173	0.158955
U5	R	diseased	B:B1	CTNNB1	32	0	0	0	232173	0
U5	R	diseased	B:B1	DNMT1	32	6	5	0.15625	232173	0.229863
U5	R	diseased	B:B1	FOXP3	32	0	0	0	232173	0
U5	R	diseased	B:B1	GABPA	32	2	2	0.0625	232173	0.0826326
U5	R	diseased	B:B1	HIF1A	32	4	4	0.125	232173	0.158955
U5	R	diseased	B:B1	HMOX1	32	4	3	0.09375	232173	0.158955
U5	R	diseased	B:B1	ICAM1	32	11	6	0.1875	232173	0.387834
U5	R	diseased	B:B1	IFNG	32	1	1	0.03125	232173	0.0421696
U5	R	diseased	B:B1	IL15	32	1	1	0.03125	232173	0.0421696
U5	R	diseased	B:B1	IL1B	32	0	0	0	232173	0
U5	R	diseased	B:B1	IL7	32	0	0	0	232173	0
U5	R	diseased	B:B1	ITGAM	32	0	0	0	232173	0
U5	R	diseased	B:B1	ITGAX	32	0	0	0	232173	0
U5	R	diseased	B:B1	JAK1	32	24	14	0.4375	232173	0.709863
U5	R	diseased	B:B1	LYZ	32	0	0	0	232173	0
U5	R	diseased	B:B1	MAFB	32	0	0	0	232173	0
U5	R	diseased	B:B1	MAP1LC3B	32	34	17	0.53125	232173	0.901959
U5	R	diseased	B:B1	MAPK14	32	0	0	0	232173	0
U5	R	diseased	B:B1	NFKB1	32	3	3	0.09375	232173	0.121522
U5	R	diseased	B:B1	NLRP3	32	0	0	0	232173	0
U5	R	diseased	B:B1	OSM	32	1	1	0.03125	232173	0.0421696
U5	R	diseased	B:B1	PARP1	32	11	8	0.25	232173	0.387834
U5	R	diseased	B:B1	PIAS1	32	5	5	0.15625	232173	0.195038
U5	R	diseased	B:B1	PKM	32	17	12	0.375	232173	0.5494
U5	R	diseased	B:B1	PRKAA1	32	3	3	0.09375	232173	0.121522
U5	R	diseased	B:B1	PTGS2	32	0	0	0	232173	0
U5	R	diseased	B:B1	RELA	32	5	5	0.15625	232173	0.195038
U5	R	diseased	B:B1	SH3KBP1	32	3	3	0.09375	232173	0.121522
U5	R	diseased	B:B1	SMAD3	32	2	2	0.0625	232173	0.0826326
U5	R	diseased	B:B1	SOD1	32	17	11	0.34375	232173	0.5494
U5	R	diseased	B:B1	STAT3	32	13	12	0.375	232173	0.444639
U5	R	diseased	B:B1	STAT5A	32	0	0	0	232173	0
U5	R	diseased	B:B1	SYK	32	14	10	0.3125	232173	0.471876
U5	R	diseased	B:B1	TLR4	32	0	0	0	232173	0
U5	R	diseased	B:B1	TNF	32	3	2	0.0625	232173	0.121522
U5	R	diseased	B:B11	ACTA2	1	0	0	0	8106	0
U5	R	diseased	B:B11	AHR	1	0	0	0	8106	0
U5	R	diseased	B:B11	AKT1	1	0	0	0	8106	0
U5	R	diseased	B:B11	ARNTL	1	0	0	0	8106	0
U5	R	diseased	B:B11	BCL6	1	0	0	0	8106	0
U5	R	diseased	B:B11	BECN1	1	0	0	0	8106	0
U5	R	diseased	B:B11	BLNK	1	1	1	1	8106	0.803639
U5	R	diseased	B:B11	BRD4	1	0	0	0	8106	0
U5	R	diseased	B:B11	CAT	1	0	0	0	8106	0
U5	R	diseased	B:B11	CD4	1	0	0	0	8106	0
U5	R	diseased	B:B11	CD86	1	0	0	0	8106	0
U5	R	diseased	B:B11	CREB1	1	1	1	1	8106	0.803639
U5	R	diseased	B:B11	CTNNB1	1	0	0	0	8106	0
U5	R	diseased	B:B11	DNMT1	1	0	0	0	8106	0
U5	R	diseased	B:B11	FOXP3	1	0	0	0	8106	0
U5	R	diseased	B:B11	GABPA	1	0	0	0	8106	0
U5	R	diseased	B:B11	HIF1A	1	0	0	0	8106	0
U5	R	diseased	B:B11	HMOX1	1	0	0	0	8106	0
U5	R	diseased	B:B11	ICAM1	1	0	0	0	8106	0
U5	R	diseased	B:B11	IFNG	1	0	0	0	8106	0
U5	R	diseased	B:B11	IL15	1	0	0	0	8106	0
U5	R	diseased	B:B11	IL1B	1	0	0	0	8106	0
U5	R	diseased	B:B11	IL7	1	0	0	0	8106	0
U5	R	diseased	B:B11	ITGAM	1	0	0	0	8106	0
U5	R	diseased	B:B11	ITGAX	1	0	0	0	8106	0
U5	R	diseased	B:B11	JAK1	1	0	0	0	8106	0
U5	R	diseased	B:B11	LYZ	1	0	0	0	8106	0
U5	R	diseased	B:B11	MAFB	1	0	0	0	8106	0
U5	R	diseased	B:B11	MAP1LC3B	1	1	1	1	8106	0.803639
U5	R	diseased	B:B11	MAPK14	1	0	0	0	8106	0
U5	R	diseased	B:B11	NFKB1	1	0	0	0	8106	0
U5	R	diseased	B:B11	NLRP3	1	0	0	0	8106	0
U5	R	diseased	B:B11	OSM	1	0	0	0	8106	0
U5	R	diseased	B:B11	PARP1	1	0	0	0	8106	0
U5	R	diseased	B:B11	PIAS1	1	1	1	1	8106	0.803639
U5	R	diseased	B:B11	PKM	1	1	1	1	8106	0.803639
U5	R	diseased	B:B11	PRKAA1	1	0	0	0	8106	0
U5	R	diseased	B:B11	PTGS2	1	0	0	0	8106	0
U5	R	diseased	B:B11	RELA	1	0	0	0	8106	0
U5	R	diseased	B:B11	SH3KBP1	1	1	1	1	8106	0.803639
U5	R	diseased	B:B11	SMAD3	1	0	0	0	8106	0
U5	R	diseased	B:B11	SOD1	1	1	1	1	8106	0.803639
U5	R	diseased	B:B11	STAT3	1	1	1	1	8106	0.803639
U5	R	diseased	B:B11	STAT5A	1	0	0	0	8106	0
U5	R	diseased	B:B11	SYK	1	0	0	0	8106	0
U5	R	diseased	B:B11	TLR4	1	0	0	0	8106	0
U5	R	diseased	B:B11	TNF	1	0	0	0	8106	0
U5	R	diseased	B:B12	ACTA2	1	0	0	0	3106	0
U5	R	diseased	B:B12	AHR	1	0	0	0	3106	0
U5	R	diseased	B:B12	AKT1	1	0	0	0	3106	0
U5	R	diseased	B:B12	ARNTL	1	0	0	0	3106	0
U5	R	diseased	B:B12	BCL6	1	0	0	0	3106	0
U5	R	diseased	B:B12	BECN1	1	0	0	0	3106	0
U5	R	diseased	B:B12	BLNK	1	1	1	1	3106	1.43973
U5	R	diseased	B:B12	BRD4	1	0	0	0	3106	0
U5	R	diseased	B:B12	CAT	1	0	0	0	3106	0
U5	R	diseased	B:B12	CD4	1	0	0	0	3106	0
U5	R	diseased	B:B12	CD86	1	0	0	0	3106	0
U5	R	diseased	B:B12	CREB1	1	0	0	0	3106	0
U5	R	diseased	B:B12	CTNNB1	1	0	0	0	3106	0
U5	R	diseased	B:B12	DNMT1	1	1	1	1	3106	1.43973
U5	R	diseased	B:B12	FOXP3	1	0	0	0	3106	0
U5	R	diseased	B:B12	GABPA	1	0	0	0	3106	0
U5	R	diseased	B:B12	HIF1A	1	0	0	0	3106	0
U5	R	diseased	B:B12	HMOX1	1	0	0	0	3106	0
U5	R	diseased	B:B12	ICAM1	1	0	0	0	3106	0
U5	R	diseased	B:B12	IFNG	1	0	0	0	3106	0
U5	R	diseased	B:B12	IL15	1	0	0	0	3106	0
U5	R	diseased	B:B12	IL1B	1	0	0	0	3106	0
U5	R	diseased	B:B12	IL7	1	0	0	0	3106	0
U5	R	diseased	B:B12	ITGAM	1	0	0	0	3106	0
U5	R	diseased	B:B12	ITGAX	1	0	0	0	3106	0
U5	R	diseased	B:B12	JAK1	1	0	0	0	3106	0
U5	R	diseased	B:B12	LYZ	1	0	0	0	3106	0
U5	R	diseased	B:B12	MAFB	1	0	0	0	3106	0
U5	R	diseased	B:B12	MAP1LC3B	1	0	0	0	3106	0
U5	R	diseased	B:B12	MAPK14	1	0	0	0	3106	0
U5	R	diseased	B:B12	NFKB1	1	0	0	0	3106	0
U5	R	diseased	B:B12	NLRP3	1	0	0	0	3106	0
U5	R	diseased	B:B12	OSM	1	0	0	0	3106	0
U5	R	diseased	B:B12	PARP1	1	1	1	1	3106	1.43973
U5	R	diseased	B:B12	PIAS1	1	1	1	1	3106	1.43973
U5	R	diseased	B:B12	PKM	1	0	0	0	3106	0
U5	R	diseased	B:B12	PRKAA1	1	0	0	0	3106	0
U5	R	diseased	B:B12	PTGS2	1	0	0	0	3106	0
U5	R	diseased	B:B12	RELA	1	0	0	0	3106	0
U5	R	diseased	B:B12	SH3KBP1	1	0	0	0	3106	0
U5	R	diseased	B:B12	SMAD3	1	0	0	0	3106	0
U5	R	diseased	B:B12	SOD1	1	1	1	1	3106	1.43973
U5	R	diseased	B:B12	STAT3	1	0	0	0	3106	0
U5	R	diseased	B:B12	STAT5A	1	0	0	0	3106	0
U5	R	diseased	B:B12	SYK	1	0	0	0	3106	0
U5	R	diseased	B:B12	TLR4	1	0	0	0	3106	0
U5	R	diseased	B:B12	TNF	1	0	0	0	3106	0
U5	R	diseased	B:B14	ACTA2	3	0	0	0	19445	0
U5	R	diseased	B:B14	AHR	3	0	0	0	19445	0
U5	R	diseased	B:B14	AKT1	3	0	0	0	19445	0
U5	R	diseased	B:B14	ARNTL	3	0	0	0	19445	0
U5	R	diseased	B:B14	BCL6	3	0	0	0	19445	0
U5	R	diseased	B:B14	BECN1	3	1	1	0.333333	19445	0.414934
U5	R	diseased	B:B14	BLNK	3	2	1	0.333333	19445	0.707317
U5	R	diseased	B:B14	BRD4	3	0	0	0	19445	0
U5	R	diseased	B:B14	CAT	3	0	0	0	19445	0
U5	R	diseased	B:B14	CD4	3	0	0	0	19445	0
U5	R	diseased	B:B14	CD86	3	0	0	0	19445	0
U5	R	diseased	B:B14	CREB1	3	0	0	0	19445	0
U5	R	diseased	B:B14	CTNNB1	3	2	2	0.666667	19445	0.707317
U5	R	diseased	B:B14	DNMT1	3	0	0	0	19445	0
U5	R	diseased	B:B14	FOXP3	3	0	0	0	19445	0
U5	R	diseased	B:B14	GABPA	3	0	0	0	19445	0
U5	R	diseased	B:B14	HIF1A	3	0	0	0	19445	0
U5	R	diseased	B:B14	HMOX1	3	2	1	0.333333	19445	0.707317
U5	R	diseased	B:B14	ICAM1	3	1	1	0.333333	19445	0.414934
U5	R	diseased	B:B14	IFNG	3	0	0	0	19445	0
U5	R	diseased	B:B14	IL15	3	0	0	0	19445	0
U5	R	diseased	B:B14	IL1B	3	0	0	0	19445	0
U5	R	diseased	B:B14	IL7	3	0	0	0	19445	0
U5	R	diseased	B:B14	ITGAM	3	0	0	0	19445	0
U5	R	diseased	B:B14	ITGAX	3	0	0	0	19445	0
U5	R	diseased	B:B14	JAK1	3	1	1	0.333333	19445	0.414934
U5	R	diseased	B:B14	LYZ	3	0	0	0	19445	0
U5	R	diseased	B:B14	MAFB	3	0	0	0	19445	0
U5	R	diseased	B:B14	MAP1LC3B	3	0	0	0	19445	0
U5	R	diseased	B:B14	MAPK14	3	1	1	0.333333	19445	0.414934
U5	R	diseased	B:B14	NFKB1	3	1	1	0.333333	19445	0.414934
U5	R	diseased	B:B14	NLRP3	3	0	0	0	19445	0
U5	R	diseased	B:B14	OSM	3	0	0	0	19445	0
U5	R	diseased	B:B14	PARP1	3	4	3	1	19445	1.11746
U5	R	diseased	B:B14	PIAS1	3	0	0	0	19445	0
U5	R	diseased	B:B14	PKM	3	1	1	0.333333	19445	0.414934
U5	R	diseased	B:B14	PRKAA1	3	1	1	0.333333	19445	0.414934
U5	R	diseased	B:B14	PTGS2	3	0	0	0	19445	0
U5	R	diseased	B:B14	RELA	3	0	0	0	19445	0
U5	R	diseased	B:B14	SH3KBP1	3	0	0	0	19445	0
U5	R	diseased	B:B14	SMAD3	3	0	0	0	19445	0
U5	R	diseased	B:B14	SOD1	3	4	3	1	19445	1.11746
U5	R	diseased	B:B14	STAT3	3	1	1	0.333333	19445	0.414934
U5	R	diseased	B:B14	STAT5A	3	0	0	0	19445	0
U5	R	diseased	B:B14	SYK	3	0	0	0	19445	0
U5	R	diseased	B:B14	TLR4	3	0	0	0	19445	0
U5	R	diseased	B:B14	TNF	3	0	0	0	19445	0
U5	R	diseased	B:B15	ACTA2	1	0	0	0	7747	0
U5	R	diseased	B:B15	AHR	1	0	0	0	7747	0
U5	R	diseased	B:B15	AKT1	1	1	1	1	7747	0.828911
U5	R	diseased	B:B15	ARNTL	1	0	0	0	7747	0
U5	R	diseased	B:B15	BCL6	1	0	0	0	7747	0
U5	R	diseased	B:B15	BECN1	1	0	0	0	7747	0
U5	R	diseased	B:B15	BLNK	1	0	0	0	7747	0
U5	R	diseased	B:B15	BRD4	1	0	0	0	7747	0
U5	R	diseased	B:B15	CAT	1	0	0	0	7747	0
U5	R	diseased	B:B15	CD4	1	0	0	0	7747	0
U5	R	diseased	B:B15	CD86	1	0	0	0	7747	0
U5	R	diseased	B:B15	CREB1	1	0	0	0	7747	0
U5	R	diseased	B:B15	CTNNB1	1	0	0	0	7747	0
U5	R	diseased	B:B15	DNMT1	1	0	0	0	7747	0
U5	R	diseased	B:B15	FOXP3	1	0	0	0	7747	0
U5	R	diseased	B:B15	GABPA	1	0	0	0	7747	0
U5	R	diseased	B:B15	HIF1A	1	0	0	0	7747	0
U5	R	diseased	B:B15	HMOX1	1	0	0	0	7747	0
U5	R	diseased	B:B15	ICAM1	1	0	0	0	7747	0
U5	R	diseased	B:B15	IFNG	1	0	0	0	7747	0
U5	R	diseased	B:B15	IL15	1	0	0	0	7747	0
U5	R	diseased	B:B15	IL1B	1	0	0	0	7747	0
U5	R	diseased	B:B15	IL7	1	0	0	0	7747	0
U5	R	diseased	B:B15	ITGAM	1	0	0	0	7747	0
U5	R	diseased	B:B15	ITGAX	1	0	0	0	7747	0
U5	R	diseased	B:B15	JAK1	1	0	0	0	7747	0
U5	R	diseased	B:B15	LYZ	1	0	0	0	7747	0
U5	R	diseased	B:B15	MAFB	1	0	0	0	7747	0
U5	R	diseased	B:B15	MAP1LC3B	1	1	1	1	7747	0.828911
U5	R	diseased	B:B15	MAPK14	1	0	0	0	7747	0
U5	R	diseased	B:B15	NFKB1	1	0	0	0	7747	0
U5	R	diseased	B:B15	NLRP3	1	0	0	0	7747	0
U5	R	diseased	B:B15	OSM	1	0	0	0	7747	0
U5	R	diseased	B:B15	PARP1	1	2	1	1	7747	1.27582
U5	R	diseased	B:B15	PIAS1	1	0	0	0	7747	0
U5	R	diseased	B:B15	PKM	1	0	0	0	7747	0
U5	R	diseased	B:B15	PRKAA1	1	0	0	0	7747	0
U5	R	diseased	B:B15	PTGS2	1	0	0	0	7747	0
U5	R	diseased	B:B15	RELA	1	0	0	0	7747	0
U5	R	diseased	B:B15	SH3KBP1	1	1	1	1	7747	0.828911
U5	R	diseased	B:B15	SMAD3	1	0	0	0	7747	0
U5	R	diseased	B:B15	SOD1	1	2	1	1	7747	1.27582
U5	R	diseased	B:B15	STAT3	1	0	0	0	7747	0
U5	R	diseased	B:B15	STAT5A	1	0	0	0	7747	0
U5	R	diseased	B:B15	SYK	1	0	0	0	7747	0
U5	R	diseased	B:B15	TLR4	1	0	0	0	7747	0
U5	R	diseased	B:B15	TNF	1	0	0	0	7747	0
U5	R	diseased	B:B16	ACTA2	1	0	0	0	9146	0
U5	R	diseased	B:B16	AHR	1	0	0	0	9146	0
U5	R	diseased	B:B16	AKT1	1	0	0	0	9146	0
U5	R	diseased	B:B16	ARNTL	1	0	0	0	9146	0
U5	R	diseased	B:B16	BCL6	1	0	0	0	9146	0
U5	R	diseased	B:B16	BECN1	1	0	0	0	9146	0
U5	R	diseased	B:B16	BLNK	1	0	0	0	9146	0
U5	R	diseased	B:B16	BRD4	1	0	0	0	9146	0
U5	R	diseased	B:B16	CAT	1	0	0	0	9146	0
U5	R	diseased	B:B16	CD4	1	0	0	0	9146	0
U5	R	diseased	B:B16	CD86	1	0	0	0	9146	0
U5	R	diseased	B:B16	CREB1	1	0	0	0	9146	0
U5	R	diseased	B:B16	CTNNB1	1	0	0	0	9146	0
U5	R	diseased	B:B16	DNMT1	1	0	0	0	9146	0
U5	R	diseased	B:B16	FOXP3	1	0	0	0	9146	0
U5	R	diseased	B:B16	GABPA	1	0	0	0	9146	0
U5	R	diseased	B:B16	HIF1A	1	0	0	0	9146	0
U5	R	diseased	B:B16	HMOX1	1	0	0	0	9146	0
U5	R	diseased	B:B16	ICAM1	1	0	0	0	9146	0
U5	R	diseased	B:B16	IFNG	1	0	0	0	9146	0
U5	R	diseased	B:B16	IL15	1	0	0	0	9146	0
U5	R	diseased	B:B16	IL1B	1	0	0	0	9146	0
U5	R	diseased	B:B16	IL7	1	0	0	0	9146	0
U5	R	diseased	B:B16	ITGAM	1	0	0	0	9146	0
U5	R	diseased	B:B16	ITGAX	1	0	0	0	9146	0
U5	R	diseased	B:B16	JAK1	1	0	0	0	9146	0
U5	R	diseased	B:B16	LYZ	1	0	0	0	9146	0
U5	R	diseased	B:B16	MAFB	1	0	0	0	9146	0
U5	R	diseased	B:B16	MAP1LC3B	1	0	0	0	9146	0
U5	R	diseased	B:B16	MAPK14	1	0	0	0	9146	0
U5	R	diseased	B:B16	NFKB1	1	0	0	0	9146	0
U5	R	diseased	B:B16	NLRP3	1	0	0	0	9146	0
U5	R	diseased	B:B16	OSM	1	0	0	0	9146	0
U5	R	diseased	B:B16	PARP1	1	0	0	0	9146	0
U5	R	diseased	B:B16	PIAS1	1	0	0	0	9146	0
U5	R	diseased	B:B16	PKM	1	0	0	0	9146	0
U5	R	diseased	B:B16	PRKAA1	1	0	0	0	9146	0
U5	R	diseased	B:B16	PTGS2	1	0	0	0	9146	0
U5	R	diseased	B:B16	RELA	1	1	1	1	9146	0.738777
U5	R	diseased	B:B16	SH3KBP1	1	0	0	0	9146	0
U5	R	diseased	B:B16	SMAD3	1	0	0	0	9146	0
U5	R	diseased	B:B16	SOD1	1	0	0	0	9146	0
U5	R	diseased	B:B16	STAT3	1	0	0	0	9146	0
U5	R	diseased	B:B16	STAT5A	1	0	0	0	9146	0
U5	R	diseased	B:B16	SYK	1	0	0	0	9146	0
U5	R	diseased	B:B16	TLR4	1	0	0	0	9146	0
U5	R	diseased	B:B16	TNF	1	0	0	0	9146	0
U5	R	diseased	B:B2	ACTA2	69	2	2	0.0289855	178869	0.105993
U5	R	diseased	B:B2	AHR	69	9	9	0.130435	178869	0.407571
U5	R	diseased	B:B2	AKT1	69	4	4	0.057971	178869	0.20182
U5	R	diseased	B:B2	ARNTL	69	1	1	0.0144928	178869	0.0544
U5	R	diseased	B:B2	BCL6	69	2	2	0.0289855	178869	0.105993
U5	R	diseased	B:B2	BECN1	69	8	7	0.101449	178869	0.369668
U5	R	diseased	B:B2	BLNK	69	37	30	0.434783	178869	1.12121
U5	R	diseased	B:B2	BRD4	69	23	16	0.231884	178869	0.826741
U5	R	diseased	B:B2	CAT	69	13	12	0.173913	178869	0.546264
U5	R	diseased	B:B2	CD4	69	1	1	0.0144928	178869	0.0544
U5	R	diseased	B:B2	CD86	69	7	7	0.101449	178869	0.330273
U5	R	diseased	B:B2	CREB1	69	12	12	0.173913	178869	0.513352
U5	R	diseased	B:B2	CTNNB1	69	9	8	0.115942	178869	0.407571
U5	R	diseased	B:B2	DNMT1	69	7	6	0.0869565	178869	0.330273
U5	R	diseased	B:B2	FOXP3	69	0	0	0	178869	0
U5	R	diseased	B:B2	GABPA	69	1	1	0.0144928	178869	0.0544
U5	R	diseased	B:B2	HIF1A	69	16	13	0.188406	178869	0.63896
U5	R	diseased	B:B2	HMOX1	69	4	3	0.0434783	178869	0.20182
U5	R	diseased	B:B2	ICAM1	69	25	17	0.246377	178869	0.874498
U5	R	diseased	B:B2	IFNG	69	0	0	0	178869	0
U5	R	diseased	B:B2	IL15	69	3	3	0.0434783	178869	0.155054
U5	R	diseased	B:B2	IL1B	69	0	0	0	178869	0
U5	R	diseased	B:B2	IL7	69	3	3	0.0434783	178869	0.155054
U5	R	diseased	B:B2	ITGAM	69	2	2	0.0289855	178869	0.105993
U5	R	diseased	B:B2	ITGAX	69	0	0	0	178869	0
U5	R	diseased	B:B2	JAK1	69	57	37	0.536232	178869	1.43191
U5	R	diseased	B:B2	LYZ	69	1	1	0.0144928	178869	0.0544
U5	R	diseased	B:B2	MAFB	69	0	0	0	178869	0
U5	R	diseased	B:B2	MAP1LC3B	69	55	40	0.57971	178869	1.40484
U5	R	diseased	B:B2	MAPK14	69	2	2	0.0289855	178869	0.105993
U5	R	diseased	B:B2	NFKB1	69	19	14	0.202899	178869	0.723788
U5	R	diseased	B:B2	NLRP3	69	1	1	0.0144928	178869	0.0544
U5	R	diseased	B:B2	OSM	69	1	1	0.0144928	178869	0.0544
U5	R	diseased	B:B2	PARP1	69	38	25	0.362319	178869	1.13926
U5	R	diseased	B:B2	PIAS1	69	23	21	0.304348	178869	0.826741
U5	R	diseased	B:B2	PKM	69	35	29	0.42029	178869	1.08409
U5	R	diseased	B:B2	PRKAA1	69	12	10	0.144928	178869	0.513352
U5	R	diseased	B:B2	PTGS2	69	0	0	0	178869	0
U5	R	diseased	B:B2	RELA	69	7	6	0.0869565	178869	0.330273
U5	R	diseased	B:B2	SH3KBP1	69	17	14	0.202899	178869	0.668043
U5	R	diseased	B:B2	SMAD3	69	10	8	0.115942	178869	0.444088
U5	R	diseased	B:B2	SOD1	69	35	25	0.362319	178869	1.08409
U5	R	diseased	B:B2	STAT3	69	36	27	0.391304	178869	1.10282
U5	R	diseased	B:B2	STAT5A	69	6	5	0.0724638	178869	0.289262
U5	R	diseased	B:B2	SYK	69	26	20	0.289855	178869	0.897547
U5	R	diseased	B:B2	TLR4	69	0	0	0	178869	0
U5	R	diseased	B:B2	TNF	69	65	28	0.405797	178869	1.53341
U5	R	diseased	B:B3	ACTA2	5	0	0	0	8003	0
U5	R	diseased	B:B3	AHR	5	0	0	0	8003	0
U5	R	diseased	B:B3	AKT1	5	0	0	0	8003	0
U5	R	diseased	B:B3	ARNTL	5	0	0	0	8003	0
U5	R	diseased	B:B3	BCL6	5	0	0	0	8003	0
U5	R	diseased	B:B3	BECN1	5	0	0	0	8003	0
U5	R	diseased	B:B3	BLNK	5	2	2	0.4	8003	1.2525
U5	R	diseased	B:B3	BRD4	5	1	1	0.2	8003	0.810722
U5	R	diseased	B:B3	CAT	5	0	0	0	8003	0
U5	R	diseased	B:B3	CD4	5	0	0	0	8003	0
U5	R	diseased	B:B3	CD86	5	0	0	0	8003	0
U5	R	diseased	B:B3	CREB1	5	0	0	0	8003	0
U5	R	diseased	B:B3	CTNNB1	5	0	0	0	8003	0
U5	R	diseased	B:B3	DNMT1	5	1	1	0.2	8003	0.810722
U5	R	diseased	B:B3	FOXP3	5	0	0	0	8003	0
U5	R	diseased	B:B3	GABPA	5	0	0	0	8003	0
U5	R	diseased	B:B3	HIF1A	5	2	2	0.4	8003	1.2525
U5	R	diseased	B:B3	HMOX1	5	0	0	0	8003	0
U5	R	diseased	B:B3	ICAM1	5	0	0	0	8003	0
U5	R	diseased	B:B3	IFNG	5	0	0	0	8003	0
U5	R	diseased	B:B3	IL15	5	0	0	0	8003	0
U5	R	diseased	B:B3	IL1B	5	0	0	0	8003	0
U5	R	diseased	B:B3	IL7	5	0	0	0	8003	0
U5	R	diseased	B:B3	ITGAM	5	0	0	0	8003	0
U5	R	diseased	B:B3	ITGAX	5	0	0	0	8003	0
U5	R	diseased	B:B3	JAK1	5	1	1	0.2	8003	0.810722
U5	R	diseased	B:B3	LYZ	5	0	0	0	8003	0
U5	R	diseased	B:B3	MAFB	5	0	0	0	8003	0
U5	R	diseased	B:B3	MAP1LC3B	5	0	0	0	8003	0
U5	R	diseased	B:B3	MAPK14	5	0	0	0	8003	0
U5	R	diseased	B:B3	NFKB1	5	3	3	0.6	8003	1.55785
U5	R	diseased	B:B3	NLRP3	5	0	0	0	8003	0
U5	R	diseased	B:B3	OSM	5	0	0	0	8003	0
U5	R	diseased	B:B3	PARP1	5	0	0	0	8003	0
U5	R	diseased	B:B3	PIAS1	5	1	1	0.2	8003	0.810722
U5	R	diseased	B:B3	PKM	5	2	2	0.4	8003	1.2525
U5	R	diseased	B:B3	PRKAA1	5	0	0	0	8003	0
U5	R	diseased	B:B3	PTGS2	5	0	0	0	8003	0
U5	R	diseased	B:B3	RELA	5	0	0	0	8003	0
U5	R	diseased	B:B3	SH3KBP1	5	0	0	0	8003	0
U5	R	diseased	B:B3	SMAD3	5	0	0	0	8003	0
U5	R	diseased	B:B3	SOD1	5	1	1	0.2	8003	0.810722
U5	R	diseased	B:B3	STAT3	5	1	1	0.2	8003	0.810722
U5	R	diseased	B:B3	STAT5A	5	0	0	0	8003	0
U5	R	diseased	B:B3	SYK	5	1	1	0.2	8003	0.810722
U5	R	diseased	B:B3	TLR4	5	0	0	0	8003	0
U5	R	diseased	B:B3	TNF	5	1	1	0.2	8003	0.810722
U5	R	diseased	B:B4	ACTA2	13	0	0	0	23069	0
U5	R	diseased	B:B4	AHR	13	0	0	0	23069	0
U5	R	diseased	B:B4	AKT1	13	0	0	0	23069	0
U5	R	diseased	B:B4	ARNTL	13	0	0	0	23069	0
U5	R	diseased	B:B4	BCL6	13	1	1	0.0769231	23069	0.360107
U5	R	diseased	B:B4	BECN1	13	0	0	0	23069	0
U5	R	diseased	B:B4	BLNK	13	5	4	0.307692	23069	1.15291
U5	R	diseased	B:B4	BRD4	13	0	0	0	23069	0
U5	R	diseased	B:B4	CAT	13	1	1	0.0769231	23069	0.360107
U5	R	diseased	B:B4	CD4	13	0	0	0	23069	0
U5	R	diseased	B:B4	CD86	13	1	1	0.0769231	23069	0.360107
U5	R	diseased	B:B4	CREB1	13	1	1	0.0769231	23069	0.360107
U5	R	diseased	B:B4	CTNNB1	13	0	0	0	23069	0
U5	R	diseased	B:B4	DNMT1	13	2	2	0.153846	23069	0.624314
U5	R	diseased	B:B4	FOXP3	13	0	0	0	23069	0
U5	R	diseased	B:B4	GABPA	13	0	0	0	23069	0
U5	R	diseased	B:B4	HIF1A	13	1	1	0.0769231	23069	0.360107
U5	R	diseased	B:B4	HMOX1	13	0	0	0	23069	0
U5	R	diseased	B:B4	ICAM1	13	1	1	0.0769231	23069	0.360107
U5	R	diseased	B:B4	IFNG	13	0	0	0	23069	0
U5	R	diseased	B:B4	IL15	13	1	1	0.0769231	23069	0.360107
U5	R	diseased	B:B4	IL1B	13	0	0	0	23069	0
U5	R	diseased	B:B4	IL7	13	1	1	0.0769231	23069	0.360107
U5	R	diseased	B:B4	ITGAM	13	0	0	0	23069	0
U5	R	diseased	B:B4	ITGAX	13	0	0	0	23069	0
U5	R	diseased	B:B4	JAK1	13	5	4	0.307692	23069	1.15291
U5	R	diseased	B:B4	LYZ	13	0	0	0	23069	0
U5	R	diseased	B:B4	MAFB	13	0	0	0	23069	0
U5	R	diseased	B:B4	MAP1LC3B	13	6	5	0.384615	23069	1.28118
U5	R	diseased	B:B4	MAPK14	13	0	0	0	23069	0
U5	R	diseased	B:B4	NFKB1	13	4	2	0.153846	23069	1.00574
U5	R	diseased	B:B4	NLRP3	13	0	0	0	23069	0
U5	R	diseased	B:B4	OSM	13	0	0	0	23069	0
U5	R	diseased	B:B4	PARP1	13	8	6	0.461538	23069	1.49691
U5	R	diseased	B:B4	PIAS1	13	2	2	0.153846	23069	0.624314
U5	R	diseased	B:B4	PKM	13	9	7	0.538462	23069	1.58951
U5	R	diseased	B:B4	PRKAA1	13	2	2	0.153846	23069	0.624314
U5	R	diseased	B:B4	PTGS2	13	0	0	0	23069	0
U5	R	diseased	B:B4	RELA	13	2	2	0.153846	23069	0.624314
U5	R	diseased	B:B4	SH3KBP1	13	2	2	0.153846	23069	0.624314
U5	R	diseased	B:B4	SMAD3	13	0	0	0	23069	0
U5	R	diseased	B:B4	SOD1	13	4	4	0.307692	23069	1.00574
U5	R	diseased	B:B4	STAT3	13	7	5	0.384615	23069	1.39485
U5	R	diseased	B:B4	STAT5A	13	0	0	0	23069	0
U5	R	diseased	B:B4	SYK	13	9	4	0.307692	23069	1.58951
U5	R	diseased	B:B4	TLR4	13	0	0	0	23069	0
U5	R	diseased	B:B4	TNF	13	3	2	0.153846	23069	0.833103
U5	R	diseased	B:B5	ACTA2	12	0	0	0	36238	0
U5	R	diseased	B:B5	AHR	12	2	2	0.166667	36238	0.439484
U5	R	diseased	B:B5	AKT1	12	0	0	0	36238	0
U5	R	diseased	B:B5	ARNTL	12	0	0	0	36238	0
U5	R	diseased	B:B5	BCL6	12	0	0	0	36238	0
U5	R	diseased	B:B5	BECN1	12	5	4	0.333333	36238	0.867003
U5	R	diseased	B:B5	BLNK	12	6	4	0.333333	36238	0.976716
U5	R	diseased	B:B5	BRD4	12	4	3	0.25	36238	0.743752
U5	R	diseased	B:B5	CAT	12	2	2	0.166667	36238	0.439484
U5	R	diseased	B:B5	CD4	12	0	0	0	36238	0
U5	R	diseased	B:B5	CD86	12	3	1	0.0833333	36238	0.603146
U5	R	diseased	B:B5	CREB1	12	3	3	0.25	36238	0.603146
U5	R	diseased	B:B5	CTNNB1	12	1	1	0.0833333	36238	0.243694
U5	R	diseased	B:B5	DNMT1	12	5	4	0.333333	36238	0.867003
U5	R	diseased	B:B5	FOXP3	12	0	0	0	36238	0
U5	R	diseased	B:B5	GABPA	12	1	1	0.0833333	36238	0.243694
U5	R	diseased	B:B5	HIF1A	12	5	4	0.333333	36238	0.867003
U5	R	diseased	B:B5	HMOX1	12	1	1	0.0833333	36238	0.243694
U5	R	diseased	B:B5	ICAM1	12	3	2	0.166667	36238	0.603146
U5	R	diseased	B:B5	IFNG	12	0	0	0	36238	0
U5	R	diseased	B:B5	IL15	12	0	0	0	36238	0
U5	R	diseased	B:B5	IL1B	12	0	0	0	36238	0
U5	R	diseased	B:B5	IL7	12	0	0	0	36238	0
U5	R	diseased	B:B5	ITGAM	12	1	1	0.0833333	36238	0.243694
U5	R	diseased	B:B5	ITGAX	12	2	2	0.166667	36238	0.439484
U5	R	diseased	B:B5	JAK1	12	12	7	0.583333	36238	1.46127
U5	R	diseased	B:B5	LYZ	12	0	0	0	36238	0
U5	R	diseased	B:B5	MAFB	12	0	0	0	36238	0
U5	R	diseased	B:B5	MAP1LC3B	12	11	7	0.583333	36238	1.39513
U5	R	diseased	B:B5	MAPK14	12	0	0	0	36238	0
U5	R	diseased	B:B5	NFKB1	12	0	0	0	36238	0
U5	R	diseased	B:B5	NLRP3	12	0	0	0	36238	0
U5	R	diseased	B:B5	OSM	12	0	0	0	36238	0
U5	R	diseased	B:B5	PARP1	12	14	9	0.75	36238	1.58173
U5	R	diseased	B:B5	PIAS1	12	6	4	0.333333	36238	0.976716
U5	R	diseased	B:B5	PKM	12	17	4	0.333333	36238	1.73892
U5	R	diseased	B:B5	PRKAA1	12	1	1	0.0833333	36238	0.243694
U5	R	diseased	B:B5	PTGS2	12	0	0	0	36238	0
U5	R	diseased	B:B5	RELA	12	2	2	0.166667	36238	0.439484
U5	R	diseased	B:B5	SH3KBP1	12	3	3	0.25	36238	0.603146
U5	R	diseased	B:B5	SMAD3	12	1	1	0.0833333	36238	0.243694
U5	R	diseased	B:B5	SOD1	12	12	7	0.583333	36238	1.46127
U5	R	diseased	B:B5	STAT3	12	4	4	0.333333	36238	0.743752
U5	R	diseased	B:B5	STAT5A	12	0	0	0	36238	0
U5	R	diseased	B:B5	SYK	12	6	4	0.333333	36238	0.976716
U5	R	diseased	B:B5	TLR4	12	0	0	0	36238	0
U5	R	diseased	B:B5	TNF	12	5	4	0.333333	36238	0.867003
U5	R	diseased	B:B7	ACTA2	2	0	0	0	6322	0
U5	R	diseased	B:B7	AHR	2	0	0	0	6322	0
U5	R	diseased	B:B7	AKT1	2	0	0	0	6322	0
U5	R	diseased	B:B7	ARNTL	2	0	0	0	6322	0
U5	R	diseased	B:B7	BCL6	2	0	0	0	6322	0
U5	R	diseased	B:B7	BECN1	2	0	0	0	6322	0
U5	R	diseased	B:B7	BLNK	2	2	2	1	6322	1.42637
U5	R	diseased	B:B7	BRD4	2	0	0	0	6322	0
U5	R	diseased	B:B7	CAT	2	0	0	0	6322	0
U5	R	diseased	B:B7	CD4	2	0	0	0	6322	0
U5	R	diseased	B:B7	CD86	2	0	0	0	6322	0
U5	R	diseased	B:B7	CREB1	2	0	0	0	6322	0
U5	R	diseased	B:B7	CTNNB1	2	0	0	0	6322	0
U5	R	diseased	B:B7	DNMT1	2	1	1	0.5	6322	0.948478
U5	R	diseased	B:B7	FOXP3	2	0	0	0	6322	0
U5	R	diseased	B:B7	GABPA	2	0	0	0	6322	0
U5	R	diseased	B:B7	HIF1A	2	0	0	0	6322	0
U5	R	diseased	B:B7	HMOX1	2	0	0	0	6322	0
U5	R	diseased	B:B7	ICAM1	2	0	0	0	6322	0
U5	R	diseased	B:B7	IFNG	2	0	0	0	6322	0
U5	R	diseased	B:B7	IL15	2	0	0	0	6322	0
U5	R	diseased	B:B7	IL1B	2	0	0	0	6322	0
U5	R	diseased	B:B7	IL7	2	0	0	0	6322	0
U5	R	diseased	B:B7	ITGAM	2	0	0	0	6322	0
U5	R	diseased	B:B7	ITGAX	2	0	0	0	6322	0
U5	R	diseased	B:B7	JAK1	2	1	1	0.5	6322	0.948478
U5	R	diseased	B:B7	LYZ	2	0	0	0	6322	0
U5	R	diseased	B:B7	MAFB	2	0	0	0	6322	0
U5	R	diseased	B:B7	MAP1LC3B	2	2	1	0.5	6322	1.42637
U5	R	diseased	B:B7	MAPK14	2	0	0	0	6322	0
U5	R	diseased	B:B7	NFKB1	2	0	0	0	6322	0
U5	R	diseased	B:B7	NLRP3	2	0	0	0	6322	0
U5	R	diseased	B:B7	OSM	2	0	0	0	6322	0
U5	R	diseased	B:B7	PARP1	2	0	0	0	6322	0
U5	R	diseased	B:B7	PIAS1	2	0	0	0	6322	0
U5	R	diseased	B:B7	PKM	2	0	0	0	6322	0
U5	R	diseased	B:B7	PRKAA1	2	0	0	0	6322	0
U5	R	diseased	B:B7	PTGS2	2	0	0	0	6322	0
U5	R	diseased	B:B7	RELA	2	0	0	0	6322	0
U5	R	diseased	B:B7	SH3KBP1	2	0	0	0	6322	0
U5	R	diseased	B:B7	SMAD3	2	0	0	0	6322	0
U5	R	diseased	B:B7	SOD1	2	0	0	0	6322	0
U5	R	diseased	B:B7	STAT3	2	0	0	0	6322	0
U5	R	diseased	B:B7	STAT5A	2	0	0	0	6322	0
U5	R	diseased	B:B7	SYK	2	1	1	0.5	6322	0.948478
U5	R	diseased	B:B7	TLR4	2	0	0	0	6322	0
U5	R	diseased	B:B7	TNF	2	0	0	0	6322	0
U5	R	diseased	B:B8	ACTA2	85	0	0	0	219751	0
U5	R	diseased	B:B8	AHR	85	7	7	0.0823529	219751	0.276527
U5	R	diseased	B:B8	AKT1	85	1	1	0.0117647	219751	0.044501
U5	R	diseased	B:B8	ARNTL	85	2	2	0.0235294	219751	0.0871058
U5	R	diseased	B:B8	BCL6	85	5	5	0.0588235	219751	0.205004
U5	R	diseased	B:B8	BECN1	85	6	6	0.0705882	219751	0.241405
U5	R	diseased	B:B8	BLNK	85	47	37	0.435294	219751	1.14384
U5	R	diseased	B:B8	BRD4	85	17	15	0.176471	219751	0.573013
U5	R	diseased	B:B8	CAT	85	11	10	0.117647	219751	0.405843
U5	R	diseased	B:B8	CD4	85	1	1	0.0117647	219751	0.044501
U5	R	diseased	B:B8	CD86	85	3	3	0.0352941	219751	0.127969
U5	R	diseased	B:B8	CREB1	85	11	10	0.117647	219751	0.405843
U5	R	diseased	B:B8	CTNNB1	85	4	4	0.0470588	219751	0.167228
U5	R	diseased	B:B8	DNMT1	85	11	11	0.129412	219751	0.405843
U5	R	diseased	B:B8	FOXP3	85	0	0	0	219751	0
U5	R	diseased	B:B8	GABPA	85	5	5	0.0588235	219751	0.205004
U5	R	diseased	B:B8	HIF1A	85	36	27	0.317647	219751	0.970104
U5	R	diseased	B:B8	HMOX1	85	2	2	0.0235294	219751	0.0871058
U5	R	diseased	B:B8	ICAM1	85	18	14	0.164706	219751	0.598347
U5	R	diseased	B:B8	IFNG	85	1	1	0.0117647	219751	0.044501
U5	R	diseased	B:B8	IL15	85	5	4	0.0470588	219751	0.205004
U5	R	diseased	B:B8	IL1B	85	0	0	0	219751	0
U5	R	diseased	B:B8	IL7	85	10	10	0.117647	219751	0.375047
U5	R	diseased	B:B8	ITGAM	85	2	2	0.0235294	219751	0.0871058
U5	R	diseased	B:B8	ITGAX	85	0	0	0	219751	0
U5	R	diseased	B:B8	JAK1	85	49	36	0.423529	219751	1.17242
U5	R	diseased	B:B8	LYZ	85	1	1	0.0117647	219751	0.044501
U5	R	diseased	B:B8	MAFB	85	0	0	0	219751	0
U5	R	diseased	B:B8	MAP1LC3B	85	56	37	0.435294	219751	1.26648
U5	R	diseased	B:B8	MAPK14	85	1	1	0.0117647	219751	0.044501
U5	R	diseased	B:B8	NFKB1	85	25	23	0.270588	219751	0.759708
U5	R	diseased	B:B8	NLRP3	85	0	0	0	219751	0
U5	R	diseased	B:B8	OSM	85	0	0	0	219751	0
U5	R	diseased	B:B8	PARP1	85	31	27	0.317647	219751	0.879912
U5	R	diseased	B:B8	PIAS1	85	26	23	0.270588	219751	0.780772
U5	R	diseased	B:B8	PKM	85	31	23	0.270588	219751	0.879912
U5	R	diseased	B:B8	PRKAA1	85	10	9	0.105882	219751	0.375047
U5	R	diseased	B:B8	PTGS2	85	0	0	0	219751	0
U5	R	diseased	B:B8	RELA	85	9	9	0.105882	219751	0.343274
U5	R	diseased	B:B8	SH3KBP1	85	14	11	0.129412	219751	0.492917
U5	R	diseased	B:B8	SMAD3	85	21	18	0.211765	219751	0.670711
U5	R	diseased	B:B8	SOD1	85	38	31	0.364706	219751	1.00402
U5	R	diseased	B:B8	STAT3	85	52	36	0.423529	219751	1.21382
U5	R	diseased	B:B8	STAT5A	85	7	6	0.0705882	219751	0.276527
U5	R	diseased	B:B8	SYK	85	37	28	0.329412	219751	0.987205
U5	R	diseased	B:B8	TLR4	85	0	0	0	219751	0
U5	R	diseased	B:B8	TNF	85	26	14	0.164706	219751	0.780772
U5	R	diseased	B:B9	ACTA2	1	0	0	0	2299	0
U5	R	diseased	B:B9	AHR	1	1	1	1	2299	1.67704
U5	R	diseased	B:B9	AKT1	1	0	0	0	2299	0
U5	R	diseased	B:B9	ARNTL	1	0	0	0	2299	0
U5	R	diseased	B:B9	BCL6	1	0	0	0	2299	0
U5	R	diseased	B:B9	BECN1	1	1	1	1	2299	1.67704
U5	R	diseased	B:B9	BLNK	1	1	1	1	2299	1.67704
U5	R	diseased	B:B9	BRD4	1	0	0	0	2299	0
U5	R	diseased	B:B9	CAT	1	0	0	0	2299	0
U5	R	diseased	B:B9	CD4	1	0	0	0	2299	0
U5	R	diseased	B:B9	CD86	1	0	0	0	2299	0
U5	R	diseased	B:B9	CREB1	1	0	0	0	2299	0
U5	R	diseased	B:B9	CTNNB1	1	0	0	0	2299	0
U5	R	diseased	B:B9	DNMT1	1	0	0	0	2299	0
U5	R	diseased	B:B9	FOXP3	1	0	0	0	2299	0
U5	R	diseased	B:B9	GABPA	1	0	0	0	2299	0
U5	R	diseased	B:B9	HIF1A	1	0	0	0	2299	0
U5	R	diseased	B:B9	HMOX1	1	0	0	0	2299	0
U5	R	diseased	B:B9	ICAM1	1	0	0	0	2299	0
U5	R	diseased	B:B9	IFNG	1	0	0	0	2299	0
U5	R	diseased	B:B9	IL15	1	0	0	0	2299	0
U5	R	diseased	B:B9	IL1B	1	0	0	0	2299	0
U5	R	diseased	B:B9	IL7	1	1	1	1	2299	1.67704
U5	R	diseased	B:B9	ITGAM	1	0	0	0	2299	0
U5	R	diseased	B:B9	ITGAX	1	0	0	0	2299	0
U5	R	diseased	B:B9	JAK1	1	0	0	0	2299	0
U5	R	diseased	B:B9	LYZ	1	0	0	0	2299	0
U5	R	diseased	B:B9	MAFB	1	0	0	0	2299	0
U5	R	diseased	B:B9	MAP1LC3B	1	0	0	0	2299	0
U5	R	diseased	B:B9	MAPK14	1	0	0	0	2299	0
U5	R	diseased	B:B9	NFKB1	1	0	0	0	2299	0
U5	R	diseased	B:B9	NLRP3	1	0	0	0	2299	0
U5	R	diseased	B:B9	OSM	1	0	0	0	2299	0
U5	R	diseased	B:B9	PARP1	1	1	1	1	2299	1.67704
U5	R	diseased	B:B9	PIAS1	1	2	1	1	2299	2.27207
U5	R	diseased	B:B9	PKM	1	3	1	1	2299	2.64256
U5	R	diseased	B:B9	PRKAA1	1	0	0	0	2299	0
U5	R	diseased	B:B9	PTGS2	1	0	0	0	2299	0
U5	R	diseased	B:B9	RELA	1	0	0	0	2299	0
U5	R	diseased	B:B9	SH3KBP1	1	0	0	0	2299	0
U5	R	diseased	B:B9	SMAD3	1	0	0	0	2299	0
U5	R	diseased	B:B9	SOD1	1	1	1	1	2299	1.67704
U5	R	diseased	B:B9	STAT3	1	3	1	1	2299	2.64256
U5	R	diseased	B:B9	STAT5A	1	0	0	0	2299	0
U5	R	diseased	B:B9	SYK	1	0	0	0	2299	0
U5	R	diseased	B:B9	TLR4	1	0	0	0	2299	0
U5	R	diseased	B:B9	TNF	1	0	0	0	2299	0
U5	R	diseased	M/DC	ACTA2	16	0	0	0	134452	0
U5	R	diseased	M/DC	AHR	16	33	14	0.875	134452	1.23965
U5	R	diseased	M/DC	AKT1	16	1	1	0.0625	134452	0.07174
U5	R	diseased	M/DC	ARNTL	16	3	3	0.1875	134452	0.201411
U5	R	diseased	M/DC	BCL6	16	2	1	0.0625	134452	0.138676
U5	R	diseased	M/DC	BECN1	16	3	3	0.1875	134452	0.201411
U5	R	diseased	M/DC	BLNK	16	1	1	0.0625	134452	0.07174
U5	R	diseased	M/DC	BRD4	16	13	7	0.4375	134452	0.676453
U5	R	diseased	M/DC	CAT	16	28	13	0.8125	134452	1.12575
U5	R	diseased	M/DC	CD4	16	9	5	0.3125	134452	0.512455
U5	R	diseased	M/DC	CD86	16	26	13	0.8125	134452	1.07629
U5	R	diseased	M/DC	CREB1	16	3	2	0.125	134452	0.201411
U5	R	diseased	M/DC	CTNNB1	16	8	7	0.4375	134452	0.466879
U5	R	diseased	M/DC	DNMT1	16	12	8	0.5	134452	0.637905
U5	R	diseased	M/DC	FOXP3	16	0	0	0	134452	0
U5	R	diseased	M/DC	GABPA	16	3	3	0.1875	134452	0.201411
U5	R	diseased	M/DC	HIF1A	16	17	11	0.6875	134452	0.817306
U5	R	diseased	M/DC	HMOX1	16	4	3	0.1875	134452	0.260442
U5	R	diseased	M/DC	ICAM1	16	26	12	0.75	134452	1.07629
U5	R	diseased	M/DC	IFNG	16	0	0	0	134452	0
U5	R	diseased	M/DC	IL15	16	0	0	0	134452	0
U5	R	diseased	M/DC	IL1B	16	207	15	0.9375	134452	2.79703
U5	R	diseased	M/DC	IL7	16	0	0	0	134452	0
U5	R	diseased	M/DC	ITGAM	16	3	2	0.125	134452	0.201411
U5	R	diseased	M/DC	ITGAX	16	17	10	0.625	134452	0.817306
U5	R	diseased	M/DC	JAK1	16	21	11	0.6875	134452	0.940747
U5	R	diseased	M/DC	LYZ	16	1239	16	1	134452	4.53423
U5	R	diseased	M/DC	MAFB	16	14	3	0.1875	134452	0.713569
U5	R	diseased	M/DC	MAP1LC3B	16	36	14	0.875	134452	1.30224
U5	R	diseased	M/DC	MAPK14	16	2	1	0.0625	134452	0.138676
U5	R	diseased	M/DC	NFKB1	16	10	9	0.5625	134452	0.556044
U5	R	diseased	M/DC	NLRP3	16	15	9	0.5625	134452	0.749357
U5	R	diseased	M/DC	OSM	16	5	3	0.1875	134452	0.316182
U5	R	diseased	M/DC	PARP1	16	18	9	0.5625	134452	0.849624
U5	R	diseased	M/DC	PIAS1	16	7	6	0.375	134452	0.419126
U5	R	diseased	M/DC	PKM	16	72	16	1	134452	1.84925
U5	R	diseased	M/DC	PRKAA1	16	0	0	0	134452	0
U5	R	diseased	M/DC	PTGS2	16	20	9	0.5625	134452	0.911286
U5	R	diseased	M/DC	RELA	16	3	3	0.1875	134452	0.201411
U5	R	diseased	M/DC	SH3KBP1	16	18	10	0.625	134452	0.849624
U5	R	diseased	M/DC	SMAD3	16	3	3	0.1875	134452	0.201411
U5	R	diseased	M/DC	SOD1	16	15	10	0.625	134452	0.749357
U5	R	diseased	M/DC	STAT3	16	23	13	0.8125	134452	0.997188
U5	R	diseased	M/DC	STAT5A	16	4	4	0.25	134452	0.260442
U5	R	diseased	M/DC	SYK	16	13	10	0.625	134452	0.676453
U5	R	diseased	M/DC	TLR4	16	2	2	0.125	134452	0.138676
U5	R	diseased	M/DC	TNF	16	15	6	0.375	134452	0.749357
U5	R	diseased	NK	ACTA2	51	0	0	0	125638	0
U5	R	diseased	NK	AHR	51	12	11	0.215686	125638	0.670454
U5	R	diseased	NK	AKT1	51	4	4	0.0784314	125638	0.2764
U5	R	diseased	NK	ARNTL	51	4	4	0.0784314	125638	0.2764
U5	R	diseased	NK	BCL6	51	2	2	0.0392157	125638	0.147719
U5	R	diseased	NK	BECN1	51	10	10	0.196078	125638	0.585527
U5	R	diseased	NK	BLNK	51	0	0	0	125638	0
U5	R	diseased	NK	BRD4	51	7	6	0.117647	125638	0.442861
U5	R	diseased	NK	CAT	51	11	11	0.215686	125638	0.628892
U5	R	diseased	NK	CD4	51	0	0	0	125638	0
U5	R	diseased	NK	CD86	51	0	0	0	125638	0
U5	R	diseased	NK	CREB1	51	7	6	0.117647	125638	0.442861
U5	R	diseased	NK	CTNNB1	51	13	12	0.235294	125638	0.710358
U5	R	diseased	NK	DNMT1	51	6	6	0.117647	125638	0.390394
U5	R	diseased	NK	FOXP3	51	0	0	0	125638	0
U5	R	diseased	NK	GABPA	51	2	2	0.0392157	125638	0.147719
U5	R	diseased	NK	HIF1A	51	15	11	0.215686	125638	0.785684
U5	R	diseased	NK	HMOX1	51	0	0	0	125638	0
U5	R	diseased	NK	ICAM1	51	29	16	0.313725	125638	1.19641
U5	R	diseased	NK	IFNG	51	138	25	0.490196	125638	2.48357
U5	R	diseased	NK	IL15	51	1	1	0.0196078	125638	0.0765848
U5	R	diseased	NK	IL1B	51	0	0	0	125638	0
U5	R	diseased	NK	IL7	51	0	0	0	125638	0
U5	R	diseased	NK	ITGAM	51	6	6	0.117647	125638	0.390394
U5	R	diseased	NK	ITGAX	51	5	3	0.0588235	125638	0.33502
U5	R	diseased	NK	JAK1	51	60	31	0.607843	125638	1.75365
U5	R	diseased	NK	LYZ	51	0	0	0	125638	0
U5	R	diseased	NK	MAFB	51	3	2	0.0392157	125638	0.214128
U5	R	diseased	NK	MAP1LC3B	51	48	29	0.568627	125638	1.57288
U5	R	diseased	NK	MAPK14	51	4	3	0.0588235	125638	0.2764
U5	R	diseased	NK	NFKB1	51	41	27	0.529412	125638	1.45005
U5	R	diseased	NK	NLRP3	51	0	0	0	125638	0
U5	R	diseased	NK	OSM	51	1	1	0.0196078	125638	0.0765848
U5	R	diseased	NK	PARP1	51	10	10	0.196078	125638	0.585527
U5	R	diseased	NK	PIAS1	51	14	11	0.215686	125638	0.74873
U5	R	diseased	NK	PKM	51	19	15	0.294118	125638	0.921191
U5	R	diseased	NK	PRKAA1	51	8	8	0.156863	125638	0.492713
U5	R	diseased	NK	PTGS2	51	0	0	0	125638	0
U5	R	diseased	NK	RELA	51	9	9	0.176471	125638	0.540196
U5	R	diseased	NK	SH3KBP1	51	21	17	0.333333	125638	0.982628
U5	R	diseased	NK	SMAD3	51	7	7	0.137255	125638	0.442861
U5	R	diseased	NK	SOD1	51	23	18	0.352941	125638	1.04051
U5	R	diseased	NK	STAT3	51	35	20	0.392157	125638	1.33125
U5	R	diseased	NK	STAT5A	51	3	3	0.0588235	125638	0.214128
U5	R	diseased	NK	SYK	51	2	2	0.0392157	125638	0.147719
U5	R	diseased	NK	TLR4	51	1	1	0.0196078	125638	0.0765848
U5	R	diseased	NK	TNF	51	45	16	0.313725	125638	1.52207
U5	R	diseased	T	ACTA2	664	27	27	0.0406627	1.5301e+06	0.162509
U5	R	diseased	T	AHR	664	180	140	0.210843	1.5301e+06	0.777667
U5	R	diseased	T	AKT1	664	17	17	0.0256024	1.5301e+06	0.105354
U5	R	diseased	T	ARNTL	664	63	63	0.0948795	1.5301e+06	0.34482
U5	R	diseased	T	BCL6	664	31	30	0.0451807	1.5301e+06	0.184486
U5	R	diseased	T	BECN1	664	81	74	0.111446	1.5301e+06	0.424859
U5	R	diseased	T	BLNK	664	5	5	0.00753012	1.5301e+06	0.0321549
U5	R	diseased	T	BRD4	664	93	81	0.121988	1.5301e+06	0.474868
U5	R	diseased	T	CAT	664	35	35	0.0527108	1.5301e+06	0.205991
U5	R	diseased	T	CD4	664	94	81	0.121988	1.5301e+06	0.478924
U5	R	diseased	T	CD86	664	0	0	0	1.5301e+06	0
U5	R	diseased	T	CREB1	664	84	78	0.11747	1.5301e+06	0.437598
U5	R	diseased	T	CTNNB1	664	55	53	0.0798193	1.5301e+06	0.307082
U5	R	diseased	T	DNMT1	664	103	99	0.149096	1.5301e+06	0.514712
U5	R	diseased	T	FOXP3	664	52	34	0.0512048	1.5301e+06	0.292555
U5	R	diseased	T	GABPA	664	23	23	0.0346386	1.5301e+06	0.140037
U5	R	diseased	T	HIF1A	664	150	130	0.195783	1.5301e+06	0.683261
U5	R	diseased	T	HMOX1	664	2	2	0.00301205	1.5301e+06	0.0129863
U5	R	diseased	T	ICAM1	664	97	75	0.112952	1.5301e+06	0.490996
U5	R	diseased	T	IFNG	664	234	100	0.150602	1.5301e+06	0.927945
U5	R	diseased	T	IL15	664	12	12	0.0180723	1.5301e+06	0.0755026
U5	R	diseased	T	IL1B	664	0	0	0	1.5301e+06	0
U5	R	diseased	T	IL7	664	3	3	0.00451807	1.5301e+06	0.0194168
U5	R	diseased	T	ITGAM	664	3	3	0.00451807	1.5301e+06	0.0194168
U5	R	diseased	T	ITGAX	664	2	1	0.00150602	1.5301e+06	0.0129863
U5	R	diseased	T	JAK1	664	470	321	0.483434	1.5301e+06	1.40406
U5	R	diseased	T	LYZ	664	27	4	0.0060241	1.5301e+06	0.162509
U5	R	diseased	T	MAFB	664	2	2	0.00301205	1.5301e+06	0.0129863
U5	R	diseased	T	MAP1LC3B	664	297	222	0.334337	1.5301e+06	1.07876
U5	R	diseased	T	MAPK14	664	45	44	0.0662651	1.5301e+06	0.257814
U5	R	diseased	T	NFKB1	664	202	160	0.240964	1.5301e+06	0.841641
U5	R	diseased	T	NLRP3	664	6	6	0.00903614	1.5301e+06	0.0384637
U5	R	diseased	T	OSM	664	32	23	0.0346386	1.5301e+06	0.189906
U5	R	diseased	T	PARP1	664	108	95	0.143072	1.5301e+06	0.534054
U5	R	diseased	T	PIAS1	664	163	142	0.213855	1.5301e+06	0.725269
U5	R	diseased	T	PKM	664	338	221	0.332831	1.5301e+06	1.16596
U5	R	diseased	T	PRKAA1	664	53	50	0.0753012	1.5301e+06	0.297421
U5	R	diseased	T	PTGS2	664	0	0	0	1.5301e+06	0
U5	R	diseased	T	RELA	664	74	71	0.106928	1.5301e+06	0.39449
U5	R	diseased	T	SH3KBP1	664	185	158	0.237952	1.5301e+06	0.79257
U5	R	diseased	T	SMAD3	664	55	52	0.0783133	1.5301e+06	0.307082
U5	R	diseased	T	SOD1	664	445	315	0.474398	1.5301e+06	1.3631
U5	R	diseased	T	STAT3	664	428	270	0.406627	1.5301e+06	1.33426
U5	R	diseased	T	STAT5A	664	44	41	0.061747	1.5301e+06	0.25275
U5	R	diseased	T	SYK	664	2	2	0.00301205	1.5301e+06	0.0129863
U5	R	diseased	T	TLR4	664	0	0	0	1.5301e+06	0
U5	R	diseased	T	TNF	664	736	255	0.384036	1.5301e+06	1.7596
U5	R	diseased	T:T1	ACTA2	34	1	1	0.0294118	37739	0.235055
U5	R	diseased	T:T1	AHR	34	6	6	0.176471	37739	0.951607
U5	R	diseased	T:T1	AKT1	34	0	0	0	37739	0
U5	R	diseased	T:T1	ARNTL	34	2	2	0.0588235	37739	0.425239
U5	R	diseased	T:T1	BCL6	34	1	1	0.0294118	37739	0.235055
U5	R	diseased	T:T1	BECN1	34	2	2	0.0588235	37739	0.425239
U5	R	diseased	T:T1	BLNK	34	1	1	0.0294118	37739	0.235055
U5	R	diseased	T:T1	BRD4	34	0	0	0	37739	0
U5	R	diseased	T:T1	CAT	34	1	1	0.0294118	37739	0.235055
U5	R	diseased	T:T1	CD4	34	3	3	0.0882353	37739	0.584968
U5	R	diseased	T:T1	CD86	34	0	0	0	37739	0
U5	R	diseased	T:T1	CREB1	34	2	2	0.0588235	37739	0.425239
U5	R	diseased	T:T1	CTNNB1	34	0	0	0	37739	0
U5	R	diseased	T:T1	DNMT1	34	2	2	0.0588235	37739	0.425239
U5	R	diseased	T:T1	FOXP3	34	1	1	0.0294118	37739	0.235055
U5	R	diseased	T:T1	GABPA	34	0	0	0	37739	0
U5	R	diseased	T:T1	HIF1A	34	2	2	0.0588235	37739	0.425239
U5	R	diseased	T:T1	HMOX1	34	0	0	0	37739	0
U5	R	diseased	T:T1	ICAM1	34	0	0	0	37739	0
U5	R	diseased	T:T1	IFNG	34	3	3	0.0882353	37739	0.584968
U5	R	diseased	T:T1	IL15	34	2	2	0.0588235	37739	0.425239
U5	R	diseased	T:T1	IL1B	34	0	0	0	37739	0
U5	R	diseased	T:T1	IL7	34	0	0	0	37739	0
U5	R	diseased	T:T1	ITGAM	34	0	0	0	37739	0
U5	R	diseased	T:T1	ITGAX	34	0	0	0	37739	0
U5	R	diseased	T:T1	JAK1	34	13	12	0.352941	37739	1.49172
U5	R	diseased	T:T1	LYZ	34	0	0	0	37739	0
U5	R	diseased	T:T1	MAFB	34	0	0	0	37739	0
U5	R	diseased	T:T1	MAP1LC3B	34	4	4	0.117647	37739	0.722663
U5	R	diseased	T:T1	MAPK14	34	0	0	0	37739	0
U5	R	diseased	T:T1	NFKB1	34	5	5	0.147059	37739	0.843672
U5	R	diseased	T:T1	NLRP3	34	0	0	0	37739	0
U5	R	diseased	T:T1	OSM	34	5	4	0.117647	37739	0.843672
U5	R	diseased	T:T1	PARP1	34	3	3	0.0882353	37739	0.584968
U5	R	diseased	T:T1	PIAS1	34	3	3	0.0882353	37739	0.584968
U5	R	diseased	T:T1	PKM	34	9	7	0.205882	37739	1.2193
U5	R	diseased	T:T1	PRKAA1	34	1	1	0.0294118	37739	0.235055
U5	R	diseased	T:T1	PTGS2	34	0	0	0	37739	0
U5	R	diseased	T:T1	RELA	34	0	0	0	37739	0
U5	R	diseased	T:T1	SH3KBP1	34	4	4	0.117647	37739	0.722663
U5	R	diseased	T:T1	SMAD3	34	0	0	0	37739	0
U5	R	diseased	T:T1	SOD1	34	9	9	0.264706	37739	1.2193
U5	R	diseased	T:T1	STAT3	34	9	7	0.205882	37739	1.2193
U5	R	diseased	T:T1	STAT5A	34	3	2	0.0588235	37739	0.584968
U5	R	diseased	T:T1	SYK	34	0	0	0	37739	0
U5	R	diseased	T:T1	TLR4	34	0	0	0	37739	0
U5	R	diseased	T:T1	TNF	34	8	6	0.176471	37739	1.13778
U5	R	diseased	T:T10	ACTA2	124	8	8	0.0645161	257552	0.270498
U5	R	diseased	T:T10	AHR	124	11	11	0.0887097	257552	0.355643
U5	R	diseased	T:T10	AKT1	124	5	5	0.0403226	257552	0.177423
U5	R	diseased	T:T10	ARNTL	124	5	5	0.0403226	257552	0.177423
U5	R	diseased	T:T10	BCL6	124	8	8	0.0645161	257552	0.270498
U5	R	diseased	T:T10	BECN1	124	19	18	0.145161	257552	0.552571
U5	R	diseased	T:T10	BLNK	124	0	0	0	257552	0
U5	R	diseased	T:T10	BRD4	124	19	16	0.129032	257552	0.552571
U5	R	diseased	T:T10	CAT	124	9	9	0.0725806	257552	0.299693
U5	R	diseased	T:T10	CD4	124	1	1	0.00806452	257552	0.0380923
U5	R	diseased	T:T10	CD86	124	0	0	0	257552	0
U5	R	diseased	T:T10	CREB1	124	14	14	0.112903	257552	0.434104
U5	R	diseased	T:T10	CTNNB1	124	4	4	0.0322581	257552	0.144367
U5	R	diseased	T:T10	DNMT1	124	17	17	0.137097	257552	0.506854
U5	R	diseased	T:T10	FOXP3	124	0	0	0	257552	0
U5	R	diseased	T:T10	GABPA	124	5	5	0.0403226	257552	0.177423
U5	R	diseased	T:T10	HIF1A	124	33	27	0.217742	257552	0.824743
U5	R	diseased	T:T10	HMOX1	124	0	0	0	257552	0
U5	R	diseased	T:T10	ICAM1	124	17	14	0.112903	257552	0.506854
U5	R	diseased	T:T10	IFNG	124	119	48	0.387097	257552	1.72641
U5	R	diseased	T:T10	IL15	124	3	3	0.0241935	257552	0.110182
U5	R	diseased	T:T10	IL1B	124	0	0	0	257552	0
U5	R	diseased	T:T10	IL7	124	0	0	0	257552	0
U5	R	diseased	T:T10	ITGAM	124	1	1	0.00806452	257552	0.0380923
U5	R	diseased	T:T10	ITGAX	124	0	0	0	257552	0
U5	R	diseased	T:T10	JAK1	124	92	60	0.483871	257552	1.51997
U5	R	diseased	T:T10	LYZ	124	24	1	0.00806452	257552	0.658478
U5	R	diseased	T:T10	MAFB	124	0	0	0	257552	0
U5	R	diseased	T:T10	MAP1LC3B	124	61	47	0.379032	257552	1.21445
U5	R	diseased	T:T10	MAPK14	124	4	4	0.0322581	257552	0.144367
U5	R	diseased	T:T10	NFKB1	124	22	19	0.153226	257552	0.617451
U5	R	diseased	T:T10	NLRP3	124	1	1	0.00806452	257552	0.0380923
U5	R	diseased	T:T10	OSM	124	0	0	0	257552	0
U5	R	diseased	T:T10	PARP1	124	17	17	0.137097	257552	0.506854
U5	R	diseased	T:T10	PIAS1	124	28	27	0.217742	257552	0.735804
U5	R	diseased	T:T10	PKM	124	59	38	0.306452	257552	1.19113
U5	R	diseased	T:T10	PRKAA1	124	11	11	0.0887097	257552	0.355643
U5	R	diseased	T:T10	PTGS2	124	0	0	0	257552	0
U5	R	diseased	T:T10	RELA	124	12	12	0.0967742	257552	0.382487
U5	R	diseased	T:T10	SH3KBP1	124	37	34	0.274194	257552	0.890605
U5	R	diseased	T:T10	SMAD3	124	10	10	0.0806452	257552	0.328059
U5	R	diseased	T:T10	SOD1	124	78	62	0.5	257552	1.3934
U5	R	diseased	T:T10	STAT3	124	68	43	0.346774	257552	1.29205
U5	R	diseased	T:T10	STAT5A	124	6	6	0.0483871	257552	0.20942
U5	R	diseased	T:T10	SYK	124	0	0	0	257552	0
U5	R	diseased	T:T10	TLR4	124	0	0	0	257552	0
U5	R	diseased	T:T10	TNF	124	139	45	0.362903	257552	1.85582
U5	R	diseased	T:T12	ACTA2	8	0	0	0	17140	0
U5	R	diseased	T:T12	AHR	8	1	1	0.125	17140	0.459594
U5	R	diseased	T:T12	AKT1	8	0	0	0	17140	0
U5	R	diseased	T:T12	ARNTL	8	2	2	0.25	17140	0.77328
U5	R	diseased	T:T12	BCL6	8	1	1	0.125	17140	0.459594
U5	R	diseased	T:T12	BECN1	8	0	0	0	17140	0
U5	R	diseased	T:T12	BLNK	8	0	0	0	17140	0
U5	R	diseased	T:T12	BRD4	8	1	1	0.125	17140	0.459594
U5	R	diseased	T:T12	CAT	8	0	0	0	17140	0
U5	R	diseased	T:T12	CD4	8	0	0	0	17140	0
U5	R	diseased	T:T12	CD86	8	0	0	0	17140	0
U5	R	diseased	T:T12	CREB1	8	2	2	0.25	17140	0.77328
U5	R	diseased	T:T12	CTNNB1	8	0	0	0	17140	0
U5	R	diseased	T:T12	DNMT1	8	3	3	0.375	17140	1.01171
U5	R	diseased	T:T12	FOXP3	8	0	0	0	17140	0
U5	R	diseased	T:T12	GABPA	8	0	0	0	17140	0
U5	R	diseased	T:T12	HIF1A	8	2	1	0.125	17140	0.77328
U5	R	diseased	T:T12	HMOX1	8	0	0	0	17140	0
U5	R	diseased	T:T12	ICAM1	8	0	0	0	17140	0
U5	R	diseased	T:T12	IFNG	8	0	0	0	17140	0
U5	R	diseased	T:T12	IL15	8	0	0	0	17140	0
U5	R	diseased	T:T12	IL1B	8	0	0	0	17140	0
U5	R	diseased	T:T12	IL7	8	0	0	0	17140	0
U5	R	diseased	T:T12	ITGAM	8	0	0	0	17140	0
U5	R	diseased	T:T12	ITGAX	8	0	0	0	17140	0
U5	R	diseased	T:T12	JAK1	8	4	3	0.375	17140	1.20409
U5	R	diseased	T:T12	LYZ	8	0	0	0	17140	0
U5	R	diseased	T:T12	MAFB	8	0	0	0	17140	0
U5	R	diseased	T:T12	MAP1LC3B	8	2	2	0.25	17140	0.77328
U5	R	diseased	T:T12	MAPK14	8	0	0	0	17140	0
U5	R	diseased	T:T12	NFKB1	8	2	2	0.25	17140	0.77328
U5	R	diseased	T:T12	NLRP3	8	0	0	0	17140	0
U5	R	diseased	T:T12	OSM	8	0	0	0	17140	0
U5	R	diseased	T:T12	PARP1	8	0	0	0	17140	0
U5	R	diseased	T:T12	PIAS1	8	1	1	0.125	17140	0.459594
U5	R	diseased	T:T12	PKM	8	3	2	0.25	17140	1.01171
U5	R	diseased	T:T12	PRKAA1	8	1	1	0.125	17140	0.459594
U5	R	diseased	T:T12	PTGS2	8	0	0	0	17140	0
U5	R	diseased	T:T12	RELA	8	2	2	0.25	17140	0.77328
U5	R	diseased	T:T12	SH3KBP1	8	1	1	0.125	17140	0.459594
U5	R	diseased	T:T12	SMAD3	8	0	0	0	17140	0
U5	R	diseased	T:T12	SOD1	8	1	1	0.125	17140	0.459594
U5	R	diseased	T:T12	STAT3	8	4	3	0.375	17140	1.20409
U5	R	diseased	T:T12	STAT5A	8	0	0	0	17140	0
U5	R	diseased	T:T12	SYK	8	0	0	0	17140	0
U5	R	diseased	T:T12	TLR4	8	0	0	0	17140	0
U5	R	diseased	T:T12	TNF	8	1	1	0.125	17140	0.459594
U5	R	diseased	T:T14	ACTA2	4	0	0	0	10020	0
U5	R	diseased	T:T14	AHR	4	1	1	0.25	10020	0.692149
U5	R	diseased	T:T14	AKT1	4	1	1	0.25	10020	0.692149
U5	R	diseased	T:T14	ARNTL	4	0	0	0	10020	0
U5	R	diseased	T:T14	BCL6	4	0	0	0	10020	0
U5	R	diseased	T:T14	BECN1	4	0	0	0	10020	0
U5	R	diseased	T:T14	BLNK	4	0	0	0	10020	0
U5	R	diseased	T:T14	BRD4	4	0	0	0	10020	0
U5	R	diseased	T:T14	CAT	4	0	0	0	10020	0
U5	R	diseased	T:T14	CD4	4	0	0	0	10020	0
U5	R	diseased	T:T14	CD86	4	0	0	0	10020	0
U5	R	diseased	T:T14	CREB1	4	0	0	0	10020	0
U5	R	diseased	T:T14	CTNNB1	4	0	0	0	10020	0
U5	R	diseased	T:T14	DNMT1	4	0	0	0	10020	0
U5	R	diseased	T:T14	FOXP3	4	0	0	0	10020	0
U5	R	diseased	T:T14	GABPA	4	0	0	0	10020	0
U5	R	diseased	T:T14	HIF1A	4	1	1	0.25	10020	0.692149
U5	R	diseased	T:T14	HMOX1	4	0	0	0	10020	0
U5	R	diseased	T:T14	ICAM1	4	1	1	0.25	10020	0.692149
U5	R	diseased	T:T14	IFNG	4	17	3	0.75	10020	2.88848
U5	R	diseased	T:T14	IL15	4	0	0	0	10020	0
U5	R	diseased	T:T14	IL1B	4	0	0	0	10020	0
U5	R	diseased	T:T14	IL7	4	0	0	0	10020	0
U5	R	diseased	T:T14	ITGAM	4	0	0	0	10020	0
U5	R	diseased	T:T14	ITGAX	4	2	1	0.25	10020	1.09728
U5	R	diseased	T:T14	JAK1	4	3	2	0.5	10020	1.3848
U5	R	diseased	T:T14	LYZ	4	0	0	0	10020	0
U5	R	diseased	T:T14	MAFB	4	0	0	0	10020	0
U5	R	diseased	T:T14	MAP1LC3B	4	1	1	0.25	10020	0.692149
U5	R	diseased	T:T14	MAPK14	4	1	1	0.25	10020	0.692149
U5	R	diseased	T:T14	NFKB1	4	1	1	0.25	10020	0.692149
U5	R	diseased	T:T14	NLRP3	4	0	0	0	10020	0
U5	R	diseased	T:T14	OSM	4	0	0	0	10020	0
U5	R	diseased	T:T14	PARP1	4	1	1	0.25	10020	0.692149
U5	R	diseased	T:T14	PIAS1	4	0	0	0	10020	0
U5	R	diseased	T:T14	PKM	4	1	1	0.25	10020	0.692149
U5	R	diseased	T:T14	PRKAA1	4	0	0	0	10020	0
U5	R	diseased	T:T14	PTGS2	4	0	0	0	10020	0
U5	R	diseased	T:T14	RELA	4	0	0	0	10020	0
U5	R	diseased	T:T14	SH3KBP1	4	3	3	0.75	10020	1.3848
U5	R	diseased	T:T14	SMAD3	4	0	0	0	10020	0
U5	R	diseased	T:T14	SOD1	4	2	1	0.25	10020	1.09728
U5	R	diseased	T:T14	STAT3	4	1	1	0.25	10020	0.692149
U5	R	diseased	T:T14	STAT5A	4	1	1	0.25	10020	0.692149
U5	R	diseased	T:T14	SYK	4	0	0	0	10020	0
U5	R	diseased	T:T14	TLR4	4	0	0	0	10020	0
U5	R	diseased	T:T14	TNF	4	3	1	0.25	10020	1.3848
U5	R	diseased	T:T15	ACTA2	1	0	0	0	3325	0
U5	R	diseased	T:T15	AHR	1	0	0	0	3325	0
U5	R	diseased	T:T15	AKT1	1	0	0	0	3325	0
U5	R	diseased	T:T15	ARNTL	1	1	1	1	3325	1.38817
U5	R	diseased	T:T15	BCL6	1	0	0	0	3325	0
U5	R	diseased	T:T15	BECN1	1	0	0	0	3325	0
U5	R	diseased	T:T15	BLNK	1	0	0	0	3325	0
U5	R	diseased	T:T15	BRD4	1	1	1	1	3325	1.38817
U5	R	diseased	T:T15	CAT	1	0	0	0	3325	0
U5	R	diseased	T:T15	CD4	1	0	0	0	3325	0
U5	R	diseased	T:T15	CD86	1	0	0	0	3325	0
U5	R	diseased	T:T15	CREB1	1	0	0	0	3325	0
U5	R	diseased	T:T15	CTNNB1	1	0	0	0	3325	0
U5	R	diseased	T:T15	DNMT1	1	1	1	1	3325	1.38817
U5	R	diseased	T:T15	FOXP3	1	0	0	0	3325	0
U5	R	diseased	T:T15	GABPA	1	0	0	0	3325	0
U5	R	diseased	T:T15	HIF1A	1	0	0	0	3325	0
U5	R	diseased	T:T15	HMOX1	1	0	0	0	3325	0
U5	R	diseased	T:T15	ICAM1	1	0	0	0	3325	0
U5	R	diseased	T:T15	IFNG	1	0	0	0	3325	0
U5	R	diseased	T:T15	IL15	1	0	0	0	3325	0
U5	R	diseased	T:T15	IL1B	1	0	0	0	3325	0
U5	R	diseased	T:T15	IL7	1	0	0	0	3325	0
U5	R	diseased	T:T15	ITGAM	1	0	0	0	3325	0
U5	R	diseased	T:T15	ITGAX	1	0	0	0	3325	0
U5	R	diseased	T:T15	JAK1	1	3	1	1	3325	2.30484
U5	R	diseased	T:T15	LYZ	1	0	0	0	3325	0
U5	R	diseased	T:T15	MAFB	1	0	0	0	3325	0
U5	R	diseased	T:T15	MAP1LC3B	1	3	1	1	3325	2.30484
U5	R	diseased	T:T15	MAPK14	1	0	0	0	3325	0
U5	R	diseased	T:T15	NFKB1	1	0	0	0	3325	0
U5	R	diseased	T:T15	NLRP3	1	0	0	0	3325	0
U5	R	diseased	T:T15	OSM	1	0	0	0	3325	0
U5	R	diseased	T:T15	PARP1	1	2	1	1	3325	1.94806
U5	R	diseased	T:T15	PIAS1	1	0	0	0	3325	0
U5	R	diseased	T:T15	PKM	1	1	1	1	3325	1.38817
U5	R	diseased	T:T15	PRKAA1	1	0	0	0	3325	0
U5	R	diseased	T:T15	PTGS2	1	0	0	0	3325	0
U5	R	diseased	T:T15	RELA	1	0	0	0	3325	0
U5	R	diseased	T:T15	SH3KBP1	1	0	0	0	3325	0
U5	R	diseased	T:T15	SMAD3	1	0	0	0	3325	0
U5	R	diseased	T:T15	SOD1	1	0	0	0	3325	0
U5	R	diseased	T:T15	STAT3	1	0	0	0	3325	0
U5	R	diseased	T:T15	STAT5A	1	0	0	0	3325	0
U5	R	diseased	T:T15	SYK	1	0	0	0	3325	0
U5	R	diseased	T:T15	TLR4	1	0	0	0	3325	0
U5	R	diseased	T:T15	TNF	1	0	0	0	3325	0
U5	R	diseased	T:T2	ACTA2	327	8	8	0.0244648	848685	0.0900815
U5	R	diseased	T:T2	AHR	327	124	93	0.284404	848685	0.900602
U5	R	diseased	T:T2	AKT1	327	7	7	0.0214067	848685	0.0792552
U5	R	diseased	T:T2	ARNTL	327	36	36	0.110092	848685	0.3536
U5	R	diseased	T:T2	BCL6	327	18	17	0.0519878	848685	0.192348
U5	R	diseased	T:T2	BECN1	327	37	34	0.103976	848685	0.36184
U5	R	diseased	T:T2	BLNK	327	3	3	0.00917431	848685	0.0347384
U5	R	diseased	T:T2	BRD4	327	46	43	0.131498	848685	0.43309
U5	R	diseased	T:T2	CAT	327	11	11	0.0336391	848685	0.121874
U5	R	diseased	T:T2	CD4	327	46	41	0.125382	848685	0.43309
U5	R	diseased	T:T2	CD86	327	0	0	0	848685	0
U5	R	diseased	T:T2	CREB1	327	35	34	0.103976	848685	0.345292
U5	R	diseased	T:T2	CTNNB1	327	34	33	0.100917	848685	0.336915
U5	R	diseased	T:T2	DNMT1	327	50	49	0.149847	848685	0.463197
U5	R	diseased	T:T2	FOXP3	327	4	4	0.0122324	848685	0.0460547
U5	R	diseased	T:T2	GABPA	327	10	10	0.030581	848685	0.111389
U5	R	diseased	T:T2	HIF1A	327	84	74	0.2263	848685	0.688017
U5	R	diseased	T:T2	HMOX1	327	1	1	0.0030581	848685	0.0117141
U5	R	diseased	T:T2	ICAM1	327	66	48	0.146789	848685	0.575306
U5	R	diseased	T:T2	IFNG	327	88	44	0.134557	848685	0.711428
U5	R	diseased	T:T2	IL15	327	5	5	0.0152905	848685	0.0572445
U5	R	diseased	T:T2	IL1B	327	0	0	0	848685	0
U5	R	diseased	T:T2	IL7	327	0	0	0	848685	0
U5	R	diseased	T:T2	ITGAM	327	2	2	0.00611621	848685	0.0232925
U5	R	diseased	T:T2	ITGAX	327	0	0	0	848685	0
U5	R	diseased	T:T2	JAK1	327	239	160	0.489297	848685	1.33923
U5	R	diseased	T:T2	LYZ	327	3	3	0.00917431	848685	0.0347384
U5	R	diseased	T:T2	MAFB	327	2	2	0.00611621	848685	0.0232925
U5	R	diseased	T:T2	MAP1LC3B	327	180	127	0.388379	848685	1.13813
U5	R	diseased	T:T2	MAPK14	327	33	32	0.0978593	848685	0.328467
U5	R	diseased	T:T2	NFKB1	327	144	109	0.333333	848685	0.992045
U5	R	diseased	T:T2	NLRP3	327	5	5	0.0152905	848685	0.0572445
U5	R	diseased	T:T2	OSM	327	18	13	0.0397554	848685	0.192348
U5	R	diseased	T:T2	PARP1	327	58	48	0.146789	848685	0.520822
U5	R	diseased	T:T2	PIAS1	327	86	74	0.2263	848685	0.699791
U5	R	diseased	T:T2	PKM	327	156	108	0.330275	848685	1.04315
U5	R	diseased	T:T2	PRKAA1	327	33	30	0.0917431	848685	0.328467
U5	R	diseased	T:T2	PTGS2	327	0	0	0	848685	0
U5	R	diseased	T:T2	RELA	327	40	38	0.116208	848685	0.386158
U5	R	diseased	T:T2	SH3KBP1	327	94	77	0.235474	848685	0.745548
U5	R	diseased	T:T2	SMAD3	327	39	37	0.11315	848685	0.378118
U5	R	diseased	T:T2	SOD1	327	206	144	0.440367	848685	1.23177
U5	R	diseased	T:T2	STAT3	327	197	130	0.397554	848685	1.20034
U5	R	diseased	T:T2	STAT5A	327	22	20	0.0611621	848685	0.230496
U5	R	diseased	T:T2	SYK	327	1	1	0.0030581	848685	0.0117141
U5	R	diseased	T:T2	TLR4	327	0	0	0	848685	0
U5	R	diseased	T:T2	TNF	327	534	172	0.525994	848685	1.98679
U5	R	diseased	T:T3	ACTA2	13	1	1	0.0769231	27666	0.308554
U5	R	diseased	T:T3	AHR	13	4	3	0.230769	27666	0.89438
U5	R	diseased	T:T3	AKT1	13	0	0	0	27666	0
U5	R	diseased	T:T3	ARNTL	13	1	1	0.0769231	27666	0.308554
U5	R	diseased	T:T3	BCL6	13	0	0	0	27666	0
U5	R	diseased	T:T3	BECN1	13	2	1	0.0769231	27666	0.544014
U5	R	diseased	T:T3	BLNK	13	0	0	0	27666	0
U5	R	diseased	T:T3	BRD4	13	0	0	0	27666	0
U5	R	diseased	T:T3	CAT	13	1	1	0.0769231	27666	0.308554
U5	R	diseased	T:T3	CD4	13	3	3	0.230769	27666	0.734464
U5	R	diseased	T:T3	CD86	13	0	0	0	27666	0
U5	R	diseased	T:T3	CREB1	13	3	2	0.153846	27666	0.734464
U5	R	diseased	T:T3	CTNNB1	13	1	1	0.0769231	27666	0.308554
U5	R	diseased	T:T3	DNMT1	13	1	1	0.0769231	27666	0.308554
U5	R	diseased	T:T3	FOXP3	13	0	0	0	27666	0
U5	R	diseased	T:T3	GABPA	13	0	0	0	27666	0
U5	R	diseased	T:T3	HIF1A	13	0	0	0	27666	0
U5	R	diseased	T:T3	HMOX1	13	0	0	0	27666	0
U5	R	diseased	T:T3	ICAM1	13	0	0	0	27666	0
U5	R	diseased	T:T3	IFNG	13	1	1	0.0769231	27666	0.308554
U5	R	diseased	T:T3	IL15	13	1	1	0.0769231	27666	0.308554
U5	R	diseased	T:T3	IL1B	13	0	0	0	27666	0
U5	R	diseased	T:T3	IL7	13	0	0	0	27666	0
U5	R	diseased	T:T3	ITGAM	13	0	0	0	27666	0
U5	R	diseased	T:T3	ITGAX	13	0	0	0	27666	0
U5	R	diseased	T:T3	JAK1	13	13	8	0.615385	27666	1.74027
U5	R	diseased	T:T3	LYZ	13	0	0	0	27666	0
U5	R	diseased	T:T3	MAFB	13	0	0	0	27666	0
U5	R	diseased	T:T3	MAP1LC3B	13	2	2	0.153846	27666	0.544014
U5	R	diseased	T:T3	MAPK14	13	0	0	0	27666	0
U5	R	diseased	T:T3	NFKB1	13	2	2	0.153846	27666	0.544014
U5	R	diseased	T:T3	NLRP3	13	0	0	0	27666	0
U5	R	diseased	T:T3	OSM	13	1	1	0.0769231	27666	0.308554
U5	R	diseased	T:T3	PARP1	13	0	0	0	27666	0
U5	R	diseased	T:T3	PIAS1	13	2	2	0.153846	27666	0.544014
U5	R	diseased	T:T3	PKM	13	2	2	0.153846	27666	0.544014
U5	R	diseased	T:T3	PRKAA1	13	0	0	0	27666	0
U5	R	diseased	T:T3	PTGS2	13	0	0	0	27666	0
U5	R	diseased	T:T3	RELA	13	1	1	0.0769231	27666	0.308554
U5	R	diseased	T:T3	SH3KBP1	13	1	1	0.0769231	27666	0.308554
U5	R	diseased	T:T3	SMAD3	13	1	1	0.0769231	27666	0.308554
U5	R	diseased	T:T3	SOD1	13	8	7	0.538462	27666	1.35883
U5	R	diseased	T:T3	STAT3	13	10	5	0.384615	27666	1.52921
U5	R	diseased	T:T3	STAT5A	13	0	0	0	27666	0
U5	R	diseased	T:T3	SYK	13	0	0	0	27666	0
U5	R	diseased	T:T3	TLR4	13	0	0	0	27666	0
U5	R	diseased	T:T3	TNF	13	2	1	0.0769231	27666	0.544014
U5	R	diseased	T:T4	ACTA2	3	0	0	0	4102	0
U5	R	diseased	T:T4	AHR	3	1	1	0.333333	4102	1.23484
U5	R	diseased	T:T4	AKT1	3	0	0	0	4102	0
U5	R	diseased	T:T4	ARNTL	3	0	0	0	4102	0
U5	R	diseased	T:T4	BCL6	3	0	0	0	4102	0
U5	R	diseased	T:T4	BECN1	3	0	0	0	4102	0
U5	R	diseased	T:T4	BLNK	3	0	0	0	4102	0
U5	R	diseased	T:T4	BRD4	3	0	0	0	4102	0
U5	R	diseased	T:T4	CAT	3	0	0	0	4102	0
U5	R	diseased	T:T4	CD4	3	1	1	0.333333	4102	1.23484
U5	R	diseased	T:T4	CD86	3	0	0	0	4102	0
U5	R	diseased	T:T4	CREB1	3	0	0	0	4102	0
U5	R	diseased	T:T4	CTNNB1	3	0	0	0	4102	0
U5	R	diseased	T:T4	DNMT1	3	1	1	0.333333	4102	1.23484
U5	R	diseased	T:T4	FOXP3	3	0	0	0	4102	0
U5	R	diseased	T:T4	GABPA	3	0	0	0	4102	0
U5	R	diseased	T:T4	HIF1A	3	3	2	0.666667	4102	2.11788
U5	R	diseased	T:T4	HMOX1	3	0	0	0	4102	0
U5	R	diseased	T:T4	ICAM1	3	0	0	0	4102	0
U5	R	diseased	T:T4	IFNG	3	0	0	0	4102	0
U5	R	diseased	T:T4	IL15	3	0	0	0	4102	0
U5	R	diseased	T:T4	IL1B	3	0	0	0	4102	0
U5	R	diseased	T:T4	IL7	3	0	0	0	4102	0
U5	R	diseased	T:T4	ITGAM	3	0	0	0	4102	0
U5	R	diseased	T:T4	ITGAX	3	0	0	0	4102	0
U5	R	diseased	T:T4	JAK1	3	1	1	0.333333	4102	1.23484
U5	R	diseased	T:T4	LYZ	3	0	0	0	4102	0
U5	R	diseased	T:T4	MAFB	3	0	0	0	4102	0
U5	R	diseased	T:T4	MAP1LC3B	3	0	0	0	4102	0
U5	R	diseased	T:T4	MAPK14	3	0	0	0	4102	0
U5	R	diseased	T:T4	NFKB1	3	0	0	0	4102	0
U5	R	diseased	T:T4	NLRP3	3	0	0	0	4102	0
U5	R	diseased	T:T4	OSM	3	0	0	0	4102	0
U5	R	diseased	T:T4	PARP1	3	0	0	0	4102	0
U5	R	diseased	T:T4	PIAS1	3	1	1	0.333333	4102	1.23484
U5	R	diseased	T:T4	PKM	3	0	0	0	4102	0
U5	R	diseased	T:T4	PRKAA1	3	1	1	0.333333	4102	1.23484
U5	R	diseased	T:T4	PTGS2	3	0	0	0	4102	0
U5	R	diseased	T:T4	RELA	3	0	0	0	4102	0
U5	R	diseased	T:T4	SH3KBP1	3	0	0	0	4102	0
U5	R	diseased	T:T4	SMAD3	3	0	0	0	4102	0
U5	R	diseased	T:T4	SOD1	3	2	2	0.666667	4102	1.77082
U5	R	diseased	T:T4	STAT3	3	1	1	0.333333	4102	1.23484
U5	R	diseased	T:T4	STAT5A	3	0	0	0	4102	0
U5	R	diseased	T:T4	SYK	3	0	0	0	4102	0
U5	R	diseased	T:T4	TLR4	3	0	0	0	4102	0
U5	R	diseased	T:T4	TNF	3	0	0	0	4102	0
U5	R	diseased	T:T5	ACTA2	86	3	3	0.0348837	190919	0.145947
U5	R	diseased	T:T5	AHR	86	14	11	0.127907	190919	0.550024
U5	R	diseased	T:T5	AKT1	86	0	0	0	190919	0
U5	R	diseased	T:T5	ARNTL	86	8	8	0.0930233	190919	0.349971
U5	R	diseased	T:T5	BCL6	86	1	1	0.0116279	190919	0.0510526
U5	R	diseased	T:T5	BECN1	86	12	12	0.139535	190919	0.487683
U5	R	diseased	T:T5	BLNK	86	1	1	0.0116279	190919	0.0510526
U5	R	diseased	T:T5	BRD4	86	14	9	0.104651	190919	0.550024
U5	R	diseased	T:T5	CAT	86	7	7	0.0813953	190919	0.312361
U5	R	diseased	T:T5	CD4	86	21	15	0.174419	190919	0.74191
U5	R	diseased	T:T5	CD86	86	0	0	0	190919	0
U5	R	diseased	T:T5	CREB1	86	15	13	0.151163	190919	0.579796
U5	R	diseased	T:T5	CTNNB1	86	8	7	0.0813953	190919	0.349971
U5	R	diseased	T:T5	DNMT1	86	14	14	0.162791	190919	0.550024
U5	R	diseased	T:T5	FOXP3	86	3	3	0.0348837	190919	0.145947
U5	R	diseased	T:T5	GABPA	86	2	2	0.0232558	190919	0.0996249
U5	R	diseased	T:T5	HIF1A	86	16	15	0.174419	190919	0.608706
U5	R	diseased	T:T5	HMOX1	86	0	0	0	190919	0
U5	R	diseased	T:T5	ICAM1	86	7	6	0.0697674	190919	0.312361
U5	R	diseased	T:T5	IFNG	86	0	0	0	190919	0
U5	R	diseased	T:T5	IL15	86	0	0	0	190919	0
U5	R	diseased	T:T5	IL1B	86	0	0	0	190919	0
U5	R	diseased	T:T5	IL7	86	2	2	0.0232558	190919	0.0996249
U5	R	diseased	T:T5	ITGAM	86	0	0	0	190919	0
U5	R	diseased	T:T5	ITGAX	86	0	0	0	190919	0
U5	R	diseased	T:T5	JAK1	86	56	40	0.465116	190919	1.36945
U5	R	diseased	T:T5	LYZ	86	0	0	0	190919	0
U5	R	diseased	T:T5	MAFB	86	0	0	0	190919	0
U5	R	diseased	T:T5	MAP1LC3B	86	24	23	0.267442	190919	0.814071
U5	R	diseased	T:T5	MAPK14	86	4	4	0.0465116	190919	0.190218
U5	R	diseased	T:T5	NFKB1	86	15	13	0.151163	190919	0.579796
U5	R	diseased	T:T5	NLRP3	86	0	0	0	190919	0
U5	R	diseased	T:T5	OSM	86	3	2	0.0232558	190919	0.145947
U5	R	diseased	T:T5	PARP1	86	15	14	0.162791	190919	0.579796
U5	R	diseased	T:T5	PIAS1	86	24	20	0.232558	190919	0.814071
U5	R	diseased	T:T5	PKM	86	45	32	0.372093	190919	1.21105
U5	R	diseased	T:T5	PRKAA1	86	3	3	0.0348837	190919	0.145947
U5	R	diseased	T:T5	PTGS2	86	0	0	0	190919	0
U5	R	diseased	T:T5	RELA	86	8	8	0.0930233	190919	0.349971
U5	R	diseased	T:T5	SH3KBP1	86	23	19	0.22093	190919	0.790591
U5	R	diseased	T:T5	SMAD3	86	3	2	0.0232558	190919	0.145947
U5	R	diseased	T:T5	SOD1	86	84	52	0.604651	190919	1.68636
U5	R	diseased	T:T5	STAT3	86	72	44	0.511628	190919	1.5626
U5	R	diseased	T:T5	STAT5A	86	6	6	0.0697674	190919	0.273281
U5	R	diseased	T:T5	SYK	86	1	1	0.0116279	190919	0.0510526
U5	R	diseased	T:T5	TLR4	86	0	0	0	190919	0
U5	R	diseased	T:T5	TNF	86	20	13	0.151163	190919	0.716651
U5	R	diseased	T:T6	ACTA2	1	0	0	0	2119	0
U5	R	diseased	T:T6	AHR	1	1	1	1	2119	1.74383
U5	R	diseased	T:T6	AKT1	1	0	0	0	2119	0
U5	R	diseased	T:T6	ARNTL	1	0	0	0	2119	0
U5	R	diseased	T:T6	BCL6	1	0	0	0	2119	0
U5	R	diseased	T:T6	BECN1	1	0	0	0	2119	0
U5	R	diseased	T:T6	BLNK	1	0	0	0	2119	0
U5	R	diseased	T:T6	BRD4	1	0	0	0	2119	0
U5	R	diseased	T:T6	CAT	1	0	0	0	2119	0
U5	R	diseased	T:T6	CD4	1	0	0	0	2119	0
U5	R	diseased	T:T6	CD86	1	0	0	0	2119	0
U5	R	diseased	T:T6	CREB1	1	0	0	0	2119	0
U5	R	diseased	T:T6	CTNNB1	1	0	0	0	2119	0
U5	R	diseased	T:T6	DNMT1	1	0	0	0	2119	0
U5	R	diseased	T:T6	FOXP3	1	0	0	0	2119	0
U5	R	diseased	T:T6	GABPA	1	0	0	0	2119	0
U5	R	diseased	T:T6	HIF1A	1	0	0	0	2119	0
U5	R	diseased	T:T6	HMOX1	1	0	0	0	2119	0
U5	R	diseased	T:T6	ICAM1	1	0	0	0	2119	0
U5	R	diseased	T:T6	IFNG	1	0	0	0	2119	0
U5	R	diseased	T:T6	IL15	1	0	0	0	2119	0
U5	R	diseased	T:T6	IL1B	1	0	0	0	2119	0
U5	R	diseased	T:T6	IL7	1	0	0	0	2119	0
U5	R	diseased	T:T6	ITGAM	1	0	0	0	2119	0
U5	R	diseased	T:T6	ITGAX	1	0	0	0	2119	0
U5	R	diseased	T:T6	JAK1	1	1	1	1	2119	1.74383
U5	R	diseased	T:T6	LYZ	1	0	0	0	2119	0
U5	R	diseased	T:T6	MAFB	1	0	0	0	2119	0
U5	R	diseased	T:T6	MAP1LC3B	1	1	1	1	2119	1.74383
U5	R	diseased	T:T6	MAPK14	1	0	0	0	2119	0
U5	R	diseased	T:T6	NFKB1	1	0	0	0	2119	0
U5	R	diseased	T:T6	NLRP3	1	0	0	0	2119	0
U5	R	diseased	T:T6	OSM	1	3	1	1	2119	2.7185
U5	R	diseased	T:T6	PARP1	1	0	0	0	2119	0
U5	R	diseased	T:T6	PIAS1	1	1	1	1	2119	1.74383
U5	R	diseased	T:T6	PKM	1	1	1	1	2119	1.74383
U5	R	diseased	T:T6	PRKAA1	1	0	0	0	2119	0
U5	R	diseased	T:T6	PTGS2	1	0	0	0	2119	0
U5	R	diseased	T:T6	RELA	1	0	0	0	2119	0
U5	R	diseased	T:T6	SH3KBP1	1	1	1	1	2119	1.74383
U5	R	diseased	T:T6	SMAD3	1	0	0	0	2119	0
U5	R	diseased	T:T6	SOD1	1	1	1	1	2119	1.74383
U5	R	diseased	T:T6	STAT3	1	0	0	0	2119	0
U5	R	diseased	T:T6	STAT5A	1	0	0	0	2119	0
U5	R	diseased	T:T6	SYK	1	0	0	0	2119	0
U5	R	diseased	T:T6	TLR4	1	0	0	0	2119	0
U5	R	diseased	T:T6	TNF	1	2	1	1	2119	2.34549
U5	R	diseased	T:T7	ACTA2	62	6	6	0.0967742	128332	0.383586
U5	R	diseased	T:T7	AHR	62	17	12	0.193548	128332	0.843586
U5	R	diseased	T:T7	AKT1	62	4	4	0.0645161	128332	0.271318
U5	R	diseased	T:T7	ARNTL	62	8	8	0.129032	128332	0.484512
U5	R	diseased	T:T7	BCL6	62	2	2	0.0322581	128332	0.144832
U5	R	diseased	T:T7	BECN1	62	9	7	0.112903	128332	0.531396
U5	R	diseased	T:T7	BLNK	62	0	0	0	128332	0
U5	R	diseased	T:T7	BRD4	62	12	11	0.177419	128332	0.660146
U5	R	diseased	T:T7	CAT	62	6	6	0.0967742	128332	0.383586
U5	R	diseased	T:T7	CD4	62	19	17	0.274194	128332	0.908474
U5	R	diseased	T:T7	CD86	62	0	0	0	128332	0
U5	R	diseased	T:T7	CREB1	62	13	11	0.177419	128332	0.699625
U5	R	diseased	T:T7	CTNNB1	62	8	8	0.129032	128332	0.484512
U5	R	diseased	T:T7	DNMT1	62	14	11	0.177419	128332	0.737604
U5	R	diseased	T:T7	FOXP3	62	44	26	0.419355	128332	1.48809
U5	R	diseased	T:T7	GABPA	62	6	6	0.0967742	128332	0.383586
U5	R	diseased	T:T7	HIF1A	62	9	8	0.129032	128332	0.531396
U5	R	diseased	T:T7	HMOX1	62	1	1	0.016129	128332	0.0750359
U5	R	diseased	T:T7	ICAM1	62	6	6	0.0967742	128332	0.383586
U5	R	diseased	T:T7	IFNG	62	6	1	0.016129	128332	0.383586
U5	R	diseased	T:T7	IL15	62	1	1	0.016129	128332	0.0750359
U5	R	diseased	T:T7	IL1B	62	0	0	0	128332	0
U5	R	diseased	T:T7	IL7	62	1	1	0.016129	128332	0.0750359
U5	R	diseased	T:T7	ITGAM	62	0	0	0	128332	0
U5	R	diseased	T:T7	ITGAX	62	0	0	0	128332	0
U5	R	diseased	T:T7	JAK1	62	44	32	0.516129	128332	1.48809
U5	R	diseased	T:T7	LYZ	62	0	0	0	128332	0
U5	R	diseased	T:T7	MAFB	62	0	0	0	128332	0
U5	R	diseased	T:T7	MAP1LC3B	62	19	14	0.225806	128332	0.908474
U5	R	diseased	T:T7	MAPK14	62	3	3	0.0483871	128332	0.210073
U5	R	diseased	T:T7	NFKB1	62	11	9	0.145161	128332	0.619044
U5	R	diseased	T:T7	NLRP3	62	0	0	0	128332	0
U5	R	diseased	T:T7	OSM	62	2	2	0.0322581	128332	0.144832
U5	R	diseased	T:T7	PARP1	62	12	11	0.177419	128332	0.660146
U5	R	diseased	T:T7	PIAS1	62	17	13	0.209677	128332	0.843586
U5	R	diseased	T:T7	PKM	62	61	29	0.467742	128332	1.74977
U5	R	diseased	T:T7	PRKAA1	62	2	2	0.0322581	128332	0.144832
U5	R	diseased	T:T7	PTGS2	62	0	0	0	128332	0
U5	R	diseased	T:T7	RELA	62	11	10	0.16129	128332	0.619044
U5	R	diseased	T:T7	SH3KBP1	62	20	17	0.274194	128332	0.939405
U5	R	diseased	T:T7	SMAD3	62	2	2	0.0322581	128332	0.144832
U5	R	diseased	T:T7	SOD1	62	53	35	0.564516	128332	1.63509
U5	R	diseased	T:T7	STAT3	62	66	36	0.580645	128332	1.8153
U5	R	diseased	T:T7	STAT5A	62	5	5	0.0806452	128332	0.329026
U5	R	diseased	T:T7	SYK	62	0	0	0	128332	0
U5	R	diseased	T:T7	TLR4	62	0	0	0	128332	0
U5	R	diseased	T:T7	TNF	62	27	15	0.241935	128332	1.13267
U5	R	diseased	T:T8	ACTA2	1	0	0	0	2506	0
U5	R	diseased	T:T8	AHR	1	0	0	0	2506	0
U5	R	diseased	T:T8	AKT1	1	0	0	0	2506	0
U5	R	diseased	T:T8	ARNTL	1	0	0	0	2506	0
U5	R	diseased	T:T8	BCL6	1	0	0	0	2506	0
U5	R	diseased	T:T8	BECN1	1	0	0	0	2506	0
U5	R	diseased	T:T8	BLNK	1	0	0	0	2506	0
U5	R	diseased	T:T8	BRD4	1	0	0	0	2506	0
U5	R	diseased	T:T8	CAT	1	0	0	0	2506	0
U5	R	diseased	T:T8	CD4	1	0	0	0	2506	0
U5	R	diseased	T:T8	CD86	1	0	0	0	2506	0
U5	R	diseased	T:T8	CREB1	1	0	0	0	2506	0
U5	R	diseased	T:T8	CTNNB1	1	0	0	0	2506	0
U5	R	diseased	T:T8	DNMT1	1	0	0	0	2506	0
U5	R	diseased	T:T8	FOXP3	1	0	0	0	2506	0
U5	R	diseased	T:T8	GABPA	1	0	0	0	2506	0
U5	R	diseased	T:T8	HIF1A	1	0	0	0	2506	0
U5	R	diseased	T:T8	HMOX1	1	0	0	0	2506	0
U5	R	diseased	T:T8	ICAM1	1	0	0	0	2506	0
U5	R	diseased	T:T8	IFNG	1	0	0	0	2506	0
U5	R	diseased	T:T8	IL15	1	0	0	0	2506	0
U5	R	diseased	T:T8	IL1B	1	0	0	0	2506	0
U5	R	diseased	T:T8	IL7	1	0	0	0	2506	0
U5	R	diseased	T:T8	ITGAM	1	0	0	0	2506	0
U5	R	diseased	T:T8	ITGAX	1	0	0	0	2506	0
U5	R	diseased	T:T8	JAK1	1	1	1	1	2506	1.60752
U5	R	diseased	T:T8	LYZ	1	0	0	0	2506	0
U5	R	diseased	T:T8	MAFB	1	0	0	0	2506	0
U5	R	diseased	T:T8	MAP1LC3B	1	0	0	0	2506	0
U5	R	diseased	T:T8	MAPK14	1	0	0	0	2506	0
U5	R	diseased	T:T8	NFKB1	1	0	0	0	2506	0
U5	R	diseased	T:T8	NLRP3	1	0	0	0	2506	0
U5	R	diseased	T:T8	OSM	1	0	0	0	2506	0
U5	R	diseased	T:T8	PARP1	1	0	0	0	2506	0
U5	R	diseased	T:T8	PIAS1	1	0	0	0	2506	0
U5	R	diseased	T:T8	PKM	1	0	0	0	2506	0
U5	R	diseased	T:T8	PRKAA1	1	1	1	1	2506	1.60752
U5	R	diseased	T:T8	PTGS2	1	0	0	0	2506	0
U5	R	diseased	T:T8	RELA	1	0	0	0	2506	0
U5	R	diseased	T:T8	SH3KBP1	1	1	1	1	2506	1.60752
U5	R	diseased	T:T8	SMAD3	1	0	0	0	2506	0
U5	R	diseased	T:T8	SOD1	1	1	1	1	2506	1.60752
U5	R	diseased	T:T8	STAT3	1	0	0	0	2506	0
U5	R	diseased	T:T8	STAT5A	1	1	1	1	2506	1.60752
U5	R	diseased	T:T8	SYK	1	0	0	0	2506	0
U5	R	diseased	T:T8	TLR4	1	0	0	0	2506	0
U5	R	diseased	T:T8	TNF	1	0	0	0	2506	0
U5	R	diseased	unknown	ACTA2	1412	42	40	0.0283286	3.47934e+06	0.113965
U5	R	diseased	unknown	AHR	1412	320	256	0.181303	3.47934e+06	0.652176
U5	R	diseased	unknown	AKT1	1412	38	38	0.0269122	3.47934e+06	0.103653
U5	R	diseased	unknown	ARNTL	1412	109	100	0.0708215	3.47934e+06	0.272526
U5	R	diseased	unknown	BCL6	1412	75	71	0.0502833	3.47934e+06	0.195203
U5	R	diseased	unknown	BECN1	1412	166	154	0.109065	3.47934e+06	0.390082
U5	R	diseased	unknown	BLNK	1412	136	106	0.0750708	3.47934e+06	0.329935
U5	R	diseased	unknown	BRD4	1412	212	187	0.132436	3.47934e+06	0.475806
U5	R	diseased	unknown	CAT	1412	121	112	0.0793201	3.47934e+06	0.298449
U5	R	diseased	unknown	CD4	1412	160	136	0.0963173	3.47934e+06	0.378338
U5	R	diseased	unknown	CD86	1412	35	31	0.0219547	3.47934e+06	0.0958498
U5	R	diseased	unknown	CREB1	1412	167	159	0.112606	3.47934e+06	0.392026
U5	R	diseased	unknown	CTNNB1	1412	121	112	0.0793201	3.47934e+06	0.298449
U5	R	diseased	unknown	DNMT1	1412	242	205	0.145184	3.47934e+06	0.527998
U5	R	diseased	unknown	FOXP3	1412	127	85	0.0601983	3.47934e+06	0.311163
U5	R	diseased	unknown	GABPA	1412	50	47	0.0332861	3.47934e+06	0.134273
U5	R	diseased	unknown	HIF1A	1412	340	281	0.199008	3.47934e+06	0.68168
U5	R	diseased	unknown	HMOX1	1412	15	14	0.00991501	3.47934e+06	0.0422082
U5	R	diseased	unknown	ICAM1	1412	238	175	0.123938	3.47934e+06	0.521194
U5	R	diseased	unknown	IFNG	1412	538	192	0.135977	3.47934e+06	0.934629
U5	R	diseased	unknown	IL15	1412	28	28	0.01983	3.47934e+06	0.0774007
U5	R	diseased	unknown	IL1B	1412	89	11	0.00779037	3.47934e+06	0.227769
U5	R	diseased	unknown	IL7	1412	26	26	0.0184136	3.47934e+06	0.0720664
U5	R	diseased	unknown	ITGAM	1412	14	13	0.0092068	3.47934e+06	0.039449
U5	R	diseased	unknown	ITGAX	1412	14	9	0.00637394	3.47934e+06	0.039449
U5	R	diseased	unknown	JAK1	1412	954	625	0.442635	3.47934e+06	1.31959
U5	R	diseased	unknown	LYZ	1412	223	12	0.00849858	3.47934e+06	0.49526
U5	R	diseased	unknown	MAFB	1412	11	11	0.00779037	3.47934e+06	0.0311257
U5	R	diseased	unknown	MAP1LC3B	1412	752	529	0.374646	3.47934e+06	1.15099
U5	R	diseased	unknown	MAPK14	1412	72	70	0.0495751	3.47934e+06	0.188085
U5	R	diseased	unknown	NFKB1	1412	411	324	0.229462	3.47934e+06	0.779902
U5	R	diseased	unknown	NLRP3	1412	23	22	0.0155807	3.47934e+06	0.0640113
U5	R	diseased	unknown	OSM	1412	64	48	0.0339943	3.47934e+06	0.16885
U5	R	diseased	unknown	PARP1	1412	362	266	0.188385	3.47934e+06	0.713159
U5	R	diseased	unknown	PIAS1	1412	348	310	0.219547	3.47934e+06	0.693242
U5	R	diseased	unknown	PKM	1412	770	474	0.335694	3.47934e+06	1.16722
U5	R	diseased	unknown	PRKAA1	1412	131	124	0.0878187	3.47934e+06	0.31955
U5	R	diseased	unknown	PTGS2	1412	3	3	0.00212465	3.47934e+06	0.00858536
U5	R	diseased	unknown	RELA	1412	160	149	0.105524	3.47934e+06	0.378338
U5	R	diseased	unknown	SH3KBP1	1412	392	324	0.229462	3.47934e+06	0.754548
U5	R	diseased	unknown	SMAD3	1412	121	113	0.0800283	3.47934e+06	0.298449
U5	R	diseased	unknown	SOD1	1412	902	616	0.436261	3.47934e+06	1.27883
U5	R	diseased	unknown	STAT3	1412	935	617	0.436969	3.47934e+06	1.30489
U5	R	diseased	unknown	STAT5A	1412	116	109	0.0771955	3.47934e+06	0.287729
U5	R	diseased	unknown	SYK	1412	121	93	0.065864	3.47934e+06	0.298449
U5	R	diseased	unknown	TLR4	1412	2	2	0.00141643	3.47934e+06	0.00573175
U5	R	diseased	unknown	TNF	1412	1152	453	0.320822	3.47934e+06	1.46116
U6	R	diseased	B	ACTA2	336	3	3	0.00892857	1.85715e+06	0.0160247
U6	R	diseased	B	AHR	336	13	13	0.0386905	1.85715e+06	0.0676583
U6	R	diseased	B	AKT1	336	8	8	0.0238095	1.85715e+06	0.0421747
U6	R	diseased	B	ARNTL	336	6	6	0.0178571	1.85715e+06	0.0317966
U6	R	diseased	B	BCL6	336	3	3	0.00892857	1.85715e+06	0.0160247
U6	R	diseased	B	BECN1	336	32	29	0.0863095	1.85715e+06	0.158973
U6	R	diseased	B	BLNK	336	103	92	0.27381	1.85715e+06	0.441226
U6	R	diseased	B	BRD4	336	26	25	0.0744048	1.85715e+06	0.131028
U6	R	diseased	B	CAT	336	17	17	0.0505952	1.85715e+06	0.0875877
U6	R	diseased	B	CD4	336	4	4	0.0119048	1.85715e+06	0.0213097
U6	R	diseased	B	CD86	336	6	6	0.0178571	1.85715e+06	0.0317966
U6	R	diseased	B	CREB1	336	27	25	0.0744048	1.85715e+06	0.13574
U6	R	diseased	B	CTNNB1	336	13	13	0.0386905	1.85715e+06	0.0676583
U6	R	diseased	B	DNMT1	336	14	14	0.0416667	1.85715e+06	0.072678
U6	R	diseased	B	FOXP3	336	8	6	0.0178571	1.85715e+06	0.0421747
U6	R	diseased	B	GABPA	336	15	15	0.0446429	1.85715e+06	0.0776727
U6	R	diseased	B	HIF1A	336	51	43	0.127976	1.85715e+06	0.242643
U6	R	diseased	B	HMOX1	336	8	8	0.0238095	1.85715e+06	0.0421747
U6	R	diseased	B	ICAM1	336	68	54	0.160714	1.85715e+06	0.311998
U6	R	diseased	B	IFNG	336	17	12	0.0357143	1.85715e+06	0.0875877
U6	R	diseased	B	IL15	336	27	25	0.0744048	1.85715e+06	0.13574
U6	R	diseased	B	IL1B	336	4	2	0.00595238	1.85715e+06	0.0213097
U6	R	diseased	B	IL7	336	1	1	0.00297619	1.85715e+06	0.00537014
U6	R	diseased	B	ITGAM	336	3	3	0.00892857	1.85715e+06	0.0160247
U6	R	diseased	B	ITGAX	336	1	1	0.00297619	1.85715e+06	0.00537014
U6	R	diseased	B	JAK1	336	91	78	0.232143	1.85715e+06	0.398775
U6	R	diseased	B	LYZ	336	2	2	0.00595238	1.85715e+06	0.0107116
U6	R	diseased	B	MAFB	336	1	1	0.00297619	1.85715e+06	0.00537014
U6	R	diseased	B	MAP1LC3B	336	141	112	0.333333	1.85715e+06	0.564875
U6	R	diseased	B	MAPK14	336	6	6	0.0178571	1.85715e+06	0.0317966
U6	R	diseased	B	NFKB1	336	16	15	0.0446429	1.85715e+06	0.0826425
U6	R	diseased	B	NLRP3	336	0	0	0	1.85715e+06	0
U6	R	diseased	B	OSM	336	0	0	0	1.85715e+06	0
U6	R	diseased	B	PARP1	336	109	90	0.267857	1.85715e+06	0.461795
U6	R	diseased	B	PIAS1	336	46	42	0.125	1.85715e+06	0.221295
U6	R	diseased	B	PKM	336	115	92	0.27381	1.85715e+06	0.481949
U6	R	diseased	B	PRKAA1	336	15	15	0.0446429	1.85715e+06	0.0776727
U6	R	diseased	B	PTGS2	336	1	1	0.00297619	1.85715e+06	0.00537014
U6	R	diseased	B	RELA	336	34	34	0.10119	1.85715e+06	0.168118
U6	R	diseased	B	SH3KBP1	336	16	16	0.047619	1.85715e+06	0.0826425
U6	R	diseased	B	SMAD3	336	4	4	0.0119048	1.85715e+06	0.0213097
U6	R	diseased	B	SOD1	336	170	130	0.386905	1.85715e+06	0.649916
U6	R	diseased	B	STAT3	336	73	58	0.172619	1.85715e+06	0.331514
U6	R	diseased	B	STAT5A	336	7	7	0.0208333	1.85715e+06	0.0369991
U6	R	diseased	B	SYK	336	29	27	0.0803571	1.85715e+06	0.145098
U6	R	diseased	B	TLR4	336	1	1	0.00297619	1.85715e+06	0.00537014
U6	R	diseased	B	TNF	336	21	14	0.0416667	1.85715e+06	0.107128
U6	R	diseased	B:B1	ACTA2	200	1	1	0.005	1.11887e+06	0.00889788
U6	R	diseased	B:B1	AHR	200	8	8	0.04	1.11887e+06	0.0690601
U6	R	diseased	B:B1	AKT1	200	6	6	0.03	1.11887e+06	0.0522371
U6	R	diseased	B:B1	ARNTL	200	2	2	0.01	1.11887e+06	0.0177173
U6	R	diseased	B:B1	BCL6	200	2	2	0.01	1.11887e+06	0.0177173
U6	R	diseased	B:B1	BECN1	200	19	17	0.085	1.11887e+06	0.156845
U6	R	diseased	B:B1	BLNK	200	64	57	0.285	1.11887e+06	0.452352
U6	R	diseased	B:B1	BRD4	200	15	14	0.07	1.11887e+06	0.125807
U6	R	diseased	B:B1	CAT	200	8	8	0.04	1.11887e+06	0.0690601
U6	R	diseased	B:B1	CD4	200	1	1	0.005	1.11887e+06	0.00889788
U6	R	diseased	B:B1	CD86	200	1	1	0.005	1.11887e+06	0.00889788
U6	R	diseased	B:B1	CREB1	200	16	15	0.075	1.11887e+06	0.133658
U6	R	diseased	B:B1	CTNNB1	200	7	7	0.035	1.11887e+06	0.060684
U6	R	diseased	B:B1	DNMT1	200	8	8	0.04	1.11887e+06	0.0690601
U6	R	diseased	B:B1	FOXP3	200	7	5	0.025	1.11887e+06	0.060684
U6	R	diseased	B:B1	GABPA	200	11	11	0.055	1.11887e+06	0.0937757
U6	R	diseased	B:B1	HIF1A	200	22	20	0.1	1.11887e+06	0.179507
U6	R	diseased	B:B1	HMOX1	200	7	7	0.035	1.11887e+06	0.060684
U6	R	diseased	B:B1	ICAM1	200	42	34	0.17	1.11887e+06	0.318729
U6	R	diseased	B:B1	IFNG	200	12	8	0.04	1.11887e+06	0.10188
U6	R	diseased	B:B1	IL15	200	17	16	0.08	1.11887e+06	0.141447
U6	R	diseased	B:B1	IL1B	200	0	0	0	1.11887e+06	0
U6	R	diseased	B:B1	IL7	200	0	0	0	1.11887e+06	0
U6	R	diseased	B:B1	ITGAM	200	0	0	0	1.11887e+06	0
U6	R	diseased	B:B1	ITGAX	200	0	0	0	1.11887e+06	0
U6	R	diseased	B:B1	JAK1	200	55	48	0.24	1.11887e+06	0.399827
U6	R	diseased	B:B1	LYZ	200	1	1	0.005	1.11887e+06	0.00889788
U6	R	diseased	B:B1	MAFB	200	1	1	0.005	1.11887e+06	0.00889788
U6	R	diseased	B:B1	MAP1LC3B	200	90	71	0.355	1.11887e+06	0.590218
U6	R	diseased	B:B1	MAPK14	200	3	3	0.015	1.11887e+06	0.0264596
U6	R	diseased	B:B1	NFKB1	200	8	8	0.04	1.11887e+06	0.0690601
U6	R	diseased	B:B1	NLRP3	200	0	0	0	1.11887e+06	0
U6	R	diseased	B:B1	OSM	200	0	0	0	1.11887e+06	0
U6	R	diseased	B:B1	PARP1	200	67	54	0.27	1.11887e+06	0.469265
U6	R	diseased	B:B1	PIAS1	200	26	26	0.13	1.11887e+06	0.208945
U6	R	diseased	B:B1	PKM	200	71	56	0.28	1.11887e+06	0.491379
U6	R	diseased	B:B1	PRKAA1	200	6	6	0.03	1.11887e+06	0.0522371
U6	R	diseased	B:B1	PTGS2	200	0	0	0	1.11887e+06	0
U6	R	diseased	B:B1	RELA	200	19	19	0.095	1.11887e+06	0.156845
U6	R	diseased	B:B1	SH3KBP1	200	11	11	0.055	1.11887e+06	0.0937757
U6	R	diseased	B:B1	SMAD3	200	2	2	0.01	1.11887e+06	0.0177173
U6	R	diseased	B:B1	SOD1	200	98	74	0.37	1.11887e+06	0.629079
U6	R	diseased	B:B1	STAT3	200	46	36	0.18	1.11887e+06	0.34439
U6	R	diseased	B:B1	STAT5A	200	4	4	0.02	1.11887e+06	0.0351261
U6	R	diseased	B:B1	SYK	200	21	19	0.095	1.11887e+06	0.17201
U6	R	diseased	B:B1	TLR4	200	0	0	0	1.11887e+06	0
U6	R	diseased	B:B1	TNF	200	9	5	0.025	1.11887e+06	0.0773667
U6	R	diseased	B:B10	ACTA2	33	0	0	0	242196	0
U6	R	diseased	B:B10	AHR	33	1	1	0.030303	242196	0.0404592
U6	R	diseased	B:B10	AKT1	33	1	1	0.030303	242196	0.0404592
U6	R	diseased	B:B10	ARNTL	33	1	1	0.030303	242196	0.0404592
U6	R	diseased	B:B10	BCL6	33	0	0	0	242196	0
U6	R	diseased	B:B10	BECN1	33	4	4	0.121212	242196	0.152855
U6	R	diseased	B:B10	BLNK	33	10	8	0.242424	242196	0.345636
U6	R	diseased	B:B10	BRD4	33	1	1	0.030303	242196	0.0404592
U6	R	diseased	B:B10	CAT	33	1	1	0.030303	242196	0.0404592
U6	R	diseased	B:B10	CD4	33	0	0	0	242196	0
U6	R	diseased	B:B10	CD86	33	1	1	0.030303	242196	0.0404592
U6	R	diseased	B:B10	CREB1	33	2	2	0.0606061	242196	0.079345
U6	R	diseased	B:B10	CTNNB1	33	0	0	0	242196	0
U6	R	diseased	B:B10	DNMT1	33	2	2	0.0606061	242196	0.079345
U6	R	diseased	B:B10	FOXP3	33	0	0	0	242196	0
U6	R	diseased	B:B10	GABPA	33	2	2	0.0606061	242196	0.079345
U6	R	diseased	B:B10	HIF1A	33	5	4	0.121212	242196	0.187677
U6	R	diseased	B:B10	HMOX1	33	0	0	0	242196	0
U6	R	diseased	B:B10	ICAM1	33	5	4	0.121212	242196	0.187677
U6	R	diseased	B:B10	IFNG	33	0	0	0	242196	0
U6	R	diseased	B:B10	IL15	33	3	3	0.0909091	242196	0.116775
U6	R	diseased	B:B10	IL1B	33	4	2	0.0606061	242196	0.152855
U6	R	diseased	B:B10	IL7	33	0	0	0	242196	0
U6	R	diseased	B:B10	ITGAM	33	0	0	0	242196	0
U6	R	diseased	B:B10	ITGAX	33	0	0	0	242196	0
U6	R	diseased	B:B10	JAK1	33	11	9	0.272727	242196	0.374441
U6	R	diseased	B:B10	LYZ	33	1	1	0.030303	242196	0.0404592
U6	R	diseased	B:B10	MAFB	33	0	0	0	242196	0
U6	R	diseased	B:B10	MAP1LC3B	33	8	7	0.212121	242196	0.285413
U6	R	diseased	B:B10	MAPK14	33	2	2	0.0606061	242196	0.079345
U6	R	diseased	B:B10	NFKB1	33	3	2	0.0606061	242196	0.116775
U6	R	diseased	B:B10	NLRP3	33	0	0	0	242196	0
U6	R	diseased	B:B10	OSM	33	0	0	0	242196	0
U6	R	diseased	B:B10	PARP1	33	15	14	0.424242	242196	0.482014
U6	R	diseased	B:B10	PIAS1	33	5	4	0.121212	242196	0.187677
U6	R	diseased	B:B10	PKM	33	9	9	0.272727	242196	0.315978
U6	R	diseased	B:B10	PRKAA1	33	3	3	0.0909091	242196	0.116775
U6	R	diseased	B:B10	PTGS2	33	1	1	0.030303	242196	0.0404592
U6	R	diseased	B:B10	RELA	33	6	6	0.181818	242196	0.221328
U6	R	diseased	B:B10	SH3KBP1	33	0	0	0	242196	0
U6	R	diseased	B:B10	SMAD3	33	0	0	0	242196	0
U6	R	diseased	B:B10	SOD1	33	20	15	0.454545	242196	0.602006
U6	R	diseased	B:B10	STAT3	33	5	4	0.121212	242196	0.187677
U6	R	diseased	B:B10	STAT5A	33	0	0	0	242196	0
U6	R	diseased	B:B10	SYK	33	2	2	0.0606061	242196	0.079345
U6	R	diseased	B:B10	TLR4	33	1	1	0.030303	242196	0.0404592
U6	R	diseased	B:B10	TNF	33	2	1	0.030303	242196	0.079345
U6	R	diseased	B:B11	ACTA2	15	0	0	0	111112	0
U6	R	diseased	B:B11	AHR	15	0	0	0	111112	0
U6	R	diseased	B:B11	AKT1	15	1	1	0.0666667	111112	0.086177
U6	R	diseased	B:B11	ARNTL	15	1	1	0.0666667	111112	0.086177
U6	R	diseased	B:B11	BCL6	15	0	0	0	111112	0
U6	R	diseased	B:B11	BECN1	15	2	2	0.133333	111112	0.165513
U6	R	diseased	B:B11	BLNK	15	5	5	0.333333	111112	0.371561
U6	R	diseased	B:B11	BRD4	15	2	2	0.133333	111112	0.165513
U6	R	diseased	B:B11	CAT	15	0	0	0	111112	0
U6	R	diseased	B:B11	CD4	15	0	0	0	111112	0
U6	R	diseased	B:B11	CD86	15	0	0	0	111112	0
U6	R	diseased	B:B11	CREB1	15	3	3	0.2	111112	0.239015
U6	R	diseased	B:B11	CTNNB1	15	2	2	0.133333	111112	0.165513
U6	R	diseased	B:B11	DNMT1	15	0	0	0	111112	0
U6	R	diseased	B:B11	FOXP3	15	0	0	0	111112	0
U6	R	diseased	B:B11	GABPA	15	0	0	0	111112	0
U6	R	diseased	B:B11	HIF1A	15	5	3	0.2	111112	0.371561
U6	R	diseased	B:B11	HMOX1	15	0	0	0	111112	0
U6	R	diseased	B:B11	ICAM1	15	1	1	0.0666667	111112	0.086177
U6	R	diseased	B:B11	IFNG	15	0	0	0	111112	0
U6	R	diseased	B:B11	IL15	15	0	0	0	111112	0
U6	R	diseased	B:B11	IL1B	15	0	0	0	111112	0
U6	R	diseased	B:B11	IL7	15	0	0	0	111112	0
U6	R	diseased	B:B11	ITGAM	15	0	0	0	111112	0
U6	R	diseased	B:B11	ITGAX	15	0	0	0	111112	0
U6	R	diseased	B:B11	JAK1	15	6	5	0.333333	111112	0.43178
U6	R	diseased	B:B11	LYZ	15	0	0	0	111112	0
U6	R	diseased	B:B11	MAFB	15	0	0	0	111112	0
U6	R	diseased	B:B11	MAP1LC3B	15	8	6	0.4	111112	0.542321
U6	R	diseased	B:B11	MAPK14	15	0	0	0	111112	0
U6	R	diseased	B:B11	NFKB1	15	2	2	0.133333	111112	0.165513
U6	R	diseased	B:B11	NLRP3	15	0	0	0	111112	0
U6	R	diseased	B:B11	OSM	15	0	0	0	111112	0
U6	R	diseased	B:B11	PARP1	15	4	4	0.266667	111112	0.307483
U6	R	diseased	B:B11	PIAS1	15	1	1	0.0666667	111112	0.086177
U6	R	diseased	B:B11	PKM	15	8	5	0.333333	111112	0.542321
U6	R	diseased	B:B11	PRKAA1	15	0	0	0	111112	0
U6	R	diseased	B:B11	PTGS2	15	0	0	0	111112	0
U6	R	diseased	B:B11	RELA	15	3	3	0.2	111112	0.239015
U6	R	diseased	B:B11	SH3KBP1	15	0	0	0	111112	0
U6	R	diseased	B:B11	SMAD3	15	0	0	0	111112	0
U6	R	diseased	B:B11	SOD1	15	7	5	0.333333	111112	0.488577
U6	R	diseased	B:B11	STAT3	15	2	1	0.0666667	111112	0.165513
U6	R	diseased	B:B11	STAT5A	15	0	0	0	111112	0
U6	R	diseased	B:B11	SYK	15	1	1	0.0666667	111112	0.086177
U6	R	diseased	B:B11	TLR4	15	0	0	0	111112	0
U6	R	diseased	B:B11	TNF	15	2	1	0.0666667	111112	0.165513
U6	R	diseased	B:B12	ACTA2	3	0	0	0	10143	0
U6	R	diseased	B:B12	AHR	3	0	0	0	10143	0
U6	R	diseased	B:B12	AKT1	3	0	0	0	10143	0
U6	R	diseased	B:B12	ARNTL	3	0	0	0	10143	0
U6	R	diseased	B:B12	BCL6	3	0	0	0	10143	0
U6	R	diseased	B:B12	BECN1	3	0	0	0	10143	0
U6	R	diseased	B:B12	BLNK	3	0	0	0	10143	0
U6	R	diseased	B:B12	BRD4	3	0	0	0	10143	0
U6	R	diseased	B:B12	CAT	3	0	0	0	10143	0
U6	R	diseased	B:B12	CD4	3	0	0	0	10143	0
U6	R	diseased	B:B12	CD86	3	0	0	0	10143	0
U6	R	diseased	B:B12	CREB1	3	0	0	0	10143	0
U6	R	diseased	B:B12	CTNNB1	3	0	0	0	10143	0
U6	R	diseased	B:B12	DNMT1	3	0	0	0	10143	0
U6	R	diseased	B:B12	FOXP3	3	0	0	0	10143	0
U6	R	diseased	B:B12	GABPA	3	0	0	0	10143	0
U6	R	diseased	B:B12	HIF1A	3	0	0	0	10143	0
U6	R	diseased	B:B12	HMOX1	3	0	0	0	10143	0
U6	R	diseased	B:B12	ICAM1	3	0	0	0	10143	0
U6	R	diseased	B:B12	IFNG	3	0	0	0	10143	0
U6	R	diseased	B:B12	IL15	3	0	0	0	10143	0
U6	R	diseased	B:B12	IL1B	3	0	0	0	10143	0
U6	R	diseased	B:B12	IL7	3	0	0	0	10143	0
U6	R	diseased	B:B12	ITGAM	3	0	0	0	10143	0
U6	R	diseased	B:B12	ITGAX	3	0	0	0	10143	0
U6	R	diseased	B:B12	JAK1	3	0	0	0	10143	0
U6	R	diseased	B:B12	LYZ	3	0	0	0	10143	0
U6	R	diseased	B:B12	MAFB	3	0	0	0	10143	0
U6	R	diseased	B:B12	MAP1LC3B	3	0	0	0	10143	0
U6	R	diseased	B:B12	MAPK14	3	0	0	0	10143	0
U6	R	diseased	B:B12	NFKB1	3	0	0	0	10143	0
U6	R	diseased	B:B12	NLRP3	3	0	0	0	10143	0
U6	R	diseased	B:B12	OSM	3	0	0	0	10143	0
U6	R	diseased	B:B12	PARP1	3	1	1	0.333333	10143	0.686073
U6	R	diseased	B:B12	PIAS1	3	0	0	0	10143	0
U6	R	diseased	B:B12	PKM	3	1	1	0.333333	10143	0.686073
U6	R	diseased	B:B12	PRKAA1	3	0	0	0	10143	0
U6	R	diseased	B:B12	PTGS2	3	0	0	0	10143	0
U6	R	diseased	B:B12	RELA	3	0	0	0	10143	0
U6	R	diseased	B:B12	SH3KBP1	3	0	0	0	10143	0
U6	R	diseased	B:B12	SMAD3	3	0	0	0	10143	0
U6	R	diseased	B:B12	SOD1	3	0	0	0	10143	0
U6	R	diseased	B:B12	STAT3	3	1	1	0.333333	10143	0.686073
U6	R	diseased	B:B12	STAT5A	3	0	0	0	10143	0
U6	R	diseased	B:B12	SYK	3	0	0	0	10143	0
U6	R	diseased	B:B12	TLR4	3	0	0	0	10143	0
U6	R	diseased	B:B12	TNF	3	0	0	0	10143	0
U6	R	diseased	B:B13	ACTA2	11	0	0	0	50981	0
U6	R	diseased	B:B13	AHR	11	1	1	0.0909091	50981	0.179109
U6	R	diseased	B:B13	AKT1	11	0	0	0	50981	0
U6	R	diseased	B:B13	ARNTL	11	0	0	0	50981	0
U6	R	diseased	B:B13	BCL6	11	0	0	0	50981	0
U6	R	diseased	B:B13	BECN1	11	1	1	0.0909091	50981	0.179109
U6	R	diseased	B:B13	BLNK	11	6	4	0.363636	50981	0.777906
U6	R	diseased	B:B13	BRD4	11	0	0	0	50981	0
U6	R	diseased	B:B13	CAT	11	2	2	0.181818	50981	0.330959
U6	R	diseased	B:B13	CD4	11	0	0	0	50981	0
U6	R	diseased	B:B13	CD86	11	0	0	0	50981	0
U6	R	diseased	B:B13	CREB1	11	0	0	0	50981	0
U6	R	diseased	B:B13	CTNNB1	11	0	0	0	50981	0
U6	R	diseased	B:B13	DNMT1	11	1	1	0.0909091	50981	0.179109
U6	R	diseased	B:B13	FOXP3	11	0	0	0	50981	0
U6	R	diseased	B:B13	GABPA	11	0	0	0	50981	0
U6	R	diseased	B:B13	HIF1A	11	4	4	0.363636	50981	0.579198
U6	R	diseased	B:B13	HMOX1	11	0	0	0	50981	0
U6	R	diseased	B:B13	ICAM1	11	5	4	0.363636	50981	0.683479
U6	R	diseased	B:B13	IFNG	11	2	1	0.0909091	50981	0.330959
U6	R	diseased	B:B13	IL15	11	2	2	0.181818	50981	0.330959
U6	R	diseased	B:B13	IL1B	11	0	0	0	50981	0
U6	R	diseased	B:B13	IL7	11	0	0	0	50981	0
U6	R	diseased	B:B13	ITGAM	11	0	0	0	50981	0
U6	R	diseased	B:B13	ITGAX	11	0	0	0	50981	0
U6	R	diseased	B:B13	JAK1	11	1	1	0.0909091	50981	0.179109
U6	R	diseased	B:B13	LYZ	11	0	0	0	50981	0
U6	R	diseased	B:B13	MAFB	11	0	0	0	50981	0
U6	R	diseased	B:B13	MAP1LC3B	11	4	4	0.363636	50981	0.579198
U6	R	diseased	B:B13	MAPK14	11	0	0	0	50981	0
U6	R	diseased	B:B13	NFKB1	11	0	0	0	50981	0
U6	R	diseased	B:B13	NLRP3	11	0	0	0	50981	0
U6	R	diseased	B:B13	OSM	11	0	0	0	50981	0
U6	R	diseased	B:B13	PARP1	11	2	2	0.181818	50981	0.330959
U6	R	diseased	B:B13	PIAS1	11	4	3	0.272727	50981	0.579198
U6	R	diseased	B:B13	PKM	11	4	3	0.272727	50981	0.579198
U6	R	diseased	B:B13	PRKAA1	11	0	0	0	50981	0
U6	R	diseased	B:B13	PTGS2	11	0	0	0	50981	0
U6	R	diseased	B:B13	RELA	11	1	1	0.0909091	50981	0.179109
U6	R	diseased	B:B13	SH3KBP1	11	0	0	0	50981	0
U6	R	diseased	B:B13	SMAD3	11	0	0	0	50981	0
U6	R	diseased	B:B13	SOD1	11	11	7	0.636364	50981	1.14983
U6	R	diseased	B:B13	STAT3	11	2	2	0.181818	50981	0.330959
U6	R	diseased	B:B13	STAT5A	11	0	0	0	50981	0
U6	R	diseased	B:B13	SYK	11	1	1	0.0909091	50981	0.179109
U6	R	diseased	B:B13	TLR4	11	0	0	0	50981	0
U6	R	diseased	B:B13	TNF	11	2	1	0.0909091	50981	0.330959
U6	R	diseased	B:B14	ACTA2	5	0	0	0	19450	0
U6	R	diseased	B:B14	AHR	5	0	0	0	19450	0
U6	R	diseased	B:B14	AKT1	5	0	0	0	19450	0
U6	R	diseased	B:B14	ARNTL	5	0	0	0	19450	0
U6	R	diseased	B:B14	BCL6	5	0	0	0	19450	0
U6	R	diseased	B:B14	BECN1	5	0	0	0	19450	0
U6	R	diseased	B:B14	BLNK	5	0	0	0	19450	0
U6	R	diseased	B:B14	BRD4	5	2	2	0.4	19450	0.707187
U6	R	diseased	B:B14	CAT	5	1	1	0.2	19450	0.414847
U6	R	diseased	B:B14	CD4	5	0	0	0	19450	0
U6	R	diseased	B:B14	CD86	5	0	0	0	19450	0
U6	R	diseased	B:B14	CREB1	5	0	0	0	19450	0
U6	R	diseased	B:B14	CTNNB1	5	2	2	0.4	19450	0.707187
U6	R	diseased	B:B14	DNMT1	5	0	0	0	19450	0
U6	R	diseased	B:B14	FOXP3	5	0	0	0	19450	0
U6	R	diseased	B:B14	GABPA	5	0	0	0	19450	0
U6	R	diseased	B:B14	HIF1A	5	2	2	0.4	19450	0.707187
U6	R	diseased	B:B14	HMOX1	5	0	0	0	19450	0
U6	R	diseased	B:B14	ICAM1	5	0	0	0	19450	0
U6	R	diseased	B:B14	IFNG	5	1	1	0.2	19450	0.414847
U6	R	diseased	B:B14	IL15	5	1	1	0.2	19450	0.414847
U6	R	diseased	B:B14	IL1B	5	0	0	0	19450	0
U6	R	diseased	B:B14	IL7	5	0	0	0	19450	0
U6	R	diseased	B:B14	ITGAM	5	0	0	0	19450	0
U6	R	diseased	B:B14	ITGAX	5	0	0	0	19450	0
U6	R	diseased	B:B14	JAK1	5	0	0	0	19450	0
U6	R	diseased	B:B14	LYZ	5	0	0	0	19450	0
U6	R	diseased	B:B14	MAFB	5	0	0	0	19450	0
U6	R	diseased	B:B14	MAP1LC3B	5	2	2	0.4	19450	0.707187
U6	R	diseased	B:B14	MAPK14	5	0	0	0	19450	0
U6	R	diseased	B:B14	NFKB1	5	0	0	0	19450	0
U6	R	diseased	B:B14	NLRP3	5	0	0	0	19450	0
U6	R	diseased	B:B14	OSM	5	0	0	0	19450	0
U6	R	diseased	B:B14	PARP1	5	0	0	0	19450	0
U6	R	diseased	B:B14	PIAS1	5	0	0	0	19450	0
U6	R	diseased	B:B14	PKM	5	0	0	0	19450	0
U6	R	diseased	B:B14	PRKAA1	5	0	0	0	19450	0
U6	R	diseased	B:B14	PTGS2	5	0	0	0	19450	0
U6	R	diseased	B:B14	RELA	5	0	0	0	19450	0
U6	R	diseased	B:B14	SH3KBP1	5	0	0	0	19450	0
U6	R	diseased	B:B14	SMAD3	5	0	0	0	19450	0
U6	R	diseased	B:B14	SOD1	5	3	3	0.6	19450	0.933115
U6	R	diseased	B:B14	STAT3	5	2	1	0.2	19450	0.707187
U6	R	diseased	B:B14	STAT5A	5	0	0	0	19450	0
U6	R	diseased	B:B14	SYK	5	0	0	0	19450	0
U6	R	diseased	B:B14	TLR4	5	0	0	0	19450	0
U6	R	diseased	B:B14	TNF	5	1	1	0.2	19450	0.414847
U6	R	diseased	B:B15	ACTA2	12	0	0	0	76652	0
U6	R	diseased	B:B15	AHR	12	0	0	0	76652	0
U6	R	diseased	B:B15	AKT1	12	0	0	0	76652	0
U6	R	diseased	B:B15	ARNTL	12	0	0	0	76652	0
U6	R	diseased	B:B15	BCL6	12	0	0	0	76652	0
U6	R	diseased	B:B15	BECN1	12	0	0	0	76652	0
U6	R	diseased	B:B15	BLNK	12	3	3	0.25	76652	0.330296
U6	R	diseased	B:B15	BRD4	12	0	0	0	76652	0
U6	R	diseased	B:B15	CAT	12	0	0	0	76652	0
U6	R	diseased	B:B15	CD4	12	0	0	0	76652	0
U6	R	diseased	B:B15	CD86	12	0	0	0	76652	0
U6	R	diseased	B:B15	CREB1	12	0	0	0	76652	0
U6	R	diseased	B:B15	CTNNB1	12	0	0	0	76652	0
U6	R	diseased	B:B15	DNMT1	12	0	0	0	76652	0
U6	R	diseased	B:B15	FOXP3	12	0	0	0	76652	0
U6	R	diseased	B:B15	GABPA	12	0	0	0	76652	0
U6	R	diseased	B:B15	HIF1A	12	1	1	0.0833333	76652	0.122624
U6	R	diseased	B:B15	HMOX1	12	0	0	0	76652	0
U6	R	diseased	B:B15	ICAM1	12	2	2	0.166667	76652	0.231841
U6	R	diseased	B:B15	IFNG	12	0	0	0	76652	0
U6	R	diseased	B:B15	IL15	12	2	2	0.166667	76652	0.231841
U6	R	diseased	B:B15	IL1B	12	0	0	0	76652	0
U6	R	diseased	B:B15	IL7	12	0	0	0	76652	0
U6	R	diseased	B:B15	ITGAM	12	0	0	0	76652	0
U6	R	diseased	B:B15	ITGAX	12	0	0	0	76652	0
U6	R	diseased	B:B15	JAK1	12	1	1	0.0833333	76652	0.122624
U6	R	diseased	B:B15	LYZ	12	0	0	0	76652	0
U6	R	diseased	B:B15	MAFB	12	0	0	0	76652	0
U6	R	diseased	B:B15	MAP1LC3B	12	2	2	0.166667	76652	0.231841
U6	R	diseased	B:B15	MAPK14	12	0	0	0	76652	0
U6	R	diseased	B:B15	NFKB1	12	0	0	0	76652	0
U6	R	diseased	B:B15	NLRP3	12	0	0	0	76652	0
U6	R	diseased	B:B15	OSM	12	0	0	0	76652	0
U6	R	diseased	B:B15	PARP1	12	5	3	0.25	76652	0.502167
U6	R	diseased	B:B15	PIAS1	12	2	2	0.166667	76652	0.231841
U6	R	diseased	B:B15	PKM	12	1	1	0.0833333	76652	0.122624
U6	R	diseased	B:B15	PRKAA1	12	0	0	0	76652	0
U6	R	diseased	B:B15	PTGS2	12	0	0	0	76652	0
U6	R	diseased	B:B15	RELA	12	1	1	0.0833333	76652	0.122624
U6	R	diseased	B:B15	SH3KBP1	12	3	3	0.25	76652	0.330296
U6	R	diseased	B:B15	SMAD3	12	0	0	0	76652	0
U6	R	diseased	B:B15	SOD1	12	4	3	0.25	76652	0.419919
U6	R	diseased	B:B15	STAT3	12	3	2	0.166667	76652	0.330296
U6	R	diseased	B:B15	STAT5A	12	0	0	0	76652	0
U6	R	diseased	B:B15	SYK	12	1	1	0.0833333	76652	0.122624
U6	R	diseased	B:B15	TLR4	12	0	0	0	76652	0
U6	R	diseased	B:B15	TNF	12	0	0	0	76652	0
U6	R	diseased	B:B16	ACTA2	31	2	2	0.0645161	161758	0.116575
U6	R	diseased	B:B16	AHR	31	2	2	0.0645161	161758	0.116575
U6	R	diseased	B:B16	AKT1	31	0	0	0	161758	0
U6	R	diseased	B:B16	ARNTL	31	0	0	0	161758	0
U6	R	diseased	B:B16	BCL6	31	1	1	0.0322581	161758	0.0599851
U6	R	diseased	B:B16	BECN1	31	3	2	0.0645161	161758	0.170133
U6	R	diseased	B:B16	BLNK	31	9	9	0.290323	161758	0.442367
U6	R	diseased	B:B16	BRD4	31	5	5	0.16129	161758	0.269343
U6	R	diseased	B:B16	CAT	31	1	1	0.0322581	161758	0.0599851
U6	R	diseased	B:B16	CD4	31	0	0	0	161758	0
U6	R	diseased	B:B16	CD86	31	4	4	0.129032	161758	0.220968
U6	R	diseased	B:B16	CREB1	31	3	3	0.0967742	161758	0.170133
U6	R	diseased	B:B16	CTNNB1	31	1	1	0.0322581	161758	0.0599851
U6	R	diseased	B:B16	DNMT1	31	2	2	0.0645161	161758	0.116575
U6	R	diseased	B:B16	FOXP3	31	1	1	0.0322581	161758	0.0599851
U6	R	diseased	B:B16	GABPA	31	0	0	0	161758	0
U6	R	diseased	B:B16	HIF1A	31	7	6	0.193548	161758	0.359592
U6	R	diseased	B:B16	HMOX1	31	1	1	0.0322581	161758	0.0599851
U6	R	diseased	B:B16	ICAM1	31	12	8	0.258065	161758	0.554947
U6	R	diseased	B:B16	IFNG	31	0	0	0	161758	0
U6	R	diseased	B:B16	IL15	31	2	1	0.0322581	161758	0.116575
U6	R	diseased	B:B16	IL1B	31	0	0	0	161758	0
U6	R	diseased	B:B16	IL7	31	0	0	0	161758	0
U6	R	diseased	B:B16	ITGAM	31	0	0	0	161758	0
U6	R	diseased	B:B16	ITGAX	31	0	0	0	161758	0
U6	R	diseased	B:B16	JAK1	31	10	9	0.290323	161758	0.481319
U6	R	diseased	B:B16	LYZ	31	0	0	0	161758	0
U6	R	diseased	B:B16	MAFB	31	0	0	0	161758	0
U6	R	diseased	B:B16	MAP1LC3B	31	12	9	0.290323	161758	0.554947
U6	R	diseased	B:B16	MAPK14	31	1	1	0.0322581	161758	0.0599851
U6	R	diseased	B:B16	NFKB1	31	1	1	0.0322581	161758	0.0599851
U6	R	diseased	B:B16	NLRP3	31	0	0	0	161758	0
U6	R	diseased	B:B16	OSM	31	0	0	0	161758	0
U6	R	diseased	B:B16	PARP1	31	11	9	0.290323	161758	0.518811
U6	R	diseased	B:B16	PIAS1	31	1	1	0.0322581	161758	0.0599851
U6	R	diseased	B:B16	PKM	31	14	12	0.387097	161758	0.623524
U6	R	diseased	B:B16	PRKAA1	31	4	4	0.129032	161758	0.220968
U6	R	diseased	B:B16	PTGS2	31	0	0	0	161758	0
U6	R	diseased	B:B16	RELA	31	2	2	0.0645161	161758	0.116575
U6	R	diseased	B:B16	SH3KBP1	31	1	1	0.0322581	161758	0.0599851
U6	R	diseased	B:B16	SMAD3	31	0	0	0	161758	0
U6	R	diseased	B:B16	SOD1	31	13	12	0.387097	161758	0.589823
U6	R	diseased	B:B16	STAT3	31	6	6	0.193548	161758	0.315485
U6	R	diseased	B:B16	STAT5A	31	3	3	0.0967742	161758	0.170133
U6	R	diseased	B:B16	SYK	31	2	2	0.0645161	161758	0.116575
U6	R	diseased	B:B16	TLR4	31	0	0	0	161758	0
U6	R	diseased	B:B16	TNF	31	0	0	0	161758	0
U6	R	diseased	B:B17	ACTA2	2	0	0	0	8028	0
U6	R	diseased	B:B17	AHR	2	0	0	0	8028	0
U6	R	diseased	B:B17	AKT1	2	0	0	0	8028	0
U6	R	diseased	B:B17	ARNTL	2	0	0	0	8028	0
U6	R	diseased	B:B17	BCL6	2	0	0	0	8028	0
U6	R	diseased	B:B17	BECN1	2	0	0	0	8028	0
U6	R	diseased	B:B17	BLNK	2	0	0	0	8028	0
U6	R	diseased	B:B17	BRD4	2	0	0	0	8028	0
U6	R	diseased	B:B17	CAT	2	0	0	0	8028	0
U6	R	diseased	B:B17	CD4	2	0	0	0	8028	0
U6	R	diseased	B:B17	CD86	2	0	0	0	8028	0
U6	R	diseased	B:B17	CREB1	2	1	1	0.5	8028	0.808991
U6	R	diseased	B:B17	CTNNB1	2	0	0	0	8028	0
U6	R	diseased	B:B17	DNMT1	2	0	0	0	8028	0
U6	R	diseased	B:B17	FOXP3	2	0	0	0	8028	0
U6	R	diseased	B:B17	GABPA	2	1	1	0.5	8028	0.808991
U6	R	diseased	B:B17	HIF1A	2	1	1	0.5	8028	0.808991
U6	R	diseased	B:B17	HMOX1	2	0	0	0	8028	0
U6	R	diseased	B:B17	ICAM1	2	0	0	0	8028	0
U6	R	diseased	B:B17	IFNG	2	0	0	0	8028	0
U6	R	diseased	B:B17	IL15	2	0	0	0	8028	0
U6	R	diseased	B:B17	IL1B	2	0	0	0	8028	0
U6	R	diseased	B:B17	IL7	2	0	0	0	8028	0
U6	R	diseased	B:B17	ITGAM	2	0	0	0	8028	0
U6	R	diseased	B:B17	ITGAX	2	0	0	0	8028	0
U6	R	diseased	B:B17	JAK1	2	0	0	0	8028	0
U6	R	diseased	B:B17	LYZ	2	0	0	0	8028	0
U6	R	diseased	B:B17	MAFB	2	0	0	0	8028	0
U6	R	diseased	B:B17	MAP1LC3B	2	1	1	0.5	8028	0.808991
U6	R	diseased	B:B17	MAPK14	2	0	0	0	8028	0
U6	R	diseased	B:B17	NFKB1	2	0	0	0	8028	0
U6	R	diseased	B:B17	NLRP3	2	0	0	0	8028	0
U6	R	diseased	B:B17	OSM	2	0	0	0	8028	0
U6	R	diseased	B:B17	PARP1	2	0	0	0	8028	0
U6	R	diseased	B:B17	PIAS1	2	1	1	0.5	8028	0.808991
U6	R	diseased	B:B17	PKM	2	0	0	0	8028	0
U6	R	diseased	B:B17	PRKAA1	2	0	0	0	8028	0
U6	R	diseased	B:B17	PTGS2	2	0	0	0	8028	0
U6	R	diseased	B:B17	RELA	2	0	0	0	8028	0
U6	R	diseased	B:B17	SH3KBP1	2	0	0	0	8028	0
U6	R	diseased	B:B17	SMAD3	2	0	0	0	8028	0
U6	R	diseased	B:B17	SOD1	2	2	1	0.5	8028	1.25027
U6	R	diseased	B:B17	STAT3	2	0	0	0	8028	0
U6	R	diseased	B:B17	STAT5A	2	0	0	0	8028	0
U6	R	diseased	B:B17	SYK	2	0	0	0	8028	0
U6	R	diseased	B:B17	TLR4	2	0	0	0	8028	0
U6	R	diseased	B:B17	TNF	2	0	0	0	8028	0
U6	R	diseased	B:B2	ACTA2	3	0	0	0	7657	0
U6	R	diseased	B:B2	AHR	3	1	1	0.333333	7657	0.835512
U6	R	diseased	B:B2	AKT1	3	0	0	0	7657	0
U6	R	diseased	B:B2	ARNTL	3	2	2	0.666667	7657	1.28426
U6	R	diseased	B:B2	BCL6	3	0	0	0	7657	0
U6	R	diseased	B:B2	BECN1	3	1	1	0.333333	7657	0.835512
U6	R	diseased	B:B2	BLNK	3	0	0	0	7657	0
U6	R	diseased	B:B2	BRD4	3	0	0	0	7657	0
U6	R	diseased	B:B2	CAT	3	1	1	0.333333	7657	0.835512
U6	R	diseased	B:B2	CD4	3	2	2	0.666667	7657	1.28426
U6	R	diseased	B:B2	CD86	3	0	0	0	7657	0
U6	R	diseased	B:B2	CREB1	3	2	1	0.333333	7657	1.28426
U6	R	diseased	B:B2	CTNNB1	3	0	0	0	7657	0
U6	R	diseased	B:B2	DNMT1	3	0	0	0	7657	0
U6	R	diseased	B:B2	FOXP3	3	0	0	0	7657	0
U6	R	diseased	B:B2	GABPA	3	0	0	0	7657	0
U6	R	diseased	B:B2	HIF1A	3	2	1	0.333333	7657	1.28426
U6	R	diseased	B:B2	HMOX1	3	0	0	0	7657	0
U6	R	diseased	B:B2	ICAM1	3	1	1	0.333333	7657	0.835512
U6	R	diseased	B:B2	IFNG	3	0	0	0	7657	0
U6	R	diseased	B:B2	IL15	3	0	0	0	7657	0
U6	R	diseased	B:B2	IL1B	3	0	0	0	7657	0
U6	R	diseased	B:B2	IL7	3	0	0	0	7657	0
U6	R	diseased	B:B2	ITGAM	3	0	0	0	7657	0
U6	R	diseased	B:B2	ITGAX	3	0	0	0	7657	0
U6	R	diseased	B:B2	JAK1	3	2	1	0.333333	7657	1.28426
U6	R	diseased	B:B2	LYZ	3	0	0	0	7657	0
U6	R	diseased	B:B2	MAFB	3	0	0	0	7657	0
U6	R	diseased	B:B2	MAP1LC3B	3	4	3	1	7657	1.82841
U6	R	diseased	B:B2	MAPK14	3	0	0	0	7657	0
U6	R	diseased	B:B2	NFKB1	3	2	2	0.666667	7657	1.28426
U6	R	diseased	B:B2	NLRP3	3	0	0	0	7657	0
U6	R	diseased	B:B2	OSM	3	0	0	0	7657	0
U6	R	diseased	B:B2	PARP1	3	0	0	0	7657	0
U6	R	diseased	B:B2	PIAS1	3	4	2	0.666667	7657	1.82841
U6	R	diseased	B:B2	PKM	3	4	2	0.666667	7657	1.82841
U6	R	diseased	B:B2	PRKAA1	3	1	1	0.333333	7657	0.835512
U6	R	diseased	B:B2	PTGS2	3	0	0	0	7657	0
U6	R	diseased	B:B2	RELA	3	1	1	0.333333	7657	0.835512
U6	R	diseased	B:B2	SH3KBP1	3	0	0	0	7657	0
U6	R	diseased	B:B2	SMAD3	3	1	1	0.333333	7657	0.835512
U6	R	diseased	B:B2	SOD1	3	3	2	0.666667	7657	1.5929
U6	R	diseased	B:B2	STAT3	3	3	2	0.666667	7657	1.5929
U6	R	diseased	B:B2	STAT5A	3	0	0	0	7657	0
U6	R	diseased	B:B2	SYK	3	0	0	0	7657	0
U6	R	diseased	B:B2	TLR4	3	0	0	0	7657	0
U6	R	diseased	B:B2	TNF	3	3	3	1	7657	1.5929
U6	R	diseased	B:B4	ACTA2	5	0	0	0	9345	0
U6	R	diseased	B:B4	AHR	5	0	0	0	9345	0
U6	R	diseased	B:B4	AKT1	5	0	0	0	9345	0
U6	R	diseased	B:B4	ARNTL	5	0	0	0	9345	0
U6	R	diseased	B:B4	BCL6	5	0	0	0	9345	0
U6	R	diseased	B:B4	BECN1	5	1	1	0.2	9345	0.727593
U6	R	diseased	B:B4	BLNK	5	2	2	0.4	9345	1.14428
U6	R	diseased	B:B4	BRD4	5	1	1	0.2	9345	0.727593
U6	R	diseased	B:B4	CAT	5	1	1	0.2	9345	0.727593
U6	R	diseased	B:B4	CD4	5	1	1	0.2	9345	0.727593
U6	R	diseased	B:B4	CD86	5	0	0	0	9345	0
U6	R	diseased	B:B4	CREB1	5	0	0	0	9345	0
U6	R	diseased	B:B4	CTNNB1	5	0	0	0	9345	0
U6	R	diseased	B:B4	DNMT1	5	0	0	0	9345	0
U6	R	diseased	B:B4	FOXP3	5	0	0	0	9345	0
U6	R	diseased	B:B4	GABPA	5	1	1	0.2	9345	0.727593
U6	R	diseased	B:B4	HIF1A	5	0	0	0	9345	0
U6	R	diseased	B:B4	HMOX1	5	0	0	0	9345	0
U6	R	diseased	B:B4	ICAM1	5	0	0	0	9345	0
U6	R	diseased	B:B4	IFNG	5	0	0	0	9345	0
U6	R	diseased	B:B4	IL15	5	0	0	0	9345	0
U6	R	diseased	B:B4	IL1B	5	0	0	0	9345	0
U6	R	diseased	B:B4	IL7	5	0	0	0	9345	0
U6	R	diseased	B:B4	ITGAM	5	2	2	0.4	9345	1.14428
U6	R	diseased	B:B4	ITGAX	5	0	0	0	9345	0
U6	R	diseased	B:B4	JAK1	5	3	2	0.4	9345	1.43753
U6	R	diseased	B:B4	LYZ	5	0	0	0	9345	0
U6	R	diseased	B:B4	MAFB	5	0	0	0	9345	0
U6	R	diseased	B:B4	MAP1LC3B	5	4	3	0.6	9345	1.664
U6	R	diseased	B:B4	MAPK14	5	0	0	0	9345	0
U6	R	diseased	B:B4	NFKB1	5	0	0	0	9345	0
U6	R	diseased	B:B4	NLRP3	5	0	0	0	9345	0
U6	R	diseased	B:B4	OSM	5	0	0	0	9345	0
U6	R	diseased	B:B4	PARP1	5	3	2	0.4	9345	1.43753
U6	R	diseased	B:B4	PIAS1	5	1	1	0.2	9345	0.727593
U6	R	diseased	B:B4	PKM	5	1	1	0.2	9345	0.727593
U6	R	diseased	B:B4	PRKAA1	5	0	0	0	9345	0
U6	R	diseased	B:B4	PTGS2	5	0	0	0	9345	0
U6	R	diseased	B:B4	RELA	5	1	1	0.2	9345	0.727593
U6	R	diseased	B:B4	SH3KBP1	5	0	0	0	9345	0
U6	R	diseased	B:B4	SMAD3	5	1	1	0.2	9345	0.727593
U6	R	diseased	B:B4	SOD1	5	3	2	0.4	9345	1.43753
U6	R	diseased	B:B4	STAT3	5	2	2	0.4	9345	1.14428
U6	R	diseased	B:B4	STAT5A	5	0	0	0	9345	0
U6	R	diseased	B:B4	SYK	5	0	0	0	9345	0
U6	R	diseased	B:B4	TLR4	5	0	0	0	9345	0
U6	R	diseased	B:B4	TNF	5	0	0	0	9345	0
U6	R	diseased	B:B5	ACTA2	2	0	0	0	3587	0
U6	R	diseased	B:B5	AHR	2	0	0	0	3587	0
U6	R	diseased	B:B5	AKT1	2	0	0	0	3587	0
U6	R	diseased	B:B5	ARNTL	2	0	0	0	3587	0
U6	R	diseased	B:B5	BCL6	2	0	0	0	3587	0
U6	R	diseased	B:B5	BECN1	2	0	0	0	3587	0
U6	R	diseased	B:B5	BLNK	2	2	2	1	3587	1.88338
U6	R	diseased	B:B5	BRD4	2	0	0	0	3587	0
U6	R	diseased	B:B5	CAT	2	0	0	0	3587	0
U6	R	diseased	B:B5	CD4	2	0	0	0	3587	0
U6	R	diseased	B:B5	CD86	2	0	0	0	3587	0
U6	R	diseased	B:B5	CREB1	2	0	0	0	3587	0
U6	R	diseased	B:B5	CTNNB1	2	0	0	0	3587	0
U6	R	diseased	B:B5	DNMT1	2	0	0	0	3587	0
U6	R	diseased	B:B5	FOXP3	2	0	0	0	3587	0
U6	R	diseased	B:B5	GABPA	2	0	0	0	3587	0
U6	R	diseased	B:B5	HIF1A	2	0	0	0	3587	0
U6	R	diseased	B:B5	HMOX1	2	0	0	0	3587	0
U6	R	diseased	B:B5	ICAM1	2	0	0	0	3587	0
U6	R	diseased	B:B5	IFNG	2	0	0	0	3587	0
U6	R	diseased	B:B5	IL15	2	0	0	0	3587	0
U6	R	diseased	B:B5	IL1B	2	0	0	0	3587	0
U6	R	diseased	B:B5	IL7	2	0	0	0	3587	0
U6	R	diseased	B:B5	ITGAM	2	1	1	0.5	3587	1.3318
U6	R	diseased	B:B5	ITGAX	2	1	1	0.5	3587	1.3318
U6	R	diseased	B:B5	JAK1	2	0	0	0	3587	0
U6	R	diseased	B:B5	LYZ	2	0	0	0	3587	0
U6	R	diseased	B:B5	MAFB	2	0	0	0	3587	0
U6	R	diseased	B:B5	MAP1LC3B	2	0	0	0	3587	0
U6	R	diseased	B:B5	MAPK14	2	0	0	0	3587	0
U6	R	diseased	B:B5	NFKB1	2	0	0	0	3587	0
U6	R	diseased	B:B5	NLRP3	2	0	0	0	3587	0
U6	R	diseased	B:B5	OSM	2	0	0	0	3587	0
U6	R	diseased	B:B5	PARP1	2	1	1	0.5	3587	1.3318
U6	R	diseased	B:B5	PIAS1	2	0	0	0	3587	0
U6	R	diseased	B:B5	PKM	2	0	0	0	3587	0
U6	R	diseased	B:B5	PRKAA1	2	1	1	0.5	3587	1.3318
U6	R	diseased	B:B5	PTGS2	2	0	0	0	3587	0
U6	R	diseased	B:B5	RELA	2	0	0	0	3587	0
U6	R	diseased	B:B5	SH3KBP1	2	0	0	0	3587	0
U6	R	diseased	B:B5	SMAD3	2	0	0	0	3587	0
U6	R	diseased	B:B5	SOD1	2	1	1	0.5	3587	1.3318
U6	R	diseased	B:B5	STAT3	2	0	0	0	3587	0
U6	R	diseased	B:B5	STAT5A	2	0	0	0	3587	0
U6	R	diseased	B:B5	SYK	2	1	1	0.5	3587	1.3318
U6	R	diseased	B:B5	TLR4	2	0	0	0	3587	0
U6	R	diseased	B:B5	TNF	2	0	0	0	3587	0
U6	R	diseased	B:B6	ACTA2	1	0	0	0	5347	0
U6	R	diseased	B:B6	AHR	1	0	0	0	5347	0
U6	R	diseased	B:B6	AKT1	1	0	0	0	5347	0
U6	R	diseased	B:B6	ARNTL	1	0	0	0	5347	0
U6	R	diseased	B:B6	BCL6	1	0	0	0	5347	0
U6	R	diseased	B:B6	BECN1	1	0	0	0	5347	0
U6	R	diseased	B:B6	BLNK	1	0	0	0	5347	0
U6	R	diseased	B:B6	BRD4	1	0	0	0	5347	0
U6	R	diseased	B:B6	CAT	1	0	0	0	5347	0
U6	R	diseased	B:B6	CD4	1	0	0	0	5347	0
U6	R	diseased	B:B6	CD86	1	0	0	0	5347	0
U6	R	diseased	B:B6	CREB1	1	0	0	0	5347	0
U6	R	diseased	B:B6	CTNNB1	1	1	1	1	5347	1.05438
U6	R	diseased	B:B6	DNMT1	1	0	0	0	5347	0
U6	R	diseased	B:B6	FOXP3	1	0	0	0	5347	0
U6	R	diseased	B:B6	GABPA	1	0	0	0	5347	0
U6	R	diseased	B:B6	HIF1A	1	0	0	0	5347	0
U6	R	diseased	B:B6	HMOX1	1	0	0	0	5347	0
U6	R	diseased	B:B6	ICAM1	1	0	0	0	5347	0
U6	R	diseased	B:B6	IFNG	1	0	0	0	5347	0
U6	R	diseased	B:B6	IL15	1	0	0	0	5347	0
U6	R	diseased	B:B6	IL1B	1	0	0	0	5347	0
U6	R	diseased	B:B6	IL7	1	0	0	0	5347	0
U6	R	diseased	B:B6	ITGAM	1	0	0	0	5347	0
U6	R	diseased	B:B6	ITGAX	1	0	0	0	5347	0
U6	R	diseased	B:B6	JAK1	1	0	0	0	5347	0
U6	R	diseased	B:B6	LYZ	1	0	0	0	5347	0
U6	R	diseased	B:B6	MAFB	1	0	0	0	5347	0
U6	R	diseased	B:B6	MAP1LC3B	1	0	0	0	5347	0
U6	R	diseased	B:B6	MAPK14	1	0	0	0	5347	0
U6	R	diseased	B:B6	NFKB1	1	0	0	0	5347	0
U6	R	diseased	B:B6	NLRP3	1	0	0	0	5347	0
U6	R	diseased	B:B6	OSM	1	0	0	0	5347	0
U6	R	diseased	B:B6	PARP1	1	0	0	0	5347	0
U6	R	diseased	B:B6	PIAS1	1	0	0	0	5347	0
U6	R	diseased	B:B6	PKM	1	0	0	0	5347	0
U6	R	diseased	B:B6	PRKAA1	1	0	0	0	5347	0
U6	R	diseased	B:B6	PTGS2	1	0	0	0	5347	0
U6	R	diseased	B:B6	RELA	1	0	0	0	5347	0
U6	R	diseased	B:B6	SH3KBP1	1	0	0	0	5347	0
U6	R	diseased	B:B6	SMAD3	1	0	0	0	5347	0
U6	R	diseased	B:B6	SOD1	1	1	1	1	5347	1.05438
U6	R	diseased	B:B6	STAT3	1	0	0	0	5347	0
U6	R	diseased	B:B6	STAT5A	1	0	0	0	5347	0
U6	R	diseased	B:B6	SYK	1	0	0	0	5347	0
U6	R	diseased	B:B6	TLR4	1	0	0	0	5347	0
U6	R	diseased	B:B6	TNF	1	0	0	0	5347	0
U6	R	diseased	B:B7	ACTA2	12	0	0	0	29789	0
U6	R	diseased	B:B7	AHR	12	0	0	0	29789	0
U6	R	diseased	B:B7	AKT1	12	0	0	0	29789	0
U6	R	diseased	B:B7	ARNTL	12	0	0	0	29789	0
U6	R	diseased	B:B7	BCL6	12	0	0	0	29789	0
U6	R	diseased	B:B7	BECN1	12	1	1	0.0833333	29789	0.289451
U6	R	diseased	B:B7	BLNK	12	2	2	0.166667	29789	0.513655
U6	R	diseased	B:B7	BRD4	12	0	0	0	29789	0
U6	R	diseased	B:B7	CAT	12	2	2	0.166667	29789	0.513655
U6	R	diseased	B:B7	CD4	12	0	0	0	29789	0
U6	R	diseased	B:B7	CD86	12	0	0	0	29789	0
U6	R	diseased	B:B7	CREB1	12	0	0	0	29789	0
U6	R	diseased	B:B7	CTNNB1	12	0	0	0	29789	0
U6	R	diseased	B:B7	DNMT1	12	1	1	0.0833333	29789	0.289451
U6	R	diseased	B:B7	FOXP3	12	0	0	0	29789	0
U6	R	diseased	B:B7	GABPA	12	0	0	0	29789	0
U6	R	diseased	B:B7	HIF1A	12	0	0	0	29789	0
U6	R	diseased	B:B7	HMOX1	12	0	0	0	29789	0
U6	R	diseased	B:B7	ICAM1	12	0	0	0	29789	0
U6	R	diseased	B:B7	IFNG	12	2	2	0.166667	29789	0.513655
U6	R	diseased	B:B7	IL15	12	0	0	0	29789	0
U6	R	diseased	B:B7	IL1B	12	0	0	0	29789	0
U6	R	diseased	B:B7	IL7	12	0	0	0	29789	0
U6	R	diseased	B:B7	ITGAM	12	0	0	0	29789	0
U6	R	diseased	B:B7	ITGAX	12	0	0	0	29789	0
U6	R	diseased	B:B7	JAK1	12	2	2	0.166667	29789	0.513655
U6	R	diseased	B:B7	LYZ	12	0	0	0	29789	0
U6	R	diseased	B:B7	MAFB	12	0	0	0	29789	0
U6	R	diseased	B:B7	MAP1LC3B	12	4	3	0.25	29789	0.851337
U6	R	diseased	B:B7	MAPK14	12	0	0	0	29789	0
U6	R	diseased	B:B7	NFKB1	12	0	0	0	29789	0
U6	R	diseased	B:B7	NLRP3	12	0	0	0	29789	0
U6	R	diseased	B:B7	OSM	12	0	0	0	29789	0
U6	R	diseased	B:B7	PARP1	12	0	0	0	29789	0
U6	R	diseased	B:B7	PIAS1	12	1	1	0.0833333	29789	0.289451
U6	R	diseased	B:B7	PKM	12	2	2	0.166667	29789	0.513655
U6	R	diseased	B:B7	PRKAA1	12	0	0	0	29789	0
U6	R	diseased	B:B7	PTGS2	12	0	0	0	29789	0
U6	R	diseased	B:B7	RELA	12	0	0	0	29789	0
U6	R	diseased	B:B7	SH3KBP1	12	0	0	0	29789	0
U6	R	diseased	B:B7	SMAD3	12	0	0	0	29789	0
U6	R	diseased	B:B7	SOD1	12	4	4	0.333333	29789	0.851337
U6	R	diseased	B:B7	STAT3	12	0	0	0	29789	0
U6	R	diseased	B:B7	STAT5A	12	0	0	0	29789	0
U6	R	diseased	B:B7	SYK	12	0	0	0	29789	0
U6	R	diseased	B:B7	TLR4	12	0	0	0	29789	0
U6	R	diseased	B:B7	TNF	12	1	1	0.0833333	29789	0.289451
U6	R	diseased	B:B8	ACTA2	1	0	0	0	2236	0
U6	R	diseased	B:B8	AHR	1	0	0	0	2236	0
U6	R	diseased	B:B8	AKT1	1	0	0	0	2236	0
U6	R	diseased	B:B8	ARNTL	1	0	0	0	2236	0
U6	R	diseased	B:B8	BCL6	1	0	0	0	2236	0
U6	R	diseased	B:B8	BECN1	1	0	0	0	2236	0
U6	R	diseased	B:B8	BLNK	1	0	0	0	2236	0
U6	R	diseased	B:B8	BRD4	1	0	0	0	2236	0
U6	R	diseased	B:B8	CAT	1	0	0	0	2236	0
U6	R	diseased	B:B8	CD4	1	0	0	0	2236	0
U6	R	diseased	B:B8	CD86	1	0	0	0	2236	0
U6	R	diseased	B:B8	CREB1	1	0	0	0	2236	0
U6	R	diseased	B:B8	CTNNB1	1	0	0	0	2236	0
U6	R	diseased	B:B8	DNMT1	1	0	0	0	2236	0
U6	R	diseased	B:B8	FOXP3	1	0	0	0	2236	0
U6	R	diseased	B:B8	GABPA	1	0	0	0	2236	0
U6	R	diseased	B:B8	HIF1A	1	2	1	1	2236	2.29702
U6	R	diseased	B:B8	HMOX1	1	0	0	0	2236	0
U6	R	diseased	B:B8	ICAM1	1	0	0	0	2236	0
U6	R	diseased	B:B8	IFNG	1	0	0	0	2236	0
U6	R	diseased	B:B8	IL15	1	0	0	0	2236	0
U6	R	diseased	B:B8	IL1B	1	0	0	0	2236	0
U6	R	diseased	B:B8	IL7	1	1	1	1	2236	1.69969
U6	R	diseased	B:B8	ITGAM	1	0	0	0	2236	0
U6	R	diseased	B:B8	ITGAX	1	0	0	0	2236	0
U6	R	diseased	B:B8	JAK1	1	0	0	0	2236	0
U6	R	diseased	B:B8	LYZ	1	0	0	0	2236	0
U6	R	diseased	B:B8	MAFB	1	0	0	0	2236	0
U6	R	diseased	B:B8	MAP1LC3B	1	2	1	1	2236	2.29702
U6	R	diseased	B:B8	MAPK14	1	0	0	0	2236	0
U6	R	diseased	B:B8	NFKB1	1	0	0	0	2236	0
U6	R	diseased	B:B8	NLRP3	1	0	0	0	2236	0
U6	R	diseased	B:B8	OSM	1	0	0	0	2236	0
U6	R	diseased	B:B8	PARP1	1	0	0	0	2236	0
U6	R	diseased	B:B8	PIAS1	1	0	0	0	2236	0
U6	R	diseased	B:B8	PKM	1	0	0	0	2236	0
U6	R	diseased	B:B8	PRKAA1	1	0	0	0	2236	0
U6	R	diseased	B:B8	PTGS2	1	0	0	0	2236	0
U6	R	diseased	B:B8	RELA	1	0	0	0	2236	0
U6	R	diseased	B:B8	SH3KBP1	1	1	1	1	2236	1.69969
U6	R	diseased	B:B8	SMAD3	1	0	0	0	2236	0
U6	R	diseased	B:B8	SOD1	1	0	0	0	2236	0
U6	R	diseased	B:B8	STAT3	1	1	1	1	2236	1.69969
U6	R	diseased	B:B8	STAT5A	1	0	0	0	2236	0
U6	R	diseased	B:B8	SYK	1	0	0	0	2236	0
U6	R	diseased	B:B8	TLR4	1	0	0	0	2236	0
U6	R	diseased	B:B8	TNF	1	1	1	1	2236	1.69969
U6	R	diseased	M/DC	ACTA2	23	2	2	0.0869565	75756	0.234286
U6	R	diseased	M/DC	AHR	23	16	10	0.434783	75756	1.13528
U6	R	diseased	M/DC	AKT1	23	0	0	0	75756	0
U6	R	diseased	M/DC	ARNTL	23	1	1	0.0434783	75756	0.123988
U6	R	diseased	M/DC	BCL6	23	0	0	0	75756	0
U6	R	diseased	M/DC	BECN1	23	3	3	0.130435	75756	0.333617
U6	R	diseased	M/DC	BLNK	23	2	2	0.0869565	75756	0.234286
U6	R	diseased	M/DC	BRD4	23	4	3	0.130435	75756	0.423967
U6	R	diseased	M/DC	CAT	23	14	11	0.478261	75756	1.04663
U6	R	diseased	M/DC	CD4	23	8	6	0.26087	75756	0.720773
U6	R	diseased	M/DC	CD86	23	17	14	0.608696	75756	1.17682
U6	R	diseased	M/DC	CREB1	23	3	3	0.130435	75756	0.333617
U6	R	diseased	M/DC	CTNNB1	23	6	5	0.217391	75756	0.583342
U6	R	diseased	M/DC	DNMT1	23	0	0	0	75756	0
U6	R	diseased	M/DC	FOXP3	23	0	0	0	75756	0
U6	R	diseased	M/DC	GABPA	23	0	0	0	75756	0
U6	R	diseased	M/DC	HIF1A	23	14	8	0.347826	75756	1.04663
U6	R	diseased	M/DC	HMOX1	23	6	6	0.26087	75756	0.583342
U6	R	diseased	M/DC	ICAM1	23	13	10	0.434783	75756	0.999173
U6	R	diseased	M/DC	IFNG	23	0	0	0	75756	0
U6	R	diseased	M/DC	IL15	23	1	1	0.0434783	75756	0.123988
U6	R	diseased	M/DC	IL1B	23	175	19	0.826087	75756	3.18223
U6	R	diseased	M/DC	IL7	23	0	0	0	75756	0
U6	R	diseased	M/DC	ITGAM	23	0	0	0	75756	0
U6	R	diseased	M/DC	ITGAX	23	8	8	0.347826	75756	0.720773
U6	R	diseased	M/DC	JAK1	23	13	10	0.434783	75756	0.999173
U6	R	diseased	M/DC	LYZ	23	192	20	0.869565	75756	3.27126
U6	R	diseased	M/DC	MAFB	23	4	3	0.130435	75756	0.423967
U6	R	diseased	M/DC	MAP1LC3B	23	15	10	0.434783	75756	1.09194
U6	R	diseased	M/DC	MAPK14	23	1	1	0.0434783	75756	0.123988
U6	R	diseased	M/DC	NFKB1	23	4	4	0.173913	75756	0.423967
U6	R	diseased	M/DC	NLRP3	23	3	3	0.130435	75756	0.333617
U6	R	diseased	M/DC	OSM	23	5	5	0.217391	75756	0.506826
U6	R	diseased	M/DC	PARP1	23	5	5	0.217391	75756	0.506826
U6	R	diseased	M/DC	PIAS1	23	2	2	0.0869565	75756	0.234286
U6	R	diseased	M/DC	PKM	23	38	15	0.652174	75756	1.79444
U6	R	diseased	M/DC	PRKAA1	23	3	3	0.130435	75756	0.333617
U6	R	diseased	M/DC	PTGS2	23	19	12	0.521739	75756	1.25506
U6	R	diseased	M/DC	RELA	23	3	2	0.0869565	75756	0.333617
U6	R	diseased	M/DC	SH3KBP1	23	4	4	0.173913	75756	0.423967
U6	R	diseased	M/DC	SMAD3	23	2	2	0.0869565	75756	0.234286
U6	R	diseased	M/DC	SOD1	23	8	8	0.347826	75756	0.720773
U6	R	diseased	M/DC	STAT3	23	9	8	0.347826	75756	0.782999
U6	R	diseased	M/DC	STAT5A	23	3	2	0.0869565	75756	0.333617
U6	R	diseased	M/DC	SYK	23	6	5	0.217391	75756	0.583342
U6	R	diseased	M/DC	TLR4	23	3	3	0.130435	75756	0.333617
U6	R	diseased	M/DC	TNF	23	0	0	0	75756	0
U6	R	diseased	NK	ACTA2	10	0	0	0	19296	0
U6	R	diseased	NK	AHR	10	0	0	0	19296	0
U6	R	diseased	NK	AKT1	10	0	0	0	19296	0
U6	R	diseased	NK	ARNTL	10	0	0	0	19296	0
U6	R	diseased	NK	BCL6	10	1	1	0.1	19296	0.417553
U6	R	diseased	NK	BECN1	10	2	2	0.2	19296	0.711225
U6	R	diseased	NK	BLNK	10	0	0	0	19296	0
U6	R	diseased	NK	BRD4	10	2	2	0.2	19296	0.711225
U6	R	diseased	NK	CAT	10	2	2	0.2	19296	0.711225
U6	R	diseased	NK	CD4	10	0	0	0	19296	0
U6	R	diseased	NK	CD86	10	0	0	0	19296	0
U6	R	diseased	NK	CREB1	10	2	2	0.2	19296	0.711225
U6	R	diseased	NK	CTNNB1	10	1	1	0.1	19296	0.417553
U6	R	diseased	NK	DNMT1	10	1	1	0.1	19296	0.417553
U6	R	diseased	NK	FOXP3	10	0	0	0	19296	0
U6	R	diseased	NK	GABPA	10	1	1	0.1	19296	0.417553
U6	R	diseased	NK	HIF1A	10	0	0	0	19296	0
U6	R	diseased	NK	HMOX1	10	0	0	0	19296	0
U6	R	diseased	NK	ICAM1	10	3	3	0.3	19296	0.937945
U6	R	diseased	NK	IFNG	10	38	4	0.4	19296	3.02981
U6	R	diseased	NK	IL15	10	0	0	0	19296	0
U6	R	diseased	NK	IL1B	10	0	0	0	19296	0
U6	R	diseased	NK	IL7	10	0	0	0	19296	0
U6	R	diseased	NK	ITGAM	10	1	1	0.1	19296	0.417553
U6	R	diseased	NK	ITGAX	10	3	2	0.2	19296	0.937945
U6	R	diseased	NK	JAK1	10	6	6	0.6	19296	1.41329
U6	R	diseased	NK	LYZ	10	0	0	0	19296	0
U6	R	diseased	NK	MAFB	10	0	0	0	19296	0
U6	R	diseased	NK	MAP1LC3B	10	3	3	0.3	19296	0.937945
U6	R	diseased	NK	MAPK14	10	0	0	0	19296	0
U6	R	diseased	NK	NFKB1	10	3	3	0.3	19296	0.937945
U6	R	diseased	NK	NLRP3	10	0	0	0	19296	0
U6	R	diseased	NK	OSM	10	0	0	0	19296	0
U6	R	diseased	NK	PARP1	10	4	3	0.3	19296	1.12264
U6	R	diseased	NK	PIAS1	10	1	1	0.1	19296	0.417553
U6	R	diseased	NK	PKM	10	15	5	0.5	19296	2.17175
U6	R	diseased	NK	PRKAA1	10	1	1	0.1	19296	0.417553
U6	R	diseased	NK	PTGS2	10	0	0	0	19296	0
U6	R	diseased	NK	RELA	10	1	1	0.1	19296	0.417553
U6	R	diseased	NK	SH3KBP1	10	4	3	0.3	19296	1.12264
U6	R	diseased	NK	SMAD3	10	1	1	0.1	19296	0.417553
U6	R	diseased	NK	SOD1	10	5	4	0.4	19296	1.27849
U6	R	diseased	NK	STAT3	10	1	1	0.1	19296	0.417553
U6	R	diseased	NK	STAT5A	10	3	3	0.3	19296	0.937945
U6	R	diseased	NK	SYK	10	1	1	0.1	19296	0.417553
U6	R	diseased	NK	TLR4	10	0	0	0	19296	0
U6	R	diseased	NK	TNF	10	13	2	0.2	19296	2.04603
U6	R	diseased	T	ACTA2	559	24	23	0.0411449	746487	0.278772
U6	R	diseased	T	AHR	559	88	75	0.134168	746487	0.7788
U6	R	diseased	T	AKT1	559	8	8	0.0143113	746487	0.101806
U6	R	diseased	T	ARNTL	559	34	32	0.0572451	746487	0.375327
U6	R	diseased	T	BCL6	559	19	17	0.0304114	746487	0.226757
U6	R	diseased	T	BECN1	559	37	35	0.0626118	746487	0.402564
U6	R	diseased	T	BLNK	559	3	3	0.00536673	746487	0.0394017
U6	R	diseased	T	BRD4	559	46	43	0.0769231	746487	0.48009
U6	R	diseased	T	CAT	559	28	26	0.0465116	746487	0.318519
U6	R	diseased	T	CD4	559	56	52	0.0930233	746487	0.559719
U6	R	diseased	T	CD86	559	2	2	0.00357782	746487	0.0264395
U6	R	diseased	T	CREB1	559	64	55	0.09839	746487	0.61915
U6	R	diseased	T	CTNNB1	559	23	22	0.039356	746487	0.268583
U6	R	diseased	T	DNMT1	559	51	48	0.0858676	746487	0.520697
U6	R	diseased	T	FOXP3	559	72	54	0.0966011	746487	0.675247
U6	R	diseased	T	GABPA	559	9	9	0.0161002	746487	0.113833
U6	R	diseased	T	HIF1A	559	61	58	0.103757	746487	0.597275
U6	R	diseased	T	HMOX1	559	1	1	0.00178891	746487	0.0133071
U6	R	diseased	T	ICAM1	559	53	48	0.0858676	746487	0.536489
U6	R	diseased	T	IFNG	559	316	121	0.216458	746487	1.65502
U6	R	diseased	T	IL15	559	10	10	0.0178891	746487	0.125717
U6	R	diseased	T	IL1B	559	7	3	0.00536673	746487	0.0896328
U6	R	diseased	T	IL7	559	5	5	0.00894454	746487	0.0648326
U6	R	diseased	T	ITGAM	559	2	2	0.00357782	746487	0.0264395
U6	R	diseased	T	ITGAX	559	3	3	0.00536673	746487	0.0394017
U6	R	diseased	T	JAK1	559	210	173	0.309481	746487	1.33846
U6	R	diseased	T	LYZ	559	9	2	0.00357782	746487	0.113833
U6	R	diseased	T	MAFB	559	2	2	0.00357782	746487	0.0264395
U6	R	diseased	T	MAP1LC3B	559	157	131	0.234347	746487	1.13243
U6	R	diseased	T	MAPK14	559	7	7	0.0125224	746487	0.0896328
U6	R	diseased	T	NFKB1	559	37	37	0.0661896	746487	0.402564
U6	R	diseased	T	NLRP3	559	4	3	0.00536673	746487	0.052198
U6	R	diseased	T	OSM	559	13	12	0.0214669	746487	0.160544
U6	R	diseased	T	PARP1	559	52	50	0.0894454	746487	0.528624
U6	R	diseased	T	PIAS1	559	60	58	0.103757	746487	0.589876
U6	R	diseased	T	PKM	559	223	156	0.27907	746487	1.38312
U6	R	diseased	T	PRKAA1	559	27	27	0.0483005	746487	0.30873
U6	R	diseased	T	PTGS2	559	4	2	0.00357782	746487	0.052198
U6	R	diseased	T	RELA	559	54	53	0.0948122	746487	0.544292
U6	R	diseased	T	SH3KBP1	559	86	76	0.135957	746487	0.766427
U6	R	diseased	T	SMAD3	559	15	14	0.0250447	746487	0.183106
U6	R	diseased	T	SOD1	559	263	194	0.347048	746487	1.50921
U6	R	diseased	T	STAT3	559	176	143	0.255814	746487	1.21126
U6	R	diseased	T	STAT5A	559	30	30	0.0536673	746487	0.337816
U6	R	diseased	T	SYK	559	2	1	0.00178891	746487	0.0264395
U6	R	diseased	T	TLR4	559	0	0	0	746487	0
U6	R	diseased	T	TNF	559	137	84	0.150268	746487	1.04213
U6	R	diseased	T:T1	ACTA2	119	0	0	0	157133	0
U6	R	diseased	T:T1	AHR	119	16	13	0.109244	157133	0.702229
U6	R	diseased	T:T1	AKT1	119	1	1	0.00840336	157133	0.0616973
U6	R	diseased	T:T1	ARNTL	119	4	4	0.0336134	157133	0.226786
U6	R	diseased	T:T1	BCL6	119	4	3	0.0252101	157133	0.226786
U6	R	diseased	T:T1	BECN1	119	8	8	0.0672269	157133	0.411529
U6	R	diseased	T:T1	BLNK	119	1	1	0.00840336	157133	0.0616973
U6	R	diseased	T:T1	BRD4	119	9	9	0.0756303	157133	0.452834
U6	R	diseased	T:T1	CAT	119	7	6	0.0504202	157133	0.368443
U6	R	diseased	T:T1	CD4	119	12	12	0.10084	157133	0.567405
U6	R	diseased	T:T1	CD86	119	1	1	0.00840336	157133	0.0616973
U6	R	diseased	T:T1	CREB1	119	11	11	0.092437	157133	0.530654
U6	R	diseased	T:T1	CTNNB1	119	3	2	0.0168067	157133	0.174727
U6	R	diseased	T:T1	DNMT1	119	13	13	0.109244	157133	0.602853
U6	R	diseased	T:T1	FOXP3	119	2	2	0.0168067	157133	0.119808
U6	R	diseased	T:T1	GABPA	119	0	0	0	157133	0
U6	R	diseased	T:T1	HIF1A	119	15	13	0.109244	157133	0.670188
U6	R	diseased	T:T1	HMOX1	119	0	0	0	157133	0
U6	R	diseased	T:T1	ICAM1	119	12	11	0.092437	157133	0.567405
U6	R	diseased	T:T1	IFNG	119	21	14	0.117647	157133	0.848632
U6	R	diseased	T:T1	IL15	119	0	0	0	157133	0
U6	R	diseased	T:T1	IL1B	119	5	1	0.00840336	157133	0.276269
U6	R	diseased	T:T1	IL7	119	0	0	0	157133	0
U6	R	diseased	T:T1	ITGAM	119	1	1	0.00840336	157133	0.0616973
U6	R	diseased	T:T1	ITGAX	119	0	0	0	157133	0
U6	R	diseased	T:T1	JAK1	119	31	26	0.218487	157133	1.08952
U6	R	diseased	T:T1	LYZ	119	8	1	0.00840336	157133	0.411529
U6	R	diseased	T:T1	MAFB	119	0	0	0	157133	0
U6	R	diseased	T:T1	MAP1LC3B	119	27	24	0.201681	157133	1
U6	R	diseased	T:T1	MAPK14	119	1	1	0.00840336	157133	0.0616973
U6	R	diseased	T:T1	NFKB1	119	7	7	0.0588235	157133	0.368443
U6	R	diseased	T:T1	NLRP3	119	2	2	0.0168067	157133	0.119808
U6	R	diseased	T:T1	OSM	119	4	4	0.0336134	157133	0.226786
U6	R	diseased	T:T1	PARP1	119	9	9	0.0756303	157133	0.452834
U6	R	diseased	T:T1	PIAS1	119	12	12	0.10084	157133	0.567405
U6	R	diseased	T:T1	PKM	119	41	34	0.285714	157133	1.2835
U6	R	diseased	T:T1	PRKAA1	119	6	6	0.0504202	157133	0.323417
U6	R	diseased	T:T1	PTGS2	119	2	1	0.00840336	157133	0.119808
U6	R	diseased	T:T1	RELA	119	8	8	0.0672269	157133	0.411529
U6	R	diseased	T:T1	SH3KBP1	119	9	7	0.0588235	157133	0.452834
U6	R	diseased	T:T1	SMAD3	119	4	4	0.0336134	157133	0.226786
U6	R	diseased	T:T1	SOD1	119	38	33	0.277311	157133	1.22915
U6	R	diseased	T:T1	STAT3	119	28	27	0.226891	157133	1.02314
U6	R	diseased	T:T1	STAT5A	119	8	8	0.0672269	157133	0.411529
U6	R	diseased	T:T1	SYK	119	2	1	0.00840336	157133	0.119808
U6	R	diseased	T:T1	TLR4	119	0	0	0	157133	0
U6	R	diseased	T:T1	TNF	119	42	29	0.243697	157133	1.30098
U6	R	diseased	T:T10	ACTA2	139	7	7	0.0503597	162285	0.358611
U6	R	diseased	T:T10	AHR	139	12	12	0.0863309	162285	0.553563
U6	R	diseased	T:T10	AKT1	139	2	2	0.0143885	162285	0.116217
U6	R	diseased	T:T10	ARNTL	139	4	4	0.028777	162285	0.220324
U6	R	diseased	T:T10	BCL6	139	7	6	0.0431655	162285	0.358611
U6	R	diseased	T:T10	BECN1	139	9	8	0.057554	162285	0.441205
U6	R	diseased	T:T10	BLNK	139	1	1	0.00719424	162285	0.059796
U6	R	diseased	T:T10	BRD4	139	12	11	0.0791367	162285	0.553563
U6	R	diseased	T:T10	CAT	139	5	5	0.0359712	162285	0.268576
U6	R	diseased	T:T10	CD4	139	1	1	0.00719424	162285	0.059796
U6	R	diseased	T:T10	CD86	139	1	1	0.00719424	162285	0.059796
U6	R	diseased	T:T10	CREB1	139	14	11	0.0791367	162285	0.622016
U6	R	diseased	T:T10	CTNNB1	139	7	7	0.0503597	162285	0.358611
U6	R	diseased	T:T10	DNMT1	139	7	6	0.0431655	162285	0.358611
U6	R	diseased	T:T10	FOXP3	139	0	0	0	162285	0
U6	R	diseased	T:T10	GABPA	139	1	1	0.00719424	162285	0.059796
U6	R	diseased	T:T10	HIF1A	139	11	11	0.0791367	162285	0.517495
U6	R	diseased	T:T10	HMOX1	139	0	0	0	162285	0
U6	R	diseased	T:T10	ICAM1	139	14	14	0.100719	162285	0.622016
U6	R	diseased	T:T10	IFNG	139	240	80	0.57554	162285	2.7593
U6	R	diseased	T:T10	IL15	139	4	4	0.028777	162285	0.220324
U6	R	diseased	T:T10	IL1B	139	1	1	0.00719424	162285	0.059796
U6	R	diseased	T:T10	IL7	139	0	0	0	162285	0
U6	R	diseased	T:T10	ITGAM	139	0	0	0	162285	0
U6	R	diseased	T:T10	ITGAX	139	2	2	0.0143885	162285	0.116217
U6	R	diseased	T:T10	JAK1	139	44	37	0.266187	162285	1.31138
U6	R	diseased	T:T10	LYZ	139	0	0	0	162285	0
U6	R	diseased	T:T10	MAFB	139	0	0	0	162285	0
U6	R	diseased	T:T10	MAP1LC3B	139	42	37	0.266187	162285	1.27761
U6	R	diseased	T:T10	MAPK14	139	2	2	0.0143885	162285	0.116217
U6	R	diseased	T:T10	NFKB1	139	8	8	0.057554	162285	0.400761
U6	R	diseased	T:T10	NLRP3	139	0	0	0	162285	0
U6	R	diseased	T:T10	OSM	139	4	4	0.028777	162285	0.220324
U6	R	diseased	T:T10	PARP1	139	14	13	0.0935252	162285	0.622016
U6	R	diseased	T:T10	PIAS1	139	14	14	0.100719	162285	0.622016
U6	R	diseased	T:T10	PKM	139	33	28	0.201439	162285	1.1097
U6	R	diseased	T:T10	PRKAA1	139	6	6	0.0431655	162285	0.314606
U6	R	diseased	T:T10	PTGS2	139	0	0	0	162285	0
U6	R	diseased	T:T10	RELA	139	19	18	0.129496	162285	0.775086
U6	R	diseased	T:T10	SH3KBP1	139	20	18	0.129496	162285	0.803077
U6	R	diseased	T:T10	SMAD3	139	4	3	0.0215827	162285	0.220324
U6	R	diseased	T:T10	SOD1	139	44	33	0.23741	162285	1.31138
U6	R	diseased	T:T10	STAT3	139	42	36	0.258993	162285	1.27761
U6	R	diseased	T:T10	STAT5A	139	12	12	0.0863309	162285	0.553563
U6	R	diseased	T:T10	SYK	139	0	0	0	162285	0
U6	R	diseased	T:T10	TLR4	139	0	0	0	162285	0
U6	R	diseased	T:T10	TNF	139	36	19	0.136691	162285	1.16886
U6	R	diseased	T:T14	ACTA2	4	0	0	0	5948	0
U6	R	diseased	T:T14	AHR	4	0	0	0	5948	0
U6	R	diseased	T:T14	AKT1	4	0	0	0	5948	0
U6	R	diseased	T:T14	ARNTL	4	0	0	0	5948	0
U6	R	diseased	T:T14	BCL6	4	0	0	0	5948	0
U6	R	diseased	T:T14	BECN1	4	0	0	0	5948	0
U6	R	diseased	T:T14	BLNK	4	0	0	0	5948	0
U6	R	diseased	T:T14	BRD4	4	1	1	0.25	5948	0.986278
U6	R	diseased	T:T14	CAT	4	0	0	0	5948	0
U6	R	diseased	T:T14	CD4	4	0	0	0	5948	0
U6	R	diseased	T:T14	CD86	4	0	0	0	5948	0
U6	R	diseased	T:T14	CREB1	4	0	0	0	5948	0
U6	R	diseased	T:T14	CTNNB1	4	1	1	0.25	5948	0.986278
U6	R	diseased	T:T14	DNMT1	4	0	0	0	5948	0
U6	R	diseased	T:T14	FOXP3	4	0	0	0	5948	0
U6	R	diseased	T:T14	GABPA	4	0	0	0	5948	0
U6	R	diseased	T:T14	HIF1A	4	0	0	0	5948	0
U6	R	diseased	T:T14	HMOX1	4	0	0	0	5948	0
U6	R	diseased	T:T14	ICAM1	4	0	0	0	5948	0
U6	R	diseased	T:T14	IFNG	4	8	3	0.75	5948	2.67069
U6	R	diseased	T:T14	IL15	4	0	0	0	5948	0
U6	R	diseased	T:T14	IL1B	4	0	0	0	5948	0
U6	R	diseased	T:T14	IL7	4	0	0	0	5948	0
U6	R	diseased	T:T14	ITGAM	4	0	0	0	5948	0
U6	R	diseased	T:T14	ITGAX	4	0	0	0	5948	0
U6	R	diseased	T:T14	JAK1	4	3	2	0.5	5948	1.79902
U6	R	diseased	T:T14	LYZ	4	0	0	0	5948	0
U6	R	diseased	T:T14	MAFB	4	0	0	0	5948	0
U6	R	diseased	T:T14	MAP1LC3B	4	2	2	0.5	5948	1.47304
U6	R	diseased	T:T14	MAPK14	4	0	0	0	5948	0
U6	R	diseased	T:T14	NFKB1	4	0	0	0	5948	0
U6	R	diseased	T:T14	NLRP3	4	0	0	0	5948	0
U6	R	diseased	T:T14	OSM	4	0	0	0	5948	0
U6	R	diseased	T:T14	PARP1	4	0	0	0	5948	0
U6	R	diseased	T:T14	PIAS1	4	1	1	0.25	5948	0.986278
U6	R	diseased	T:T14	PKM	4	1	1	0.25	5948	0.986278
U6	R	diseased	T:T14	PRKAA1	4	0	0	0	5948	0
U6	R	diseased	T:T14	PTGS2	4	0	0	0	5948	0
U6	R	diseased	T:T14	RELA	4	1	1	0.25	5948	0.986278
U6	R	diseased	T:T14	SH3KBP1	4	1	1	0.25	5948	0.986278
U6	R	diseased	T:T14	SMAD3	4	0	0	0	5948	0
U6	R	diseased	T:T14	SOD1	4	0	0	0	5948	0
U6	R	diseased	T:T14	STAT3	4	0	0	0	5948	0
U6	R	diseased	T:T14	STAT5A	4	0	0	0	5948	0
U6	R	diseased	T:T14	SYK	4	0	0	0	5948	0
U6	R	diseased	T:T14	TLR4	4	0	0	0	5948	0
U6	R	diseased	T:T14	TNF	4	4	1	0.25	5948	2.04446
U6	R	diseased	T:T2	ACTA2	44	1	1	0.0227273	83029	0.113721
U6	R	diseased	T:T2	AHR	44	7	6	0.136364	83029	0.611438
U6	R	diseased	T:T2	AKT1	44	2	2	0.0454545	83029	0.215821
U6	R	diseased	T:T2	ARNTL	44	6	6	0.136364	83029	0.543857
U6	R	diseased	T:T2	BCL6	44	3	3	0.0681818	83029	0.308454
U6	R	diseased	T:T2	BECN1	44	3	3	0.0681818	83029	0.308454
U6	R	diseased	T:T2	BLNK	44	0	0	0	83029	0
U6	R	diseased	T:T2	BRD4	44	5	5	0.113636	83029	0.471377
U6	R	diseased	T:T2	CAT	44	2	2	0.0454545	83029	0.215821
U6	R	diseased	T:T2	CD4	44	2	2	0.0454545	83029	0.215821
U6	R	diseased	T:T2	CD86	44	0	0	0	83029	0
U6	R	diseased	T:T2	CREB1	44	8	7	0.159091	83029	0.674738
U6	R	diseased	T:T2	CTNNB1	44	2	2	0.0454545	83029	0.215821
U6	R	diseased	T:T2	DNMT1	44	7	7	0.159091	83029	0.611438
U6	R	diseased	T:T2	FOXP3	44	1	1	0.0227273	83029	0.113721
U6	R	diseased	T:T2	GABPA	44	1	1	0.0227273	83029	0.113721
U6	R	diseased	T:T2	HIF1A	44	4	4	0.0909091	83029	0.39323
U6	R	diseased	T:T2	HMOX1	44	0	0	0	83029	0
U6	R	diseased	T:T2	ICAM1	44	13	10	0.227273	83029	0.942238
U6	R	diseased	T:T2	IFNG	44	29	12	0.272727	83029	1.50247
U6	R	diseased	T:T2	IL15	44	4	4	0.0909091	83029	0.39323
U6	R	diseased	T:T2	IL1B	44	0	0	0	83029	0
U6	R	diseased	T:T2	IL7	44	0	0	0	83029	0
U6	R	diseased	T:T2	ITGAM	44	0	0	0	83029	0
U6	R	diseased	T:T2	ITGAX	44	0	0	0	83029	0
U6	R	diseased	T:T2	JAK1	44	22	18	0.409091	83029	1.29464
U6	R	diseased	T:T2	LYZ	44	0	0	0	83029	0
U6	R	diseased	T:T2	MAFB	44	0	0	0	83029	0
U6	R	diseased	T:T2	MAP1LC3B	44	16	14	0.318182	83029	1.07399
U6	R	diseased	T:T2	MAPK14	44	0	0	0	83029	0
U6	R	diseased	T:T2	NFKB1	44	9	9	0.204545	83029	0.734269
U6	R	diseased	T:T2	NLRP3	44	0	0	0	83029	0
U6	R	diseased	T:T2	OSM	44	2	1	0.0227273	83029	0.215821
U6	R	diseased	T:T2	PARP1	44	4	3	0.0681818	83029	0.39323
U6	R	diseased	T:T2	PIAS1	44	5	5	0.113636	83029	0.471377
U6	R	diseased	T:T2	PKM	44	28	18	0.409091	83029	1.47529
U6	R	diseased	T:T2	PRKAA1	44	6	6	0.136364	83029	0.543857
U6	R	diseased	T:T2	PTGS2	44	0	0	0	83029	0
U6	R	diseased	T:T2	RELA	44	6	6	0.136364	83029	0.543857
U6	R	diseased	T:T2	SH3KBP1	44	9	9	0.204545	83029	0.734269
U6	R	diseased	T:T2	SMAD3	44	2	2	0.0454545	83029	0.215821
U6	R	diseased	T:T2	SOD1	44	25	19	0.431818	83029	1.38904
U6	R	diseased	T:T2	STAT3	44	17	11	0.25	83029	1.11431
U6	R	diseased	T:T2	STAT5A	44	1	1	0.0227273	83029	0.113721
U6	R	diseased	T:T2	SYK	44	0	0	0	83029	0
U6	R	diseased	T:T2	TLR4	44	0	0	0	83029	0
U6	R	diseased	T:T2	TNF	44	31	14	0.318182	83029	1.55469
U6	R	diseased	T:T3	ACTA2	9	0	0	0	14539	0
U6	R	diseased	T:T3	AHR	9	0	0	0	14539	0
U6	R	diseased	T:T3	AKT1	9	0	0	0	14539	0
U6	R	diseased	T:T3	ARNTL	9	0	0	0	14539	0
U6	R	diseased	T:T3	BCL6	9	0	0	0	14539	0
U6	R	diseased	T:T3	BECN1	9	0	0	0	14539	0
U6	R	diseased	T:T3	BLNK	9	0	0	0	14539	0
U6	R	diseased	T:T3	BRD4	9	0	0	0	14539	0
U6	R	diseased	T:T3	CAT	9	0	0	0	14539	0
U6	R	diseased	T:T3	CD4	9	0	0	0	14539	0
U6	R	diseased	T:T3	CD86	9	0	0	0	14539	0
U6	R	diseased	T:T3	CREB1	9	0	0	0	14539	0
U6	R	diseased	T:T3	CTNNB1	9	0	0	0	14539	0
U6	R	diseased	T:T3	DNMT1	9	0	0	0	14539	0
U6	R	diseased	T:T3	FOXP3	9	0	0	0	14539	0
U6	R	diseased	T:T3	GABPA	9	1	1	0.111111	14539	0.523429
U6	R	diseased	T:T3	HIF1A	9	0	0	0	14539	0
U6	R	diseased	T:T3	HMOX1	9	0	0	0	14539	0
U6	R	diseased	T:T3	ICAM1	9	0	0	0	14539	0
U6	R	diseased	T:T3	IFNG	9	0	0	0	14539	0
U6	R	diseased	T:T3	IL15	9	0	0	0	14539	0
U6	R	diseased	T:T3	IL1B	9	0	0	0	14539	0
U6	R	diseased	T:T3	IL7	9	0	0	0	14539	0
U6	R	diseased	T:T3	ITGAM	9	0	0	0	14539	0
U6	R	diseased	T:T3	ITGAX	9	0	0	0	14539	0
U6	R	diseased	T:T3	JAK1	9	2	2	0.222222	14539	0.865254
U6	R	diseased	T:T3	LYZ	9	0	0	0	14539	0
U6	R	diseased	T:T3	MAFB	9	0	0	0	14539	0
U6	R	diseased	T:T3	MAP1LC3B	9	3	2	0.222222	14539	1.11953
U6	R	diseased	T:T3	MAPK14	9	0	0	0	14539	0
U6	R	diseased	T:T3	NFKB1	9	0	0	0	14539	0
U6	R	diseased	T:T3	NLRP3	9	0	0	0	14539	0
U6	R	diseased	T:T3	OSM	9	0	0	0	14539	0
U6	R	diseased	T:T3	PARP1	9	1	1	0.111111	14539	0.523429
U6	R	diseased	T:T3	PIAS1	9	0	0	0	14539	0
U6	R	diseased	T:T3	PKM	9	5	3	0.333333	14539	1.49043
U6	R	diseased	T:T3	PRKAA1	9	1	1	0.111111	14539	0.523429
U6	R	diseased	T:T3	PTGS2	9	0	0	0	14539	0
U6	R	diseased	T:T3	RELA	9	0	0	0	14539	0
U6	R	diseased	T:T3	SH3KBP1	9	4	3	0.333333	14539	1.32208
U6	R	diseased	T:T3	SMAD3	9	0	0	0	14539	0
U6	R	diseased	T:T3	SOD1	9	2	2	0.222222	14539	0.865254
U6	R	diseased	T:T3	STAT3	9	1	1	0.111111	14539	0.523429
U6	R	diseased	T:T3	STAT5A	9	0	0	0	14539	0
U6	R	diseased	T:T3	SYK	9	0	0	0	14539	0
U6	R	diseased	T:T3	TLR4	9	0	0	0	14539	0
U6	R	diseased	T:T3	TNF	9	3	2	0.222222	14539	1.11953
U6	R	diseased	T:T4	ACTA2	5	0	0	0	8845	0
U6	R	diseased	T:T4	AHR	5	0	0	0	8845	0
U6	R	diseased	T:T4	AKT1	5	0	0	0	8845	0
U6	R	diseased	T:T4	ARNTL	5	0	0	0	8845	0
U6	R	diseased	T:T4	BCL6	5	0	0	0	8845	0
U6	R	diseased	T:T4	BECN1	5	1	1	0.2	8845	0.756395
U6	R	diseased	T:T4	BLNK	5	0	0	0	8845	0
U6	R	diseased	T:T4	BRD4	5	1	1	0.2	8845	0.756395
U6	R	diseased	T:T4	CAT	5	0	0	0	8845	0
U6	R	diseased	T:T4	CD4	5	0	0	0	8845	0
U6	R	diseased	T:T4	CD86	5	0	0	0	8845	0
U6	R	diseased	T:T4	CREB1	5	2	2	0.4	8845	1.18208
U6	R	diseased	T:T4	CTNNB1	5	0	0	0	8845	0
U6	R	diseased	T:T4	DNMT1	5	0	0	0	8845	0
U6	R	diseased	T:T4	FOXP3	5	1	1	0.2	8845	0.756395
U6	R	diseased	T:T4	GABPA	5	0	0	0	8845	0
U6	R	diseased	T:T4	HIF1A	5	0	0	0	8845	0
U6	R	diseased	T:T4	HMOX1	5	0	0	0	8845	0
U6	R	diseased	T:T4	ICAM1	5	0	0	0	8845	0
U6	R	diseased	T:T4	IFNG	5	0	0	0	8845	0
U6	R	diseased	T:T4	IL15	5	0	0	0	8845	0
U6	R	diseased	T:T4	IL1B	5	1	1	0.2	8845	0.756395
U6	R	diseased	T:T4	IL7	5	0	0	0	8845	0
U6	R	diseased	T:T4	ITGAM	5	0	0	0	8845	0
U6	R	diseased	T:T4	ITGAX	5	0	0	0	8845	0
U6	R	diseased	T:T4	JAK1	5	0	0	0	8845	0
U6	R	diseased	T:T4	LYZ	5	0	0	0	8845	0
U6	R	diseased	T:T4	MAFB	5	0	0	0	8845	0
U6	R	diseased	T:T4	MAP1LC3B	5	1	1	0.2	8845	0.756395
U6	R	diseased	T:T4	MAPK14	5	0	0	0	8845	0
U6	R	diseased	T:T4	NFKB1	5	1	1	0.2	8845	0.756395
U6	R	diseased	T:T4	NLRP3	5	0	0	0	8845	0
U6	R	diseased	T:T4	OSM	5	0	0	0	8845	0
U6	R	diseased	T:T4	PARP1	5	0	0	0	8845	0
U6	R	diseased	T:T4	PIAS1	5	1	1	0.2	8845	0.756395
U6	R	diseased	T:T4	PKM	5	1	1	0.2	8845	0.756395
U6	R	diseased	T:T4	PRKAA1	5	1	1	0.2	8845	0.756395
U6	R	diseased	T:T4	PTGS2	5	0	0	0	8845	0
U6	R	diseased	T:T4	RELA	5	1	1	0.2	8845	0.756395
U6	R	diseased	T:T4	SH3KBP1	5	0	0	0	8845	0
U6	R	diseased	T:T4	SMAD3	5	0	0	0	8845	0
U6	R	diseased	T:T4	SOD1	5	3	1	0.2	8845	1.47973
U6	R	diseased	T:T4	STAT3	5	1	1	0.2	8845	0.756395
U6	R	diseased	T:T4	STAT5A	5	2	2	0.4	8845	1.18208
U6	R	diseased	T:T4	SYK	5	0	0	0	8845	0
U6	R	diseased	T:T4	TLR4	5	0	0	0	8845	0
U6	R	diseased	T:T4	TNF	5	0	0	0	8845	0
U6	R	diseased	T:T5	ACTA2	35	0	0	0	39891	0
U6	R	diseased	T:T5	AHR	35	2	1	0.0285714	39891	0.406376
U6	R	diseased	T:T5	AKT1	35	1	1	0.0285714	39891	0.22369
U6	R	diseased	T:T5	ARNTL	35	1	1	0.0285714	39891	0.22369
U6	R	diseased	T:T5	BCL6	35	0	0	0	39891	0
U6	R	diseased	T:T5	BECN1	35	2	2	0.0571429	39891	0.406376
U6	R	diseased	T:T5	BLNK	35	0	0	0	39891	0
U6	R	diseased	T:T5	BRD4	35	3	3	0.0857143	39891	0.560786
U6	R	diseased	T:T5	CAT	35	4	3	0.0857143	39891	0.694512
U6	R	diseased	T:T5	CD4	35	4	4	0.114286	39891	0.694512
U6	R	diseased	T:T5	CD86	35	0	0	0	39891	0
U6	R	diseased	T:T5	CREB1	35	3	3	0.0857143	39891	0.560786
U6	R	diseased	T:T5	CTNNB1	35	2	2	0.0571429	39891	0.406376
U6	R	diseased	T:T5	DNMT1	35	2	2	0.0571429	39891	0.406376
U6	R	diseased	T:T5	FOXP3	35	1	1	0.0285714	39891	0.22369
U6	R	diseased	T:T5	GABPA	35	0	0	0	39891	0
U6	R	diseased	T:T5	HIF1A	35	2	2	0.0571429	39891	0.406376
U6	R	diseased	T:T5	HMOX1	35	0	0	0	39891	0
U6	R	diseased	T:T5	ICAM1	35	0	0	0	39891	0
U6	R	diseased	T:T5	IFNG	35	0	0	0	39891	0
U6	R	diseased	T:T5	IL15	35	1	1	0.0285714	39891	0.22369
U6	R	diseased	T:T5	IL1B	35	0	0	0	39891	0
U6	R	diseased	T:T5	IL7	35	0	0	0	39891	0
U6	R	diseased	T:T5	ITGAM	35	1	1	0.0285714	39891	0.22369
U6	R	diseased	T:T5	ITGAX	35	0	0	0	39891	0
U6	R	diseased	T:T5	JAK1	35	8	7	0.2	39891	1.10043
U6	R	diseased	T:T5	LYZ	35	0	0	0	39891	0
U6	R	diseased	T:T5	MAFB	35	0	0	0	39891	0
U6	R	diseased	T:T5	MAP1LC3B	35	6	6	0.171429	39891	0.917929
U6	R	diseased	T:T5	MAPK14	35	1	1	0.0285714	39891	0.22369
U6	R	diseased	T:T5	NFKB1	35	5	5	0.142857	39891	0.812447
U6	R	diseased	T:T5	NLRP3	35	2	1	0.0285714	39891	0.406376
U6	R	diseased	T:T5	OSM	35	0	0	0	39891	0
U6	R	diseased	T:T5	PARP1	35	4	4	0.114286	39891	0.694512
U6	R	diseased	T:T5	PIAS1	35	4	4	0.114286	39891	0.694512
U6	R	diseased	T:T5	PKM	35	8	7	0.2	39891	1.10043
U6	R	diseased	T:T5	PRKAA1	35	0	0	0	39891	0
U6	R	diseased	T:T5	PTGS2	35	2	1	0.0285714	39891	0.406376
U6	R	diseased	T:T5	RELA	35	6	6	0.171429	39891	0.917929
U6	R	diseased	T:T5	SH3KBP1	35	6	6	0.171429	39891	0.917929
U6	R	diseased	T:T5	SMAD3	35	0	0	0	39891	0
U6	R	diseased	T:T5	SOD1	35	26	18	0.514286	39891	2.01727
U6	R	diseased	T:T5	STAT3	35	9	8	0.228571	39891	1.18054
U6	R	diseased	T:T5	STAT5A	35	0	0	0	39891	0
U6	R	diseased	T:T5	SYK	35	0	0	0	39891	0
U6	R	diseased	T:T5	TLR4	35	0	0	0	39891	0
U6	R	diseased	T:T5	TNF	35	2	2	0.0571429	39891	0.406376
U6	R	diseased	T:T7	ACTA2	197	15	14	0.071066	267277	0.445465
U6	R	diseased	T:T7	AHR	197	51	43	0.218274	267277	1.06751
U6	R	diseased	T:T7	AKT1	197	2	2	0.0101523	267277	0.0721613
U6	R	diseased	T:T7	ARNTL	197	19	17	0.0862944	267277	0.537004
U6	R	diseased	T:T7	BCL6	197	5	5	0.0253807	267277	0.17149
U6	R	diseased	T:T7	BECN1	197	14	13	0.0659898	267277	0.421208
U6	R	diseased	T:T7	BLNK	197	1	1	0.00507614	267277	0.0367314
U6	R	diseased	T:T7	BRD4	197	15	13	0.0659898	267277	0.445465
U6	R	diseased	T:T7	CAT	197	10	10	0.0507614	267277	0.317831
U6	R	diseased	T:T7	CD4	197	35	31	0.15736	267277	0.837032
U6	R	diseased	T:T7	CD86	197	0	0	0	267277	0
U6	R	diseased	T:T7	CREB1	197	26	21	0.106599	267277	0.67944
U6	R	diseased	T:T7	CTNNB1	197	8	8	0.0406091	267277	0.261837
U6	R	diseased	T:T7	DNMT1	197	22	20	0.101523	267277	0.600547
U6	R	diseased	T:T7	FOXP3	197	67	49	0.248731	267277	1.25469
U6	R	diseased	T:T7	GABPA	197	6	6	0.0304569	267277	0.202521
U6	R	diseased	T:T7	HIF1A	197	29	28	0.142132	267277	0.734777
U6	R	diseased	T:T7	HMOX1	197	1	1	0.00507614	267277	0.0367314
U6	R	diseased	T:T7	ICAM1	197	14	13	0.0659898	267277	0.421208
U6	R	diseased	T:T7	IFNG	197	16	10	0.0507614	267277	0.469147
U6	R	diseased	T:T7	IL15	197	1	1	0.00507614	267277	0.0367314
U6	R	diseased	T:T7	IL1B	197	0	0	0	267277	0
U6	R	diseased	T:T7	IL7	197	5	5	0.0253807	267277	0.17149
U6	R	diseased	T:T7	ITGAM	197	0	0	0	267277	0
U6	R	diseased	T:T7	ITGAX	197	1	1	0.00507614	267277	0.0367314
U6	R	diseased	T:T7	JAK1	197	99	80	0.406091	267277	1.54842
U6	R	diseased	T:T7	LYZ	197	1	1	0.00507614	267277	0.0367314
U6	R	diseased	T:T7	MAFB	197	2	2	0.0101523	267277	0.0721613
U6	R	diseased	T:T7	MAP1LC3B	197	59	44	0.22335	267277	1.16548
U6	R	diseased	T:T7	MAPK14	197	3	3	0.0152284	267277	0.106379
U6	R	diseased	T:T7	NFKB1	197	7	7	0.035533	267277	0.232619
U6	R	diseased	T:T7	NLRP3	197	0	0	0	267277	0
U6	R	diseased	T:T7	OSM	197	2	2	0.0101523	267277	0.0721613
U6	R	diseased	T:T7	PARP1	197	19	19	0.0964467	267277	0.537004
U6	R	diseased	T:T7	PIAS1	197	23	21	0.106599	267277	0.620862
U6	R	diseased	T:T7	PKM	197	104	62	0.314721	267277	1.58742
U6	R	diseased	T:T7	PRKAA1	197	6	6	0.0304569	267277	0.202521
U6	R	diseased	T:T7	PTGS2	197	0	0	0	267277	0
U6	R	diseased	T:T7	RELA	197	11	11	0.0558376	267277	0.344694
U6	R	diseased	T:T7	SH3KBP1	197	36	31	0.15736	267277	0.853103
U6	R	diseased	T:T7	SMAD3	197	5	5	0.0253807	267277	0.17149
U6	R	diseased	T:T7	SOD1	197	124	87	0.441624	267277	1.72977
U6	R	diseased	T:T7	STAT3	197	75	56	0.284264	267277	1.3366
U6	R	diseased	T:T7	STAT5A	197	7	7	0.035533	267277	0.232619
U6	R	diseased	T:T7	SYK	197	0	0	0	267277	0
U6	R	diseased	T:T7	TLR4	197	0	0	0	267277	0
U6	R	diseased	T:T7	TNF	197	19	17	0.0862944	267277	0.537004
U6	R	diseased	T:T8	ACTA2	4	1	1	0.25	3181	1.42158
U6	R	diseased	T:T8	AHR	4	0	0	0	3181	0
U6	R	diseased	T:T8	AKT1	4	0	0	0	3181	0
U6	R	diseased	T:T8	ARNTL	4	0	0	0	3181	0
U6	R	diseased	T:T8	BCL6	4	0	0	0	3181	0
U6	R	diseased	T:T8	BECN1	4	0	0	0	3181	0
U6	R	diseased	T:T8	BLNK	4	0	0	0	3181	0
U6	R	diseased	T:T8	BRD4	4	0	0	0	3181	0
U6	R	diseased	T:T8	CAT	4	0	0	0	3181	0
U6	R	diseased	T:T8	CD4	4	1	1	0.25	3181	1.42158
U6	R	diseased	T:T8	CD86	4	0	0	0	3181	0
U6	R	diseased	T:T8	CREB1	4	0	0	0	3181	0
U6	R	diseased	T:T8	CTNNB1	4	0	0	0	3181	0
U6	R	diseased	T:T8	DNMT1	4	0	0	0	3181	0
U6	R	diseased	T:T8	FOXP3	4	0	0	0	3181	0
U6	R	diseased	T:T8	GABPA	4	0	0	0	3181	0
U6	R	diseased	T:T8	HIF1A	4	0	0	0	3181	0
U6	R	diseased	T:T8	HMOX1	4	0	0	0	3181	0
U6	R	diseased	T:T8	ICAM1	4	0	0	0	3181	0
U6	R	diseased	T:T8	IFNG	4	1	1	0.25	3181	1.42158
U6	R	diseased	T:T8	IL15	4	0	0	0	3181	0
U6	R	diseased	T:T8	IL1B	4	0	0	0	3181	0
U6	R	diseased	T:T8	IL7	4	0	0	0	3181	0
U6	R	diseased	T:T8	ITGAM	4	0	0	0	3181	0
U6	R	diseased	T:T8	ITGAX	4	0	0	0	3181	0
U6	R	diseased	T:T8	JAK1	4	1	1	0.25	3181	1.42158
U6	R	diseased	T:T8	LYZ	4	0	0	0	3181	0
U6	R	diseased	T:T8	MAFB	4	0	0	0	3181	0
U6	R	diseased	T:T8	MAP1LC3B	4	0	0	0	3181	0
U6	R	diseased	T:T8	MAPK14	4	0	0	0	3181	0
U6	R	diseased	T:T8	NFKB1	4	0	0	0	3181	0
U6	R	diseased	T:T8	NLRP3	4	0	0	0	3181	0
U6	R	diseased	T:T8	OSM	4	0	0	0	3181	0
U6	R	diseased	T:T8	PARP1	4	1	1	0.25	3181	1.42158
U6	R	diseased	T:T8	PIAS1	4	0	0	0	3181	0
U6	R	diseased	T:T8	PKM	4	2	2	0.5	3181	1.98614
U6	R	diseased	T:T8	PRKAA1	4	1	1	0.25	3181	1.42158
U6	R	diseased	T:T8	PTGS2	4	0	0	0	3181	0
U6	R	diseased	T:T8	RELA	4	1	1	0.25	3181	1.42158
U6	R	diseased	T:T8	SH3KBP1	4	1	1	0.25	3181	1.42158
U6	R	diseased	T:T8	SMAD3	4	0	0	0	3181	0
U6	R	diseased	T:T8	SOD1	4	0	0	0	3181	0
U6	R	diseased	T:T8	STAT3	4	2	2	0.5	3181	1.98614
U6	R	diseased	T:T8	STAT5A	4	0	0	0	3181	0
U6	R	diseased	T:T8	SYK	4	0	0	0	3181	0
U6	R	diseased	T:T8	TLR4	4	0	0	0	3181	0
U6	R	diseased	T:T8	TNF	4	0	0	0	3181	0
U6	R	diseased	T:T9	ACTA2	3	0	0	0	4359	0
U6	R	diseased	T:T9	AHR	3	0	0	0	4359	0
U6	R	diseased	T:T9	AKT1	3	0	0	0	4359	0
U6	R	diseased	T:T9	ARNTL	3	0	0	0	4359	0
U6	R	diseased	T:T9	BCL6	3	0	0	0	4359	0
U6	R	diseased	T:T9	BECN1	3	0	0	0	4359	0
U6	R	diseased	T:T9	BLNK	3	0	0	0	4359	0
U6	R	diseased	T:T9	BRD4	3	0	0	0	4359	0
U6	R	diseased	T:T9	CAT	3	0	0	0	4359	0
U6	R	diseased	T:T9	CD4	3	1	1	0.333333	4359	1.19213
U6	R	diseased	T:T9	CD86	3	0	0	0	4359	0
U6	R	diseased	T:T9	CREB1	3	0	0	0	4359	0
U6	R	diseased	T:T9	CTNNB1	3	0	0	0	4359	0
U6	R	diseased	T:T9	DNMT1	3	0	0	0	4359	0
U6	R	diseased	T:T9	FOXP3	3	0	0	0	4359	0
U6	R	diseased	T:T9	GABPA	3	0	0	0	4359	0
U6	R	diseased	T:T9	HIF1A	3	0	0	0	4359	0
U6	R	diseased	T:T9	HMOX1	3	0	0	0	4359	0
U6	R	diseased	T:T9	ICAM1	3	0	0	0	4359	0
U6	R	diseased	T:T9	IFNG	3	1	1	0.333333	4359	1.19213
U6	R	diseased	T:T9	IL15	3	0	0	0	4359	0
U6	R	diseased	T:T9	IL1B	3	0	0	0	4359	0
U6	R	diseased	T:T9	IL7	3	0	0	0	4359	0
U6	R	diseased	T:T9	ITGAM	3	0	0	0	4359	0
U6	R	diseased	T:T9	ITGAX	3	0	0	0	4359	0
U6	R	diseased	T:T9	JAK1	3	0	0	0	4359	0
U6	R	diseased	T:T9	LYZ	3	0	0	0	4359	0
U6	R	diseased	T:T9	MAFB	3	0	0	0	4359	0
U6	R	diseased	T:T9	MAP1LC3B	3	1	1	0.333333	4359	1.19213
U6	R	diseased	T:T9	MAPK14	3	0	0	0	4359	0
U6	R	diseased	T:T9	NFKB1	3	0	0	0	4359	0
U6	R	diseased	T:T9	NLRP3	3	0	0	0	4359	0
U6	R	diseased	T:T9	OSM	3	1	1	0.333333	4359	1.19213
U6	R	diseased	T:T9	PARP1	3	0	0	0	4359	0
U6	R	diseased	T:T9	PIAS1	3	0	0	0	4359	0
U6	R	diseased	T:T9	PKM	3	0	0	0	4359	0
U6	R	diseased	T:T9	PRKAA1	3	0	0	0	4359	0
U6	R	diseased	T:T9	PTGS2	3	0	0	0	4359	0
U6	R	diseased	T:T9	RELA	3	1	1	0.333333	4359	1.19213
U6	R	diseased	T:T9	SH3KBP1	3	0	0	0	4359	0
U6	R	diseased	T:T9	SMAD3	3	0	0	0	4359	0
U6	R	diseased	T:T9	SOD1	3	1	1	0.333333	4359	1.19213
U6	R	diseased	T:T9	STAT3	3	1	1	0.333333	4359	1.19213
U6	R	diseased	T:T9	STAT5A	3	0	0	0	4359	0
U6	R	diseased	T:T9	SYK	3	0	0	0	4359	0
U6	R	diseased	T:T9	TLR4	3	0	0	0	4359	0
U6	R	diseased	T:T9	TNF	3	0	0	0	4359	0
U6	R	diseased	unknown	ACTA2	2111	65	63	0.0298437	5.55184e+06	0.110717
U6	R	diseased	unknown	AHR	2111	256	212	0.100426	5.55184e+06	0.379195
U6	R	diseased	unknown	AKT1	2111	47	47	0.0222643	5.55184e+06	0.0812635
U6	R	diseased	unknown	ARNTL	2111	100	98	0.0464235	5.55184e+06	0.165617
U6	R	diseased	unknown	BCL6	2111	68	64	0.0303174	5.55184e+06	0.115542
U6	R	diseased	unknown	BECN1	2111	192	180	0.0852676	5.55184e+06	0.297012
U6	R	diseased	unknown	BLNK	2111	200	169	0.0800568	5.55184e+06	0.307662
U6	R	diseased	unknown	BRD4	2111	180	172	0.081478	5.55184e+06	0.280821
U6	R	diseased	unknown	CAT	2111	87	85	0.0402653	5.55184e+06	0.145575
U6	R	diseased	unknown	CD4	2111	150	138	0.0653719	5.55184e+06	0.239159
U6	R	diseased	unknown	CD86	2111	18	18	0.00852676	5.55184e+06	0.0319072
U6	R	diseased	unknown	CREB1	2111	142	137	0.0648982	5.55184e+06	0.22775
U6	R	diseased	unknown	CTNNB1	2111	99	95	0.0450024	5.55184e+06	0.164089
U6	R	diseased	unknown	DNMT1	2111	155	146	0.0691615	5.55184e+06	0.246225
U6	R	diseased	unknown	FOXP3	2111	205	145	0.0686878	5.55184e+06	0.314261
U6	R	diseased	unknown	GABPA	2111	60	57	0.0270014	5.55184e+06	0.102622
U6	R	diseased	unknown	HIF1A	2111	235	216	0.102321	5.55184e+06	0.352966
U6	R	diseased	unknown	HMOX1	2111	14	12	0.00568451	5.55184e+06	0.0249042
U6	R	diseased	unknown	ICAM1	2111	246	204	0.0966367	5.55184e+06	0.366791
U6	R	diseased	unknown	IFNG	2111	896	316	0.149692	5.55184e+06	0.960836
U6	R	diseased	unknown	IL15	2111	39	39	0.0184747	5.55184e+06	0.0678895
U6	R	diseased	unknown	IL1B	2111	52	12	0.00568451	5.55184e+06	0.0895323
U6	R	diseased	unknown	IL7	2111	19	19	0.00900047	5.55184e+06	0.0336503
U6	R	diseased	unknown	ITGAM	2111	5	4	0.00189484	5.55184e+06	0.00896571
U6	R	diseased	unknown	ITGAX	2111	5	4	0.00189484	5.55184e+06	0.00896571
U6	R	diseased	unknown	JAK1	2111	707	568	0.269067	5.55184e+06	0.821299
U6	R	diseased	unknown	LYZ	2111	59	12	0.00568451	5.55184e+06	0.100995
U6	R	diseased	unknown	MAFB	2111	8	5	0.00236855	5.55184e+06	0.0143068
U6	R	diseased	unknown	MAP1LC3B	2111	601	506	0.239697	5.55184e+06	0.733581
U6	R	diseased	unknown	MAPK14	2111	44	44	0.0208432	5.55184e+06	0.0762692
U6	R	diseased	unknown	NFKB1	2111	166	151	0.0715301	5.55184e+06	0.261595
U6	R	diseased	unknown	NLRP3	2111	13	12	0.00568451	5.55184e+06	0.0231457
U6	R	diseased	unknown	OSM	2111	35	31	0.014685	5.55184e+06	0.0611348
U6	R	diseased	unknown	PARP1	2111	426	362	0.171483	5.55184e+06	0.56946
U6	R	diseased	unknown	PIAS1	2111	253	235	0.111322	5.55184e+06	0.37549
U6	R	diseased	unknown	PKM	2111	811	577	0.27333	5.55184e+06	0.900477
U6	R	diseased	unknown	PRKAA1	2111	90	87	0.0412127	5.55184e+06	0.150236
U6	R	diseased	unknown	PTGS2	2111	4	3	0.00142113	5.55184e+06	0.00717899
U6	R	diseased	unknown	RELA	2111	136	133	0.0630033	5.55184e+06	0.219107
U6	R	diseased	unknown	SH3KBP1	2111	261	233	0.110374	5.55184e+06	0.38534
U6	R	diseased	unknown	SMAD3	2111	60	60	0.0284225	5.55184e+06	0.102622
U6	R	diseased	unknown	SOD1	2111	934	695	0.329228	5.55184e+06	0.986684
U6	R	diseased	unknown	STAT3	2111	672	531	0.25154	5.55184e+06	0.793178
U6	R	diseased	unknown	STAT5A	2111	88	82	0.0388441	5.55184e+06	0.147131
U6	R	diseased	unknown	SYK	2111	69	63	0.0298437	5.55184e+06	0.117146
U6	R	diseased	unknown	TLR4	2111	0	0	0	5.55184e+06	0
U6	R	diseased	unknown	TNF	2111	372	190	0.0900047	5.55184e+06	0.512853
U7	R	diseased	B	ACTA2	249	2	2	0.00803213	802467	0.0246176
U7	R	diseased	B	AHR	249	12	10	0.0401606	802467	0.139361
U7	R	diseased	B	AKT1	249	6	6	0.0240964	802467	0.0721062
U7	R	diseased	B	ARNTL	249	3	3	0.0120482	802467	0.0367028
U7	R	diseased	B	BCL6	249	9	9	0.0361446	802467	0.106299
U7	R	diseased	B	BECN1	249	19	18	0.0722892	802467	0.212503
U7	R	diseased	B	BLNK	249	67	60	0.240964	802467	0.607004
U7	R	diseased	B	BRD4	249	29	26	0.104418	802467	0.308503
U7	R	diseased	B	CAT	249	14	14	0.0562249	802467	0.16081
U7	R	diseased	B	CD4	249	1	1	0.00401606	802467	0.0123846
U7	R	diseased	B	CD86	249	13	12	0.0481928	802467	0.150143
U7	R	diseased	B	CREB1	249	27	25	0.100402	802467	0.290026
U7	R	diseased	B	CTNNB1	249	12	12	0.0481928	802467	0.139361
U7	R	diseased	B	DNMT1	249	11	11	0.0441767	802467	0.128461
U7	R	diseased	B	FOXP3	249	0	0	0	802467	0
U7	R	diseased	B	GABPA	249	9	8	0.0321285	802467	0.106299
U7	R	diseased	B	HIF1A	249	59	50	0.200803	802467	0.551142
U7	R	diseased	B	HMOX1	249	13	8	0.0321285	802467	0.150143
U7	R	diseased	B	ICAM1	249	35	29	0.116466	802467	0.361969
U7	R	diseased	B	IFNG	249	6	6	0.0240964	802467	0.0721062
U7	R	diseased	B	IL15	249	6	6	0.0240964	802467	0.0721062
U7	R	diseased	B	IL1B	249	0	0	0	802467	0
U7	R	diseased	B	IL7	249	3	3	0.0120482	802467	0.0367028
U7	R	diseased	B	ITGAM	249	0	0	0	802467	0
U7	R	diseased	B	ITGAX	249	12	8	0.0321285	802467	0.139361
U7	R	diseased	B	JAK1	249	82	66	0.26506	802467	0.704012
U7	R	diseased	B	LYZ	249	0	0	0	802467	0
U7	R	diseased	B	MAFB	249	2	2	0.00803213	802467	0.0246176
U7	R	diseased	B	MAP1LC3B	249	101	83	0.333333	802467	0.814753
U7	R	diseased	B	MAPK14	249	4	4	0.0160643	802467	0.0486438
U7	R	diseased	B	NFKB1	249	19	18	0.0722892	802467	0.212503
U7	R	diseased	B	NLRP3	249	0	0	0	802467	0
U7	R	diseased	B	OSM	249	1	1	0.00401606	802467	0.0123846
U7	R	diseased	B	PARP1	249	71	60	0.240964	802467	0.633807
U7	R	diseased	B	PIAS1	249	45	39	0.156627	802467	0.44518
U7	R	diseased	B	PKM	249	65	54	0.216867	802467	0.593328
U7	R	diseased	B	PRKAA1	249	9	9	0.0361446	802467	0.106299
U7	R	diseased	B	PTGS2	249	0	0	0	802467	0
U7	R	diseased	B	RELA	249	12	12	0.0481928	802467	0.139361
U7	R	diseased	B	SH3KBP1	249	32	28	0.11245	802467	0.335593
U7	R	diseased	B	SMAD3	249	5	5	0.0200803	802467	0.0604438
U7	R	diseased	B	SOD1	249	66	61	0.24498	802467	0.600189
U7	R	diseased	B	STAT3	249	77	62	0.248996	802467	0.67271
U7	R	diseased	B	STAT5A	249	4	4	0.0160643	802467	0.0486438
U7	R	diseased	B	SYK	249	48	39	0.156627	802467	0.46885
U7	R	diseased	B	TLR4	249	0	0	0	802467	0
U7	R	diseased	B	TNF	249	46	31	0.124498	802467	0.453132
U7	R	diseased	B:B1	ACTA2	89	2	2	0.0224719	436473	0.044803
U7	R	diseased	B:B1	AHR	89	4	4	0.0449438	436473	0.0876845
U7	R	diseased	B:B1	AKT1	89	1	1	0.011236	436473	0.0226524
U7	R	diseased	B:B1	ARNTL	89	1	1	0.011236	436473	0.0226524
U7	R	diseased	B:B1	BCL6	89	3	3	0.0337079	436473	0.0664736
U7	R	diseased	B:B1	BECN1	89	5	5	0.0561798	436473	0.108455
U7	R	diseased	B:B1	BLNK	89	27	25	0.280899	436473	0.481558
U7	R	diseased	B:B1	BRD4	89	10	8	0.0898876	436473	0.20629
U7	R	diseased	B:B1	CAT	89	6	6	0.0674157	436473	0.128803
U7	R	diseased	B:B1	CD4	89	1	1	0.011236	436473	0.0226524
U7	R	diseased	B:B1	CD86	89	1	1	0.011236	436473	0.0226524
U7	R	diseased	B:B1	CREB1	89	7	7	0.0786517	436473	0.148744
U7	R	diseased	B:B1	CTNNB1	89	4	4	0.0449438	436473	0.0876845
U7	R	diseased	B:B1	DNMT1	89	3	3	0.0337079	436473	0.0664736
U7	R	diseased	B:B1	FOXP3	89	0	0	0	436473	0
U7	R	diseased	B:B1	GABPA	89	6	5	0.0561798	436473	0.128803
U7	R	diseased	B:B1	HIF1A	89	20	19	0.213483	436473	0.377215
U7	R	diseased	B:B1	HMOX1	89	8	3	0.0337079	436473	0.168296
U7	R	diseased	B:B1	ICAM1	89	11	11	0.123596	436473	0.224758
U7	R	diseased	B:B1	IFNG	89	2	2	0.0224719	436473	0.044803
U7	R	diseased	B:B1	IL15	89	3	3	0.0337079	436473	0.0664736
U7	R	diseased	B:B1	IL1B	89	0	0	0	436473	0
U7	R	diseased	B:B1	IL7	89	0	0	0	436473	0
U7	R	diseased	B:B1	ITGAM	89	0	0	0	436473	0
U7	R	diseased	B:B1	ITGAX	89	0	0	0	436473	0
U7	R	diseased	B:B1	JAK1	89	24	21	0.235955	436473	0.438166
U7	R	diseased	B:B1	LYZ	89	0	0	0	436473	0
U7	R	diseased	B:B1	MAFB	89	1	1	0.011236	436473	0.0226524
U7	R	diseased	B:B1	MAP1LC3B	89	37	30	0.337079	436473	0.613944
U7	R	diseased	B:B1	MAPK14	89	2	2	0.0224719	436473	0.044803
U7	R	diseased	B:B1	NFKB1	89	4	4	0.0449438	436473	0.0876845
U7	R	diseased	B:B1	NLRP3	89	0	0	0	436473	0
U7	R	diseased	B:B1	OSM	89	0	0	0	436473	0
U7	R	diseased	B:B1	PARP1	89	30	28	0.314607	436473	0.523146
U7	R	diseased	B:B1	PIAS1	89	13	13	0.146067	436473	0.260703
U7	R	diseased	B:B1	PKM	89	27	21	0.235955	436473	0.481558
U7	R	diseased	B:B1	PRKAA1	89	4	4	0.0449438	436473	0.0876845
U7	R	diseased	B:B1	PTGS2	89	0	0	0	436473	0
U7	R	diseased	B:B1	RELA	89	6	6	0.0674157	436473	0.128803
U7	R	diseased	B:B1	SH3KBP1	89	8	8	0.0898876	436473	0.168296
U7	R	diseased	B:B1	SMAD3	89	0	0	0	436473	0
U7	R	diseased	B:B1	SOD1	89	27	23	0.258427	436473	0.481558
U7	R	diseased	B:B1	STAT3	89	31	23	0.258427	436473	0.536633
U7	R	diseased	B:B1	STAT5A	89	0	0	0	436473	0
U7	R	diseased	B:B1	SYK	89	20	17	0.191011	436473	0.377215
U7	R	diseased	B:B1	TLR4	89	0	0	0	436473	0
U7	R	diseased	B:B1	TNF	89	5	3	0.0337079	436473	0.108455
U7	R	diseased	B:B10	ACTA2	2	0	0	0	12263	0
U7	R	diseased	B:B10	AHR	2	0	0	0	12263	0
U7	R	diseased	B:B10	AKT1	2	0	0	0	12263	0
U7	R	diseased	B:B10	ARNTL	2	0	0	0	12263	0
U7	R	diseased	B:B10	BCL6	2	0	0	0	12263	0
U7	R	diseased	B:B10	BECN1	2	0	0	0	12263	0
U7	R	diseased	B:B10	BLNK	2	0	0	0	12263	0
U7	R	diseased	B:B10	BRD4	2	0	0	0	12263	0
U7	R	diseased	B:B10	CAT	2	0	0	0	12263	0
U7	R	diseased	B:B10	CD4	2	0	0	0	12263	0
U7	R	diseased	B:B10	CD86	2	0	0	0	12263	0
U7	R	diseased	B:B10	CREB1	2	0	0	0	12263	0
U7	R	diseased	B:B10	CTNNB1	2	0	0	0	12263	0
U7	R	diseased	B:B10	DNMT1	2	0	0	0	12263	0
U7	R	diseased	B:B10	FOXP3	2	0	0	0	12263	0
U7	R	diseased	B:B10	GABPA	2	0	0	0	12263	0
U7	R	diseased	B:B10	HIF1A	2	0	0	0	12263	0
U7	R	diseased	B:B10	HMOX1	2	0	0	0	12263	0
U7	R	diseased	B:B10	ICAM1	2	0	0	0	12263	0
U7	R	diseased	B:B10	IFNG	2	0	0	0	12263	0
U7	R	diseased	B:B10	IL15	2	0	0	0	12263	0
U7	R	diseased	B:B10	IL1B	2	0	0	0	12263	0
U7	R	diseased	B:B10	IL7	2	0	0	0	12263	0
U7	R	diseased	B:B10	ITGAM	2	0	0	0	12263	0
U7	R	diseased	B:B10	ITGAX	2	0	0	0	12263	0
U7	R	diseased	B:B10	JAK1	2	0	0	0	12263	0
U7	R	diseased	B:B10	LYZ	2	0	0	0	12263	0
U7	R	diseased	B:B10	MAFB	2	0	0	0	12263	0
U7	R	diseased	B:B10	MAP1LC3B	2	0	0	0	12263	0
U7	R	diseased	B:B10	MAPK14	2	0	0	0	12263	0
U7	R	diseased	B:B10	NFKB1	2	0	0	0	12263	0
U7	R	diseased	B:B10	NLRP3	2	0	0	0	12263	0
U7	R	diseased	B:B10	OSM	2	0	0	0	12263	0
U7	R	diseased	B:B10	PARP1	2	2	1	0.5	12263	0.967334
U7	R	diseased	B:B10	PIAS1	2	0	0	0	12263	0
U7	R	diseased	B:B10	PKM	2	0	0	0	12263	0
U7	R	diseased	B:B10	PRKAA1	2	0	0	0	12263	0
U7	R	diseased	B:B10	PTGS2	2	0	0	0	12263	0
U7	R	diseased	B:B10	RELA	2	0	0	0	12263	0
U7	R	diseased	B:B10	SH3KBP1	2	0	0	0	12263	0
U7	R	diseased	B:B10	SMAD3	2	0	0	0	12263	0
U7	R	diseased	B:B10	SOD1	2	1	1	0.5	12263	0.59634
U7	R	diseased	B:B10	STAT3	2	1	1	0.5	12263	0.59634
U7	R	diseased	B:B10	STAT5A	2	0	0	0	12263	0
U7	R	diseased	B:B10	SYK	2	0	0	0	12263	0
U7	R	diseased	B:B10	TLR4	2	0	0	0	12263	0
U7	R	diseased	B:B10	TNF	2	0	0	0	12263	0
U7	R	diseased	B:B11	ACTA2	3	0	0	0	16686	0
U7	R	diseased	B:B11	AHR	3	0	0	0	16686	0
U7	R	diseased	B:B11	AKT1	3	0	0	0	16686	0
U7	R	diseased	B:B11	ARNTL	3	0	0	0	16686	0
U7	R	diseased	B:B11	BCL6	3	0	0	0	16686	0
U7	R	diseased	B:B11	BECN1	3	0	0	0	16686	0
U7	R	diseased	B:B11	BLNK	3	1	1	0.333333	16686	0.469569
U7	R	diseased	B:B11	BRD4	3	1	1	0.333333	16686	0.469569
U7	R	diseased	B:B11	CAT	3	0	0	0	16686	0
U7	R	diseased	B:B11	CD4	3	0	0	0	16686	0
U7	R	diseased	B:B11	CD86	3	0	0	0	16686	0
U7	R	diseased	B:B11	CREB1	3	2	1	0.333333	16686	0.787825
U7	R	diseased	B:B11	CTNNB1	3	0	0	0	16686	0
U7	R	diseased	B:B11	DNMT1	3	2	2	0.666667	16686	0.787825
U7	R	diseased	B:B11	FOXP3	3	0	0	0	16686	0
U7	R	diseased	B:B11	GABPA	3	0	0	0	16686	0
U7	R	diseased	B:B11	HIF1A	3	0	0	0	16686	0
U7	R	diseased	B:B11	HMOX1	3	0	0	0	16686	0
U7	R	diseased	B:B11	ICAM1	3	0	0	0	16686	0
U7	R	diseased	B:B11	IFNG	3	0	0	0	16686	0
U7	R	diseased	B:B11	IL15	3	0	0	0	16686	0
U7	R	diseased	B:B11	IL1B	3	0	0	0	16686	0
U7	R	diseased	B:B11	IL7	3	0	0	0	16686	0
U7	R	diseased	B:B11	ITGAM	3	0	0	0	16686	0
U7	R	diseased	B:B11	ITGAX	3	0	0	0	16686	0
U7	R	diseased	B:B11	JAK1	3	1	1	0.333333	16686	0.469569
U7	R	diseased	B:B11	LYZ	3	0	0	0	16686	0
U7	R	diseased	B:B11	MAFB	3	0	0	0	16686	0
U7	R	diseased	B:B11	MAP1LC3B	3	1	1	0.333333	16686	0.469569
U7	R	diseased	B:B11	MAPK14	3	0	0	0	16686	0
U7	R	diseased	B:B11	NFKB1	3	0	0	0	16686	0
U7	R	diseased	B:B11	NLRP3	3	0	0	0	16686	0
U7	R	diseased	B:B11	OSM	3	0	0	0	16686	0
U7	R	diseased	B:B11	PARP1	3	1	1	0.333333	16686	0.469569
U7	R	diseased	B:B11	PIAS1	3	0	0	0	16686	0
U7	R	diseased	B:B11	PKM	3	2	1	0.333333	16686	0.787825
U7	R	diseased	B:B11	PRKAA1	3	0	0	0	16686	0
U7	R	diseased	B:B11	PTGS2	3	0	0	0	16686	0
U7	R	diseased	B:B11	RELA	3	0	0	0	16686	0
U7	R	diseased	B:B11	SH3KBP1	3	0	0	0	16686	0
U7	R	diseased	B:B11	SMAD3	3	0	0	0	16686	0
U7	R	diseased	B:B11	SOD1	3	1	1	0.333333	16686	0.469569
U7	R	diseased	B:B11	STAT3	3	0	0	0	16686	0
U7	R	diseased	B:B11	STAT5A	3	0	0	0	16686	0
U7	R	diseased	B:B11	SYK	3	0	0	0	16686	0
U7	R	diseased	B:B11	TLR4	3	0	0	0	16686	0
U7	R	diseased	B:B11	TNF	3	0	0	0	16686	0
U7	R	diseased	B:B12	ACTA2	5	0	0	0	17093	0
U7	R	diseased	B:B12	AHR	5	0	0	0	17093	0
U7	R	diseased	B:B12	AKT1	5	0	0	0	17093	0
U7	R	diseased	B:B12	ARNTL	5	0	0	0	17093	0
U7	R	diseased	B:B12	BCL6	5	1	1	0.2	17093	0.460606
U7	R	diseased	B:B12	BECN1	5	0	0	0	17093	0
U7	R	diseased	B:B12	BLNK	5	0	0	0	17093	0
U7	R	diseased	B:B12	BRD4	5	0	0	0	17093	0
U7	R	diseased	B:B12	CAT	5	0	0	0	17093	0
U7	R	diseased	B:B12	CD4	5	0	0	0	17093	0
U7	R	diseased	B:B12	CD86	5	0	0	0	17093	0
U7	R	diseased	B:B12	CREB1	5	0	0	0	17093	0
U7	R	diseased	B:B12	CTNNB1	5	1	1	0.2	17093	0.460606
U7	R	diseased	B:B12	DNMT1	5	0	0	0	17093	0
U7	R	diseased	B:B12	FOXP3	5	0	0	0	17093	0
U7	R	diseased	B:B12	GABPA	5	1	1	0.2	17093	0.460606
U7	R	diseased	B:B12	HIF1A	5	1	1	0.2	17093	0.460606
U7	R	diseased	B:B12	HMOX1	5	0	0	0	17093	0
U7	R	diseased	B:B12	ICAM1	5	2	2	0.4	17093	0.774759
U7	R	diseased	B:B12	IFNG	5	0	0	0	17093	0
U7	R	diseased	B:B12	IL15	5	0	0	0	17093	0
U7	R	diseased	B:B12	IL1B	5	0	0	0	17093	0
U7	R	diseased	B:B12	IL7	5	0	0	0	17093	0
U7	R	diseased	B:B12	ITGAM	5	0	0	0	17093	0
U7	R	diseased	B:B12	ITGAX	5	0	0	0	17093	0
U7	R	diseased	B:B12	JAK1	5	0	0	0	17093	0
U7	R	diseased	B:B12	LYZ	5	0	0	0	17093	0
U7	R	diseased	B:B12	MAFB	5	0	0	0	17093	0
U7	R	diseased	B:B12	MAP1LC3B	5	1	1	0.2	17093	0.460606
U7	R	diseased	B:B12	MAPK14	5	0	0	0	17093	0
U7	R	diseased	B:B12	NFKB1	5	1	1	0.2	17093	0.460606
U7	R	diseased	B:B12	NLRP3	5	0	0	0	17093	0
U7	R	diseased	B:B12	OSM	5	0	0	0	17093	0
U7	R	diseased	B:B12	PARP1	5	0	0	0	17093	0
U7	R	diseased	B:B12	PIAS1	5	1	1	0.2	17093	0.460606
U7	R	diseased	B:B12	PKM	5	0	0	0	17093	0
U7	R	diseased	B:B12	PRKAA1	5	0	0	0	17093	0
U7	R	diseased	B:B12	PTGS2	5	0	0	0	17093	0
U7	R	diseased	B:B12	RELA	5	0	0	0	17093	0
U7	R	diseased	B:B12	SH3KBP1	5	0	0	0	17093	0
U7	R	diseased	B:B12	SMAD3	5	0	0	0	17093	0
U7	R	diseased	B:B12	SOD1	5	1	1	0.2	17093	0.460606
U7	R	diseased	B:B12	STAT3	5	3	1	0.2	17093	1.01346
U7	R	diseased	B:B12	STAT5A	5	0	0	0	17093	0
U7	R	diseased	B:B12	SYK	5	0	0	0	17093	0
U7	R	diseased	B:B12	TLR4	5	0	0	0	17093	0
U7	R	diseased	B:B12	TNF	5	0	0	0	17093	0
U7	R	diseased	B:B13	ACTA2	6	0	0	0	20600	0
U7	R	diseased	B:B13	AHR	6	0	0	0	20600	0
U7	R	diseased	B:B13	AKT1	6	1	1	0.166667	20600	0.395709
U7	R	diseased	B:B13	ARNTL	6	1	1	0.166667	20600	0.395709
U7	R	diseased	B:B13	BCL6	6	0	0	0	20600	0
U7	R	diseased	B:B13	BECN1	6	0	0	0	20600	0
U7	R	diseased	B:B13	BLNK	6	2	1	0.166667	20600	0.678477
U7	R	diseased	B:B13	BRD4	6	0	0	0	20600	0
U7	R	diseased	B:B13	CAT	6	0	0	0	20600	0
U7	R	diseased	B:B13	CD4	6	0	0	0	20600	0
U7	R	diseased	B:B13	CD86	6	0	0	0	20600	0
U7	R	diseased	B:B13	CREB1	6	0	0	0	20600	0
U7	R	diseased	B:B13	CTNNB1	6	1	1	0.166667	20600	0.395709
U7	R	diseased	B:B13	DNMT1	6	1	1	0.166667	20600	0.395709
U7	R	diseased	B:B13	FOXP3	6	0	0	0	20600	0
U7	R	diseased	B:B13	GABPA	6	0	0	0	20600	0
U7	R	diseased	B:B13	HIF1A	6	2	2	0.333333	20600	0.678477
U7	R	diseased	B:B13	HMOX1	6	1	1	0.166667	20600	0.395709
U7	R	diseased	B:B13	ICAM1	6	2	2	0.333333	20600	0.678477
U7	R	diseased	B:B13	IFNG	6	0	0	0	20600	0
U7	R	diseased	B:B13	IL15	6	0	0	0	20600	0
U7	R	diseased	B:B13	IL1B	6	0	0	0	20600	0
U7	R	diseased	B:B13	IL7	6	0	0	0	20600	0
U7	R	diseased	B:B13	ITGAM	6	0	0	0	20600	0
U7	R	diseased	B:B13	ITGAX	6	0	0	0	20600	0
U7	R	diseased	B:B13	JAK1	6	2	2	0.333333	20600	0.678477
U7	R	diseased	B:B13	LYZ	6	0	0	0	20600	0
U7	R	diseased	B:B13	MAFB	6	0	0	0	20600	0
U7	R	diseased	B:B13	MAP1LC3B	6	1	1	0.166667	20600	0.395709
U7	R	diseased	B:B13	MAPK14	6	0	0	0	20600	0
U7	R	diseased	B:B13	NFKB1	6	1	1	0.166667	20600	0.395709
U7	R	diseased	B:B13	NLRP3	6	0	0	0	20600	0
U7	R	diseased	B:B13	OSM	6	0	0	0	20600	0
U7	R	diseased	B:B13	PARP1	6	0	0	0	20600	0
U7	R	diseased	B:B13	PIAS1	6	1	1	0.166667	20600	0.395709
U7	R	diseased	B:B13	PKM	6	1	1	0.166667	20600	0.395709
U7	R	diseased	B:B13	PRKAA1	6	0	0	0	20600	0
U7	R	diseased	B:B13	PTGS2	6	0	0	0	20600	0
U7	R	diseased	B:B13	RELA	6	0	0	0	20600	0
U7	R	diseased	B:B13	SH3KBP1	6	0	0	0	20600	0
U7	R	diseased	B:B13	SMAD3	6	0	0	0	20600	0
U7	R	diseased	B:B13	SOD1	6	3	2	0.333333	20600	0.898661
U7	R	diseased	B:B13	STAT3	6	1	1	0.166667	20600	0.395709
U7	R	diseased	B:B13	STAT5A	6	0	0	0	20600	0
U7	R	diseased	B:B13	SYK	6	2	2	0.333333	20600	0.678477
U7	R	diseased	B:B13	TLR4	6	0	0	0	20600	0
U7	R	diseased	B:B13	TNF	6	0	0	0	20600	0
U7	R	diseased	B:B14	ACTA2	3	0	0	0	12587	0
U7	R	diseased	B:B14	AHR	3	0	0	0	12587	0
U7	R	diseased	B:B14	AKT1	3	0	0	0	12587	0
U7	R	diseased	B:B14	ARNTL	3	0	0	0	12587	0
U7	R	diseased	B:B14	BCL6	3	0	0	0	12587	0
U7	R	diseased	B:B14	BECN1	3	0	0	0	12587	0
U7	R	diseased	B:B14	BLNK	3	2	2	0.666667	12587	0.951249
U7	R	diseased	B:B14	BRD4	3	0	0	0	12587	0
U7	R	diseased	B:B14	CAT	3	0	0	0	12587	0
U7	R	diseased	B:B14	CD4	3	0	0	0	12587	0
U7	R	diseased	B:B14	CD86	3	0	0	0	12587	0
U7	R	diseased	B:B14	CREB1	3	1	1	0.333333	12587	0.58471
U7	R	diseased	B:B14	CTNNB1	3	0	0	0	12587	0
U7	R	diseased	B:B14	DNMT1	3	0	0	0	12587	0
U7	R	diseased	B:B14	FOXP3	3	0	0	0	12587	0
U7	R	diseased	B:B14	GABPA	3	0	0	0	12587	0
U7	R	diseased	B:B14	HIF1A	3	0	0	0	12587	0
U7	R	diseased	B:B14	HMOX1	3	0	0	0	12587	0
U7	R	diseased	B:B14	ICAM1	3	0	0	0	12587	0
U7	R	diseased	B:B14	IFNG	3	1	1	0.333333	12587	0.58471
U7	R	diseased	B:B14	IL15	3	0	0	0	12587	0
U7	R	diseased	B:B14	IL1B	3	0	0	0	12587	0
U7	R	diseased	B:B14	IL7	3	0	0	0	12587	0
U7	R	diseased	B:B14	ITGAM	3	0	0	0	12587	0
U7	R	diseased	B:B14	ITGAX	3	0	0	0	12587	0
U7	R	diseased	B:B14	JAK1	3	0	0	0	12587	0
U7	R	diseased	B:B14	LYZ	3	0	0	0	12587	0
U7	R	diseased	B:B14	MAFB	3	1	1	0.333333	12587	0.58471
U7	R	diseased	B:B14	MAP1LC3B	3	4	2	0.666667	12587	1.4298
U7	R	diseased	B:B14	MAPK14	3	0	0	0	12587	0
U7	R	diseased	B:B14	NFKB1	3	1	1	0.333333	12587	0.58471
U7	R	diseased	B:B14	NLRP3	3	0	0	0	12587	0
U7	R	diseased	B:B14	OSM	3	0	0	0	12587	0
U7	R	diseased	B:B14	PARP1	3	0	0	0	12587	0
U7	R	diseased	B:B14	PIAS1	3	0	0	0	12587	0
U7	R	diseased	B:B14	PKM	3	0	0	0	12587	0
U7	R	diseased	B:B14	PRKAA1	3	0	0	0	12587	0
U7	R	diseased	B:B14	PTGS2	3	0	0	0	12587	0
U7	R	diseased	B:B14	RELA	3	0	0	0	12587	0
U7	R	diseased	B:B14	SH3KBP1	3	0	0	0	12587	0
U7	R	diseased	B:B14	SMAD3	3	0	0	0	12587	0
U7	R	diseased	B:B14	SOD1	3	1	1	0.333333	12587	0.58471
U7	R	diseased	B:B14	STAT3	3	1	1	0.333333	12587	0.58471
U7	R	diseased	B:B14	STAT5A	3	0	0	0	12587	0
U7	R	diseased	B:B14	SYK	3	0	0	0	12587	0
U7	R	diseased	B:B14	TLR4	3	0	0	0	12587	0
U7	R	diseased	B:B14	TNF	3	0	0	0	12587	0
U7	R	diseased	B:B15	ACTA2	4	0	0	0	19737	0
U7	R	diseased	B:B15	AHR	4	0	0	0	19737	0
U7	R	diseased	B:B15	AKT1	4	0	0	0	19737	0
U7	R	diseased	B:B15	ARNTL	4	0	0	0	19737	0
U7	R	diseased	B:B15	BCL6	4	0	0	0	19737	0
U7	R	diseased	B:B15	BECN1	4	0	0	0	19737	0
U7	R	diseased	B:B15	BLNK	4	1	1	0.25	19737	0.409897
U7	R	diseased	B:B15	BRD4	4	0	0	0	19737	0
U7	R	diseased	B:B15	CAT	4	0	0	0	19737	0
U7	R	diseased	B:B15	CD4	4	0	0	0	19737	0
U7	R	diseased	B:B15	CD86	4	0	0	0	19737	0
U7	R	diseased	B:B15	CREB1	4	0	0	0	19737	0
U7	R	diseased	B:B15	CTNNB1	4	0	0	0	19737	0
U7	R	diseased	B:B15	DNMT1	4	0	0	0	19737	0
U7	R	diseased	B:B15	FOXP3	4	0	0	0	19737	0
U7	R	diseased	B:B15	GABPA	4	0	0	0	19737	0
U7	R	diseased	B:B15	HIF1A	4	1	1	0.25	19737	0.409897
U7	R	diseased	B:B15	HMOX1	4	0	0	0	19737	0
U7	R	diseased	B:B15	ICAM1	4	0	0	0	19737	0
U7	R	diseased	B:B15	IFNG	4	0	0	0	19737	0
U7	R	diseased	B:B15	IL15	4	0	0	0	19737	0
U7	R	diseased	B:B15	IL1B	4	0	0	0	19737	0
U7	R	diseased	B:B15	IL7	4	0	0	0	19737	0
U7	R	diseased	B:B15	ITGAM	4	0	0	0	19737	0
U7	R	diseased	B:B15	ITGAX	4	0	0	0	19737	0
U7	R	diseased	B:B15	JAK1	4	0	0	0	19737	0
U7	R	diseased	B:B15	LYZ	4	0	0	0	19737	0
U7	R	diseased	B:B15	MAFB	4	0	0	0	19737	0
U7	R	diseased	B:B15	MAP1LC3B	4	2	1	0.25	19737	0.699788
U7	R	diseased	B:B15	MAPK14	4	0	0	0	19737	0
U7	R	diseased	B:B15	NFKB1	4	0	0	0	19737	0
U7	R	diseased	B:B15	NLRP3	4	0	0	0	19737	0
U7	R	diseased	B:B15	OSM	4	0	0	0	19737	0
U7	R	diseased	B:B15	PARP1	4	1	1	0.25	19737	0.409897
U7	R	diseased	B:B15	PIAS1	4	0	0	0	19737	0
U7	R	diseased	B:B15	PKM	4	0	0	0	19737	0
U7	R	diseased	B:B15	PRKAA1	4	0	0	0	19737	0
U7	R	diseased	B:B15	PTGS2	4	0	0	0	19737	0
U7	R	diseased	B:B15	RELA	4	0	0	0	19737	0
U7	R	diseased	B:B15	SH3KBP1	4	0	0	0	19737	0
U7	R	diseased	B:B15	SMAD3	4	0	0	0	19737	0
U7	R	diseased	B:B15	SOD1	4	2	2	0.5	19737	0.699788
U7	R	diseased	B:B15	STAT3	4	1	1	0.25	19737	0.409897
U7	R	diseased	B:B15	STAT5A	4	0	0	0	19737	0
U7	R	diseased	B:B15	SYK	4	0	0	0	19737	0
U7	R	diseased	B:B15	TLR4	4	0	0	0	19737	0
U7	R	diseased	B:B15	TNF	4	0	0	0	19737	0
U7	R	diseased	B:B16	ACTA2	4	0	0	0	21620	0
U7	R	diseased	B:B16	AHR	4	0	0	0	21620	0
U7	R	diseased	B:B16	AKT1	4	1	1	0.25	21620	0.380171
U7	R	diseased	B:B16	ARNTL	4	0	0	0	21620	0
U7	R	diseased	B:B16	BCL6	4	0	0	0	21620	0
U7	R	diseased	B:B16	BECN1	4	0	0	0	21620	0
U7	R	diseased	B:B16	BLNK	4	1	1	0.25	21620	0.380171
U7	R	diseased	B:B16	BRD4	4	0	0	0	21620	0
U7	R	diseased	B:B16	CAT	4	0	0	0	21620	0
U7	R	diseased	B:B16	CD4	4	0	0	0	21620	0
U7	R	diseased	B:B16	CD86	4	0	0	0	21620	0
U7	R	diseased	B:B16	CREB1	4	0	0	0	21620	0
U7	R	diseased	B:B16	CTNNB1	4	0	0	0	21620	0
U7	R	diseased	B:B16	DNMT1	4	1	1	0.25	21620	0.380171
U7	R	diseased	B:B16	FOXP3	4	0	0	0	21620	0
U7	R	diseased	B:B16	GABPA	4	0	0	0	21620	0
U7	R	diseased	B:B16	HIF1A	4	0	0	0	21620	0
U7	R	diseased	B:B16	HMOX1	4	0	0	0	21620	0
U7	R	diseased	B:B16	ICAM1	4	0	0	0	21620	0
U7	R	diseased	B:B16	IFNG	4	0	0	0	21620	0
U7	R	diseased	B:B16	IL15	4	1	1	0.25	21620	0.380171
U7	R	diseased	B:B16	IL1B	4	0	0	0	21620	0
U7	R	diseased	B:B16	IL7	4	0	0	0	21620	0
U7	R	diseased	B:B16	ITGAM	4	0	0	0	21620	0
U7	R	diseased	B:B16	ITGAX	4	0	0	0	21620	0
U7	R	diseased	B:B16	JAK1	4	0	0	0	21620	0
U7	R	diseased	B:B16	LYZ	4	0	0	0	21620	0
U7	R	diseased	B:B16	MAFB	4	0	0	0	21620	0
U7	R	diseased	B:B16	MAP1LC3B	4	2	2	0.5	21620	0.654962
U7	R	diseased	B:B16	MAPK14	4	0	0	0	21620	0
U7	R	diseased	B:B16	NFKB1	4	0	0	0	21620	0
U7	R	diseased	B:B16	NLRP3	4	0	0	0	21620	0
U7	R	diseased	B:B16	OSM	4	0	0	0	21620	0
U7	R	diseased	B:B16	PARP1	4	1	1	0.25	21620	0.380171
U7	R	diseased	B:B16	PIAS1	4	1	1	0.25	21620	0.380171
U7	R	diseased	B:B16	PKM	4	1	1	0.25	21620	0.380171
U7	R	diseased	B:B16	PRKAA1	4	0	0	0	21620	0
U7	R	diseased	B:B16	PTGS2	4	0	0	0	21620	0
U7	R	diseased	B:B16	RELA	4	0	0	0	21620	0
U7	R	diseased	B:B16	SH3KBP1	4	0	0	0	21620	0
U7	R	diseased	B:B16	SMAD3	4	0	0	0	21620	0
U7	R	diseased	B:B16	SOD1	4	1	1	0.25	21620	0.380171
U7	R	diseased	B:B16	STAT3	4	0	0	0	21620	0
U7	R	diseased	B:B16	STAT5A	4	0	0	0	21620	0
U7	R	diseased	B:B16	SYK	4	0	0	0	21620	0
U7	R	diseased	B:B16	TLR4	4	0	0	0	21620	0
U7	R	diseased	B:B16	TNF	4	0	0	0	21620	0
U7	R	diseased	B:B2	ACTA2	42	0	0	0	85097	0
U7	R	diseased	B:B2	AHR	42	3	2	0.047619	85097	0.301983
U7	R	diseased	B:B2	AKT1	42	0	0	0	85097	0
U7	R	diseased	B:B2	ARNTL	42	1	1	0.0238095	85097	0.111106
U7	R	diseased	B:B2	BCL6	42	1	1	0.0238095	85097	0.111106
U7	R	diseased	B:B2	BECN1	42	2	2	0.047619	85097	0.211092
U7	R	diseased	B:B2	BLNK	42	10	10	0.238095	85097	0.777088
U7	R	diseased	B:B2	BRD4	42	4	4	0.0952381	85097	0.385298
U7	R	diseased	B:B2	CAT	42	3	3	0.0714286	85097	0.301983
U7	R	diseased	B:B2	CD4	42	0	0	0	85097	0
U7	R	diseased	B:B2	CD86	42	4	4	0.0952381	85097	0.385298
U7	R	diseased	B:B2	CREB1	42	5	4	0.0952381	85097	0.462201
U7	R	diseased	B:B2	CTNNB1	42	3	3	0.0714286	85097	0.301983
U7	R	diseased	B:B2	DNMT1	42	1	1	0.0238095	85097	0.111106
U7	R	diseased	B:B2	FOXP3	42	0	0	0	85097	0
U7	R	diseased	B:B2	GABPA	42	0	0	0	85097	0
U7	R	diseased	B:B2	HIF1A	42	9	6	0.142857	85097	0.721548
U7	R	diseased	B:B2	HMOX1	42	0	0	0	85097	0
U7	R	diseased	B:B2	ICAM1	42	18	12	0.285714	85097	1.1363
U7	R	diseased	B:B2	IFNG	42	1	1	0.0238095	85097	0.111106
U7	R	diseased	B:B2	IL15	42	0	0	0	85097	0
U7	R	diseased	B:B2	IL1B	42	0	0	0	85097	0
U7	R	diseased	B:B2	IL7	42	1	1	0.0238095	85097	0.111106
U7	R	diseased	B:B2	ITGAM	42	0	0	0	85097	0
U7	R	diseased	B:B2	ITGAX	42	3	2	0.047619	85097	0.301983
U7	R	diseased	B:B2	JAK1	42	20	15	0.357143	85097	1.20904
U7	R	diseased	B:B2	LYZ	42	0	0	0	85097	0
U7	R	diseased	B:B2	MAFB	42	0	0	0	85097	0
U7	R	diseased	B:B2	MAP1LC3B	42	20	17	0.404762	85097	1.20904
U7	R	diseased	B:B2	MAPK14	42	0	0	0	85097	0
U7	R	diseased	B:B2	NFKB1	42	8	7	0.166667	85097	0.662741
U7	R	diseased	B:B2	NLRP3	42	0	0	0	85097	0
U7	R	diseased	B:B2	OSM	42	0	0	0	85097	0
U7	R	diseased	B:B2	PARP1	42	7	5	0.119048	85097	0.600259
U7	R	diseased	B:B2	PIAS1	42	15	12	0.285714	85097	1.01621
U7	R	diseased	B:B2	PKM	42	15	12	0.285714	85097	1.01621
U7	R	diseased	B:B2	PRKAA1	42	0	0	0	85097	0
U7	R	diseased	B:B2	PTGS2	42	0	0	0	85097	0
U7	R	diseased	B:B2	RELA	42	2	2	0.047619	85097	0.211092
U7	R	diseased	B:B2	SH3KBP1	42	10	7	0.166667	85097	0.777088
U7	R	diseased	B:B2	SMAD3	42	1	1	0.0238095	85097	0.111106
U7	R	diseased	B:B2	SOD1	42	14	14	0.333333	85097	0.97274
U7	R	diseased	B:B2	STAT3	42	11	10	0.238095	85097	0.829705
U7	R	diseased	B:B2	STAT5A	42	3	3	0.0714286	85097	0.301983
U7	R	diseased	B:B2	SYK	42	7	6	0.142857	85097	0.600259
U7	R	diseased	B:B2	TLR4	42	0	0	0	85097	0
U7	R	diseased	B:B2	TNF	42	22	12	0.285714	85097	1.27684
U7	R	diseased	B:B3	ACTA2	16	0	0	0	25388	0
U7	R	diseased	B:B3	AHR	16	3	2	0.125	25388	0.780086
U7	R	diseased	B:B3	AKT1	16	0	0	0	25388	0
U7	R	diseased	B:B3	ARNTL	16	0	0	0	25388	0
U7	R	diseased	B:B3	BCL6	16	0	0	0	25388	0
U7	R	diseased	B:B3	BECN1	16	4	3	0.1875	25388	0.946062
U7	R	diseased	B:B3	BLNK	16	2	2	0.125	25388	0.580971
U7	R	diseased	B:B3	BRD4	16	3	3	0.1875	25388	0.780086
U7	R	diseased	B:B3	CAT	16	1	1	0.0625	25388	0.332096
U7	R	diseased	B:B3	CD4	16	0	0	0	25388	0
U7	R	diseased	B:B3	CD86	16	0	0	0	25388	0
U7	R	diseased	B:B3	CREB1	16	2	2	0.125	25388	0.580971
U7	R	diseased	B:B3	CTNNB1	16	0	0	0	25388	0
U7	R	diseased	B:B3	DNMT1	16	1	1	0.0625	25388	0.332096
U7	R	diseased	B:B3	FOXP3	16	0	0	0	25388	0
U7	R	diseased	B:B3	GABPA	16	0	0	0	25388	0
U7	R	diseased	B:B3	HIF1A	16	8	6	0.375	25388	1.42337
U7	R	diseased	B:B3	HMOX1	16	0	0	0	25388	0
U7	R	diseased	B:B3	ICAM1	16	0	0	0	25388	0
U7	R	diseased	B:B3	IFNG	16	0	0	0	25388	0
U7	R	diseased	B:B3	IL15	16	0	0	0	25388	0
U7	R	diseased	B:B3	IL1B	16	0	0	0	25388	0
U7	R	diseased	B:B3	IL7	16	0	0	0	25388	0
U7	R	diseased	B:B3	ITGAM	16	0	0	0	25388	0
U7	R	diseased	B:B3	ITGAX	16	0	0	0	25388	0
U7	R	diseased	B:B3	JAK1	16	2	2	0.125	25388	0.580971
U7	R	diseased	B:B3	LYZ	16	0	0	0	25388	0
U7	R	diseased	B:B3	MAFB	16	0	0	0	25388	0
U7	R	diseased	B:B3	MAP1LC3B	16	1	1	0.0625	25388	0.332096
U7	R	diseased	B:B3	MAPK14	16	0	0	0	25388	0
U7	R	diseased	B:B3	NFKB1	16	0	0	0	25388	0
U7	R	diseased	B:B3	NLRP3	16	0	0	0	25388	0
U7	R	diseased	B:B3	OSM	16	0	0	0	25388	0
U7	R	diseased	B:B3	PARP1	16	5	4	0.25	25388	1.08837
U7	R	diseased	B:B3	PIAS1	16	4	3	0.1875	25388	0.946062
U7	R	diseased	B:B3	PKM	16	2	2	0.125	25388	0.580971
U7	R	diseased	B:B3	PRKAA1	16	1	1	0.0625	25388	0.332096
U7	R	diseased	B:B3	PTGS2	16	0	0	0	25388	0
U7	R	diseased	B:B3	RELA	16	0	0	0	25388	0
U7	R	diseased	B:B3	SH3KBP1	16	1	1	0.0625	25388	0.332096
U7	R	diseased	B:B3	SMAD3	16	0	0	0	25388	0
U7	R	diseased	B:B3	SOD1	16	4	4	0.25	25388	0.946062
U7	R	diseased	B:B3	STAT3	16	3	3	0.1875	25388	0.780086
U7	R	diseased	B:B3	STAT5A	16	0	0	0	25388	0
U7	R	diseased	B:B3	SYK	16	1	1	0.0625	25388	0.332096
U7	R	diseased	B:B3	TLR4	16	0	0	0	25388	0
U7	R	diseased	B:B3	TNF	16	4	4	0.25	25388	0.946062
U7	R	diseased	B:B4	ACTA2	21	0	0	0	33055	0
U7	R	diseased	B:B4	AHR	21	0	0	0	33055	0
U7	R	diseased	B:B4	AKT1	21	2	2	0.0952381	33055	0.473156
U7	R	diseased	B:B4	ARNTL	21	0	0	0	33055	0
U7	R	diseased	B:B4	BCL6	21	0	0	0	33055	0
U7	R	diseased	B:B4	BECN1	21	0	0	0	33055	0
U7	R	diseased	B:B4	BLNK	21	9	6	0.285714	33055	1.31446
U7	R	diseased	B:B4	BRD4	21	2	2	0.0952381	33055	0.473156
U7	R	diseased	B:B4	CAT	21	2	2	0.0952381	33055	0.473156
U7	R	diseased	B:B4	CD4	21	0	0	0	33055	0
U7	R	diseased	B:B4	CD86	21	2	2	0.0952381	33055	0.473156
U7	R	diseased	B:B4	CREB1	21	1	1	0.047619	33055	0.264306
U7	R	diseased	B:B4	CTNNB1	21	0	0	0	33055	0
U7	R	diseased	B:B4	DNMT1	21	0	0	0	33055	0
U7	R	diseased	B:B4	FOXP3	21	0	0	0	33055	0
U7	R	diseased	B:B4	GABPA	21	0	0	0	33055	0
U7	R	diseased	B:B4	HIF1A	21	7	6	0.285714	33055	1.13709
U7	R	diseased	B:B4	HMOX1	21	1	1	0.047619	33055	0.264306
U7	R	diseased	B:B4	ICAM1	21	0	0	0	33055	0
U7	R	diseased	B:B4	IFNG	21	0	0	0	33055	0
U7	R	diseased	B:B4	IL15	21	0	0	0	33055	0
U7	R	diseased	B:B4	IL1B	21	0	0	0	33055	0
U7	R	diseased	B:B4	IL7	21	0	0	0	33055	0
U7	R	diseased	B:B4	ITGAM	21	0	0	0	33055	0
U7	R	diseased	B:B4	ITGAX	21	1	1	0.047619	33055	0.264306
U7	R	diseased	B:B4	JAK1	21	9	7	0.333333	33055	1.31446
U7	R	diseased	B:B4	LYZ	21	0	0	0	33055	0
U7	R	diseased	B:B4	MAFB	21	0	0	0	33055	0
U7	R	diseased	B:B4	MAP1LC3B	21	5	5	0.238095	33055	0.92133
U7	R	diseased	B:B4	MAPK14	21	0	0	0	33055	0
U7	R	diseased	B:B4	NFKB1	21	1	1	0.047619	33055	0.264306
U7	R	diseased	B:B4	NLRP3	21	0	0	0	33055	0
U7	R	diseased	B:B4	OSM	21	0	0	0	33055	0
U7	R	diseased	B:B4	PARP1	21	4	4	0.190476	33055	0.79304
U7	R	diseased	B:B4	PIAS1	21	2	1	0.047619	33055	0.473156
U7	R	diseased	B:B4	PKM	21	7	6	0.285714	33055	1.13709
U7	R	diseased	B:B4	PRKAA1	21	1	1	0.047619	33055	0.264306
U7	R	diseased	B:B4	PTGS2	21	0	0	0	33055	0
U7	R	diseased	B:B4	RELA	21	3	3	0.142857	33055	0.645835
U7	R	diseased	B:B4	SH3KBP1	21	3	2	0.0952381	33055	0.645835
U7	R	diseased	B:B4	SMAD3	21	0	0	0	33055	0
U7	R	diseased	B:B4	SOD1	21	2	2	0.0952381	33055	0.473156
U7	R	diseased	B:B4	STAT3	21	5	4	0.190476	33055	0.92133
U7	R	diseased	B:B4	STAT5A	21	0	0	0	33055	0
U7	R	diseased	B:B4	SYK	21	3	3	0.142857	33055	0.645835
U7	R	diseased	B:B4	TLR4	21	0	0	0	33055	0
U7	R	diseased	B:B4	TNF	21	5	5	0.238095	33055	0.92133
U7	R	diseased	B:B5	ACTA2	12	0	0	0	24211	0
U7	R	diseased	B:B5	AHR	12	2	2	0.166667	24211	0.602167
U7	R	diseased	B:B5	AKT1	12	0	0	0	24211	0
U7	R	diseased	B:B5	ARNTL	12	0	0	0	24211	0
U7	R	diseased	B:B5	BCL6	12	0	0	0	24211	0
U7	R	diseased	B:B5	BECN1	12	3	3	0.25	24211	0.806077
U7	R	diseased	B:B5	BLNK	12	2	2	0.166667	24211	0.602167
U7	R	diseased	B:B5	BRD4	12	2	2	0.166667	24211	0.602167
U7	R	diseased	B:B5	CAT	12	2	2	0.166667	24211	0.602167
U7	R	diseased	B:B5	CD4	12	0	0	0	24211	0
U7	R	diseased	B:B5	CD86	12	4	3	0.25	24211	0.975367
U7	R	diseased	B:B5	CREB1	12	2	2	0.166667	24211	0.602167
U7	R	diseased	B:B5	CTNNB1	12	1	1	0.0833333	24211	0.34574
U7	R	diseased	B:B5	DNMT1	12	0	0	0	24211	0
U7	R	diseased	B:B5	FOXP3	12	0	0	0	24211	0
U7	R	diseased	B:B5	GABPA	12	2	2	0.166667	24211	0.602167
U7	R	diseased	B:B5	HIF1A	12	1	1	0.0833333	24211	0.34574
U7	R	diseased	B:B5	HMOX1	12	3	3	0.25	24211	0.806077
U7	R	diseased	B:B5	ICAM1	12	0	0	0	24211	0
U7	R	diseased	B:B5	IFNG	12	0	0	0	24211	0
U7	R	diseased	B:B5	IL15	12	0	0	0	24211	0
U7	R	diseased	B:B5	IL1B	12	0	0	0	24211	0
U7	R	diseased	B:B5	IL7	12	0	0	0	24211	0
U7	R	diseased	B:B5	ITGAM	12	0	0	0	24211	0
U7	R	diseased	B:B5	ITGAX	12	8	5	0.416667	24211	1.45961
U7	R	diseased	B:B5	JAK1	12	10	6	0.5	24211	1.63517
U7	R	diseased	B:B5	LYZ	12	0	0	0	24211	0
U7	R	diseased	B:B5	MAFB	12	0	0	0	24211	0
U7	R	diseased	B:B5	MAP1LC3B	12	8	5	0.416667	24211	1.45961
U7	R	diseased	B:B5	MAPK14	12	0	0	0	24211	0
U7	R	diseased	B:B5	NFKB1	12	0	0	0	24211	0
U7	R	diseased	B:B5	NLRP3	12	0	0	0	24211	0
U7	R	diseased	B:B5	OSM	12	0	0	0	24211	0
U7	R	diseased	B:B5	PARP1	12	12	8	0.666667	24211	1.78447
U7	R	diseased	B:B5	PIAS1	12	2	2	0.166667	24211	0.602167
U7	R	diseased	B:B5	PKM	12	5	5	0.416667	24211	1.12011
U7	R	diseased	B:B5	PRKAA1	12	3	3	0.25	24211	0.806077
U7	R	diseased	B:B5	PTGS2	12	0	0	0	24211	0
U7	R	diseased	B:B5	RELA	12	1	1	0.0833333	24211	0.34574
U7	R	diseased	B:B5	SH3KBP1	12	5	5	0.416667	24211	1.12011
U7	R	diseased	B:B5	SMAD3	12	1	1	0.0833333	24211	0.34574
U7	R	diseased	B:B5	SOD1	12	2	2	0.166667	24211	0.602167
U7	R	diseased	B:B5	STAT3	12	8	8	0.666667	24211	1.45961
U7	R	diseased	B:B5	STAT5A	12	1	1	0.0833333	24211	0.34574
U7	R	diseased	B:B5	SYK	12	9	5	0.416667	24211	1.55124
U7	R	diseased	B:B5	TLR4	12	0	0	0	24211	0
U7	R	diseased	B:B5	TNF	12	3	2	0.166667	24211	0.806077
U7	R	diseased	B:B7	ACTA2	8	0	0	0	20887	0
U7	R	diseased	B:B7	AHR	8	0	0	0	20887	0
U7	R	diseased	B:B7	AKT1	8	0	0	0	20887	0
U7	R	diseased	B:B7	ARNTL	8	0	0	0	20887	0
U7	R	diseased	B:B7	BCL6	8	0	0	0	20887	0
U7	R	diseased	B:B7	BECN1	8	0	0	0	20887	0
U7	R	diseased	B:B7	BLNK	8	2	2	0.25	20887	0.671685
U7	R	diseased	B:B7	BRD4	8	0	0	0	20887	0
U7	R	diseased	B:B7	CAT	8	0	0	0	20887	0
U7	R	diseased	B:B7	CD4	8	0	0	0	20887	0
U7	R	diseased	B:B7	CD86	8	0	0	0	20887	0
U7	R	diseased	B:B7	CREB1	8	1	1	0.125	20887	0.391208
U7	R	diseased	B:B7	CTNNB1	8	0	0	0	20887	0
U7	R	diseased	B:B7	DNMT1	8	1	1	0.125	20887	0.391208
U7	R	diseased	B:B7	FOXP3	8	0	0	0	20887	0
U7	R	diseased	B:B7	GABPA	8	0	0	0	20887	0
U7	R	diseased	B:B7	HIF1A	8	0	0	0	20887	0
U7	R	diseased	B:B7	HMOX1	8	0	0	0	20887	0
U7	R	diseased	B:B7	ICAM1	8	1	1	0.125	20887	0.391208
U7	R	diseased	B:B7	IFNG	8	1	1	0.125	20887	0.391208
U7	R	diseased	B:B7	IL15	8	1	1	0.125	20887	0.391208
U7	R	diseased	B:B7	IL1B	8	0	0	0	20887	0
U7	R	diseased	B:B7	IL7	8	0	0	0	20887	0
U7	R	diseased	B:B7	ITGAM	8	0	0	0	20887	0
U7	R	diseased	B:B7	ITGAX	8	0	0	0	20887	0
U7	R	diseased	B:B7	JAK1	8	1	1	0.125	20887	0.391208
U7	R	diseased	B:B7	LYZ	8	0	0	0	20887	0
U7	R	diseased	B:B7	MAFB	8	0	0	0	20887	0
U7	R	diseased	B:B7	MAP1LC3B	8	2	2	0.25	20887	0.671685
U7	R	diseased	B:B7	MAPK14	8	0	0	0	20887	0
U7	R	diseased	B:B7	NFKB1	8	1	1	0.125	20887	0.391208
U7	R	diseased	B:B7	NLRP3	8	0	0	0	20887	0
U7	R	diseased	B:B7	OSM	8	1	1	0.125	20887	0.391208
U7	R	diseased	B:B7	PARP1	8	0	0	0	20887	0
U7	R	diseased	B:B7	PIAS1	8	0	0	0	20887	0
U7	R	diseased	B:B7	PKM	8	0	0	0	20887	0
U7	R	diseased	B:B7	PRKAA1	8	0	0	0	20887	0
U7	R	diseased	B:B7	PTGS2	8	0	0	0	20887	0
U7	R	diseased	B:B7	RELA	8	0	0	0	20887	0
U7	R	diseased	B:B7	SH3KBP1	8	0	0	0	20887	0
U7	R	diseased	B:B7	SMAD3	8	0	0	0	20887	0
U7	R	diseased	B:B7	SOD1	8	1	1	0.125	20887	0.391208
U7	R	diseased	B:B7	STAT3	8	2	2	0.25	20887	0.671685
U7	R	diseased	B:B7	STAT5A	8	0	0	0	20887	0
U7	R	diseased	B:B7	SYK	8	1	1	0.125	20887	0.391208
U7	R	diseased	B:B7	TLR4	8	0	0	0	20887	0
U7	R	diseased	B:B7	TNF	8	0	0	0	20887	0
U7	R	diseased	B:B8	ACTA2	34	0	0	0	56770	0
U7	R	diseased	B:B8	AHR	34	0	0	0	56770	0
U7	R	diseased	B:B8	AKT1	34	1	1	0.0294118	56770	0.162246
U7	R	diseased	B:B8	ARNTL	34	0	0	0	56770	0
U7	R	diseased	B:B8	BCL6	34	4	4	0.117647	56770	0.533329
U7	R	diseased	B:B8	BECN1	34	5	5	0.147059	56770	0.631669
U7	R	diseased	B:B8	BLNK	34	8	7	0.205882	56770	0.879293
U7	R	diseased	B:B8	BRD4	34	7	6	0.176471	56770	0.803366
U7	R	diseased	B:B8	CAT	34	0	0	0	56770	0
U7	R	diseased	B:B8	CD4	34	0	0	0	56770	0
U7	R	diseased	B:B8	CD86	34	2	2	0.0588235	56770	0.301806
U7	R	diseased	B:B8	CREB1	34	6	6	0.176471	56770	0.721198
U7	R	diseased	B:B8	CTNNB1	34	2	2	0.0588235	56770	0.301806
U7	R	diseased	B:B8	DNMT1	34	1	1	0.0294118	56770	0.162246
U7	R	diseased	B:B8	FOXP3	34	0	0	0	56770	0
U7	R	diseased	B:B8	GABPA	34	0	0	0	56770	0
U7	R	diseased	B:B8	HIF1A	34	10	8	0.235294	56770	1.01577
U7	R	diseased	B:B8	HMOX1	34	0	0	0	56770	0
U7	R	diseased	B:B8	ICAM1	34	1	1	0.0294118	56770	0.162246
U7	R	diseased	B:B8	IFNG	34	1	1	0.0294118	56770	0.162246
U7	R	diseased	B:B8	IL15	34	1	1	0.0294118	56770	0.162246
U7	R	diseased	B:B8	IL1B	34	0	0	0	56770	0
U7	R	diseased	B:B8	IL7	34	2	2	0.0588235	56770	0.301806
U7	R	diseased	B:B8	ITGAM	34	0	0	0	56770	0
U7	R	diseased	B:B8	ITGAX	34	0	0	0	56770	0
U7	R	diseased	B:B8	JAK1	34	13	11	0.323529	56770	1.19087
U7	R	diseased	B:B8	LYZ	34	0	0	0	56770	0
U7	R	diseased	B:B8	MAFB	34	0	0	0	56770	0
U7	R	diseased	B:B8	MAP1LC3B	34	17	15	0.441176	56770	1.38493
U7	R	diseased	B:B8	MAPK14	34	2	2	0.0588235	56770	0.301806
U7	R	diseased	B:B8	NFKB1	34	2	2	0.0588235	56770	0.301806
U7	R	diseased	B:B8	NLRP3	34	0	0	0	56770	0
U7	R	diseased	B:B8	OSM	34	0	0	0	56770	0
U7	R	diseased	B:B8	PARP1	34	8	7	0.205882	56770	0.879293
U7	R	diseased	B:B8	PIAS1	34	6	5	0.147059	56770	0.721198
U7	R	diseased	B:B8	PKM	34	5	5	0.147059	56770	0.631669
U7	R	diseased	B:B8	PRKAA1	34	0	0	0	56770	0
U7	R	diseased	B:B8	PTGS2	34	0	0	0	56770	0
U7	R	diseased	B:B8	RELA	34	0	0	0	56770	0
U7	R	diseased	B:B8	SH3KBP1	34	5	5	0.147059	56770	0.631669
U7	R	diseased	B:B8	SMAD3	34	3	3	0.0882353	56770	0.424253
U7	R	diseased	B:B8	SOD1	34	6	6	0.176471	56770	0.721198
U7	R	diseased	B:B8	STAT3	34	10	7	0.205882	56770	1.01577
U7	R	diseased	B:B8	STAT5A	34	0	0	0	56770	0
U7	R	diseased	B:B8	SYK	34	5	4	0.117647	56770	0.631669
U7	R	diseased	B:B8	TLR4	34	0	0	0	56770	0
U7	R	diseased	B:B8	TNF	34	7	5	0.147059	56770	0.803366
U7	R	diseased	M/DC	ACTA2	33	1	1	0.030303	122294	0.0785987
U7	R	diseased	M/DC	AHR	33	41	26	0.787879	122294	1.47077
U7	R	diseased	M/DC	AKT1	33	5	4	0.121212	122294	0.342774
U7	R	diseased	M/DC	ARNTL	33	3	3	0.0909091	122294	0.219385
U7	R	diseased	M/DC	BCL6	33	3	3	0.0909091	122294	0.219385
U7	R	diseased	M/DC	BECN1	33	7	5	0.151515	122294	0.452597
U7	R	diseased	M/DC	BLNK	33	0	0	0	122294	0
U7	R	diseased	M/DC	BRD4	33	19	18	0.545455	122294	0.937517
U7	R	diseased	M/DC	CAT	33	14	12	0.363636	122294	0.763038
U7	R	diseased	M/DC	CD4	33	14	10	0.30303	122294	0.763038
U7	R	diseased	M/DC	CD86	33	20	13	0.393939	122294	0.969036
U7	R	diseased	M/DC	CREB1	33	6	5	0.151515	122294	0.399193
U7	R	diseased	M/DC	CTNNB1	33	13	11	0.333333	122294	0.724167
U7	R	diseased	M/DC	DNMT1	33	8	7	0.212121	122294	0.503294
U7	R	diseased	M/DC	FOXP3	33	0	0	0	122294	0
U7	R	diseased	M/DC	GABPA	33	3	3	0.0909091	122294	0.219385
U7	R	diseased	M/DC	HIF1A	33	29	18	0.545455	122294	1.21531
U7	R	diseased	M/DC	HMOX1	33	3	3	0.0909091	122294	0.219385
U7	R	diseased	M/DC	ICAM1	33	38	19	0.575758	122294	1.41276
U7	R	diseased	M/DC	IFNG	33	0	0	0	122294	0
U7	R	diseased	M/DC	IL15	33	1	1	0.030303	122294	0.0785987
U7	R	diseased	M/DC	IL1B	33	250	30	0.909091	122294	3.06538
U7	R	diseased	M/DC	IL7	33	1	1	0.030303	122294	0.0785987
U7	R	diseased	M/DC	ITGAM	33	5	4	0.121212	122294	0.342774
U7	R	diseased	M/DC	ITGAX	33	21	18	0.545455	122294	0.999592
U7	R	diseased	M/DC	JAK1	33	22	13	0.393939	122294	1.02924
U7	R	diseased	M/DC	LYZ	33	837	33	1	122294	4.24049
U7	R	diseased	M/DC	MAFB	33	8	7	0.212121	122294	0.503294
U7	R	diseased	M/DC	MAP1LC3B	33	29	20	0.606061	122294	1.21531
U7	R	diseased	M/DC	MAPK14	33	3	3	0.0909091	122294	0.219385
U7	R	diseased	M/DC	NFKB1	33	17	15	0.454545	122294	0.871332
U7	R	diseased	M/DC	NLRP3	33	22	14	0.424242	122294	1.02924
U7	R	diseased	M/DC	OSM	33	4	2	0.0606061	122294	0.282982
U7	R	diseased	M/DC	PARP1	33	9	7	0.212121	122294	0.551544
U7	R	diseased	M/DC	PIAS1	33	3	3	0.0909091	122294	0.219385
U7	R	diseased	M/DC	PKM	33	64	25	0.757576	122294	1.8299
U7	R	diseased	M/DC	PRKAA1	33	1	1	0.030303	122294	0.0785987
U7	R	diseased	M/DC	PTGS2	33	17	14	0.424242	122294	0.871332
U7	R	diseased	M/DC	RELA	33	3	3	0.0909091	122294	0.219385
U7	R	diseased	M/DC	SH3KBP1	33	16	14	0.424242	122294	0.836521
U7	R	diseased	M/DC	SMAD3	33	3	3	0.0909091	122294	0.219385
U7	R	diseased	M/DC	SOD1	33	15	13	0.393939	122294	0.800454
U7	R	diseased	M/DC	STAT3	33	25	15	0.454545	122294	1.11326
U7	R	diseased	M/DC	STAT5A	33	7	7	0.212121	122294	0.452597
U7	R	diseased	M/DC	SYK	33	20	13	0.393939	122294	0.969036
U7	R	diseased	M/DC	TLR4	33	1	1	0.030303	122294	0.0785987
U7	R	diseased	M/DC	TNF	33	44	8	0.242424	122294	1.5256
U7	R	diseased	NK	ACTA2	40	1	1	0.025	80172	0.117545
U7	R	diseased	NK	AHR	40	18	8	0.2	80172	1.17717
U7	R	diseased	NK	AKT1	40	6	5	0.125	80172	0.558696
U7	R	diseased	NK	ARNTL	40	0	0	0	80172	0
U7	R	diseased	NK	BCL6	40	5	5	0.125	80172	0.484682
U7	R	diseased	NK	BECN1	40	4	4	0.1	80172	0.40475
U7	R	diseased	NK	BLNK	40	0	0	0	80172	0
U7	R	diseased	NK	BRD4	40	8	8	0.2	80172	0.692074
U7	R	diseased	NK	CAT	40	9	8	0.2	80172	0.752635
U7	R	diseased	NK	CD4	40	0	0	0	80172	0
U7	R	diseased	NK	CD86	40	0	0	0	80172	0
U7	R	diseased	NK	CREB1	40	6	5	0.125	80172	0.558696
U7	R	diseased	NK	CTNNB1	40	12	11	0.275	80172	0.915003
U7	R	diseased	NK	DNMT1	40	5	5	0.125	80172	0.484682
U7	R	diseased	NK	FOXP3	40	1	1	0.025	80172	0.117545
U7	R	diseased	NK	GABPA	40	2	2	0.05	80172	0.222714
U7	R	diseased	NK	HIF1A	40	11	11	0.275	80172	0.863755
U7	R	diseased	NK	HMOX1	40	0	0	0	80172	0
U7	R	diseased	NK	ICAM1	40	14	11	0.275	80172	1.01023
U7	R	diseased	NK	IFNG	40	65	17	0.425	80172	2.20911
U7	R	diseased	NK	IL15	40	1	1	0.025	80172	0.117545
U7	R	diseased	NK	IL1B	40	1	1	0.025	80172	0.117545
U7	R	diseased	NK	IL7	40	1	1	0.025	80172	0.117545
U7	R	diseased	NK	ITGAM	40	4	3	0.075	80172	0.40475
U7	R	diseased	NK	ITGAX	40	2	2	0.05	80172	0.222714
U7	R	diseased	NK	JAK1	40	36	21	0.525	80172	1.70299
U7	R	diseased	NK	LYZ	40	0	0	0	80172	0
U7	R	diseased	NK	MAFB	40	1	1	0.025	80172	0.117545
U7	R	diseased	NK	MAP1LC3B	40	30	16	0.4	80172	1.55645
U7	R	diseased	NK	MAPK14	40	2	2	0.05	80172	0.222714
U7	R	diseased	NK	NFKB1	40	8	7	0.175	80172	0.692074
U7	R	diseased	NK	NLRP3	40	0	0	0	80172	0
U7	R	diseased	NK	OSM	40	0	0	0	80172	0
U7	R	diseased	NK	PARP1	40	9	8	0.2	80172	0.752635
U7	R	diseased	NK	PIAS1	40	7	6	0.15	80172	0.627607
U7	R	diseased	NK	PKM	40	21	16	0.4	80172	1.2863
U7	R	diseased	NK	PRKAA1	40	4	4	0.1	80172	0.40475
U7	R	diseased	NK	PTGS2	40	0	0	0	80172	0
U7	R	diseased	NK	RELA	40	3	3	0.075	80172	0.317868
U7	R	diseased	NK	SH3KBP1	40	11	9	0.225	80172	0.863755
U7	R	diseased	NK	SMAD3	40	3	3	0.075	80172	0.317868
U7	R	diseased	NK	SOD1	40	20	15	0.375	80172	1.25123
U7	R	diseased	NK	STAT3	40	24	17	0.425	80172	1.38468
U7	R	diseased	NK	STAT5A	40	1	1	0.025	80172	0.117545
U7	R	diseased	NK	SYK	40	4	4	0.1	80172	0.40475
U7	R	diseased	NK	TLR4	40	0	0	0	80172	0
U7	R	diseased	NK	TNF	40	24	11	0.275	80172	1.38468
U7	R	diseased	T	ACTA2	559	2	2	0.00357782	883624	0.0223817
U7	R	diseased	T	AHR	559	103	90	0.161002	883624	0.772722
U7	R	diseased	T	AKT1	559	13	12	0.0214669	883624	0.137256
U7	R	diseased	T	ARNTL	559	25	24	0.0429338	883624	0.249143
U7	R	diseased	T	BCL6	559	19	19	0.0339893	883624	0.194763
U7	R	diseased	T	BECN1	559	44	43	0.0769231	883624	0.404097
U7	R	diseased	T	BLNK	559	6	5	0.00894454	883624	0.0656961
U7	R	diseased	T	BRD4	559	73	69	0.123435	883624	0.602206
U7	R	diseased	T	CAT	559	29	27	0.0483005	883624	0.28382
U7	R	diseased	T	CD4	559	54	49	0.0876565	883624	0.476929
U7	R	diseased	T	CD86	559	1	1	0.00178891	883624	0.0112535
U7	R	diseased	T	CREB1	559	39	35	0.0626118	883624	0.36559
U7	R	diseased	T	CTNNB1	559	35	33	0.059034	883624	0.33368
U7	R	diseased	T	DNMT1	559	54	50	0.0894454	883624	0.476929
U7	R	diseased	T	FOXP3	559	37	28	0.0500894	883624	0.349762
U7	R	diseased	T	GABPA	559	19	18	0.0322004	883624	0.194763
U7	R	diseased	T	HIF1A	559	107	93	0.166369	883624	0.79341
U7	R	diseased	T	HMOX1	559	2	1	0.00178891	883624	0.0223817
U7	R	diseased	T	ICAM1	559	50	37	0.0661896	883624	0.44843
U7	R	diseased	T	IFNG	559	142	60	0.107335	883624	0.958207
U7	R	diseased	T	IL15	559	4	4	0.00715564	883624	0.0442734
U7	R	diseased	T	IL1B	559	4	1	0.00178891	883624	0.0442734
U7	R	diseased	T	IL7	559	2	2	0.00357782	883624	0.0223817
U7	R	diseased	T	ITGAM	559	2	2	0.00357782	883624	0.0223817
U7	R	diseased	T	ITGAX	559	2	2	0.00357782	883624	0.0223817
U7	R	diseased	T	JAK1	559	266	199	0.355993	883624	1.38887
U7	R	diseased	T	LYZ	559	24	3	0.00536673	883624	0.240283
U7	R	diseased	T	MAFB	559	0	0	0	883624	0
U7	R	diseased	T	MAP1LC3B	559	169	144	0.257603	883624	1.06904
U7	R	diseased	T	MAPK14	559	8	7	0.0125224	883624	0.0866695
U7	R	diseased	T	NFKB1	559	48	42	0.0751342	883624	0.43387
U7	R	diseased	T	NLRP3	559	5	5	0.00894454	883624	0.0550422
U7	R	diseased	T	OSM	559	8	8	0.0143113	883624	0.0866695
U7	R	diseased	T	PARP1	559	59	57	0.101968	883624	0.511448
U7	R	diseased	T	PIAS1	559	98	93	0.166369	883624	0.746247
U7	R	diseased	T	PKM	559	163	120	0.214669	883624	1.04545
U7	R	diseased	T	PRKAA1	559	27	27	0.0483005	883624	0.266632
U7	R	diseased	T	PTGS2	559	0	0	0	883624	0
U7	R	diseased	T	RELA	559	39	37	0.0661896	883624	0.36559
U7	R	diseased	T	SH3KBP1	559	105	93	0.166369	883624	0.78312
U7	R	diseased	T	SMAD3	559	12	12	0.0214669	883624	0.127341
U7	R	diseased	T	SOD1	559	275	210	0.375671	883624	1.41395
U7	R	diseased	T	STAT3	559	289	214	0.382826	883624	1.45176
U7	R	diseased	T	STAT5A	559	44	42	0.0751342	883624	0.404097
U7	R	diseased	T	SYK	559	2	2	0.00357782	883624	0.0223817
U7	R	diseased	T	TLR4	559	0	0	0	883624	0
U7	R	diseased	T	TNF	559	108	65	0.116279	883624	0.798515
U7	R	diseased	T:T1	ACTA2	96	0	0	0	124844	0
U7	R	diseased	T:T1	AHR	96	15	14	0.145833	124844	0.789139
U7	R	diseased	T:T1	AKT1	96	0	0	0	124844	0
U7	R	diseased	T:T1	ARNTL	96	2	2	0.0208333	124844	0.148592
U7	R	diseased	T:T1	BCL6	96	1	1	0.0104167	124844	0.0770536
U7	R	diseased	T:T1	BECN1	96	3	3	0.03125	124844	0.215353
U7	R	diseased	T:T1	BLNK	96	2	2	0.0208333	124844	0.148592
U7	R	diseased	T:T1	BRD4	96	5	5	0.0520833	124844	0.336829
U7	R	diseased	T:T1	CAT	96	11	9	0.09375	124844	0.631857
U7	R	diseased	T:T1	CD4	96	8	8	0.0833333	124844	0.495184
U7	R	diseased	T:T1	CD86	96	0	0	0	124844	0
U7	R	diseased	T:T1	CREB1	96	6	6	0.0625	124844	0.392447
U7	R	diseased	T:T1	CTNNB1	96	10	8	0.0833333	124844	0.588342
U7	R	diseased	T:T1	DNMT1	96	8	8	0.0833333	124844	0.495184
U7	R	diseased	T:T1	FOXP3	96	0	0	0	124844	0
U7	R	diseased	T:T1	GABPA	96	1	1	0.0104167	124844	0.0770536
U7	R	diseased	T:T1	HIF1A	96	10	10	0.104167	124844	0.588342
U7	R	diseased	T:T1	HMOX1	96	0	0	0	124844	0
U7	R	diseased	T:T1	ICAM1	96	6	5	0.0520833	124844	0.392447
U7	R	diseased	T:T1	IFNG	96	5	4	0.0416667	124844	0.336829
U7	R	diseased	T:T1	IL15	96	0	0	0	124844	0
U7	R	diseased	T:T1	IL1B	96	4	1	0.0104167	124844	0.277935
U7	R	diseased	T:T1	IL7	96	0	0	0	124844	0
U7	R	diseased	T:T1	ITGAM	96	0	0	0	124844	0
U7	R	diseased	T:T1	ITGAX	96	0	0	0	124844	0
U7	R	diseased	T:T1	JAK1	96	25	22	0.229167	124844	1.09944
U7	R	diseased	T:T1	LYZ	96	22	1	0.0104167	124844	1.01603
U7	R	diseased	T:T1	MAFB	96	0	0	0	124844	0
U7	R	diseased	T:T1	MAP1LC3B	96	22	19	0.197917	124844	1.01603
U7	R	diseased	T:T1	MAPK14	96	1	1	0.0104167	124844	0.0770536
U7	R	diseased	T:T1	NFKB1	96	5	4	0.0416667	124844	0.336829
U7	R	diseased	T:T1	NLRP3	96	0	0	0	124844	0
U7	R	diseased	T:T1	OSM	96	1	1	0.0104167	124844	0.0770536
U7	R	diseased	T:T1	PARP1	96	6	6	0.0625	124844	0.392447
U7	R	diseased	T:T1	PIAS1	96	15	14	0.145833	124844	0.789139
U7	R	diseased	T:T1	PKM	96	15	15	0.15625	124844	0.789139
U7	R	diseased	T:T1	PRKAA1	96	3	3	0.03125	124844	0.215353
U7	R	diseased	T:T1	PTGS2	96	0	0	0	124844	0
U7	R	diseased	T:T1	RELA	96	7	7	0.0729167	124844	0.445134
U7	R	diseased	T:T1	SH3KBP1	96	17	15	0.15625	124844	0.859381
U7	R	diseased	T:T1	SMAD3	96	3	3	0.03125	124844	0.215353
U7	R	diseased	T:T1	SOD1	96	28	23	0.239583	124844	1.17644
U7	R	diseased	T:T1	STAT3	96	25	21	0.21875	124844	1.09944
U7	R	diseased	T:T1	STAT5A	96	5	5	0.0520833	124844	0.336829
U7	R	diseased	T:T1	SYK	96	0	0	0	124844	0
U7	R	diseased	T:T1	TLR4	96	0	0	0	124844	0
U7	R	diseased	T:T1	TNF	96	16	14	0.145833	124844	0.824877
U7	R	diseased	T:T10	ACTA2	79	1	1	0.0126582	120680	0.0796092
U7	R	diseased	T:T10	AHR	79	4	3	0.0379747	120680	0.286272
U7	R	diseased	T:T10	AKT1	79	0	0	0	120680	0
U7	R	diseased	T:T10	ARNTL	79	3	3	0.0379747	120680	0.222016
U7	R	diseased	T:T10	BCL6	79	5	5	0.0632911	120680	0.346648
U7	R	diseased	T:T10	BECN1	79	5	5	0.0632911	120680	0.346648
U7	R	diseased	T:T10	BLNK	79	0	0	0	120680	0
U7	R	diseased	T:T10	BRD4	79	13	12	0.151899	120680	0.731035
U7	R	diseased	T:T10	CAT	79	2	2	0.0253165	120680	0.153345
U7	R	diseased	T:T10	CD4	79	2	2	0.0253165	120680	0.153345
U7	R	diseased	T:T10	CD86	79	0	0	0	120680	0
U7	R	diseased	T:T10	CREB1	79	6	5	0.0632911	120680	0.403585
U7	R	diseased	T:T10	CTNNB1	79	2	2	0.0253165	120680	0.153345
U7	R	diseased	T:T10	DNMT1	79	7	7	0.0886076	120680	0.457454
U7	R	diseased	T:T10	FOXP3	79	0	0	0	120680	0
U7	R	diseased	T:T10	GABPA	79	2	2	0.0253165	120680	0.153345
U7	R	diseased	T:T10	HIF1A	79	15	13	0.164557	120680	0.807795
U7	R	diseased	T:T10	HMOX1	79	0	0	0	120680	0
U7	R	diseased	T:T10	ICAM1	79	15	11	0.139241	120680	0.807795
U7	R	diseased	T:T10	IFNG	79	75	33	0.417722	120680	1.97613
U7	R	diseased	T:T10	IL15	79	1	1	0.0126582	120680	0.0796092
U7	R	diseased	T:T10	IL1B	79	0	0	0	120680	0
U7	R	diseased	T:T10	IL7	79	0	0	0	120680	0
U7	R	diseased	T:T10	ITGAM	79	1	1	0.0126582	120680	0.0796092
U7	R	diseased	T:T10	ITGAX	79	2	2	0.0253165	120680	0.153345
U7	R	diseased	T:T10	JAK1	79	38	27	0.341772	120680	1.42282
U7	R	diseased	T:T10	LYZ	79	1	1	0.0126582	120680	0.0796092
U7	R	diseased	T:T10	MAFB	79	0	0	0	120680	0
U7	R	diseased	T:T10	MAP1LC3B	79	29	25	0.316456	120680	1.22467
U7	R	diseased	T:T10	MAPK14	79	1	1	0.0126582	120680	0.0796092
U7	R	diseased	T:T10	NFKB1	79	2	1	0.0126582	120680	0.153345
U7	R	diseased	T:T10	NLRP3	79	0	0	0	120680	0
U7	R	diseased	T:T10	OSM	79	2	2	0.0253165	120680	0.153345
U7	R	diseased	T:T10	PARP1	79	12	11	0.139241	120680	0.690326
U7	R	diseased	T:T10	PIAS1	79	18	17	0.21519	120680	0.912904
U7	R	diseased	T:T10	PKM	79	24	17	0.21519	120680	1.09485
U7	R	diseased	T:T10	PRKAA1	79	4	4	0.0506329	120680	0.286272
U7	R	diseased	T:T10	PTGS2	79	0	0	0	120680	0
U7	R	diseased	T:T10	RELA	79	5	5	0.0632911	120680	0.346648
U7	R	diseased	T:T10	SH3KBP1	79	14	14	0.177215	120680	0.770151
U7	R	diseased	T:T10	SMAD3	79	0	0	0	120680	0
U7	R	diseased	T:T10	SOD1	79	35	30	0.379747	120680	1.36104
U7	R	diseased	T:T10	STAT3	79	38	30	0.379747	120680	1.42282
U7	R	diseased	T:T10	STAT5A	79	6	6	0.0759494	120680	0.403585
U7	R	diseased	T:T10	SYK	79	1	1	0.0126582	120680	0.0796092
U7	R	diseased	T:T10	TLR4	79	0	0	0	120680	0
U7	R	diseased	T:T10	TNF	79	10	8	0.101266	120680	0.603571
U7	R	diseased	T:T12	ACTA2	3	0	0	0	4836	0
U7	R	diseased	T:T12	AHR	3	0	0	0	4836	0
U7	R	diseased	T:T12	AKT1	3	0	0	0	4836	0
U7	R	diseased	T:T12	ARNTL	3	0	0	0	4836	0
U7	R	diseased	T:T12	BCL6	3	0	0	0	4836	0
U7	R	diseased	T:T12	BECN1	3	1	1	0.333333	4836	1.12097
U7	R	diseased	T:T12	BLNK	3	0	0	0	4836	0
U7	R	diseased	T:T12	BRD4	3	1	1	0.333333	4836	1.12097
U7	R	diseased	T:T12	CAT	3	0	0	0	4836	0
U7	R	diseased	T:T12	CD4	3	0	0	0	4836	0
U7	R	diseased	T:T12	CD86	3	0	0	0	4836	0
U7	R	diseased	T:T12	CREB1	3	1	1	0.333333	4836	1.12097
U7	R	diseased	T:T12	CTNNB1	3	0	0	0	4836	0
U7	R	diseased	T:T12	DNMT1	3	0	0	0	4836	0
U7	R	diseased	T:T12	FOXP3	3	0	0	0	4836	0
U7	R	diseased	T:T12	GABPA	3	1	1	0.333333	4836	1.12097
U7	R	diseased	T:T12	HIF1A	3	1	1	0.333333	4836	1.12097
U7	R	diseased	T:T12	HMOX1	3	0	0	0	4836	0
U7	R	diseased	T:T12	ICAM1	3	0	0	0	4836	0
U7	R	diseased	T:T12	IFNG	3	0	0	0	4836	0
U7	R	diseased	T:T12	IL15	3	0	0	0	4836	0
U7	R	diseased	T:T12	IL1B	3	0	0	0	4836	0
U7	R	diseased	T:T12	IL7	3	0	0	0	4836	0
U7	R	diseased	T:T12	ITGAM	3	0	0	0	4836	0
U7	R	diseased	T:T12	ITGAX	3	0	0	0	4836	0
U7	R	diseased	T:T12	JAK1	3	2	1	0.333333	4836	1.63621
U7	R	diseased	T:T12	LYZ	3	0	0	0	4836	0
U7	R	diseased	T:T12	MAFB	3	0	0	0	4836	0
U7	R	diseased	T:T12	MAP1LC3B	3	0	0	0	4836	0
U7	R	diseased	T:T12	MAPK14	3	0	0	0	4836	0
U7	R	diseased	T:T12	NFKB1	3	0	0	0	4836	0
U7	R	diseased	T:T12	NLRP3	3	0	0	0	4836	0
U7	R	diseased	T:T12	OSM	3	0	0	0	4836	0
U7	R	diseased	T:T12	PARP1	3	1	1	0.333333	4836	1.12097
U7	R	diseased	T:T12	PIAS1	3	0	0	0	4836	0
U7	R	diseased	T:T12	PKM	3	0	0	0	4836	0
U7	R	diseased	T:T12	PRKAA1	3	0	0	0	4836	0
U7	R	diseased	T:T12	PTGS2	3	0	0	0	4836	0
U7	R	diseased	T:T12	RELA	3	0	0	0	4836	0
U7	R	diseased	T:T12	SH3KBP1	3	1	1	0.333333	4836	1.12097
U7	R	diseased	T:T12	SMAD3	3	0	0	0	4836	0
U7	R	diseased	T:T12	SOD1	3	2	2	0.666667	4836	1.63621
U7	R	diseased	T:T12	STAT3	3	3	3	1	4836	1.97456
U7	R	diseased	T:T12	STAT5A	3	0	0	0	4836	0
U7	R	diseased	T:T12	SYK	3	0	0	0	4836	0
U7	R	diseased	T:T12	TLR4	3	0	0	0	4836	0
U7	R	diseased	T:T12	TNF	3	0	0	0	4836	0
U7	R	diseased	T:T14	ACTA2	2	0	0	0	3567	0
U7	R	diseased	T:T14	AHR	2	1	1	0.5	3567	1.33592
U7	R	diseased	T:T14	AKT1	2	0	0	0	3567	0
U7	R	diseased	T:T14	ARNTL	2	0	0	0	3567	0
U7	R	diseased	T:T14	BCL6	2	0	0	0	3567	0
U7	R	diseased	T:T14	BECN1	2	0	0	0	3567	0
U7	R	diseased	T:T14	BLNK	2	0	0	0	3567	0
U7	R	diseased	T:T14	BRD4	2	0	0	0	3567	0
U7	R	diseased	T:T14	CAT	2	0	0	0	3567	0
U7	R	diseased	T:T14	CD4	2	0	0	0	3567	0
U7	R	diseased	T:T14	CD86	2	0	0	0	3567	0
U7	R	diseased	T:T14	CREB1	2	0	0	0	3567	0
U7	R	diseased	T:T14	CTNNB1	2	0	0	0	3567	0
U7	R	diseased	T:T14	DNMT1	2	2	1	0.5	3567	1.88812
U7	R	diseased	T:T14	FOXP3	2	0	0	0	3567	0
U7	R	diseased	T:T14	GABPA	2	1	1	0.5	3567	1.33592
U7	R	diseased	T:T14	HIF1A	2	0	0	0	3567	0
U7	R	diseased	T:T14	HMOX1	2	0	0	0	3567	0
U7	R	diseased	T:T14	ICAM1	2	0	0	0	3567	0
U7	R	diseased	T:T14	IFNG	2	0	0	0	3567	0
U7	R	diseased	T:T14	IL15	2	0	0	0	3567	0
U7	R	diseased	T:T14	IL1B	2	0	0	0	3567	0
U7	R	diseased	T:T14	IL7	2	0	0	0	3567	0
U7	R	diseased	T:T14	ITGAM	2	0	0	0	3567	0
U7	R	diseased	T:T14	ITGAX	2	0	0	0	3567	0
U7	R	diseased	T:T14	JAK1	2	1	1	0.5	3567	1.33592
U7	R	diseased	T:T14	LYZ	2	0	0	0	3567	0
U7	R	diseased	T:T14	MAFB	2	0	0	0	3567	0
U7	R	diseased	T:T14	MAP1LC3B	2	0	0	0	3567	0
U7	R	diseased	T:T14	MAPK14	2	0	0	0	3567	0
U7	R	diseased	T:T14	NFKB1	2	0	0	0	3567	0
U7	R	diseased	T:T14	NLRP3	2	0	0	0	3567	0
U7	R	diseased	T:T14	OSM	2	0	0	0	3567	0
U7	R	diseased	T:T14	PARP1	2	0	0	0	3567	0
U7	R	diseased	T:T14	PIAS1	2	0	0	0	3567	0
U7	R	diseased	T:T14	PKM	2	0	0	0	3567	0
U7	R	diseased	T:T14	PRKAA1	2	0	0	0	3567	0
U7	R	diseased	T:T14	PTGS2	2	0	0	0	3567	0
U7	R	diseased	T:T14	RELA	2	1	1	0.5	3567	1.33592
U7	R	diseased	T:T14	SH3KBP1	2	0	0	0	3567	0
U7	R	diseased	T:T14	SMAD3	2	0	0	0	3567	0
U7	R	diseased	T:T14	SOD1	2	1	1	0.5	3567	1.33592
U7	R	diseased	T:T14	STAT3	2	1	1	0.5	3567	1.33592
U7	R	diseased	T:T14	STAT5A	2	0	0	0	3567	0
U7	R	diseased	T:T14	SYK	2	0	0	0	3567	0
U7	R	diseased	T:T14	TLR4	2	0	0	0	3567	0
U7	R	diseased	T:T14	TNF	2	0	0	0	3567	0
U7	R	diseased	T:T15	ACTA2	1	0	0	0	1815	0
U7	R	diseased	T:T15	AHR	1	0	0	0	1815	0
U7	R	diseased	T:T15	AKT1	1	0	0	0	1815	0
U7	R	diseased	T:T15	ARNTL	1	0	0	0	1815	0
U7	R	diseased	T:T15	BCL6	1	0	0	0	1815	0
U7	R	diseased	T:T15	BECN1	1	0	0	0	1815	0
U7	R	diseased	T:T15	BLNK	1	0	0	0	1815	0
U7	R	diseased	T:T15	BRD4	1	0	0	0	1815	0
U7	R	diseased	T:T15	CAT	1	0	0	0	1815	0
U7	R	diseased	T:T15	CD4	1	0	0	0	1815	0
U7	R	diseased	T:T15	CD86	1	0	0	0	1815	0
U7	R	diseased	T:T15	CREB1	1	0	0	0	1815	0
U7	R	diseased	T:T15	CTNNB1	1	0	0	0	1815	0
U7	R	diseased	T:T15	DNMT1	1	0	0	0	1815	0
U7	R	diseased	T:T15	FOXP3	1	0	0	0	1815	0
U7	R	diseased	T:T15	GABPA	1	0	0	0	1815	0
U7	R	diseased	T:T15	HIF1A	1	0	0	0	1815	0
U7	R	diseased	T:T15	HMOX1	1	0	0	0	1815	0
U7	R	diseased	T:T15	ICAM1	1	0	0	0	1815	0
U7	R	diseased	T:T15	IFNG	1	0	0	0	1815	0
U7	R	diseased	T:T15	IL15	1	0	0	0	1815	0
U7	R	diseased	T:T15	IL1B	1	0	0	0	1815	0
U7	R	diseased	T:T15	IL7	1	0	0	0	1815	0
U7	R	diseased	T:T15	ITGAM	1	0	0	0	1815	0
U7	R	diseased	T:T15	ITGAX	1	0	0	0	1815	0
U7	R	diseased	T:T15	JAK1	1	0	0	0	1815	0
U7	R	diseased	T:T15	LYZ	1	0	0	0	1815	0
U7	R	diseased	T:T15	MAFB	1	0	0	0	1815	0
U7	R	diseased	T:T15	MAP1LC3B	1	0	0	0	1815	0
U7	R	diseased	T:T15	MAPK14	1	0	0	0	1815	0
U7	R	diseased	T:T15	NFKB1	1	1	1	1	1815	1.87328
U7	R	diseased	T:T15	NLRP3	1	0	0	0	1815	0
U7	R	diseased	T:T15	OSM	1	0	0	0	1815	0
U7	R	diseased	T:T15	PARP1	1	0	0	0	1815	0
U7	R	diseased	T:T15	PIAS1	1	0	0	0	1815	0
U7	R	diseased	T:T15	PKM	1	0	0	0	1815	0
U7	R	diseased	T:T15	PRKAA1	1	0	0	0	1815	0
U7	R	diseased	T:T15	PTGS2	1	0	0	0	1815	0
U7	R	diseased	T:T15	RELA	1	0	0	0	1815	0
U7	R	diseased	T:T15	SH3KBP1	1	0	0	0	1815	0
U7	R	diseased	T:T15	SMAD3	1	0	0	0	1815	0
U7	R	diseased	T:T15	SOD1	1	0	0	0	1815	0
U7	R	diseased	T:T15	STAT3	1	0	0	0	1815	0
U7	R	diseased	T:T15	STAT5A	1	0	0	0	1815	0
U7	R	diseased	T:T15	SYK	1	0	0	0	1815	0
U7	R	diseased	T:T15	TLR4	1	0	0	0	1815	0
U7	R	diseased	T:T15	TNF	1	0	0	0	1815	0
U7	R	diseased	T:T2	ACTA2	85	1	1	0.0117647	163477	0.0593727
U7	R	diseased	T:T2	AHR	85	40	34	0.4	163477	1.23745
U7	R	diseased	T:T2	AKT1	85	2	2	0.0235294	163477	0.115417
U7	R	diseased	T:T2	ARNTL	85	5	5	0.0588235	163477	0.266857
U7	R	diseased	T:T2	BCL6	85	3	3	0.0352941	163477	0.168486
U7	R	diseased	T:T2	BECN1	85	9	9	0.105882	163477	0.438601
U7	R	diseased	T:T2	BLNK	85	3	2	0.0235294	163477	0.168486
U7	R	diseased	T:T2	BRD4	85	13	12	0.141176	163477	0.585127
U7	R	diseased	T:T2	CAT	85	5	5	0.0588235	163477	0.266857
U7	R	diseased	T:T2	CD4	85	6	6	0.0705882	163477	0.312636
U7	R	diseased	T:T2	CD86	85	0	0	0	163477	0
U7	R	diseased	T:T2	CREB1	85	6	6	0.0705882	163477	0.312636
U7	R	diseased	T:T2	CTNNB1	85	7	7	0.0823529	163477	0.356411
U7	R	diseased	T:T2	DNMT1	85	13	12	0.141176	163477	0.585127
U7	R	diseased	T:T2	FOXP3	85	0	0	0	163477	0
U7	R	diseased	T:T2	GABPA	85	4	4	0.0470588	163477	0.218881
U7	R	diseased	T:T2	HIF1A	85	21	18	0.211765	163477	0.826184
U7	R	diseased	T:T2	HMOX1	85	0	0	0	163477	0
U7	R	diseased	T:T2	ICAM1	85	22	15	0.176471	163477	0.852607
U7	R	diseased	T:T2	IFNG	85	18	6	0.0705882	163477	0.742448
U7	R	diseased	T:T2	IL15	85	2	2	0.0235294	163477	0.115417
U7	R	diseased	T:T2	IL1B	85	0	0	0	163477	0
U7	R	diseased	T:T2	IL7	85	0	0	0	163477	0
U7	R	diseased	T:T2	ITGAM	85	0	0	0	163477	0
U7	R	diseased	T:T2	ITGAX	85	0	0	0	163477	0
U7	R	diseased	T:T2	JAK1	85	59	43	0.505882	163477	1.52803
U7	R	diseased	T:T2	LYZ	85	0	0	0	163477	0
U7	R	diseased	T:T2	MAFB	85	0	0	0	163477	0
U7	R	diseased	T:T2	MAP1LC3B	85	37	28	0.329412	163477	1.18274
U7	R	diseased	T:T2	MAPK14	85	0	0	0	163477	0
U7	R	diseased	T:T2	NFKB1	85	19	16	0.188235	163477	0.771146
U7	R	diseased	T:T2	NLRP3	85	2	2	0.0235294	163477	0.115417
U7	R	diseased	T:T2	OSM	85	1	1	0.0117647	163477	0.0593727
U7	R	diseased	T:T2	PARP1	85	4	4	0.0470588	163477	0.218881
U7	R	diseased	T:T2	PIAS1	85	17	17	0.2	163477	0.712902
U7	R	diseased	T:T2	PKM	85	24	19	0.223529	163477	0.903447
U7	R	diseased	T:T2	PRKAA1	85	6	6	0.0705882	163477	0.312636
U7	R	diseased	T:T2	PTGS2	85	0	0	0	163477	0
U7	R	diseased	T:T2	RELA	85	6	6	0.0705882	163477	0.312636
U7	R	diseased	T:T2	SH3KBP1	85	16	14	0.164706	163477	0.682456
U7	R	diseased	T:T2	SMAD3	85	1	1	0.0117647	163477	0.0593727
U7	R	diseased	T:T2	SOD1	85	51	36	0.423529	163477	1.41578
U7	R	diseased	T:T2	STAT3	85	55	42	0.494118	163477	1.47348
U7	R	diseased	T:T2	STAT5A	85	6	6	0.0705882	163477	0.312636
U7	R	diseased	T:T2	SYK	85	1	1	0.0117647	163477	0.0593727
U7	R	diseased	T:T2	TLR4	85	0	0	0	163477	0
U7	R	diseased	T:T2	TNF	85	56	25	0.294118	163477	1.4874
U7	R	diseased	T:T3	ACTA2	4	0	0	0	13562	0
U7	R	diseased	T:T3	AHR	4	0	0	0	13562	0
U7	R	diseased	T:T3	AKT1	4	0	0	0	13562	0
U7	R	diseased	T:T3	ARNTL	4	0	0	0	13562	0
U7	R	diseased	T:T3	BCL6	4	0	0	0	13562	0
U7	R	diseased	T:T3	BECN1	4	0	0	0	13562	0
U7	R	diseased	T:T3	BLNK	4	0	0	0	13562	0
U7	R	diseased	T:T3	BRD4	4	0	0	0	13562	0
U7	R	diseased	T:T3	CAT	4	0	0	0	13562	0
U7	R	diseased	T:T3	CD4	4	0	0	0	13562	0
U7	R	diseased	T:T3	CD86	4	0	0	0	13562	0
U7	R	diseased	T:T3	CREB1	4	0	0	0	13562	0
U7	R	diseased	T:T3	CTNNB1	4	0	0	0	13562	0
U7	R	diseased	T:T3	DNMT1	4	0	0	0	13562	0
U7	R	diseased	T:T3	FOXP3	4	0	0	0	13562	0
U7	R	diseased	T:T3	GABPA	4	1	1	0.25	13562	0.552363
U7	R	diseased	T:T3	HIF1A	4	2	2	0.5	13562	0.906123
U7	R	diseased	T:T3	HMOX1	4	0	0	0	13562	0
U7	R	diseased	T:T3	ICAM1	4	1	1	0.25	13562	0.552363
U7	R	diseased	T:T3	IFNG	4	0	0	0	13562	0
U7	R	diseased	T:T3	IL15	4	1	1	0.25	13562	0.552363
U7	R	diseased	T:T3	IL1B	4	0	0	0	13562	0
U7	R	diseased	T:T3	IL7	4	0	0	0	13562	0
U7	R	diseased	T:T3	ITGAM	4	0	0	0	13562	0
U7	R	diseased	T:T3	ITGAX	4	0	0	0	13562	0
U7	R	diseased	T:T3	JAK1	4	0	0	0	13562	0
U7	R	diseased	T:T3	LYZ	4	0	0	0	13562	0
U7	R	diseased	T:T3	MAFB	4	0	0	0	13562	0
U7	R	diseased	T:T3	MAP1LC3B	4	0	0	0	13562	0
U7	R	diseased	T:T3	MAPK14	4	0	0	0	13562	0
U7	R	diseased	T:T3	NFKB1	4	0	0	0	13562	0
U7	R	diseased	T:T3	NLRP3	4	0	0	0	13562	0
U7	R	diseased	T:T3	OSM	4	0	0	0	13562	0
U7	R	diseased	T:T3	PARP1	4	1	1	0.25	13562	0.552363
U7	R	diseased	T:T3	PIAS1	4	0	0	0	13562	0
U7	R	diseased	T:T3	PKM	4	0	0	0	13562	0
U7	R	diseased	T:T3	PRKAA1	4	0	0	0	13562	0
U7	R	diseased	T:T3	PTGS2	4	0	0	0	13562	0
U7	R	diseased	T:T3	RELA	4	0	0	0	13562	0
U7	R	diseased	T:T3	SH3KBP1	4	1	1	0.25	13562	0.552363
U7	R	diseased	T:T3	SMAD3	4	0	0	0	13562	0
U7	R	diseased	T:T3	SOD1	4	2	2	0.5	13562	0.906123
U7	R	diseased	T:T3	STAT3	4	0	0	0	13562	0
U7	R	diseased	T:T3	STAT5A	4	0	0	0	13562	0
U7	R	diseased	T:T3	SYK	4	0	0	0	13562	0
U7	R	diseased	T:T3	TLR4	4	0	0	0	13562	0
U7	R	diseased	T:T3	TNF	4	0	0	0	13562	0
U7	R	diseased	T:T4	ACTA2	16	0	0	0	20828	0
U7	R	diseased	T:T4	AHR	16	1	1	0.0625	20828	0.392125
U7	R	diseased	T:T4	AKT1	16	0	0	0	20828	0
U7	R	diseased	T:T4	ARNTL	16	0	0	0	20828	0
U7	R	diseased	T:T4	BCL6	16	1	1	0.0625	20828	0.392125
U7	R	diseased	T:T4	BECN1	16	1	1	0.0625	20828	0.392125
U7	R	diseased	T:T4	BLNK	16	0	0	0	20828	0
U7	R	diseased	T:T4	BRD4	16	1	1	0.0625	20828	0.392125
U7	R	diseased	T:T4	CAT	16	0	0	0	20828	0
U7	R	diseased	T:T4	CD4	16	2	2	0.125	20828	0.67307
U7	R	diseased	T:T4	CD86	16	0	0	0	20828	0
U7	R	diseased	T:T4	CREB1	16	2	2	0.125	20828	0.67307
U7	R	diseased	T:T4	CTNNB1	16	0	0	0	20828	0
U7	R	diseased	T:T4	DNMT1	16	2	2	0.125	20828	0.67307
U7	R	diseased	T:T4	FOXP3	16	0	0	0	20828	0
U7	R	diseased	T:T4	GABPA	16	0	0	0	20828	0
U7	R	diseased	T:T4	HIF1A	16	2	2	0.125	20828	0.67307
U7	R	diseased	T:T4	HMOX1	16	0	0	0	20828	0
U7	R	diseased	T:T4	ICAM1	16	0	0	0	20828	0
U7	R	diseased	T:T4	IFNG	16	0	0	0	20828	0
U7	R	diseased	T:T4	IL15	16	0	0	0	20828	0
U7	R	diseased	T:T4	IL1B	16	0	0	0	20828	0
U7	R	diseased	T:T4	IL7	16	0	0	0	20828	0
U7	R	diseased	T:T4	ITGAM	16	0	0	0	20828	0
U7	R	diseased	T:T4	ITGAX	16	0	0	0	20828	0
U7	R	diseased	T:T4	JAK1	16	4	3	0.1875	20828	1.07175
U7	R	diseased	T:T4	LYZ	16	0	0	0	20828	0
U7	R	diseased	T:T4	MAFB	16	0	0	0	20828	0
U7	R	diseased	T:T4	MAP1LC3B	16	2	2	0.125	20828	0.67307
U7	R	diseased	T:T4	MAPK14	16	0	0	0	20828	0
U7	R	diseased	T:T4	NFKB1	16	1	1	0.0625	20828	0.392125
U7	R	diseased	T:T4	NLRP3	16	0	0	0	20828	0
U7	R	diseased	T:T4	OSM	16	0	0	0	20828	0
U7	R	diseased	T:T4	PARP1	16	2	2	0.125	20828	0.67307
U7	R	diseased	T:T4	PIAS1	16	1	1	0.0625	20828	0.392125
U7	R	diseased	T:T4	PKM	16	1	1	0.0625	20828	0.392125
U7	R	diseased	T:T4	PRKAA1	16	0	0	0	20828	0
U7	R	diseased	T:T4	PTGS2	16	0	0	0	20828	0
U7	R	diseased	T:T4	RELA	16	0	0	0	20828	0
U7	R	diseased	T:T4	SH3KBP1	16	1	1	0.0625	20828	0.392125
U7	R	diseased	T:T4	SMAD3	16	0	0	0	20828	0
U7	R	diseased	T:T4	SOD1	16	2	2	0.125	20828	0.67307
U7	R	diseased	T:T4	STAT3	16	5	4	0.25	20828	1.22396
U7	R	diseased	T:T4	STAT5A	16	0	0	0	20828	0
U7	R	diseased	T:T4	SYK	16	0	0	0	20828	0
U7	R	diseased	T:T4	TLR4	16	0	0	0	20828	0
U7	R	diseased	T:T4	TNF	16	1	1	0.0625	20828	0.392125
U7	R	diseased	T:T5	ACTA2	189	0	0	0	308855	0
U7	R	diseased	T:T5	AHR	189	20	19	0.100529	308855	0.499291
U7	R	diseased	T:T5	AKT1	189	9	9	0.047619	308855	0.255726
U7	R	diseased	T:T5	ARNTL	189	9	9	0.047619	308855	0.255726
U7	R	diseased	T:T5	BCL6	189	7	7	0.037037	308855	0.204282
U7	R	diseased	T:T5	BECN1	189	17	16	0.0846561	308855	0.438526
U7	R	diseased	T:T5	BLNK	189	0	0	0	308855	0
U7	R	diseased	T:T5	BRD4	189	26	25	0.132275	308855	0.610754
U7	R	diseased	T:T5	CAT	189	7	7	0.037037	308855	0.204282
U7	R	diseased	T:T5	CD4	189	22	18	0.0952381	308855	0.537842
U7	R	diseased	T:T5	CD86	189	0	0	0	308855	0
U7	R	diseased	T:T5	CREB1	189	13	11	0.0582011	308855	0.351297
U7	R	diseased	T:T5	CTNNB1	189	8	8	0.042328	308855	0.230335
U7	R	diseased	T:T5	DNMT1	189	17	15	0.0793651	308855	0.438526
U7	R	diseased	T:T5	FOXP3	189	3	3	0.015873	308855	0.0927004
U7	R	diseased	T:T5	GABPA	189	7	6	0.031746	308855	0.204282
U7	R	diseased	T:T5	HIF1A	189	43	35	0.185185	308855	0.87223
U7	R	diseased	T:T5	HMOX1	189	0	0	0	308855	0
U7	R	diseased	T:T5	ICAM1	189	5	4	0.021164	308855	0.150046
U7	R	diseased	T:T5	IFNG	189	8	5	0.026455	308855	0.230335
U7	R	diseased	T:T5	IL15	189	0	0	0	308855	0
U7	R	diseased	T:T5	IL1B	189	0	0	0	308855	0
U7	R	diseased	T:T5	IL7	189	0	0	0	308855	0
U7	R	diseased	T:T5	ITGAM	189	1	1	0.00529101	308855	0.0318645
U7	R	diseased	T:T5	ITGAX	189	0	0	0	308855	0
U7	R	diseased	T:T5	JAK1	189	83	64	0.338624	308855	1.30491
U7	R	diseased	T:T5	LYZ	189	1	1	0.00529101	308855	0.0318645
U7	R	diseased	T:T5	MAFB	189	0	0	0	308855	0
U7	R	diseased	T:T5	MAP1LC3B	189	49	44	0.232804	308855	0.950308
U7	R	diseased	T:T5	MAPK14	189	6	5	0.026455	308855	0.177532
U7	R	diseased	T:T5	NFKB1	189	18	17	0.0899471	308855	0.459194
U7	R	diseased	T:T5	NLRP3	189	3	3	0.015873	308855	0.0927004
U7	R	diseased	T:T5	OSM	189	3	3	0.015873	308855	0.0927004
U7	R	diseased	T:T5	PARP1	189	19	18	0.0952381	308855	0.479444
U7	R	diseased	T:T5	PIAS1	189	36	33	0.174603	308855	0.772695
U7	R	diseased	T:T5	PKM	189	61	45	0.238095	308855	1.09026
U7	R	diseased	T:T5	PRKAA1	189	13	13	0.0687831	308855	0.351297
U7	R	diseased	T:T5	PTGS2	189	0	0	0	308855	0
U7	R	diseased	T:T5	RELA	189	15	13	0.0687831	308855	0.395862
U7	R	diseased	T:T5	SH3KBP1	189	36	32	0.169312	308855	0.772695
U7	R	diseased	T:T5	SMAD3	189	7	7	0.037037	308855	0.204282
U7	R	diseased	T:T5	SOD1	189	94	75	0.396825	308855	1.39711
U7	R	diseased	T:T5	STAT3	189	108	78	0.412698	308855	1.50336
U7	R	diseased	T:T5	STAT5A	189	20	19	0.100529	308855	0.499291
U7	R	diseased	T:T5	SYK	189	0	0	0	308855	0
U7	R	diseased	T:T5	TLR4	189	0	0	0	308855	0
U7	R	diseased	T:T5	TNF	189	15	9	0.047619	308855	0.395862
U7	R	diseased	T:T6	ACTA2	1	0	0	0	1103	0
U7	R	diseased	T:T6	AHR	1	0	0	0	1103	0
U7	R	diseased	T:T6	AKT1	1	0	0	0	1103	0
U7	R	diseased	T:T6	ARNTL	1	0	0	0	1103	0
U7	R	diseased	T:T6	BCL6	1	0	0	0	1103	0
U7	R	diseased	T:T6	BECN1	1	0	0	0	1103	0
U7	R	diseased	T:T6	BLNK	1	0	0	0	1103	0
U7	R	diseased	T:T6	BRD4	1	0	0	0	1103	0
U7	R	diseased	T:T6	CAT	1	0	0	0	1103	0
U7	R	diseased	T:T6	CD4	1	0	0	0	1103	0
U7	R	diseased	T:T6	CD86	1	0	0	0	1103	0
U7	R	diseased	T:T6	CREB1	1	0	0	0	1103	0
U7	R	diseased	T:T6	CTNNB1	1	1	1	1	1103	2.30918
U7	R	diseased	T:T6	DNMT1	1	0	0	0	1103	0
U7	R	diseased	T:T6	FOXP3	1	0	0	0	1103	0
U7	R	diseased	T:T6	GABPA	1	0	0	0	1103	0
U7	R	diseased	T:T6	HIF1A	1	0	0	0	1103	0
U7	R	diseased	T:T6	HMOX1	1	0	0	0	1103	0
U7	R	diseased	T:T6	ICAM1	1	0	0	0	1103	0
U7	R	diseased	T:T6	IFNG	1	0	0	0	1103	0
U7	R	diseased	T:T6	IL15	1	0	0	0	1103	0
U7	R	diseased	T:T6	IL1B	1	0	0	0	1103	0
U7	R	diseased	T:T6	IL7	1	0	0	0	1103	0
U7	R	diseased	T:T6	ITGAM	1	0	0	0	1103	0
U7	R	diseased	T:T6	ITGAX	1	0	0	0	1103	0
U7	R	diseased	T:T6	JAK1	1	0	0	0	1103	0
U7	R	diseased	T:T6	LYZ	1	0	0	0	1103	0
U7	R	diseased	T:T6	MAFB	1	0	0	0	1103	0
U7	R	diseased	T:T6	MAP1LC3B	1	0	0	0	1103	0
U7	R	diseased	T:T6	MAPK14	1	0	0	0	1103	0
U7	R	diseased	T:T6	NFKB1	1	0	0	0	1103	0
U7	R	diseased	T:T6	NLRP3	1	0	0	0	1103	0
U7	R	diseased	T:T6	OSM	1	0	0	0	1103	0
U7	R	diseased	T:T6	PARP1	1	0	0	0	1103	0
U7	R	diseased	T:T6	PIAS1	1	0	0	0	1103	0
U7	R	diseased	T:T6	PKM	1	0	0	0	1103	0
U7	R	diseased	T:T6	PRKAA1	1	0	0	0	1103	0
U7	R	diseased	T:T6	PTGS2	1	0	0	0	1103	0
U7	R	diseased	T:T6	RELA	1	0	0	0	1103	0
U7	R	diseased	T:T6	SH3KBP1	1	0	0	0	1103	0
U7	R	diseased	T:T6	SMAD3	1	0	0	0	1103	0
U7	R	diseased	T:T6	SOD1	1	0	0	0	1103	0
U7	R	diseased	T:T6	STAT3	1	0	0	0	1103	0
U7	R	diseased	T:T6	STAT5A	1	0	0	0	1103	0
U7	R	diseased	T:T6	SYK	1	0	0	0	1103	0
U7	R	diseased	T:T6	TLR4	1	0	0	0	1103	0
U7	R	diseased	T:T6	TNF	1	1	1	1	1103	2.30918
U7	R	diseased	T:T7	ACTA2	75	0	0	0	109467	0
U7	R	diseased	T:T7	AHR	75	22	18	0.24	109467	1.10185
U7	R	diseased	T:T7	AKT1	75	2	1	0.0133333	109467	0.167803
U7	R	diseased	T:T7	ARNTL	75	5	4	0.0533333	109467	0.376214
U7	R	diseased	T:T7	BCL6	75	2	2	0.0266667	109467	0.167803
U7	R	diseased	T:T7	BECN1	75	8	8	0.106667	109467	0.548592
U7	R	diseased	T:T7	BLNK	75	1	1	0.0133333	109467	0.087417
U7	R	diseased	T:T7	BRD4	75	13	12	0.16	109467	0.782792
U7	R	diseased	T:T7	CAT	75	4	4	0.0533333	109467	0.311452
U7	R	diseased	T:T7	CD4	75	13	12	0.16	109467	0.782792
U7	R	diseased	T:T7	CD86	75	1	1	0.0133333	109467	0.087417
U7	R	diseased	T:T7	CREB1	75	5	4	0.0533333	109467	0.376214
U7	R	diseased	T:T7	CTNNB1	75	7	7	0.0933333	109467	0.494368
U7	R	diseased	T:T7	DNMT1	75	5	5	0.0666667	109467	0.376214
U7	R	diseased	T:T7	FOXP3	75	34	25	0.333333	109467	1.41244
U7	R	diseased	T:T7	GABPA	75	2	2	0.0266667	109467	0.167803
U7	R	diseased	T:T7	HIF1A	75	12	11	0.146667	109467	0.740136
U7	R	diseased	T:T7	HMOX1	75	2	1	0.0133333	109467	0.167803
U7	R	diseased	T:T7	ICAM1	75	0	0	0	109467	0
U7	R	diseased	T:T7	IFNG	75	35	11	0.146667	109467	1.43444
U7	R	diseased	T:T7	IL15	75	0	0	0	109467	0
U7	R	diseased	T:T7	IL1B	75	0	0	0	109467	0
U7	R	diseased	T:T7	IL7	75	2	2	0.0266667	109467	0.167803
U7	R	diseased	T:T7	ITGAM	75	0	0	0	109467	0
U7	R	diseased	T:T7	ITGAX	75	0	0	0	109467	0
U7	R	diseased	T:T7	JAK1	75	51	35	0.466667	109467	1.73324
U7	R	diseased	T:T7	LYZ	75	0	0	0	109467	0
U7	R	diseased	T:T7	MAFB	75	0	0	0	109467	0
U7	R	diseased	T:T7	MAP1LC3B	75	26	24	0.32	109467	1.21644
U7	R	diseased	T:T7	MAPK14	75	0	0	0	109467	0
U7	R	diseased	T:T7	NFKB1	75	2	2	0.0266667	109467	0.167803
U7	R	diseased	T:T7	NLRP3	75	0	0	0	109467	0
U7	R	diseased	T:T7	OSM	75	1	1	0.0133333	109467	0.087417
U7	R	diseased	T:T7	PARP1	75	13	13	0.173333	109467	0.782792
U7	R	diseased	T:T7	PIAS1	75	10	10	0.133333	109467	0.648943
U7	R	diseased	T:T7	PKM	75	37	22	0.293333	109467	1.47705
U7	R	diseased	T:T7	PRKAA1	75	1	1	0.0133333	109467	0.087417
U7	R	diseased	T:T7	PTGS2	75	0	0	0	109467	0
U7	R	diseased	T:T7	RELA	75	5	5	0.0666667	109467	0.376214
U7	R	diseased	T:T7	SH3KBP1	75	19	15	0.2	109467	1.00638
U7	R	diseased	T:T7	SMAD3	75	1	1	0.0133333	109467	0.087417
U7	R	diseased	T:T7	SOD1	75	58	37	0.493333	109467	1.8403
U7	R	diseased	T:T7	STAT3	75	49	31	0.413333	109467	1.70042
U7	R	diseased	T:T7	STAT5A	75	6	5	0.0666667	109467	0.437035
U7	R	diseased	T:T7	SYK	75	0	0	0	109467	0
U7	R	diseased	T:T7	TLR4	75	0	0	0	109467	0
U7	R	diseased	T:T7	TNF	75	9	7	0.0933333	109467	0.600026
U7	R	diseased	T:T8	ACTA2	4	0	0	0	4407	0
U7	R	diseased	T:T8	AHR	4	0	0	0	4407	0
U7	R	diseased	T:T8	AKT1	4	0	0	0	4407	0
U7	R	diseased	T:T8	ARNTL	4	0	0	0	4407	0
U7	R	diseased	T:T8	BCL6	4	0	0	0	4407	0
U7	R	diseased	T:T8	BECN1	4	0	0	0	4407	0
U7	R	diseased	T:T8	BLNK	4	0	0	0	4407	0
U7	R	diseased	T:T8	BRD4	4	0	0	0	4407	0
U7	R	diseased	T:T8	CAT	4	0	0	0	4407	0
U7	R	diseased	T:T8	CD4	4	0	0	0	4407	0
U7	R	diseased	T:T8	CD86	4	0	0	0	4407	0
U7	R	diseased	T:T8	CREB1	4	0	0	0	4407	0
U7	R	diseased	T:T8	CTNNB1	4	0	0	0	4407	0
U7	R	diseased	T:T8	DNMT1	4	0	0	0	4407	0
U7	R	diseased	T:T8	FOXP3	4	0	0	0	4407	0
U7	R	diseased	T:T8	GABPA	4	0	0	0	4407	0
U7	R	diseased	T:T8	HIF1A	4	0	0	0	4407	0
U7	R	diseased	T:T8	HMOX1	4	0	0	0	4407	0
U7	R	diseased	T:T8	ICAM1	4	1	1	0.25	4407	1.18452
U7	R	diseased	T:T8	IFNG	4	1	1	0.25	4407	1.18452
U7	R	diseased	T:T8	IL15	4	0	0	0	4407	0
U7	R	diseased	T:T8	IL1B	4	0	0	0	4407	0
U7	R	diseased	T:T8	IL7	4	0	0	0	4407	0
U7	R	diseased	T:T8	ITGAM	4	0	0	0	4407	0
U7	R	diseased	T:T8	ITGAX	4	0	0	0	4407	0
U7	R	diseased	T:T8	JAK1	4	0	0	0	4407	0
U7	R	diseased	T:T8	LYZ	4	0	0	0	4407	0
U7	R	diseased	T:T8	MAFB	4	0	0	0	4407	0
U7	R	diseased	T:T8	MAP1LC3B	4	4	2	0.5	4407	2.3102
U7	R	diseased	T:T8	MAPK14	4	0	0	0	4407	0
U7	R	diseased	T:T8	NFKB1	4	0	0	0	4407	0
U7	R	diseased	T:T8	NLRP3	4	0	0	0	4407	0
U7	R	diseased	T:T8	OSM	4	0	0	0	4407	0
U7	R	diseased	T:T8	PARP1	4	0	0	0	4407	0
U7	R	diseased	T:T8	PIAS1	4	0	0	0	4407	0
U7	R	diseased	T:T8	PKM	4	1	1	0.25	4407	1.18452
U7	R	diseased	T:T8	PRKAA1	4	0	0	0	4407	0
U7	R	diseased	T:T8	PTGS2	4	0	0	0	4407	0
U7	R	diseased	T:T8	RELA	4	0	0	0	4407	0
U7	R	diseased	T:T8	SH3KBP1	4	0	0	0	4407	0
U7	R	diseased	T:T8	SMAD3	4	0	0	0	4407	0
U7	R	diseased	T:T8	SOD1	4	1	1	0.25	4407	1.18452
U7	R	diseased	T:T8	STAT3	4	4	3	0.75	4407	2.3102
U7	R	diseased	T:T8	STAT5A	4	0	0	0	4407	0
U7	R	diseased	T:T8	SYK	4	0	0	0	4407	0
U7	R	diseased	T:T8	TLR4	4	0	0	0	4407	0
U7	R	diseased	T:T8	TNF	4	0	0	0	4407	0
U7	R	diseased	T:T9	ACTA2	4	0	0	0	6183	0
U7	R	diseased	T:T9	AHR	4	0	0	0	6183	0
U7	R	diseased	T:T9	AKT1	4	0	0	0	6183	0
U7	R	diseased	T:T9	ARNTL	4	1	1	0.25	6183	0.962158
U7	R	diseased	T:T9	BCL6	4	0	0	0	6183	0
U7	R	diseased	T:T9	BECN1	4	0	0	0	6183	0
U7	R	diseased	T:T9	BLNK	4	0	0	0	6183	0
U7	R	diseased	T:T9	BRD4	4	1	1	0.25	6183	0.962158
U7	R	diseased	T:T9	CAT	4	0	0	0	6183	0
U7	R	diseased	T:T9	CD4	4	1	1	0.25	6183	0.962158
U7	R	diseased	T:T9	CD86	4	0	0	0	6183	0
U7	R	diseased	T:T9	CREB1	4	0	0	0	6183	0
U7	R	diseased	T:T9	CTNNB1	4	0	0	0	6183	0
U7	R	diseased	T:T9	DNMT1	4	0	0	0	6183	0
U7	R	diseased	T:T9	FOXP3	4	0	0	0	6183	0
U7	R	diseased	T:T9	GABPA	4	0	0	0	6183	0
U7	R	diseased	T:T9	HIF1A	4	1	1	0.25	6183	0.962158
U7	R	diseased	T:T9	HMOX1	4	0	0	0	6183	0
U7	R	diseased	T:T9	ICAM1	4	0	0	0	6183	0
U7	R	diseased	T:T9	IFNG	4	0	0	0	6183	0
U7	R	diseased	T:T9	IL15	4	0	0	0	6183	0
U7	R	diseased	T:T9	IL1B	4	0	0	0	6183	0
U7	R	diseased	T:T9	IL7	4	0	0	0	6183	0
U7	R	diseased	T:T9	ITGAM	4	0	0	0	6183	0
U7	R	diseased	T:T9	ITGAX	4	0	0	0	6183	0
U7	R	diseased	T:T9	JAK1	4	3	3	0.75	6183	1.76679
U7	R	diseased	T:T9	LYZ	4	0	0	0	6183	0
U7	R	diseased	T:T9	MAFB	4	0	0	0	6183	0
U7	R	diseased	T:T9	MAP1LC3B	4	0	0	0	6183	0
U7	R	diseased	T:T9	MAPK14	4	0	0	0	6183	0
U7	R	diseased	T:T9	NFKB1	4	0	0	0	6183	0
U7	R	diseased	T:T9	NLRP3	4	0	0	0	6183	0
U7	R	diseased	T:T9	OSM	4	0	0	0	6183	0
U7	R	diseased	T:T9	PARP1	4	1	1	0.25	6183	0.962158
U7	R	diseased	T:T9	PIAS1	4	1	1	0.25	6183	0.962158
U7	R	diseased	T:T9	PKM	4	0	0	0	6183	0
U7	R	diseased	T:T9	PRKAA1	4	0	0	0	6183	0
U7	R	diseased	T:T9	PTGS2	4	0	0	0	6183	0
U7	R	diseased	T:T9	RELA	4	0	0	0	6183	0
U7	R	diseased	T:T9	SH3KBP1	4	0	0	0	6183	0
U7	R	diseased	T:T9	SMAD3	4	0	0	0	6183	0
U7	R	diseased	T:T9	SOD1	4	1	1	0.25	6183	0.962158
U7	R	diseased	T:T9	STAT3	4	1	1	0.25	6183	0.962158
U7	R	diseased	T:T9	STAT5A	4	1	1	0.25	6183	0.962158
U7	R	diseased	T:T9	SYK	4	0	0	0	6183	0
U7	R	diseased	T:T9	TLR4	4	0	0	0	6183	0
U7	R	diseased	T:T9	TNF	4	0	0	0	6183	0
U7	R	diseased	unknown	ACTA2	1521	17	15	0.00986193	3.03982e+06	0.0544166
U7	R	diseased	unknown	AHR	1521	264	199	0.130835	3.03982e+06	0.625122
U7	R	diseased	unknown	AKT1	1521	38	36	0.0236686	3.03982e+06	0.11779
U7	R	diseased	unknown	ARNTL	1521	85	80	0.052597	3.03982e+06	0.246565
U7	R	diseased	unknown	BCL6	1521	44	44	0.0289283	3.03982e+06	0.135182
U7	R	diseased	unknown	BECN1	1521	108	100	0.0657462	3.03982e+06	0.304011
U7	R	diseased	unknown	BLNK	1521	96	77	0.0506246	3.03982e+06	0.274451
U7	R	diseased	unknown	BRD4	1521	168	152	0.0999343	3.03982e+06	0.439973
U7	R	diseased	unknown	CAT	1521	66	63	0.0414201	3.03982e+06	0.196486
U7	R	diseased	unknown	CD4	1521	135	122	0.0802104	3.03982e+06	0.36749
U7	R	diseased	unknown	CD86	1521	12	10	0.00657462	3.03982e+06	0.0387168
U7	R	diseased	unknown	CREB1	1521	91	88	0.0578567	3.03982e+06	0.261872
U7	R	diseased	unknown	CTNNB1	1521	94	92	0.0604865	3.03982e+06	0.269438
U7	R	diseased	unknown	DNMT1	1521	155	146	0.0959895	3.03982e+06	0.412043
U7	R	diseased	unknown	FOXP3	1521	45	36	0.0236686	3.03982e+06	0.138052
U7	R	diseased	unknown	GABPA	1521	41	39	0.025641	3.03982e+06	0.126524
U7	R	diseased	unknown	HIF1A	1521	255	226	0.148586	3.03982e+06	0.609149
U7	R	diseased	unknown	HMOX1	1521	11	9	0.00591716	3.03982e+06	0.035547
U7	R	diseased	unknown	ICAM1	1521	156	123	0.0808679	3.03982e+06	0.414219
U7	R	diseased	unknown	IFNG	1521	423	176	0.115713	3.03982e+06	0.871934
U7	R	diseased	unknown	IL15	1521	21	21	0.0138067	3.03982e+06	0.0668013
U7	R	diseased	unknown	IL1B	1521	68	15	0.00986193	3.03982e+06	0.201877
U7	R	diseased	unknown	IL7	1521	4	4	0.00262985	3.03982e+06	0.0130729
U7	R	diseased	unknown	ITGAM	1521	2	2	0.00131492	3.03982e+06	0.00655779
U7	R	diseased	unknown	ITGAX	1521	10	9	0.00591716	3.03982e+06	0.0323672
U7	R	diseased	unknown	JAK1	1521	654	501	0.329389	3.03982e+06	1.14786
U7	R	diseased	unknown	LYZ	1521	81	14	0.00920447	3.03982e+06	0.236228
U7	R	diseased	unknown	MAFB	1521	8	6	0.00394477	3.03982e+06	0.025977
U7	R	diseased	unknown	MAP1LC3B	1521	535	423	0.278107	3.03982e+06	1.01522
U7	R	diseased	unknown	MAPK14	1521	33	32	0.0210388	3.03982e+06	0.103061
U7	R	diseased	unknown	NFKB1	1521	117	108	0.0710059	3.03982e+06	0.325622
U7	R	diseased	unknown	NLRP3	1521	13	11	0.00723208	3.03982e+06	0.0418765
U7	R	diseased	unknown	OSM	1521	32	27	0.0177515	3.03982e+06	0.100089
U7	R	diseased	unknown	PARP1	1521	250	205	0.13478	3.03982e+06	0.600164
U7	R	diseased	unknown	PIAS1	1521	234	211	0.138725	3.03982e+06	0.570857
U7	R	diseased	unknown	PKM	1521	454	329	0.216305	3.03982e+06	0.913692
U7	R	diseased	unknown	PRKAA1	1521	98	94	0.0618014	3.03982e+06	0.279439
U7	R	diseased	unknown	PTGS2	1521	12	8	0.0052597	3.03982e+06	0.0387168
U7	R	diseased	unknown	RELA	1521	113	112	0.0736358	3.03982e+06	0.316075
U7	R	diseased	unknown	SH3KBP1	1521	236	217	0.142669	3.03982e+06	0.574568
U7	R	diseased	unknown	SMAD3	1521	42	41	0.026956	3.03982e+06	0.129418
U7	R	diseased	unknown	SOD1	1521	644	482	0.316897	3.03982e+06	1.13737
U7	R	diseased	unknown	STAT3	1521	726	536	0.3524	3.03982e+06	1.22033
U7	R	diseased	unknown	STAT5A	1521	73	72	0.0473373	3.03982e+06	0.215229
U7	R	diseased	unknown	SYK	1521	52	48	0.0315582	3.03982e+06	0.157912
U7	R	diseased	unknown	TLR4	1521	1	1	0.000657462	3.03982e+06	0.00328427
U7	R	diseased	unknown	TNF	1521	328	171	0.112426	3.03982e+06	0.731893
