tissue_assignment	celltype	gene_symbol	n_diseased_samples	n_healthy_samples	diseased_cells	healthy_cells	mean_log1p_cpm_diseased	mean_log1p_cpm_healthy	delta_log1p_cpm_diseased_minus_healthy	p_log1p_cpm_mannwhitney	mean_detection_diseased	mean_detection_healthy	delta_detection_diseased_minus_healthy	p_detection_mannwhitney
R	B	ACTA2	7	4	3350	1425	0.0277452	0.0416892	-0.013944	0.315152	0.009121	0.0228716	-0.0137506	0.0121212
R	B	AHR	7	4	3350	1425	0.148104	0.12	0.028104	0.648485	0.0500491	0.0819949	-0.0319458	0.412121
R	B	AKT1	7	4	3350	1425	0.0725277	0.0732147	-0.000687036	0.648485	0.0246417	0.041751	-0.0171093	0.00606061
R	B	ARNTL	7	4	3350	1425	0.0463765	0.0231799	0.0231966	0.0727273	0.0168328	0.0177613	-0.000928514	0.527273
R	B	BCL6	7	4	3350	1425	0.0826257	0.0105031	0.0721226	0.0179007	0.0281139	0.00502844	0.0230855	0.0293873
R	B	BECN1	7	4	3350	1425	0.24391	0.200161	0.0437492	0.163636	0.0870461	0.131051	-0.0440049	0.230303
R	B	BLNK	7	4	3350	1425	0.666277	0.384686	0.281591	0.0424242	0.279323	0.273925	0.00539732	0.648485
R	B	BRD4	7	4	3350	1425	0.364559	0.217977	0.146583	0.163636	0.12909	0.135375	-0.00628477	0.787879
R	B	CAT	7	4	3350	1425	0.20907	0.178789	0.0302803	0.412121	0.0721268	0.11446	-0.0423331	0.0242424
R	B	CD4	7	4	3350	1425	0.0181486	0.0127573	0.00539129	0.412121	0.00590241	0.0109534	-0.00505095	0.927273
R	B	CD86	7	4	3350	1425	0.14712	0.0695581	0.0775616	0.0424242	0.0469141	0.0484625	-0.00154841	0.787879
R	B	CREB1	7	4	3350	1425	0.27075	0.147705	0.123046	0.0727273	0.0961071	0.103552	-0.00744477	0.648485
R	B	CTNNB1	7	4	3350	1425	0.203715	0.133529	0.0701859	0.230303	0.0706365	0.0791567	-0.00852019	0.648485
R	B	DNMT1	7	4	3350	1425	0.187368	0.125193	0.0621756	0.315152	0.0666577	0.0801561	-0.0134985	0.315152
R	B	FOXP3	7	4	3350	1425	0.0108457	0.000705625	0.0101401	0.137135	0.00385966	0.000263712	0.00359595	0.137135
R	B	GABPA	7	4	3350	1425	0.0970423	0.110853	-0.0138105	0.648485	0.0337453	0.0734049	-0.0396596	0.00606061
R	B	HIF1A	7	4	3350	1425	0.575034	0.297854	0.27718	0.0242424	0.211199	0.181312	0.0298872	0.648485
R	B	HMOX1	7	4	3350	1425	0.0936137	0.0155668	0.0780469	0.00606061	0.0272567	0.0122055	0.0150512	0.129695
R	B	ICAM1	7	4	3350	1425	0.426825	0.212512	0.214313	0.0424242	0.145174	0.118845	0.0263281	0.315152
R	B	IFNG	7	4	3350	1425	0.0509269	0.0730812	-0.0221544	0.787879	0.0152093	0.0254346	-0.0102253	0.787879
R	B	IL15	7	4	3350	1425	0.106777	0.0743617	0.0324155	0.412121	0.0395605	0.0549603	-0.0153997	0.412121
R	B	IL1B	7	4	3350	1425	0.00501116	0.00387792	0.00113324	1	0.00151554	0.000969927	0.000545608	1
R	B	IL7	7	4	3350	1425	0.0954296	0.0205441	0.0748855	0.0727273	0.0320454	0.014888	0.0171574	0.315152
R	B	ITGAM	7	4	3350	1425	0.0557183	0.0205958	0.0351226	0.215084	0.0180004	0.0125331	0.00546728	0.39075
R	B	ITGAX	7	4	3350	1425	0.0532506	0.013385	0.0398656	0.0727273	0.0135772	0.00915335	0.00442383	0.648485
R	B	JAK1	7	4	3350	1425	0.868312	0.625597	0.242715	0.163636	0.347448	0.387309	-0.039861	0.648485
R	B	LYZ	7	4	3350	1425	0.011108	0.0105455	0.000562491	1	0.00304554	0.00376734	-0.000721801	1
R	B	MAFB	7	4	3350	1425	0.00976668	0.00323398	0.00653271	0.197627	0.00289223	0.0029762	-8.39724e-05	0.487857
R	B	MAP1LC3B	7	4	3350	1425	0.907907	0.659407	0.2485	0.315152	0.368933	0.405487	-0.0365541	0.635833
R	B	MAPK14	7	4	3350	1425	0.0725697	0.0668875	0.00568227	0.787879	0.0233952	0.0536991	-0.030304	0.230303
R	B	NFKB1	7	4	3350	1425	0.333846	0.256134	0.0777116	0.648485	0.11445	0.146111	-0.031661	0.412121
R	B	NLRP3	7	4	3350	1425	0.00953678	0.00106729	0.00846949	0.0920362	0.00246079	0.000706215	0.00175458	0.197627
R	B	OSM	7	4	3350	1425	0.0146892	0.00459756	0.0100916	0.215084	0.00416678	0.00167614	0.00249064	0.215084
R	B	PARP1	7	4	3350	1425	0.726288	0.684134	0.0421545	0.527273	0.286553	0.431588	-0.145035	0.0424242
R	B	PIAS1	7	4	3350	1425	0.455804	0.373363	0.0824401	0.230303	0.176425	0.268946	-0.0925204	0.230303
R	B	PKM	7	4	3350	1425	0.73797	0.435675	0.302295	0.0424242	0.284017	0.299413	-0.0153956	0.315152
R	B	PRKAA1	7	4	3350	1425	0.173398	0.0899283	0.0834697	0.163636	0.0578937	0.0679657	-0.010072	0.527273
R	B	PTGS2	7	4	3350	1425	0.00109615	0.00642171	-0.00532556	0.0992131	0.00055806	0.00394613	-0.00338807	0.149135
R	B	RELA	7	4	3350	1425	0.203739	0.0968484	0.106891	0.0242424	0.0766461	0.069981	0.00666513	0.927273
R	B	SH3KBP1	7	4	3350	1425	0.352523	0.267471	0.0850511	0.315152	0.12187	0.150898	-0.029028	0.315152
R	B	SMAD3	7	4	3350	1425	0.170248	0.0698513	0.100397	0.230303	0.0560524	0.0400199	0.0160324	0.527273
R	B	SOD1	7	4	3350	1425	0.822313	0.694045	0.128268	0.230303	0.342115	0.429584	-0.0874685	0.109091
R	B	STAT3	7	4	3350	1425	0.688532	0.344654	0.343878	0.0424242	0.265134	0.242029	0.0231043	0.787879
R	B	STAT5A	7	4	3350	1425	0.111427	0.0627377	0.0486891	0.230303	0.0355119	0.0402843	-0.0047724	0.527273
R	B	SYK	7	4	3350	1425	0.497577	0.284077	0.2135	0.0424242	0.180924	0.183928	-0.00300322	0.787879
R	B	TLR4	7	4	3350	1425	0.0033692	0.0193666	-0.0159974	0.921056	0.00134592	0.00711646	-0.00577054	0.76623
R	B	TNF	7	4	3350	1425	0.485728	0.23808	0.247649	0.109091	0.123174	0.0861129	0.0370613	0.315152
R	B:B1	ACTA2	7	4	750	16	0.00848149	0.038344	-0.0298625	0.912853	0.00442935	0.0357143	-0.0312849	0.912853
R	B:B1	AHR	7	4	750	16	0.0652786	0	0.0652786	0.022645	0.0451011	0	0.0451011	0.022645
R	B:B1	AKT1	7	4	750	16	0.0413967	0	0.0413967	0.022645	0.0272741	0	0.0272741	0.022645
R	B:B1	ARNTL	7	4	750	16	0.0341092	0	0.0341092	0.00901992	0.0221525	0	0.0221525	0.00901992
R	B:B1	BCL6	7	4	750	16	0.0521089	0	0.0521089	0.022645	0.0293749	0	0.0293749	0.022645
R	B:B1	BECN1	7	4	750	16	0.14092	0.11717	0.0237496	0.507365	0.095161	0.107143	-0.0119818	0.924548
R	B:B1	BLNK	7	4	750	16	0.433629	0.314869	0.11876	1	0.293869	0.25	0.0438689	0.924548
R	B:B1	BRD4	7	4	750	16	0.210907	0.551046	-0.340139	0.527273	0.13104	0.321429	-0.190389	0.924548
R	B:B1	CAT	7	4	750	16	0.0784443	0.11717	-0.0387262	0.924027	0.0517174	0.107143	-0.0554254	0.924027
R	B:B1	CD4	7	4	750	16	0.0233706	0	0.0233706	0.0502526	0.0162988	0	0.0162988	0.0502526
R	B:B1	CD86	7	4	750	16	0.0202223	0.0425073	-0.0222849	0.487857	0.013457	0.0357143	-0.0222573	0.487857
R	B:B1	CREB1	7	4	750	16	0.131601	0.038344	0.0932567	0.104985	0.0865665	0.0357143	0.0508522	0.215084
R	B:B1	CTNNB1	7	4	750	16	0.0804555	0.0808513	-0.000395721	0.924027	0.0513744	0.0714285	-0.0200541	0.923851
R	B:B1	DNMT1	7	4	750	16	0.121626	0.620603	-0.498977	0.230303	0.0845395	0.357143	-0.272603	0.412121
R	B:B1	FOXP3	7	4	750	16	0.0107417	0	0.0107417	0.326558	0.00514129	0	0.00514129	0.326558
R	B:B1	GABPA	7	4	750	16	0.0698905	0.0425073	0.0273832	0.33347	0.0407471	0.0357143	0.00503284	0.33347
R	B:B1	HIF1A	7	4	750	16	0.25995	0.114089	0.145861	0.155433	0.1704	0.107143	0.0632571	0.394015
R	B:B1	HMOX1	7	4	750	16	0.068289	0	0.068289	0.022645	0.03331	0	0.03331	0.022645
R	B:B1	ICAM1	7	4	750	16	0.228368	0.143422	0.0849468	0.394015	0.129614	0.142857	-0.0132434	0.635833
R	B:B1	IFNG	7	4	750	16	0.086787	0	0.086787	0.022645	0.0433211	0	0.0433211	0.022645
R	B:B1	IL15	7	4	750	16	0.0869882	0.0808513	0.00613696	0.924027	0.0576312	0.0714285	-0.0137973	0.923851
R	B:B1	IL1B	7	4	750	16	0.000809933	0	0.000809933	0.57075	0.000504796	0	0.000504796	0.57075
R	B:B1	IL7	7	4	750	16	0.0115269	0	0.0115269	0.326558	0.00662749	0	0.00662749	0.326558
R	B:B1	ITGAM	7	4	750	16	0	0	0	1	0	0	0	1
R	B:B1	ITGAX	7	4	750	16	0.0016153	0	0.0016153	0.57075	0.00100959	0	0.00100959	0.57075
R	B:B1	JAK1	7	4	750	16	0.467215	0.58235	-0.115134	1	0.276128	0.428571	-0.152443	0.648485
R	B:B1	LYZ	7	4	750	16	0.00368728	0	0.00368728	0.326558	0.00222867	0	0.00222867	0.326558
R	B:B1	MAFB	7	4	750	16	0.00612248	0	0.00612248	0.186174	0.00282422	0	0.00282422	0.186174
R	B:B1	MAP1LC3B	7	4	750	16	0.657448	0.83712	-0.179671	0.927273	0.414488	0.571429	-0.156941	0.230303
R	B:B1	MAPK14	7	4	750	16	0.0519946	0.038344	0.0136506	0.33347	0.0331478	0.0357143	-0.00256649	0.33347
R	B:B1	NFKB1	7	4	750	16	0.0766147	0.038344	0.0382707	0.215084	0.0536568	0.0357143	0.0179426	0.215084
R	B:B1	NLRP3	7	4	750	16	0	0	0	1	0	0	0	1
R	B:B1	OSM	7	4	750	16	0.00602423	0	0.00602423	0.57075	0.00446429	0	0.00446429	0.57075
R	B:B1	PARP1	7	4	750	16	0.549981	0.311275	0.238706	0.635833	0.345952	0.285714	0.0602382	0.849429
R	B:B1	PIAS1	7	4	750	16	0.19517	0.143422	0.0517486	0.394015	0.134667	0.107143	0.0275241	0.635833
R	B:B1	PKM	7	4	750	16	0.480637	0.143422	0.337215	0.0105555	0.307461	0.142857	0.164604	0.218253
R	B:B1	PRKAA1	7	4	750	16	0.0757267	0.038344	0.0373827	0.215084	0.0517618	0.0357143	0.0160476	0.215084
R	B:B1	PTGS2	7	4	750	16	0	0	0	1	0	0	0	1
R	B:B1	RELA	7	4	750	16	0.138454	0.0808513	0.0576031	0.394015	0.0902443	0.0714285	0.0188158	0.77582
R	B:B1	SH3KBP1	7	4	750	16	0.116722	0.148877	-0.0321545	0.924027	0.0685283	0.107143	-0.0386144	1
R	B:B1	SMAD3	7	4	750	16	0.0311561	0	0.0311561	0.0502526	0.0183842	0	0.0183842	0.0502526
R	B:B1	SOD1	7	4	750	16	0.640687	0.358859	0.281828	0.394015	0.423709	0.285714	0.137994	0.635833
R	B:B1	STAT3	7	4	750	16	0.40598	0.192567	0.213413	0.215084	0.261531	0.107143	0.154388	0.215084
R	B:B1	STAT5A	7	4	750	16	0.0274115	0	0.0274115	0.10067	0.0162688	0	0.0162688	0.10067
R	B:B1	SYK	7	4	750	16	0.282293	0.148877	0.133416	0.218253	0.17809	0.142857	0.0352334	0.635833
R	B:B1	TLR4	7	4	750	16	0	0	0	1	0	0	0	1
R	B:B1	TNF	7	4	750	16	0.12349	0.0715815	0.0519081	0.215084	0.0543131	0.0357143	0.0185988	0.215084
R	B:B10	ACTA2	5	3	63	37	0.0131596	0	0.0131596	0.605577	0.0095238	0	0.0095238	0.605577
R	B:B10	AHR	5	3	63	37	0.0570245	0.0548707	0.00215379	0.750751	0.0489178	0.0208333	0.0280845	0.750751
R	B:B10	AKT1	5	3	63	37	0.00809184	0.028676	-0.0205841	0.69627	0.0060606	0.0238095	-0.0177489	0.69627
R	B:B10	ARNTL	5	3	63	37	0.00809184	0.0548707	-0.0467788	0.69627	0.0060606	0.0208333	-0.0147727	0.69627
R	B:B10	BCL6	5	3	63	37	0	0	0	1	0	0	0	1
R	B:B10	BECN1	5	3	63	37	0.268263	0.171912	0.0963512	0.652783	0.276623	0.0863095	0.190314	0.652783
R	B:B10	BLNK	5	3	63	37	0.309447	0.317108	-0.0076606	1	0.234199	0.208333	0.0258657	1
R	B:B10	BRD4	5	3	63	37	0.0335984	0.251381	-0.217782	0.0324733	0.0251082	0.16369	-0.138582	0.0667981
R	B:B10	CAT	5	3	63	37	0.0452272	0.0550793	-0.00985209	1	0.0251082	0.047619	-0.0225108	1
R	B:B10	CD4	5	3	63	37	0	0	0	1	0	0	0	1
R	B:B10	CD86	5	3	63	37	0.0438648	0	0.0438648	0.329114	0.039394	0	0.039394	0.329114
R	B:B10	CREB1	5	3	63	37	0.0290286	0.0550793	-0.0260507	1	0.021645	0.047619	-0.025974	1
R	B:B10	CTNNB1	5	3	63	37	0.0131596	0	0.0131596	0.605577	0.0095238	0	0.0095238	0.605577
R	B:B10	DNMT1	5	3	63	37	0.015869	0.249076	-0.233207	0.0261792	0.0121212	0.1875	-0.175379	0.0261792
R	B:B10	FOXP3	5	3	63	37	0	0	0	1	0	0	0	1
R	B:B10	GABPA	5	3	63	37	0.0290286	0.101973	-0.072944	1	0.021645	0.0416667	-0.0200216	1
R	B:B10	HIF1A	5	3	63	37	0.103643	0.0835466	0.0200968	1	0.0575758	0.0446429	0.0129329	1
R	B:B10	HMOX1	5	3	63	37	0	0	0	1	0	0	0	1
R	B:B10	ICAM1	5	3	63	37	0.0856604	0.311482	-0.225822	0.266236	0.04329	0.214286	-0.170996	0.266236
R	B:B10	IFNG	5	3	63	37	0	0	0	1	0	0	0	1
R	B:B10	IL15	5	3	63	37	0.0846346	0.028676	0.0559586	0.340617	0.0705628	0.0238095	0.0467533	0.340617
R	B:B10	IL1B	5	3	63	37	0.030571	0	0.030571	0.605577	0.0121212	0	0.0121212	0.605577
R	B:B10	IL7	5	3	63	37	0	0	0	1	0	0	0	1
R	B:B10	ITGAM	5	3	63	37	0	0	0	1	0	0	0	1
R	B:B10	ITGAX	5	3	63	37	0	0	0	1	0	0	0	1
R	B:B10	JAK1	5	3	63	37	0.123013	0.329721	-0.206708	0.2217	0.0926406	0.258928	-0.166288	0.12663
R	B:B10	LYZ	5	3	63	37	0.00809184	0	0.00809184	0.605577	0.0060606	0	0.0060606	0.605577
R	B:B10	MAFB	5	3	63	37	0	0	0	1	0	0	0	1
R	B:B10	MAP1LC3B	5	3	63	37	0.201068	0.556685	-0.355617	0.0357701	0.166234	0.25	-0.0837664	0.548595
R	B:B10	MAPK14	5	3	63	37	0.081977	0.05049	0.031487	1	0.0454546	0.047619	-0.00216438	1
R	B:B10	NFKB1	5	3	63	37	0.0722876	0.10995	-0.0376624	0.759982	0.0549784	0.0684523	-0.0134739	0.759982
R	B:B10	NLRP3	5	3	63	37	0	0	0	1	0	0	0	1
R	B:B10	OSM	5	3	63	37	0	0	0	1	0	0	0	1
R	B:B10	PARP1	5	3	63	37	0.404103	0.588381	-0.184278	0.25	0.280086	0.395833	-0.115747	0.392857
R	B:B10	PIAS1	5	3	63	37	0.050695	0.173872	-0.123177	0.266236	0.0337662	0.166667	-0.1329	0.266236
R	B:B10	PKM	5	3	63	37	0.203763	0.290118	-0.0863554	0.764228	0.159307	0.160714	-0.001407	1
R	B:B10	PRKAA1	5	3	63	37	0.023355	0.134037	-0.110682	0.0566639	0.0181818	0.0922619	-0.07408	0.112231
R	B:B10	PTGS2	5	3	63	37	0.00809184	0	0.00809184	0.605577	0.0060606	0	0.0060606	0.605577
R	B:B10	RELA	5	3	63	37	0.0574252	0.05049	0.00693522	1	0.0458874	0.047619	-0.0017316	1
R	B:B10	SH3KBP1	5	3	63	37	0.066108	0.177875	-0.111767	0.203872	0.0333334	0.139881	-0.106547	0.112231
R	B:B10	SMAD3	5	3	63	37	0	0	0	1	0	0	0	1
R	B:B10	SOD1	5	3	63	37	0.467086	0.493536	-0.0264501	0.25	0.357576	0.324405	0.0331709	0.548595
R	B:B10	STAT3	5	3	63	37	0.251119	0.232006	0.0191123	1	0.186147	0.160714	0.0254329	0.880791
R	B:B10	STAT5A	5	3	63	37	0.0131596	0.123005	-0.109845	0.171857	0.0095238	0.119048	-0.109524	0.171857
R	B:B10	SYK	5	3	63	37	0.081977	0.143715	-0.0617383	1	0.0787878	0.119048	-0.0402598	1
R	B:B10	TLR4	5	3	63	37	0.00809184	0	0.00809184	0.605577	0.0060606	0	0.0060606	0.605577
R	B:B10	TNF	5	3	63	37	0.015869	0	0.015869	0.605577	0.0060606	0	0.0060606	0.605577
R	B:B11	ACTA2	7	4	50	56	0	0.0433567	-0.0433567	0.256839	0	0.03125	-0.03125	0.256839
R	B:B11	AHR	7	4	50	56	0	0.086686	-0.086686	0.0162344	0	0.0827703	-0.0827703	0.015844
R	B:B11	AKT1	7	4	50	56	0.012311	0.0303491	-0.0180381	0.279421	0.00952381	0.0380067	-0.0284829	0.279421
R	B:B11	ARNTL	7	4	50	56	0.012311	0	0.012311	0.57075	0.00952381	0	0.00952381	0.57075
R	B:B11	BCL6	7	4	50	56	0	0	0	1	0	0	0	1
R	B:B11	BECN1	7	4	50	56	0.0531497	0.100642	-0.0474922	0.275654	0.0435374	0.0962838	-0.0527464	0.196505
R	B:B11	BLNK	7	4	50	56	0.555641	0.341241	0.2144	0.230303	0.482993	0.282658	0.200336	0.251381
R	B:B11	BRD4	7	4	50	56	0.120231	0.147154	-0.0269228	0.33347	0.0911564	0.147804	-0.0566476	0.439098
R	B:B11	CAT	7	4	50	56	0.0699507	0.198218	-0.128267	0.216269	0.055102	0.134854	-0.0797515	0.216269
R	B:B11	CD4	7	4	50	56	0	0	0	1	0	0	0	1
R	B:B11	CD86	7	4	50	56	0.0234284	0.0585886	-0.0351602	0.279421	0.0204081	0.0447635	-0.0243554	0.400202
R	B:B11	CREB1	7	4	50	56	0.278808	0.0567874	0.222021	0.487857	0.233333	0.0447635	0.18857	0.487857
R	B:B11	CTNNB1	7	4	50	56	0.0703251	0.0585886	0.0117365	0.742667	0.047619	0.0760135	-0.0283945	0.584238
R	B:B11	DNMT1	7	4	50	56	0.129857	0.107426	0.0224319	0.30281	0.109524	0.11402	-0.00449642	0.30281
R	B:B11	FOXP3	7	4	50	56	0	0	0	1	0	0	0	1
R	B:B11	GABPA	7	4	50	56	0.012194	0.0152318	-0.00303788	0.888539	0.0102041	0.0135135	-0.00330944	0.888539
R	B:B11	HIF1A	7	4	50	56	0.152219	0.0937614	0.0584573	0.698861	0.102041	0.089527	0.0125139	1
R	B:B11	HMOX1	7	4	50	56	0.017311	0.0226171	-0.00530615	0.888539	0.0142857	0.03125	-0.0169643	0.67415
R	B:B11	ICAM1	7	4	50	56	0.096436	0.0295888	0.0668473	1	0.0707482	0.027027	0.0437212	1
R	B:B11	IFNG	7	4	50	56	0	0	0	1	0	0	0	1
R	B:B11	IL15	7	4	50	56	0.0808056	0.0522059	0.0285997	0.400202	0.0714286	0.058277	0.0131516	0.400202
R	B:B11	IL1B	7	4	50	56	0	0	0	1	0	0	0	1
R	B:B11	IL7	7	4	50	56	0	0	0	1	0	0	0	1
R	B:B11	ITGAM	7	4	50	56	0	0	0	1	0	0	0	1
R	B:B11	ITGAX	7	4	50	56	0	0	0	1	0	0	0	1
R	B:B11	JAK1	7	4	50	56	0.330975	0.475921	-0.144946	0.297517	0.30136	0.324887	-0.0235268	0.632709
R	B:B11	LYZ	7	4	50	56	0	0.0415555	-0.0415555	0.256839	0	0.03125	-0.03125	0.256839
R	B:B11	MAFB	7	4	50	56	0	0	0	1	0	0	0	1
R	B:B11	MAP1LC3B	7	4	50	56	0.391576	0.268624	0.122952	0.504431	0.341497	0.206644	0.134853	0.339155
R	B:B11	MAPK14	7	4	50	56	0.017311	0.0640688	-0.0467578	0.279421	0.0142857	0.0515203	-0.0372346	0.279421
R	B:B11	NFKB1	7	4	50	56	0.0236447	0.153687	-0.130042	0.062815	0.0190476	0.169764	-0.150716	0.10067
R	B:B11	NLRP3	7	4	50	56	0	0	0	1	0	0	0	1
R	B:B11	OSM	7	4	50	56	0	0	0	1	0	0	0	1
R	B:B11	PARP1	7	4	50	56	0.469634	0.468585	0.0010495	0.849769	0.383673	0.393581	-0.00990757	0.849429
R	B:B11	PIAS1	7	4	50	56	0.269414	0.322291	-0.0528771	0.507365	0.262585	0.28688	-0.0242955	0.44762
R	B:B11	PKM	7	4	50	56	0.476549	0.299229	0.177319	0.343605	0.389116	0.268581	0.120535	0.44762
R	B:B11	PRKAA1	7	4	50	56	0.121545	0.0723044	0.0492406	1	0.106122	0.0785472	0.0275752	0.917929
R	B:B11	PTGS2	7	4	50	56	0	0	0	1	0	0	0	1
R	B:B11	RELA	7	4	50	56	0.034145	0.0794045	-0.0452595	0.154813	0.0285714	0.0760135	-0.0474421	0.153553
R	B:B11	SH3KBP1	7	4	50	56	0.170983	0.037849	0.133134	0.757224	0.191837	0.0447635	0.147073	0.757224
R	B:B11	SMAD3	7	4	50	56	0	0	0	1	0	0	0	1
R	B:B11	SOD1	7	4	50	56	0.611127	0.715877	-0.10475	0.927273	0.558503	0.538288	0.020215	1
R	B:B11	STAT3	7	4	50	56	0.208559	0.296348	-0.0877884	0.39075	0.201361	0.259854	-0.058493	0.152594
R	B:B11	STAT5A	7	4	50	56	0	0.0226171	-0.0226171	0.256839	0	0.03125	-0.03125	0.256839
R	B:B11	SYK	7	4	50	56	0.125689	0.199259	-0.0735696	0.439098	0.0768708	0.123311	-0.04644	0.436906
R	B:B11	TLR4	7	4	50	56	0	0	0	1	0	0	0	1
R	B:B11	TNF	7	4	50	56	0.0236447	0	0.0236447	0.57075	0.00952381	0	0.00952381	0.57075
R	B:B12	ACTA2	6	4	39	84	0	0	0	1	0	0	0	1
R	B:B12	AHR	6	4	39	84	0	0.0600122	-0.0600122	0.0942099	0	0.0333917	-0.0333917	0.0942099
R	B:B12	AKT1	6	4	39	84	0.0440873	0.0310352	0.0130521	0.511966	0.0222222	0.0237762	-0.00155406	0.511966
R	B:B12	ARNTL	6	4	39	84	0	0.0110101	-0.0110101	0.307434	0	0.00961538	-0.00961538	0.307434
R	B:B12	BCL6	6	4	39	84	0.0767677	0	0.0767677	0.540291	0.0333333	0	0.0333333	0.540291
R	B:B12	BECN1	6	4	39	84	0.0636798	0.0590985	0.00458133	1	0.0319444	0.0424826	-0.0105382	0.904407
R	B:B12	BLNK	6	4	39	84	0.46031	0.243644	0.216666	0.732995	0.25873	0.165384	0.0933457	0.909464
R	B:B12	BRD4	6	4	39	84	0.0849033	0.129042	-0.0441389	0.718632	0.0349206	0.0804195	-0.0454989	0.548186
R	B:B12	CAT	6	4	39	84	0.10618	0.0574911	0.0486886	0.511966	0.047619	0.0277972	0.0198218	0.511966
R	B:B12	CD4	6	4	39	84	0	0	0	1	0	0	0	1
R	B:B12	CD86	6	4	39	84	0.10618	0.0215556	0.0846241	1	0.047619	0.0192308	0.0283882	1
R	B:B12	CREB1	6	4	39	84	0.08427	0.0949265	-0.0106565	1	0.0319444	0.0611888	-0.0292443	0.548186
R	B:B12	CTNNB1	6	4	39	84	0.182261	0.0502872	0.131974	0.569646	0.079365	0.0379372	0.0414279	0.569646
R	B:B12	DNMT1	6	4	39	84	0.345448	0.0204897	0.324959	0.569646	0.212698	0.0141608	0.198538	0.569646
R	B:B12	FOXP3	6	4	39	84	0	0	0	1	0	0	0	1
R	B:B12	GABPA	6	4	39	84	0.0767677	0.432397	-0.35563	0.149541	0.0333333	0.264161	-0.230827	0.149541
R	B:B12	HIF1A	6	4	39	84	0.227035	0.0413992	0.185635	0.336668	0.103175	0.0384615	0.064713	0.47117
R	B:B12	HMOX1	6	4	39	84	0	0	0	1	0	0	0	1
R	B:B12	ICAM1	6	4	39	84	0.263068	0.0692626	0.193805	0.569646	0.132143	0.043007	0.0891359	0.732995
R	B:B12	IFNG	6	4	39	84	0.0234972	0	0.0234972	0.540291	0.0111111	0	0.0111111	0.540291
R	B:B12	IL15	6	4	39	84	0	0.0502872	-0.0502872	0.0942099	0	0.0379372	-0.0379372	0.0942099
R	B:B12	IL1B	6	4	39	84	0	0	0	1	0	0	0	1
R	B:B12	IL7	6	4	39	84	0	0	0	1	0	0	0	1
R	B:B12	ITGAM	6	4	39	84	0	0	0	1	0	0	0	1
R	B:B12	ITGAX	6	4	39	84	0	0	0	1	0	0	0	1
R	B:B12	JAK1	6	4	39	84	0.107714	0.383669	-0.275956	0.149541	0.0555555	0.316608	-0.261053	0.0546639
R	B:B12	LYZ	6	4	39	84	0	0	0	1	0	0	0	1
R	B:B12	MAFB	6	4	39	84	0	0	0	1	0	0	0	1
R	B:B12	MAP1LC3B	6	4	39	84	0.366427	0.298352	0.068075	0.912421	0.157341	0.188636	-0.0312951	1
R	B:B12	MAPK14	6	4	39	84	0	0.0574911	-0.0574911	0.0942099	0	0.0374126	-0.0374126	0.0942099
R	B:B12	NFKB1	6	4	39	84	0.120855	0.0781842	0.0426708	1	0.0555555	0.0424826	0.0130729	1
R	B:B12	NLRP3	6	4	39	84	0	0	0	1	0	0	0	1
R	B:B12	OSM	6	4	39	84	0	0	0	1	0	0	0	1
R	B:B12	PARP1	6	4	39	84	0.53882	0.443107	0.0957134	1	0.319643	0.456294	-0.136651	0.591778
R	B:B12	PIAS1	6	4	39	84	0.441809	0.32018	0.121629	1	0.255754	0.372902	-0.117148	0.591778
R	B:B12	PKM	6	4	39	84	0.294853	0.166738	0.128115	0.441361	0.133532	0.108217	0.0253149	0.912421
R	B:B12	PRKAA1	6	4	39	84	0.0636798	0.0600122	0.00366768	0.904407	0.0319444	0.0475524	-0.015608	0.718632
R	B:B12	PTGS2	6	4	39	84	0	0	0	1	0	0	0	1
R	B:B12	RELA	6	4	39	84	0.08427	0.0316743	0.0525957	0.693974	0.0319444	0.0192308	0.0127137	0.895652
R	B:B12	SH3KBP1	6	4	39	84	0.0614062	0.0758407	-0.0144346	0.511966	0.0238095	0.0515735	-0.027764	0.511966
R	B:B12	SMAD3	6	4	39	84	0	0	0	1	0	0	0	1
R	B:B12	SOD1	6	4	39	84	0.675003	0.823229	-0.148227	0.914286	0.354564	0.605595	-0.251031	0.134407
R	B:B12	STAT3	6	4	39	84	0.478781	0.178674	0.300107	0.235196	0.177976	0.121853	0.0561229	0.746128
R	B:B12	STAT5A	6	4	39	84	0	0.00947963	-0.00947963	0.307434	0	0.00454545	-0.00454545	0.307434
R	B:B12	SYK	6	4	39	84	0.116622	0.278634	-0.162012	0.210985	0.0638888	0.241259	-0.17737	0.13933
R	B:B12	TLR4	6	4	39	84	0	0	0	1	0	0	0	1
R	B:B12	TNF	6	4	39	84	0	0.443582	-0.443582	0.0942099	0	0.259615	-0.259615	0.0942099
R	B:B13	ACTA2	6	3	36	61	0	0.0446305	-0.0446305	0.0518299	0	0.0401361	-0.0401361	0.0518299
R	B:B13	AHR	6	3	36	61	0.0298515	0.164739	-0.134888	0.0659921	0.0151515	0.220408	-0.205257	0.0338949
R	B:B13	AKT1	6	3	36	61	0.0659515	0.033697	0.0322545	0.859684	0.0277778	0.0333333	-0.0055555	0.859684
R	B:B13	ARNTL	6	3	36	61	0.0659515	0	0.0659515	0.637352	0.0277778	0	0.0277778	0.637352
R	B:B13	BCL6	6	3	36	61	0	0	0	1	0	0	0	1
R	B:B13	BECN1	6	3	36	61	0.295787	0.150661	0.145125	0.693641	0.224748	0.193878	0.03087	0.895082
R	B:B13	BLNK	6	3	36	61	0.572359	0.54456	0.0277995	0.714286	0.343434	0.422449	-0.0790147	0.152121
R	B:B13	BRD4	6	3	36	61	0.0521375	0.20628	-0.154142	0.219768	0.030303	0.160544	-0.130241	0.219768
R	B:B13	CAT	6	3	36	61	0.083259	0.069928	0.013331	1	0.0454545	0.047619	-0.00216448	1
R	B:B13	CD4	6	3	36	61	0	0	0	1	0	0	0	1
R	B:B13	CD86	6	3	36	61	0	0.0654772	-0.0654772	0.0518299	0	0.0537415	-0.0537415	0.0518299
R	B:B13	CREB1	6	3	36	61	0	0.143118	-0.143118	0.0518299	0	0.121088	-0.121088	0.0518299
R	B:B13	CTNNB1	6	3	36	61	0.0659515	0.115697	-0.0497458	0.357386	0.0277778	0.10068	-0.0729025	0.219768
R	B:B13	DNMT1	6	3	36	61	0.163192	0.0552168	0.107975	0.787406	0.0707072	0.0469388	0.0237684	1
R	B:B13	FOXP3	6	3	36	61	0	0	0	1	0	0	0	1
R	B:B13	GABPA	6	3	36	61	0	0.0317802	-0.0317802	0.238593	0	0.0136054	-0.0136054	0.238593
R	B:B13	HIF1A	6	3	36	61	0.636907	0.0654772	0.571429	0.35802	0.29798	0.0537415	0.244238	0.511482
R	B:B13	HMOX1	6	3	36	61	0.0659515	0	0.0659515	0.637352	0.0277778	0	0.0277778	0.637352
R	B:B13	ICAM1	6	3	36	61	0.342235	0.142167	0.200068	0.4795	0.171717	0.0666667	0.10505	0.477289
R	B:B13	IFNG	6	3	36	61	0.0551598	0	0.0551598	0.637352	0.0151515	0	0.0151515	0.637352
R	B:B13	IL15	6	3	36	61	0.107297	0.113844	-0.00654713	0.887537	0.060606	0.113605	-0.0529994	0.477289
R	B:B13	IL1B	6	3	36	61	0	0	0	1	0	0	0	1
R	B:B13	IL7	6	3	36	61	0	0	0	1	0	0	0	1
R	B:B13	ITGAM	6	3	36	61	0	0	0	1	0	0	0	1
R	B:B13	ITGAX	6	3	36	61	0	0	0	1	0	0	0	1
R	B:B13	JAK1	6	3	36	61	0.395936	0.668498	-0.272561	0.697334	0.232323	0.469388	-0.237064	0.150382
R	B:B13	LYZ	6	3	36	61	0	0	0	1	0	0	0	1
R	B:B13	MAFB	6	3	36	61	0	0	0	1	0	0	0	1
R	B:B13	MAP1LC3B	6	3	36	61	0.440327	0.86222	-0.421892	0.153854	0.25	0.64898	-0.39898	0.153854
R	B:B13	MAPK14	6	3	36	61	0	0.041734	-0.041734	0.238593	0	0.0272109	-0.0272109	0.238593
R	B:B13	NFKB1	6	3	36	61	0.118089	0.0850963	0.0329927	0.887537	0.0580808	0.067347	-0.00926617	0.887537
R	B:B13	NLRP3	6	3	36	61	0	0	0	1	0	0	0	1
R	B:B13	OSM	6	3	36	61	0	0	0	1	0	0	0	1
R	B:B13	PARP1	6	3	36	61	0.128302	0.468091	-0.33979	0.0796158	0.060606	0.415646	-0.35504	0.0212918
R	B:B13	PIAS1	6	3	36	61	0.282011	0.25104	0.0309708	0.516853	0.131313	0.27415	-0.142837	0.362126
R	B:B13	PKM	6	3	36	61	0.534945	0.506998	0.0279468	0.904762	0.29798	0.54898	-0.251	0.118225
R	B:B13	PRKAA1	6	3	36	61	0	0.18508	-0.18508	0.00911579	0	0.246939	-0.246939	0.00911579
R	B:B13	PTGS2	6	3	36	61	0	0	0	1	0	0	0	1
R	B:B13	RELA	6	3	36	61	0.0298515	0.0215198	0.0083317	0.859684	0.0151515	0.0136054	0.00154608	0.859684
R	B:B13	SH3KBP1	6	3	36	61	0	0.278231	-0.278231	0.00911579	0	0.240816	-0.240816	0.00911579
R	B:B13	SMAD3	6	3	36	61	0	0	0	1	0	0	0	1
R	B:B13	SOD1	6	3	36	61	0.853895	0.755166	0.0987287	0.547619	0.472222	0.663265	-0.191043	0.515082
R	B:B13	STAT3	6	3	36	61	0.62278	0.270406	0.352373	0.166667	0.282828	0.314286	-0.0314573	0.696118
R	B:B13	STAT5A	6	3	36	61	0.0280992	0.103258	-0.075159	0.219768	0.0151515	0.106803	-0.0916512	0.219768
R	B:B13	SYK	6	3	36	61	0.238419	0.19949	0.0389293	0.895533	0.113636	0.155102	-0.0414656	0.692379
R	B:B13	TLR4	6	3	36	61	0	0	0	1	0	0	0	1
R	B:B13	TNF	6	3	36	61	0.0551598	0.0317802	0.0233797	0.859684	0.0151515	0.0136054	0.00154608	0.859684
R	B:B14	ACTA2	7	3	40	40	0	0	0	1	0	0	0	1
R	B:B14	AHR	7	3	40	40	0.119193	0	0.119193	0.662521	0.0285714	0	0.0285714	0.662521
R	B:B14	AKT1	7	3	40	40	0.0606776	0.0433653	0.0173122	1	0.0387755	0.030303	0.00847248	1
R	B:B14	ARNTL	7	3	40	40	0	0.0852797	-0.0852797	0.0344768	0	0.0757577	-0.0757577	0.0344768
R	B:B14	BCL6	7	3	40	40	0.0203866	0	0.0203866	0.662521	0.0102041	0	0.0102041	0.662521
R	B:B14	BECN1	7	3	40	40	0.17074	0.0295277	0.141212	0.607565	0.129252	0.020202	0.10905	0.607565
R	B:B14	BLNK	7	3	40	40	0.437922	0.567118	-0.129197	0.819168	0.263265	0.479798	-0.216533	0.492811
R	B:B14	BRD4	7	3	40	40	0.188069	0.18261	0.00545867	0.807903	0.114966	0.146465	-0.0314987	0.807903
R	B:B14	CAT	7	3	40	40	0.0974877	0.0433653	0.0541224	1	0.0489796	0.020202	0.0287775	1
R	B:B14	CD4	7	3	40	40	0	0	0	1	0	0	0	1
R	B:B14	CD86	7	3	40	40	0	0.160811	-0.160811	0.0344768	0	0.136364	-0.136364	0.0344768
R	B:B14	CREB1	7	3	40	40	0.08353	0.137485	-0.053955	0.261994	0.047619	0.106061	-0.0584417	0.261994
R	B:B14	CTNNB1	7	3	40	40	0.256151	0.172929	0.0832218	1	0.172789	0.161616	0.0111731	0.807903
R	B:B14	DNMT1	7	3	40	40	0.131551	0.0150907	0.11646	0.607565	0.0727891	0.010101	0.0626881	0.607565
R	B:B14	FOXP3	7	3	40	40	0	0	0	1	0	0	0	1
R	B:B14	GABPA	7	3	40	40	0.0754046	0.0433653	0.0320392	1	0.0442177	0.030303	0.0139147	1
R	B:B14	HIF1A	7	3	40	40	0.338769	0.133029	0.20574	0.556602	0.184694	0.0757577	0.108936	0.724285
R	B:B14	HMOX1	7	3	40	40	0.101045	0.0150907	0.0859546	0.744954	0.047619	0.010101	0.037518	0.744954
R	B:B14	ICAM1	7	3	40	40	0.150353	0.286434	-0.136081	0.224114	0.119048	0.419192	-0.300144	0.144622
R	B:B14	IFNG	7	3	40	40	0.183085	0.0708427	0.112242	1	0.104762	0.0656567	0.0391052	1
R	B:B14	IL15	7	3	40	40	0.188567	0.0150907	0.173476	0.330787	0.0982994	0.010101	0.0881984	0.330787
R	B:B14	IL1B	7	3	40	40	0.0203866	0	0.0203866	0.662521	0.0102041	0	0.0102041	0.662521
R	B:B14	IL7	7	3	40	40	0	0	0	1	0	0	0	1
R	B:B14	ITGAM	7	3	40	40	0	0	0	1	0	0	0	1
R	B:B14	ITGAX	7	3	40	40	0	0	0	1	0	0	0	1
R	B:B14	JAK1	7	3	40	40	0.251694	0.798949	-0.547255	0.0210353	0.159184	0.631313	-0.472129	0.037837
R	B:B14	LYZ	7	3	40	40	0.141219	0	0.141219	0.662521	0.0102041	0	0.0102041	0.662521
R	B:B14	MAFB	7	3	40	40	0.08353	0	0.08353	0.662521	0.047619	0	0.047619	0.662521
R	B:B14	MAP1LC3B	7	3	40	40	0.734374	0.911116	-0.176742	0.819168	0.419728	0.621212	-0.201484	0.730867
R	B:B14	MAPK14	7	3	40	40	0.136748	0.0295277	0.10722	0.607565	0.1	0.020202	0.079798	0.607565
R	B:B14	NFKB1	7	3	40	40	0.27014	0.43911	-0.16897	0.360475	0.181633	0.494949	-0.313317	0.288397
R	B:B14	NLRP3	7	3	40	40	0.0203866	0	0.0203866	0.662521	0.0102041	0	0.0102041	0.662521
R	B:B14	OSM	7	3	40	40	0	0	0	1	0	0	0	1
R	B:B14	PARP1	7	3	40	40	0.703862	0.832537	-0.128675	1	0.410544	0.752525	-0.341981	0.207225
R	B:B14	PIAS1	7	3	40	40	0.115696	0.479897	-0.364201	0.0186936	0.0727891	0.621212	-0.548423	0.0186936
R	B:B14	PKM	7	3	40	40	0.319676	0.699297	-0.379621	0.0674116	0.194898	0.676768	-0.48187	0.0396348
R	B:B14	PRKAA1	7	3	40	40	0.151399	0.112403	0.0389955	0.807903	0.0935374	0.0959597	-0.0024223	0.807903
R	B:B14	PTGS2	7	3	40	40	0.0203866	0	0.0203866	0.662521	0.0102041	0	0.0102041	0.662521
R	B:B14	RELA	7	3	40	40	0.12925	0.0852797	0.0439703	1	0.0911565	0.0757577	0.0153988	0.902909
R	B:B14	SH3KBP1	7	3	40	40	0.12925	0.18261	-0.0533603	0.62678	0.0625851	0.146465	-0.0838796	0.393153
R	B:B14	SMAD3	7	3	40	40	0	0	0	1	0	0	0	1
R	B:B14	SOD1	7	3	40	40	0.780937	0.789329	-0.00839171	0.833333	0.454422	0.782828	-0.328407	0.13608
R	B:B14	STAT3	7	3	40	40	0.474566	0.23036	0.244206	0.208615	0.241156	0.146465	0.0946917	0.422204
R	B:B14	STAT5A	7	3	40	40	0.127333	0	0.127333	0.261994	0.0625851	0	0.0625851	0.261994
R	B:B14	SYK	7	3	40	40	0.294565	0.428064	-0.133499	0.488808	0.154422	0.535353	-0.380931	0.0649095
R	B:B14	TLR4	7	3	40	40	0.0203866	0	0.0203866	0.662521	0.0102041	0	0.0102041	0.662521
R	B:B14	TNF	7	3	40	40	0.197602	0	0.197602	0.261994	0.0809524	0	0.0809524	0.259796
R	B:B15	ACTA2	5	4	47	31	0	0.0401943	-0.0401943	0.371093	0	0.05	-0.05	0.371093
R	B:B15	AHR	5	4	47	31	0.01058	0.0548679	-0.0442879	0.308369	0.0076923	0.0647059	-0.0570136	0.308369
R	B:B15	AKT1	5	4	47	31	0.195978	0	0.195978	0.240421	0.223077	0	0.223077	0.240421
R	B:B15	ARNTL	5	4	47	31	0	0.0146736	-0.0146736	0.371093	0	0.0147059	-0.0147059	0.371093
R	B:B15	BCL6	5	4	47	31	0	0	0	1	0	0	0	1
R	B:B15	BECN1	5	4	47	31	0.101754	0.0390045	0.0627493	0.893273	0.0807692	0.0504201	0.0303491	0.893273
R	B:B15	BLNK	5	4	47	31	0.330149	0.191916	0.138233	0.218742	0.196154	0.215966	-0.0198125	0.802419
R	B:B15	BRD4	5	4	47	31	0.0830556	0.0146736	0.068382	0.560509	0.0653846	0.0147059	0.0506787	0.560509
R	B:B15	CAT	5	4	47	31	0.0624272	0.0146736	0.0477536	1	0.05	0.0147059	0.0352941	1
R	B:B15	CD4	5	4	47	31	0	0	0	1	0	0	0	1
R	B:B15	CD86	5	4	47	31	0	0.0146736	-0.0146736	0.371093	0	0.0147059	-0.0147059	0.371093
R	B:B15	CREB1	5	4	47	31	0.0301958	0.0930587	-0.0628629	0.227249	0.023077	0.115126	-0.092049	0.0811359
R	B:B15	CTNNB1	5	4	47	31	0.01058	0.113817	-0.103237	0.0811359	0.0076923	0.10042	-0.0927278	0.0811359
R	B:B15	DNMT1	5	4	47	31	0	0.0548679	-0.0548679	0.13121	0	0.0647059	-0.0647059	0.13121
R	B:B15	FOXP3	5	4	47	31	0	0	0	1	0	0	0	1
R	B:B15	GABPA	5	4	47	31	0.01058	0.10137	-0.0907903	0.0811359	0.0076923	0.136134	-0.128442	0.0811359
R	B:B15	HIF1A	5	4	47	31	0.264497	0.174439	0.090058	0.622753	0.182051	0.207563	-0.0255118	1
R	B:B15	HMOX1	5	4	47	31	0	0	0	1	0	0	0	1
R	B:B15	ICAM1	5	4	47	31	0.129424	0.0401943	0.0892296	0.347654	0.098718	0.05	0.048718	0.502335
R	B:B15	IFNG	5	4	47	31	0	0.322862	-0.322862	0.371093	0	0.125	-0.125	0.371093
R	B:B15	IL15	5	4	47	31	0.108795	0.0243309	0.0844645	0.560509	0.0833334	0.0357143	0.0476191	0.560509
R	B:B15	IL1B	5	4	47	31	0	0	0	1	0	0	0	1
R	B:B15	IL7	5	4	47	31	0	0	0	1	0	0	0	1
R	B:B15	ITGAM	5	4	47	31	0	0	0	1	0	0	0	1
R	B:B15	ITGAX	5	4	47	31	0	0	0	1	0	0	0	1
R	B:B15	JAK1	5	4	47	31	0.198915	0.37585	-0.176935	0.533389	0.155128	0.410504	-0.255376	0.262239
R	B:B15	LYZ	5	4	47	31	0	0	0	1	0	0	0	1
R	B:B15	MAFB	5	4	47	31	0	0	0	1	0	0	0	1
R	B:B15	MAP1LC3B	5	4	47	31	0.689824	0.676807	0.0130177	0.730159	0.525641	0.612815	-0.0871743	0.555556
R	B:B15	MAPK14	5	4	47	31	0	0.0930587	-0.0930587	0.0416201	0	0.115126	-0.115126	0.0416201
R	B:B15	NFKB1	5	4	47	31	0.109934	0.127362	-0.017428	0.662427	0.1	0.15126	-0.0512605	0.662427
R	B:B15	NLRP3	5	4	47	31	0	0	0	1	0	0	0	1
R	B:B15	OSM	5	4	47	31	0	0	0	1	0	0	0	1
R	B:B15	PARP1	5	4	47	31	0.539331	0.653509	-0.114178	0.285714	0.380769	0.608613	-0.227844	0.170609
R	B:B15	PIAS1	5	4	47	31	0.148122	0.289472	-0.14135	0.533389	0.10641	0.332983	-0.226573	0.383221
R	B:B15	PKM	5	4	47	31	0.155355	0.463965	-0.30861	0.170609	0.0935897	0.470378	-0.376788	0.0342039
R	B:B15	PRKAA1	5	4	47	31	0	0.0748122	-0.0748122	0.371093	0	0.05	-0.05	0.371093
R	B:B15	PTGS2	5	4	47	31	0	0.0243309	-0.0243309	0.371093	0	0.0357143	-0.0357143	0.371093
R	B:B15	RELA	5	4	47	31	0.0638514	0.0390045	0.0248469	0.893273	0.0320513	0.0504201	-0.0183688	0.893273
R	B:B15	SH3KBP1	5	4	47	31	0.25247	0.119888	0.132582	0.701155	0.265385	0.0647059	0.200679	0.522431
R	B:B15	SMAD3	5	4	47	31	0	0	0	1	0	0	0	1
R	B:B15	SOD1	5	4	47	31	0.672363	0.478479	0.193884	0.730159	0.492308	0.466807	0.0255009	1
R	B:B15	STAT3	5	4	47	31	0.204464	0.140808	0.0636554	0.708624	0.129487	0.179832	-0.0503448	0.900865
R	B:B15	STAT5A	5	4	47	31	0	0.0146736	-0.0146736	0.371093	0	0.0147059	-0.0147059	0.371093
R	B:B15	SYK	5	4	47	31	0.0638514	0.0791988	-0.0153474	0.798074	0.0474359	0.10042	-0.0529843	0.442771
R	B:B15	TLR4	5	4	47	31	0	0	0	1	0	0	0	1
R	B:B15	TNF	5	4	47	31	0	0	0	1	0	0	0	1
R	B:B16	ACTA2	5	3	46	10	0.023315	0	0.023315	0.605577	0.0129032	0	0.0129032	0.605577
R	B:B16	AHR	5	3	46	10	0.023315	0	0.023315	0.605577	0.0129032	0	0.0129032	0.605577
R	B:B16	AKT1	5	3	46	10	0.0760342	0	0.0760342	0.605577	0.05	0	0.05	0.605577
R	B:B16	ARNTL	5	3	46	10	0	0	0	1	0	0	0	1
R	B:B16	BCL6	5	3	46	10	0.011997	0	0.011997	0.605577	0.00645162	0	0.00645162	0.605577
R	B:B16	BECN1	5	3	46	10	0.0340266	0.27927	-0.245243	0.171857	0.0129032	0.233333	-0.22043	0.171857
R	B:B16	BLNK	5	3	46	10	0.26173	0.152955	0.108775	0.750751	0.174731	0.166667	0.00806453	1
R	B:B16	BRD4	5	3	46	10	0.091771	0	0.091771	0.329114	0.0544802	0	0.0544802	0.329114
R	B:B16	CAT	5	3	46	10	0.011997	0.126315	-0.114318	0.69627	0.00645162	0.0666667	-0.060215	0.69627
R	B:B16	CD4	5	3	46	10	0	0	0	1	0	0	0	1
R	B:B16	CD86	5	3	46	10	0.082096	0	0.082096	0.329114	0.0480286	0	0.0480286	0.329114
R	B:B16	CREB1	5	3	46	10	0.071929	0	0.071929	0.329114	0.041577	0	0.041577	0.329114
R	B:B16	CTNNB1	5	3	46	10	0.011997	0.21149	-0.199493	0.171857	0.00645162	0.15	-0.143548	0.171857
R	B:B16	DNMT1	5	3	46	10	0.137252	0.27927	-0.142018	0.541193	0.0851254	0.233333	-0.148208	0.541193
R	B:B16	FOXP3	5	3	46	10	0.011997	0	0.011997	0.605577	0.00645162	0	0.00645162	0.605577
R	B:B16	GABPA	5	3	46	10	0.0379024	0.0851747	-0.0472723	0.69627	0.0222222	0.0833333	-0.0611111	0.69627
R	B:B16	HIF1A	5	3	46	10	0.109821	0.21149	-0.101669	0.427124	0.0609318	0.15	-0.0890682	0.266236
R	B:B16	HMOX1	5	3	46	10	0.011997	0	0.011997	0.605577	0.00645162	0	0.00645162	0.605577
R	B:B16	ICAM1	5	3	46	10	0.148892	0	0.148892	0.329114	0.0738352	0	0.0738352	0.329114
R	B:B16	IFNG	5	3	46	10	0	0	0	1	0	0	0	1
R	B:B16	IL15	5	3	46	10	0.137252	0.126315	0.0109363	0.750751	0.0786738	0.0666667	0.0120072	0.750751
R	B:B16	IL1B	5	3	46	10	0	0	0	1	0	0	0	1
R	B:B16	IL7	5	3	46	10	0	0	0	1	0	0	0	1
R	B:B16	ITGAM	5	3	46	10	0	0	0	1	0	0	0	1
R	B:B16	ITGAX	5	3	46	10	0	0	0	1	0	0	0	1
R	B:B16	JAK1	5	3	46	10	0.166017	0.335569	-0.169552	0.427124	0.102509	0.233333	-0.130824	0.633737
R	B:B16	LYZ	5	3	46	10	0	0	0	1	0	0	0	1
R	B:B16	MAFB	5	3	46	10	0	0	0	1	0	0	0	1
R	B:B16	MAP1LC3B	5	3	46	10	0.384895	0.665671	-0.280776	0.230243	0.246953	0.65	-0.403047	0.230243
R	B:B16	MAPK14	5	3	46	10	0.011997	0	0.011997	0.605577	0.00645162	0	0.00645162	0.605577
R	B:B16	NFKB1	5	3	46	10	0.011997	0	0.011997	0.605577	0.00645162	0	0.00645162	0.605577
R	B:B16	NLRP3	5	3	46	10	0	0	0	1	0	0	0	1
R	B:B16	OSM	5	3	46	10	0	0	0	1	0	0	0	1
R	B:B16	PARP1	5	3	46	10	0.24955	0.641734	-0.392184	0.359397	0.152509	0.5	-0.347491	0.359397
R	B:B16	PIAS1	5	3	46	10	0.0880312	0.126315	-0.0382841	1	0.0564516	0.0666667	-0.010215	1
R	B:B16	PKM	5	3	46	10	0.493137	0.426954	0.066183	0.759982	0.327419	0.15	0.177419	0.644692
R	B:B16	PRKAA1	5	3	46	10	0.0441936	0	0.0441936	0.605577	0.0258064	0	0.0258064	0.605577
R	B:B16	PTGS2	5	3	46	10	0	0	0	1	0	0	0	1
R	B:B16	RELA	5	3	46	10	0.208973	0	0.208973	0.171857	0.235125	0	0.235125	0.171857
R	B:B16	SH3KBP1	5	3	46	10	0.011997	0.0851747	-0.0731776	0.69627	0.00645162	0.0833333	-0.0768817	0.69627
R	B:B16	SMAD3	5	3	46	10	0	0	0	1	0	0	0	1
R	B:B16	SOD1	5	3	46	10	0.291221	0.990017	-0.698797	0.0357701	0.194086	0.616667	-0.422581	0.174494
R	B:B16	STAT3	5	3	46	10	0.13285	0.0851747	0.0476757	0.732678	0.083154	0.0833333	-0.000179333	1
R	B:B16	STAT5A	5	3	46	10	0.10378	0.0851747	0.0186053	1	0.041577	0.0833333	-0.0417563	1
R	B:B16	SYK	5	3	46	10	0.0612174	0.302875	-0.241657	0.266236	0.0351254	0.216667	-0.181541	0.266236
R	B:B16	TLR4	5	3	46	10	0	0	0	1	0	0	0	1
R	B:B16	TNF	5	3	46	10	0	0.0851747	-0.0851747	0.3017	0	0.0833333	-0.0833333	0.3017
R	B:B17	ACTA2	5	2	19	23	0	0	0	1	0	0	0	1
R	B:B17	AHR	5	2	19	23	0.0421336	0.109861	-0.0677271	0.285377	0.0333334	0.0958333	-0.0624999	0.285377
R	B:B17	AKT1	5	2	19	23	0.0221742	0.063575	-0.0414008	0.468717	0.0166667	0.0625	-0.0458333	0.468717
R	B:B17	ARNTL	5	2	19	23	0	0.063575	-0.063575	0.205903	0	0.0625	-0.0625	0.205903
R	B:B17	BCL6	5	2	19	23	0	0	0	1	0	0	0	1
R	B:B17	BECN1	5	2	19	23	0.102521	0.152222	-0.049701	0.314995	0.116667	0.129167	-0.0124998	0.314995
R	B:B17	BLNK	5	2	19	23	0.244047	0.34743	-0.103383	0.84073	0.183333	0.379167	-0.195833	0.314995
R	B:B17	BRD4	5	2	19	23	0.0221742	0.0462856	-0.0241114	0.80915	0.0166667	0.0333333	-0.0166667	0.80915
R	B:B17	CAT	5	2	19	23	0.0803468	0	0.0803468	0.75183	0.1	0	0.1	0.75183
R	B:B17	CD4	5	2	19	23	0	0	0	1	0	0	0	1
R	B:B17	CD86	5	2	19	23	0	0	0	1	0	0	0	1
R	B:B17	CREB1	5	2	19	23	0.242145	0.088647	0.153498	1	0.2	0.0666665	0.133333	1
R	B:B17	CTNNB1	5	2	19	23	0	0	0	1	0	0	0	1
R	B:B17	DNMT1	5	2	19	23	0.0421336	0	0.0421336	0.75183	0.0333334	0	0.0333334	0.75183
R	B:B17	FOXP3	5	2	19	23	0	0	0	1	0	0	0	1
R	B:B17	GABPA	5	2	19	23	0.161798	0	0.161798	0.75183	0.1	0	0.1	0.75183
R	B:B17	HIF1A	5	2	19	23	0.632484	0.0462856	0.586198	0.241032	0.366667	0.0333333	0.333333	0.223407
R	B:B17	HMOX1	5	2	19	23	0	0	0	1	0	0	0	1
R	B:B17	ICAM1	5	2	19	23	0.0421336	0.152222	-0.110088	0.285377	0.0166667	0.129167	-0.1125	0.0544834
R	B:B17	IFNG	5	2	19	23	0	0	0	1	0	0	0	1
R	B:B17	IL15	5	2	19	23	0.0803468	0.063575	0.0167718	0.80915	0.1	0.0625	0.0375	0.80915
R	B:B17	IL1B	5	2	19	23	0	0	0	1	0	0	0	1
R	B:B17	IL7	5	2	19	23	0	0	0	1	0	0	0	1
R	B:B17	ITGAM	5	2	19	23	0	0	0	1	0	0	0	1
R	B:B17	ITGAX	5	2	19	23	0	0	0	1	0	0	0	1
R	B:B17	JAK1	5	2	19	23	0.0221742	0.503817	-0.481642	0.0544834	0.0166667	0.416666	-0.4	0.0544834
R	B:B17	LYZ	5	2	19	23	0	0	0	1	0	0	0	1
R	B:B17	MAFB	5	2	19	23	0	0	0	1	0	0	0	1
R	B:B17	MAP1LC3B	5	2	19	23	0.632484	0.422702	0.209782	0.571429	0.366667	0.320833	0.0458331	0.54659
R	B:B17	MAPK14	5	2	19	23	0	0	0	1	0	0	0	1
R	B:B17	NFKB1	5	2	19	23	0	0	0	1	0	0	0	1
R	B:B17	NLRP3	5	2	19	23	0	0	0	1	0	0	0	1
R	B:B17	OSM	5	2	19	23	0	0	0	1	0	0	0	1
R	B:B17	PARP1	5	2	19	23	0.463971	0.407133	0.0568371	1	0.35	0.325	0.025	1
R	B:B17	PIAS1	5	2	19	23	0.203932	0.191273	0.0126583	0.54659	0.133333	0.1625	-0.0291666	0.54659
R	B:B17	PKM	5	2	19	23	0.229784	0.475735	-0.245951	0.54659	0.183333	0.3875	-0.204167	0.84073
R	B:B17	PRKAA1	5	2	19	23	0.0803468	0.088647	-0.0083002	0.80915	0.1	0.0666665	0.0333335	0.80915
R	B:B17	PTGS2	5	2	19	23	0	0	0	1	0	0	0	1
R	B:B17	RELA	5	2	19	23	0	0.063575	-0.063575	0.205903	0	0.0625	-0.0625	0.205903
R	B:B17	SH3KBP1	5	2	19	23	0.0221742	0.414347	-0.392173	0.0544834	0.0166667	0.258333	-0.241667	0.0544834
R	B:B17	SMAD3	5	2	19	23	0.102521	0	0.102521	0.468717	0.116667	0	0.116667	0.468717
R	B:B17	SOD1	5	2	19	23	0.691694	0.705515	-0.0138208	1	0.366667	0.516666	-0.15	0.199849
R	B:B17	STAT3	5	2	19	23	0.157264	0.317664	-0.1604	0.54659	0.166667	0.258333	-0.0916669	0.84073
R	B:B17	STAT5A	5	2	19	23	0	0	0	1	0	0	0	1
R	B:B17	SYK	5	2	19	23	0.0221742	0.216931	-0.194757	0.134746	0.0166667	0.158333	-0.141667	0.134746
R	B:B17	TLR4	5	2	19	23	0	0	0	1	0	0	0	1
R	B:B17	TNF	5	2	19	23	0	0	0	1	0	0	0	1
R	B:B2	ACTA2	7	4	853	128	0.0245967	0.0103932	0.0142035	0.536407	0.00671087	0.0049505	0.00176037	0.536407
R	B:B2	AHR	7	4	853	128	0.355881	0.180065	0.175816	0.507365	0.10932	0.0820545	0.0272651	0.776319
R	B:B2	AKT1	7	4	853	128	0.0931432	0.0969269	-0.00378369	0.628688	0.0255281	0.0574258	-0.0318976	0.922953
R	B:B2	ARNTL	7	4	853	128	0.235553	0.0447969	0.190756	0.39075	0.108956	0.0174505	0.0915051	0.504431
R	B:B2	BCL6	7	4	853	128	0.111161	0.0052506	0.10591	0.0333599	0.0297368	0.00247525	0.0272615	0.0333599
R	B:B2	BECN1	7	4	853	128	0.404729	0.296652	0.108077	0.527273	0.125731	0.149629	-0.0238978	0.527273
R	B:B2	BLNK	7	4	853	128	0.72338	0.560065	0.163315	0.343605	0.248694	0.261634	-0.0129399	1
R	B:B2	BRD4	7	4	853	128	0.480639	0.288909	0.19173	0.504431	0.14368	0.124258	0.0194222	0.924027
R	B:B2	CAT	7	4	853	128	0.377667	0.323882	0.0537848	1	0.121165	0.159654	-0.038488	0.648485
R	B:B2	CD4	7	4	853	128	0.209681	0.0052506	0.20443	0.0920362	0.101166	0.00247525	0.0986903	0.197627
R	B:B2	CD86	7	4	853	128	0.227237	0.121579	0.105658	0.294186	0.0610788	0.0498762	0.0112026	0.504431
R	B:B2	CREB1	7	4	853	128	0.529845	0.660264	-0.130419	0.787879	0.145785	0.28453	-0.138745	0.315152
R	B:B2	CTNNB1	7	4	853	128	0.353848	0.187407	0.166442	0.215084	0.103501	0.0845298	0.0189717	0.924027
R	B:B2	DNMT1	7	4	853	128	0.178461	0.198593	-0.020132	0.849769	0.0459238	0.0972772	-0.0513535	0.184875
R	B:B2	FOXP3	7	4	853	128	0.0110972	0.0646407	-0.0535436	1	0.00255485	0.0125	-0.00994515	1
R	B:B2	GABPA	7	4	853	128	0.081322	0.450517	-0.369195	0.215084	0.0219474	0.192327	-0.170379	0.152594
R	B:B2	HIF1A	7	4	853	128	0.84776	0.984719	-0.13696	0.315152	0.242304	0.473762	-0.231459	0.0121212
R	B:B2	HMOX1	7	4	853	128	0.109682	0.0052506	0.104431	0.0920362	0.02622	0.00247525	0.0237447	0.0920362
R	B:B2	ICAM1	7	4	853	128	0.806627	0.829472	-0.0228444	0.648485	0.245261	0.379208	-0.133947	0.927273
R	B:B2	IFNG	7	4	853	128	0.052878	0.0814948	-0.0286167	0.680215	0.00962106	0.05	-0.0403789	0.680215
R	B:B2	IL15	7	4	853	128	0.0655801	0.103502	-0.0379224	0.921056	0.0190195	0.042203	-0.0231835	0.620236
R	B:B2	IL1B	7	4	853	128	0.00156644	0	0.00156644	0.57075	0.000422654	0	0.000422654	0.57075
R	B:B2	IL7	7	4	853	128	0.123829	0.168356	-0.044527	0.704817	0.0345315	0.0897277	-0.0551962	0.343605
R	B:B2	ITGAM	7	4	853	128	0.0565768	0.0690988	-0.012522	0.487857	0.0159678	0.0321782	-0.0162104	0.487857
R	B:B2	ITGAX	7	4	853	128	0.0736344	0.111462	-0.0378271	1	0.0139995	0.0623763	-0.0483768	0.771706
R	B:B2	JAK1	7	4	853	128	1.28799	1.57424	-0.286249	0.412121	0.447339	0.740841	-0.293502	0.0121212
R	B:B2	LYZ	7	4	853	128	0.00933787	0	0.00933787	0.326558	0.00249305	0	0.00249305	0.326558
R	B:B2	MAFB	7	4	853	128	0.00734099	0	0.00734099	0.57075	0.0018797	0	0.0018797	0.57075
R	B:B2	MAP1LC3B	7	4	853	128	1.30644	1.18718	0.119259	0.927273	0.517905	0.580817	-0.0629113	0.527273
R	B:B2	MAPK14	7	4	853	128	0.0586696	0.089856	-0.0311864	1	0.017112	0.0373762	-0.0202643	0.76623
R	B:B2	NFKB1	7	4	853	128	0.747856	0.822834	-0.0749781	0.927273	0.266417	0.266708	-0.000291257	0.787879
R	B:B2	NLRP3	7	4	853	128	0.0262151	0.0052506	0.0209645	0.216269	0.00592738	0.00247525	0.00345213	0.409746
R	B:B2	OSM	7	4	853	128	0.0192129	0.0052506	0.0139623	0.443624	0.00458011	0.00247525	0.00210486	0.584238
R	B:B2	PARP1	7	4	853	128	0.740247	1.04296	-0.302708	0.163636	0.238043	0.513861	-0.275818	0.0105555
R	B:B2	PIAS1	7	4	853	128	0.935001	0.476972	0.458029	0.0727273	0.315894	0.268812	0.0470823	1
R	B:B2	PKM	7	4	853	128	1.117	0.80445	0.312555	0.787879	0.384295	0.398763	-0.0144676	0.527273
R	B:B2	PRKAA1	7	4	853	128	0.314061	0.238148	0.0759131	1	0.0998057	0.117203	-0.0173973	0.569872
R	B:B2	PTGS2	7	4	853	128	0	0	0	1	0	0	0	1
R	B:B2	RELA	7	4	853	128	0.386828	0.148335	0.238493	0.155433	0.123366	0.067203	0.0561631	0.776319
R	B:B2	SH3KBP1	7	4	853	128	0.543126	0.65062	-0.107495	0.704817	0.154356	0.271782	-0.117427	0.184875
R	B:B2	SMAD3	7	4	853	128	0.353455	0.528647	-0.175191	0.927273	0.11069	0.222277	-0.111588	0.109091
R	B:B2	SOD1	7	4	853	128	1.10317	0.761714	0.341456	0.163636	0.400163	0.431312	-0.0311489	0.527273
R	B:B2	STAT3	7	4	853	128	1.00865	0.528829	0.479823	0.0121212	0.356314	0.271535	0.0847794	0.927273
R	B:B2	STAT5A	7	4	853	128	0.190328	0.139731	0.0505976	0.774812	0.0479281	0.0622525	-0.0143244	0.924027
R	B:B2	SYK	7	4	853	128	0.594508	0.543775	0.0507322	0.704817	0.180829	0.269307	-0.0884783	0.569872
R	B:B2	TLR4	7	4	853	128	0.00573717	0.334392	-0.328655	1	0.00163024	0.125	-0.12337	1
R	B:B2	TNF	7	4	853	128	1.10784	0.597273	0.510568	0.109091	0.344261	0.226733	0.117529	0.927273
R	B:B3	ACTA2	6	3	56	4	0	0	0	1	0	0	0	1
R	B:B3	AHR	6	3	56	4	0.285066	0	0.285066	0.219768	0.0550595	0	0.0550595	0.219768
R	B:B3	AKT1	6	3	56	4	0	0.212977	-0.212977	0.238593	0	0.166667	-0.166667	0.238593
R	B:B3	ARNTL	6	3	56	4	0	0	0	1	0	0	0	1
R	B:B3	BCL6	6	3	56	4	0	0	0	1	0	0	0	1
R	B:B3	BECN1	6	3	56	4	0.333039	0	0.333039	0.219768	0.073578	0	0.073578	0.219768
R	B:B3	BLNK	6	3	56	4	0.681199	0	0.681199	0.0590582	0.171495	0	0.171495	0.0590582
R	B:B3	BRD4	6	3	56	4	0.420186	0.212977	0.207209	0.500184	0.0988095	0.166667	-0.0678572	0.892738
R	B:B3	CAT	6	3	56	4	0.230711	0.212977	0.0177343	1	0.0527447	0.166667	-0.113922	1
R	B:B3	CD4	6	3	56	4	0	0	0	1	0	0	0	1
R	B:B3	CD86	6	3	56	4	0.0636483	0	0.0636483	0.637352	0.0104167	0	0.0104167	0.637352
R	B:B3	CREB1	6	3	56	4	0.0968285	0	0.0968285	0.637352	0.0208333	0	0.0208333	0.637352
R	B:B3	CTNNB1	6	3	56	4	0.083959	0.646023	-0.562064	0.595883	0.0185185	0.333333	-0.314815	0.595883
R	B:B3	DNMT1	6	3	56	4	0.274429	0	0.274429	0.219768	0.0622685	0	0.0622685	0.219768
R	B:B3	FOXP3	6	3	56	4	0	0	0	1	0	0	0	1
R	B:B3	GABPA	6	3	56	4	0.0636483	0.212977	-0.149329	0.595883	0.0104167	0.166667	-0.15625	0.595883
R	B:B3	HIF1A	6	3	56	4	0.766915	0.212977	0.553938	0.237302	0.202745	0.166667	0.036078	0.693641
R	B:B3	HMOX1	6	3	56	4	0.155051	0	0.155051	0.376759	0.0342262	0	0.0342262	0.376759
R	B:B3	ICAM1	6	3	56	4	0.0636483	0.646023	-0.582375	0.595883	0.0104167	0.333333	-0.322917	0.595883
R	B:B3	IFNG	6	3	56	4	0	0	0	1	0	0	0	1
R	B:B3	IL15	6	3	56	4	0.0636483	0.212977	-0.149329	0.595883	0.0104167	0.166667	-0.15625	0.595883
R	B:B3	IL1B	6	3	56	4	0	0	0	1	0	0	0	1
R	B:B3	IL7	6	3	56	4	0	0	0	1	0	0	0	1
R	B:B3	ITGAM	6	3	56	4	0.166482	0	0.166482	0.637352	0.0555555	0	0.0555555	0.637352
R	B:B3	ITGAX	6	3	56	4	0	0	0	1	0	0	0	1
R	B:B3	JAK1	6	3	56	4	1.23102	0.43461	0.796407	0.243305	0.37328	0.166667	0.206614	0.36415
R	B:B3	LYZ	6	3	56	4	0	0.212977	-0.212977	0.238593	0	0.166667	-0.166667	0.238593
R	B:B3	MAFB	6	3	56	4	0	0	0	1	0	0	0	1
R	B:B3	MAP1LC3B	6	3	56	4	0.43498	0.646023	-0.211044	0.892738	0.0973875	0.333333	-0.235946	0.892738
R	B:B3	MAPK14	6	3	56	4	0.083959	0	0.083959	0.637352	0.0185185	0	0.0185185	0.637352
R	B:B3	NFKB1	6	3	56	4	0.498652	0.212977	0.285675	0.68583	0.152745	0.166667	-0.013922	0.68583
R	B:B3	NLRP3	6	3	56	4	0	0	0	1	0	0	0	1
R	B:B3	OSM	6	3	56	4	0	0	0	1	0	0	0	1
R	B:B3	PARP1	6	3	56	4	0.750281	0	0.750281	0.119795	0.202712	0	0.202712	0.119795
R	B:B3	PIAS1	6	3	56	4	0.795464	0	0.795464	0.0256011	0.209921	0	0.209921	0.0249682
R	B:B3	PKM	6	3	56	4	0.857332	0.646023	0.211309	0.693641	0.256482	0.333333	-0.0768518	0.692379
R	B:B3	PRKAA1	6	3	56	4	0.118998	0.212977	-0.0939793	0.878088	0.0208333	0.166667	-0.145833	0.877371
R	B:B3	PTGS2	6	3	56	4	0	0	0	1	0	0	0	1
R	B:B3	RELA	6	3	56	4	0.083959	0	0.083959	0.637352	0.0185185	0	0.0185185	0.637352
R	B:B3	SH3KBP1	6	3	56	4	0.200924	0.676843	-0.475919	0.878088	0.0416667	0.333333	-0.291667	0.878088
R	B:B3	SMAD3	6	3	56	4	0.0636483	0	0.0636483	0.637352	0.0104167	0	0.0104167	0.637352
R	B:B3	SOD1	6	3	56	4	0.587379	0.341883	0.245495	0.693641	0.146263	0.333333	-0.18707	0.693641
R	B:B3	STAT3	6	3	56	4	0.943604	0.676843	0.26676	0.516853	0.251752	0.333333	-0.0815808	0.516853
R	B:B3	STAT5A	6	3	56	4	0.13953	0	0.13953	0.637352	0.037037	0	0.037037	0.637352
R	B:B3	SYK	6	3	56	4	0.672612	0.212977	0.459635	0.237302	0.141633	0.166667	-0.0250332	0.693641
R	B:B3	TLR4	6	3	56	4	0	0	0	1	0	0	0	1
R	B:B3	TNF	6	3	56	4	0.356446	0	0.356446	0.219768	0.0854167	0	0.0854167	0.219768
R	B:B4	ACTA2	7	4	515	44	0.0395659	0.0479108	-0.00834489	1	0.00703099	0.0147059	-0.00767489	1
R	B:B4	AHR	7	4	515	44	0.0915541	0.216136	-0.124582	0.470726	0.0219497	0.077451	-0.0555013	0.470726
R	B:B4	AKT1	7	4	515	44	0.130614	0.0479108	0.0827029	0.372431	0.0274516	0.0147059	0.0127457	0.372431
R	B:B4	ARNTL	7	4	515	44	0.0330979	0.0479108	-0.0148129	0.912853	0.00743725	0.0147059	-0.00726862	0.912853
R	B:B4	BCL6	7	4	515	44	0.0781698	0	0.0781698	0.10067	0.0171089	0	0.0171089	0.10067
R	B:B4	BECN1	7	4	515	44	0.218079	0.122714	0.0953646	0.536407	0.0530823	0.0441177	0.00896454	0.536407
R	B:B4	BLNK	7	4	515	44	0.960692	0.921828	0.0388646	1	0.273317	0.456863	-0.183545	0.527273
R	B:B4	BRD4	7	4	515	44	0.415446	0.550707	-0.135262	0.704817	0.100455	0.186275	-0.0858197	0.296412
R	B:B4	CAT	7	4	515	44	0.406753	0.78022	-0.373468	0.0424242	0.0975773	0.267157	-0.169579	0.0230287
R	B:B4	CD4	7	4	515	44	0.109254	0	0.109254	0.326558	0.0296537	0	0.0296537	0.326558
R	B:B4	CD86	7	4	515	44	0.293789	0.0510497	0.242739	0.0530769	0.0714183	0.0166667	0.0547517	0.0817072
R	B:B4	CREB1	7	4	515	44	0.324318	0.13915	0.185169	0.104985	0.0759627	0.0460784	0.0298843	0.39075
R	B:B4	CTNNB1	7	4	515	44	0.175183	0.181522	-0.00633861	0.921056	0.0431465	0.062745	-0.0195985	0.76623
R	B:B4	DNMT1	7	4	515	44	0.24036	0.0479108	0.19245	0.0920362	0.0584805	0.0147059	0.0437747	0.197627
R	B:B4	FOXP3	7	4	515	44	0.0104343	0	0.0104343	0.57075	0.0021645	0	0.0021645	0.57075
R	B:B4	GABPA	7	4	515	44	0.156582	0.0479108	0.108671	0.372431	0.0398776	0.0147059	0.0251717	0.372431
R	B:B4	HIF1A	7	4	515	44	0.619015	0.808479	-0.189464	0.927273	0.165524	0.240196	-0.074672	0.648485
R	B:B4	HMOX1	7	4	515	44	0.102775	0	0.102775	0.0502526	0.0224282	0	0.0224282	0.0502526
R	B:B4	ICAM1	7	4	515	44	0.287249	0.181522	0.105727	0.628688	0.0653557	0.062745	0.0026107	0.922953
R	B:B4	IFNG	7	4	515	44	0.016742	0	0.016742	0.326558	0.00253998	0	0.00253998	0.326558
R	B:B4	IL15	7	4	515	44	0.0996092	0	0.0996092	0.10067	0.0205158	0	0.0205158	0.10067
R	B:B4	IL1B	7	4	515	44	0.00531239	0	0.00531239	0.57075	0.00108225	0	0.00108225	0.57075
R	B:B4	IL7	7	4	515	44	0.192514	0.122714	0.0698004	0.487857	0.0440078	0.0441177	-0.000109921	0.487857
R	B:B4	ITGAM	7	4	515	44	0.293501	0	0.293501	0.0502526	0.0885015	0	0.0885015	0.0502526
R	B:B4	ITGAX	7	4	515	44	0.0577316	0.0479108	0.00982084	0.742667	0.0107139	0.0147059	-0.00399195	0.912853
R	B:B4	JAK1	7	4	515	44	1.20289	1.27418	-0.071292	0.648485	0.347014	0.570098	-0.223084	0.448659
R	B:B4	LYZ	7	4	515	44	0	0.0479108	-0.0479108	0.256839	0	0.0147059	-0.0147059	0.256839
R	B:B4	MAFB	7	4	515	44	0.00459473	0	0.00459473	0.57075	0.000664451	0	0.000664451	0.57075
R	B:B4	MAP1LC3B	7	4	515	44	1.15303	0.927065	0.225967	0.927273	0.341668	0.336274	0.00539393	0.527273
R	B:B4	MAPK14	7	4	515	44	0.0568305	0.141333	-0.0845022	0.620236	0.0119706	0.0480391	-0.0360685	0.620236
R	B:B4	NFKB1	7	4	515	44	0.40735	0.321034	0.0863161	0.924027	0.0832205	0.0691178	0.0141027	0.774812
R	B:B4	NLRP3	7	4	515	44	0	0	0	1	0	0	0	1
R	B:B4	OSM	7	4	515	44	0.0148754	0	0.0148754	0.326558	0.00278663	0	0.00278663	0.326558
R	B:B4	PARP1	7	4	515	44	0.955148	0.71539	0.239758	1	0.271594	0.192157	0.0794371	0.527273
R	B:B4	PIAS1	7	4	515	44	0.587441	0.811133	-0.223692	0.230303	0.143518	0.254412	-0.110894	0.152594
R	B:B4	PKM	7	4	515	44	1.07248	0.778455	0.294021	0.230303	0.318136	0.273529	0.0446066	0.448659
R	B:B4	PRKAA1	7	4	515	44	0.279028	0.40229	-0.123262	0.704817	0.062239	0.156373	-0.0941336	0.569872
R	B:B4	PTGS2	7	4	515	44	0	0	0	1	0	0	0	1
R	B:B4	RELA	7	4	515	44	0.38966	0.181522	0.208138	0.297517	0.0941919	0.062745	0.0314469	0.297517
R	B:B4	SH3KBP1	7	4	515	44	0.466566	0.461618	0.00494736	0.849769	0.10966	0.0857844	0.0238753	0.569872
R	B:B4	SMAD3	7	4	515	44	0.192744	0.0510497	0.141694	0.30281	0.0472937	0.0166667	0.030627	0.536407
R	B:B4	SOD1	7	4	515	44	0.991887	0.4188	0.573086	0.0242424	0.287774	0.144608	0.143166	0.315152
R	B:B4	STAT3	7	4	515	44	0.951524	0.688751	0.262772	0.230303	0.272908	0.344118	-0.07121	0.527273
R	B:B4	STAT5A	7	4	515	44	0.108308	0	0.108308	0.10067	0.026032	0	0.026032	0.10067
R	B:B4	SYK	7	4	515	44	0.702535	0.344984	0.357552	0.129695	0.160497	0.0857844	0.0747124	0.184875
R	B:B4	TLR4	7	4	515	44	0	0	0	1	0	0	0	1
R	B:B4	TNF	7	4	515	44	0.56298	0.600531	-0.0375516	0.704817	0.12699	0.129412	-0.00242132	0.849429
R	B:B5	ACTA2	7	3	152	40	0.0318189	0	0.0318189	0.662521	0.0112045	0	0.0112045	0.662521
R	B:B5	AHR	7	3	152	40	0.335634	0.416489	-0.0808553	0.666667	0.107053	0.200327	-0.0932732	0.360475
R	B:B5	AKT1	7	3	152	40	0.0844979	0.0557903	0.0287075	1	0.0260266	0.0196078	0.00641875	1
R	B:B5	ARNTL	7	3	152	40	0.0490732	0.0881347	-0.0390615	1	0.0164433	0.0333333	-0.01689	1
R	B:B5	BCL6	7	3	152	40	0.00864336	0.0469717	-0.0383283	0.515305	0.00280111	0.0166667	-0.0138656	0.515305
R	B:B5	BECN1	7	3	152	40	0.381624	0.416489	-0.034865	0.819168	0.132152	0.200327	-0.0681744	0.422204
R	B:B5	BLNK	7	3	152	40	1.04804	0.917742	0.130301	0.383333	0.420257	0.439869	-0.0196123	0.833333
R	B:B5	BRD4	7	3	152	40	0.457863	0.338692	0.11917	0.516667	0.151176	0.166993	-0.0158171	1
R	B:B5	CAT	7	3	152	40	0.462927	0.591822	-0.128895	0.266667	0.126829	0.236601	-0.109772	0.0222455
R	B:B5	CD4	7	3	152	40	0	0	0	1	0	0	0	1
R	B:B5	CD86	7	3	152	40	0.614504	0.145348	0.469156	0.0649095	0.170352	0.0588237	0.111528	0.166233
R	B:B5	CREB1	7	3	152	40	0.378233	0.495391	-0.117158	0.666667	0.126282	0.219935	-0.0936526	0.266667
R	B:B5	CTNNB1	7	3	152	40	0.246743	0.145348	0.101395	0.644461	0.0701331	0.0588237	0.0113094	0.643429
R	B:B5	DNMT1	7	3	152	40	0.336116	0.233483	0.102633	0.644461	0.117226	0.092157	0.0250688	1
R	B:B5	FOXP3	7	3	152	40	0	0	0	1	0	0	0	1
R	B:B5	GABPA	7	3	152	40	0.141152	0.102762	0.0383899	1	0.0423588	0.0362745	0.00608434	0.807903
R	B:B5	HIF1A	7	3	152	40	0.559264	0.690903	-0.131639	0.423622	0.202916	0.287255	-0.0843388	0.423622
R	B:B5	HMOX1	7	3	152	40	0.305557	0.488247	-0.18269	0.647506	0.0909838	0.275164	-0.18418	0.492811
R	B:B5	ICAM1	7	3	152	40	0.284553	0.102762	0.181791	0.356038	0.0849656	0.0362745	0.0486911	0.417887
R	B:B5	IFNG	7	3	152	40	0.0105181	0	0.0105181	0.662521	0.00332226	0	0.00332226	0.662521
R	B:B5	IL15	7	3	152	40	0.037108	0.143925	-0.106817	0.157871	0.0122468	0.0529412	-0.0406944	0.157871
R	B:B5	IL1B	7	3	152	40	0	0	0	1	0	0	0	1
R	B:B5	IL7	7	3	152	40	0.0423369	0.103568	-0.0612311	0.779153	0.0145267	0.0392157	-0.0246889	0.779153
R	B:B5	ITGAM	7	3	152	40	0.394567	0.307239	0.0873288	0.731657	0.137176	0.111765	0.025411	1
R	B:B5	ITGAX	7	3	152	40	0.731833	0.19232	0.539513	0.0666667	0.233098	0.0754903	0.157608	0.183333
R	B:B5	JAK1	7	3	152	40	1.2364	1.1247	0.1117	0.183333	0.475859	0.653922	-0.178062	1
R	B:B5	LYZ	7	3	152	40	0	0	0	1	0	0	0	1
R	B:B5	MAFB	7	3	152	40	0	0	0	1	0	0	0	1
R	B:B5	MAP1LC3B	7	3	152	40	1.08518	0.558423	0.526757	0.116667	0.368036	0.256209	0.111827	0.183333
R	B:B5	MAPK14	7	3	152	40	0.0511605	0.41045	-0.359289	0.051768	0.0183598	0.258497	-0.240137	0.051768
R	B:B5	NFKB1	7	3	152	40	0.224609	0.610808	-0.386199	0.106279	0.0660015	0.219935	-0.153933	0.0649095
R	B:B5	NLRP3	7	3	152	40	0.0543735	0	0.0543735	0.416075	0.0143113	0	0.0143113	0.416075
R	B:B5	OSM	7	3	152	40	0	0	0	1	0	0	0	1
R	B:B5	PARP1	7	3	152	40	1.36911	1.07506	0.294054	0.116667	0.49872	0.457189	0.0415302	0.833333
R	B:B5	PIAS1	7	3	152	40	0.501545	0.738902	-0.237357	0.253007	0.191074	0.400654	-0.209579	0.253007
R	B:B5	PKM	7	3	152	40	1.08974	0.841154	0.248584	0.116667	0.338414	0.437582	-0.0991672	0.423622
R	B:B5	PRKAA1	7	3	152	40	0.493782	0.228337	0.265446	0.666667	0.168458	0.0892157	0.0792422	0.666667
R	B:B5	PTGS2	7	3	152	40	0	0	0	1	0	0	0	1
R	B:B5	RELA	7	3	152	40	0.20675	0.143925	0.0628249	0.731657	0.0636678	0.0529412	0.0107266	1
R	B:B5	SH3KBP1	7	3	152	40	0.579187	0.379855	0.199332	0.516667	0.203387	0.164052	0.0393346	1
R	B:B5	SMAD3	7	3	152	40	0.174143	0.577805	-0.403662	0.0222455	0.0486562	0.219935	-0.171278	0.0218393
R	B:B5	SOD1	7	3	152	40	1.05683	1.16572	-0.108895	0.516667	0.382646	0.556536	-0.17389	0.266667
R	B:B5	STAT3	7	3	152	40	0.842508	0.948909	-0.106401	1	0.35521	0.453595	-0.0983846	0.731657
R	B:B5	STAT5A	7	3	152	40	0.204549	0.143925	0.0606241	0.488808	0.0638203	0.0529412	0.0108792	0.907869
R	B:B5	SYK	7	3	152	40	1.05444	1.01834	0.0361086	0.833333	0.380867	0.420262	-0.0393942	0.833333
R	B:B5	TLR4	7	3	152	40	0.0217617	0	0.0217617	0.662521	0.0075188	0	0.0075188	0.662521
R	B:B5	TNF	7	3	152	40	0.457598	0.431816	0.0257818	0.908994	0.125113	0.12549	-0.000377033	0.818624
R	B:B6	ACTA2	4	4	29	611	0.0353897	0.0309655	0.00442427	0.538472	0.03125	0.0357527	-0.0045027	0.538472
R	B:B6	AHR	4	4	29	611	0.0183205	0.0834641	-0.0651436	0.218604	0.015625	0.0918496	-0.0762246	0.218604
R	B:B6	AKT1	4	4	29	611	0	0.143762	-0.143762	0.0210706	0	0.114118	-0.114118	0.0210706
R	B:B6	ARNTL	4	4	29	611	0.0183205	0.0243923	-0.0060718	0.538472	0.015625	0.0292009	-0.0135759	0.538472
R	B:B6	BCL6	4	4	29	611	0	0.000520942	-0.000520942	0.453255	0	0.00049505	-0.00049505	0.453255
R	B:B6	BECN1	4	4	29	611	0.112408	0.316889	-0.204481	0.191267	0.0989582	0.23482	-0.135862	0.242526
R	B:B6	BLNK	4	4	29	611	0.304857	0.32643	-0.021573	0.771503	0.213541	0.360312	-0.14677	0.242526
R	B:B6	BRD4	4	4	29	611	0.0513675	0.138071	-0.0867032	0.35617	0.046875	0.145254	-0.0983788	0.218604
R	B:B6	CAT	4	4	29	611	0	0.11404	-0.11404	0.0689184	0	0.157174	-0.157174	0.0689184
R	B:B6	CD4	4	4	29	611	0	0.0223523	-0.0223523	0.185877	0	0.0376944	-0.0376944	0.185877
R	B:B6	CD86	4	4	29	611	0.0446228	0.0797588	-0.0351361	0.538472	0.0277778	0.0919962	-0.0642185	0.35617
R	B:B6	CREB1	4	4	29	611	0	0.100182	-0.100182	0.0689184	0	0.136358	-0.136358	0.0689184
R	B:B6	CTNNB1	4	4	29	611	0.298985	0.0728468	0.226138	1	0.28125	0.0765178	0.204732	1
R	B:B6	DNMT1	4	4	29	611	0.145455	0.0755843	0.0698704	0.88242	0.130208	0.0857692	0.044439	0.88242
R	B:B6	FOXP3	4	4	29	611	0	0	0	1	0	0	0	1
R	B:B6	GABPA	4	4	29	611	0.125175	0.0717226	0.0534519	0.88242	0.0746528	0.0923987	-0.0177459	0.88242
R	B:B6	HIF1A	4	4	29	611	0.258277	0.131483	0.126794	0.561363	0.157986	0.146113	0.0118732	0.883853
R	B:B6	HMOX1	4	4	29	611	0.0183205	0.0062858	0.0120347	0.868661	0.015625	0.00605672	0.00956828	0.868661
R	B:B6	ICAM1	4	4	29	611	0.0940872	0.103936	-0.00984855	0.538472	0.0833332	0.0993372	-0.016004	0.538472
R	B:B6	IFNG	4	4	29	611	0.0629433	0.017731	0.0452122	0.88242	0.0434028	0.0226491	0.0207536	0.88242
R	B:B6	IL15	4	4	29	611	0.129477	0.0654868	0.0639902	0.88242	0.114583	0.0839593	0.0306239	1
R	B:B6	IL1B	4	4	29	611	0	0.00413745	-0.00413745	0.453255	0	0.00049505	-0.00049505	0.453255
R	B:B6	IL7	4	4	29	611	0	0.000520942	-0.000520942	0.453255	0	0.00049505	-0.00049505	0.453255
R	B:B6	ITGAM	4	4	29	611	0	0	0	1	0	0	0	1
R	B:B6	ITGAX	4	4	29	611	0	0	0	1	0	0	0	1
R	B:B6	JAK1	4	4	29	611	0.409962	0.388883	0.021079	0.771503	0.256944	0.394409	-0.137465	0.38363
R	B:B6	LYZ	4	4	29	611	0	0.00971692	-0.00971692	0.453255	0	0.00049505	-0.00049505	0.453255
R	B:B6	MAFB	4	4	29	611	0	0	0	1	0	0	0	1
R	B:B6	MAP1LC3B	4	4	29	611	0.487965	0.478409	0.00955575	1	0.335069	0.446839	-0.11177	0.561363
R	B:B6	MAPK14	4	4	29	611	0.0513675	0.0493584	0.00200915	0.538472	0.046875	0.0648916	-0.0180166	0.538472
R	B:B6	NFKB1	4	4	29	611	0	0.155647	-0.155647	0.0689184	0	0.175051	-0.175051	0.0689184
R	B:B6	NLRP3	4	4	29	611	0	0	0	1	0	0	0	1
R	B:B6	OSM	4	4	29	611	0	0.00839004	-0.00839004	0.185877	0	0.00358147	-0.00358147	0.185877
R	B:B6	PARP1	4	4	29	611	0.639006	0.732887	-0.0938808	0.885714	0.394097	0.624625	-0.230527	0.685714
R	B:B6	PIAS1	4	4	29	611	0.238472	0.337798	-0.0993263	0.884549	0.194444	0.360821	-0.166377	0.467825
R	B:B6	PKM	4	4	29	611	0.28998	0.321192	-0.0312123	0.771503	0.217014	0.372796	-0.155782	0.306492
R	B:B6	PRKAA1	4	4	29	611	0.0446228	0.0679413	-0.0233186	0.538472	0.0277778	0.0793336	-0.0515558	0.278446
R	B:B6	PTGS2	4	4	29	611	0	0.00787233	-0.00787233	0.185877	0	0.00358147	-0.00358147	0.185877
R	B:B6	RELA	4	4	29	611	0.082474	0.114205	-0.0317315	0.538472	0.0555555	0.127889	-0.0723331	0.35617
R	B:B6	SH3KBP1	4	4	29	611	0.157031	0.243785	-0.086755	0.485714	0.126736	0.211622	-0.0848858	0.342857
R	B:B6	SMAD3	4	4	29	611	0	0.011497	-0.011497	0.0689184	0	0.0164763	-0.0164763	0.0689184
R	B:B6	SOD1	4	4	29	611	0.768123	0.764749	0.0033735	0.885714	0.625	0.656886	-0.0318865	0.771503
R	B:B6	STAT3	4	4	29	611	0.429576	0.257672	0.171904	0.245383	0.248264	0.285689	-0.0374252	0.771503
R	B:B6	STAT5A	4	4	29	611	0	0.132097	-0.132097	0.0210706	0	0.102878	-0.102878	0.0210706
R	B:B6	SYK	4	4	29	611	0.190078	0.194998	-0.0049205	0.771503	0.157986	0.216929	-0.0589435	0.661197
R	B:B6	TLR4	4	4	29	611	0	0	0	1	0	0	0	1
R	B:B6	TNF	4	4	29	611	0.130338	0.0406627	0.0896758	0.868661	0.03125	0.0376944	-0.00644445	0.619839
R	B:B7	ACTA2	6	4	75	181	0.0390173	0.074328	-0.0353107	0.511966	0.0151515	0.0434028	-0.0282512	0.358572
R	B:B7	AHR	6	4	75	181	0	0.27902	-0.27902	0.00574114	0	0.125252	-0.125252	0.00574114
R	B:B7	AKT1	6	4	75	181	0	0.074328	-0.074328	0.0942099	0	0.0434028	-0.0434028	0.0942099
R	B:B7	ARNTL	6	4	75	181	0	0.00471213	-0.00471213	0.307434	0	0.00171233	-0.00171233	0.307434
R	B:B7	BCL6	6	4	75	181	0	0	0	1	0	0	0	1
R	B:B7	BECN1	6	4	75	181	0.0784292	0.155366	-0.0769366	0.42603	0.0236928	0.0883038	-0.064611	0.210985
R	B:B7	BLNK	6	4	75	181	0.626529	0.308082	0.318447	0.171429	0.306855	0.198136	0.10872	0.352381
R	B:B7	BRD4	6	4	75	181	0.0863872	0.140147	-0.0537598	0.306103	0.0200535	0.0681887	-0.0481352	0.13933
R	B:B7	CAT	6	4	75	181	0.101385	0.0626238	0.0387616	0.718632	0.0326798	0.025899	0.00678083	0.718632
R	B:B7	CD4	6	4	75	181	0	0.00471213	-0.00471213	0.307434	0	0.00171233	-0.00171233	0.307434
R	B:B7	CD86	6	4	75	181	0.070611	0.06145	0.009161	0.511966	0.0151515	0.0363394	-0.0211879	0.358572
R	B:B7	CREB1	6	4	75	181	0.148843	0.111774	0.0370687	0.732995	0.0514706	0.0414764	0.00999421	0.732105
R	B:B7	CTNNB1	6	4	75	181	0.0692047	0.152888	-0.0836834	0.210985	0.0249554	0.0763175	-0.051362	0.306103
R	B:B7	DNMT1	6	4	75	181	0.271523	0.105588	0.165935	0.825894	0.118056	0.0553891	0.0626665	1
R	B:B7	FOXP3	6	4	75	181	0	0	0	1	0	0	0	1
R	B:B7	GABPA	6	4	75	181	0.0692307	0.0480674	0.0211634	0.904407	0.0257353	0.0312024	-0.0054671	0.904407
R	B:B7	HIF1A	6	4	75	181	0.176333	0.192475	-0.0161422	0.589485	0.0506907	0.104742	-0.0540514	0.331425
R	B:B7	HMOX1	6	4	75	181	0.0534545	0.013878	0.0395764	1	0.0208333	0.00513698	0.0156964	1
R	B:B7	ICAM1	6	4	75	181	0.134406	0.481041	-0.346635	0.235196	0.0457888	0.230808	-0.185019	0.160642
R	B:B7	IFNG	6	4	75	181	0.15081	0.157539	-0.00672838	0.718632	0.0486112	0.0767123	-0.0281012	0.718632
R	B:B7	IL15	6	4	75	181	0.0809776	0.0757778	0.00519977	0.904407	0.0257353	0.030137	-0.00440168	0.904407
R	B:B7	IL1B	6	4	75	181	0	0	0	1	0	0	0	1
R	B:B7	IL7	6	4	75	181	0	0	0	1	0	0	0	1
R	B:B7	ITGAM	6	4	75	181	0	0	0	1	0	0	0	1
R	B:B7	ITGAX	6	4	75	181	0	0	0	1	0	0	0	1
R	B:B7	JAK1	6	4	75	181	0.405796	0.562359	-0.156564	0.47619	0.167484	0.232392	-0.0649078	0.235196
R	B:B7	LYZ	6	4	75	181	0	0	0	1	0	0	0	1
R	B:B7	MAFB	6	4	75	181	0	0.0618998	-0.0618998	0.307434	0	0.025	-0.025	0.307434
R	B:B7	MAP1LC3B	6	4	75	181	0.948461	0.401865	0.546596	0.00952381	0.363748	0.196904	0.166844	0.042197
R	B:B7	MAPK14	6	4	75	181	0.132882	0.0434424	0.0894391	1	0.0568182	0.0294901	0.0273281	0.904407
R	B:B7	NFKB1	6	4	75	181	0.0652013	0.168673	-0.103471	0.149541	0.0208333	0.0831668	-0.0623335	0.149541
R	B:B7	NLRP3	6	4	75	181	0	0	0	1	0	0	0	1
R	B:B7	OSM	6	4	75	181	0.0809776	0	0.0809776	0.286869	0.0257353	0	0.0257353	0.286869
R	B:B7	PARP1	6	4	75	181	0.20635	0.592543	-0.386192	0.0234363	0.0858957	0.328872	-0.242976	0.0403242
R	B:B7	PIAS1	6	4	75	181	0.162304	0.282411	-0.120107	0.589485	0.0588978	0.138951	-0.0800529	0.331425
R	B:B7	PKM	6	4	75	181	0.248678	0.260503	-0.0118255	0.748381	0.0943999	0.132139	-0.0377396	0.454174
R	B:B7	PRKAA1	6	4	75	181	0	0.0802377	-0.0802377	0.0942099	0	0.0318493	-0.0318493	0.0942099
R	B:B7	PTGS2	6	4	75	181	0	0	0	1	0	0	0	1
R	B:B7	RELA	6	4	75	181	0	0.0657563	-0.0657563	0.0942099	0	0.0380517	-0.0380517	0.0942099
R	B:B7	SH3KBP1	6	4	75	181	0.0824683	0.25238	-0.169911	0.0989879	0.0298574	0.0943017	-0.0644443	0.0366428
R	B:B7	SMAD3	6	4	75	181	0	0	0	1	0	0	0	1
R	B:B7	SOD1	6	4	75	181	0.571237	0.552573	0.0186643	0.914286	0.219883	0.295096	-0.0752137	0.609524
R	B:B7	STAT3	6	4	75	181	0.254087	0.274541	-0.0204544	0.45	0.0882353	0.139203	-0.0509675	0.448587
R	B:B7	STAT5A	6	4	75	181	0	0.0093371	-0.0093371	0.307434	0	0.00342465	-0.00342465	0.307434
R	B:B7	SYK	6	4	75	181	0.359204	0.198997	0.160207	0.257143	0.154857	0.0923753	0.0624821	0.748381
R	B:B7	TLR4	6	4	75	181	0	0	0	1	0	0	0	1
R	B:B7	TNF	6	4	75	181	0.0482418	0.21936	-0.171118	0.760907	0.0138889	0.125	-0.111111	0.760907
R	B:B8	ACTA2	7	2	566	48	0.0172068	0	0.0172068	0.547615	0.0035034	0	0.0035034	0.547615
R	B:B8	AHR	7	2	566	48	0.170258	0.0558755	0.114383	0.456612	0.0423511	0.0217391	0.020612	0.655119
R	B:B8	AKT1	7	2	566	48	0.0573526	0.0287178	0.0286348	0.759766	0.0128446	0.0108696	0.00197504	1
R	B:B8	ARNTL	7	2	566	48	0.067219	0	0.067219	0.261651	0.0184311	0	0.0184311	0.261651
R	B:B8	BCL6	7	2	566	48	0.216831	0.193629	0.0232017	1	0.0565478	0.054348	0.00219976	1
R	B:B8	BECN1	7	2	566	48	0.32061	0.173148	0.147463	0.456612	0.0909265	0.054348	0.0365785	0.456612
R	B:B8	BLNK	7	2	566	48	0.795975	0.971671	-0.175696	0.888889	0.25231	0.423913	-0.171603	0.222222
R	B:B8	BRD4	7	2	566	48	0.423635	0.129481	0.294154	0.297313	0.113494	0.054348	0.059146	0.295222
R	B:B8	CAT	7	2	566	48	0.291675	0.624039	-0.332364	0.659216	0.0768091	0.282609	-0.2058	0.659216
R	B:B8	CD4	7	2	566	48	0.0101091	0	0.0101091	0.547615	0.00250169	0	0.00250169	0.547615
R	B:B8	CD86	7	2	566	48	0.136473	0.10613	0.0303434	1	0.0321054	0.0434783	-0.0113729	0.881642
R	B:B8	CREB1	7	2	566	48	0.444217	0.232235	0.211982	0.556536	0.105042	0.097826	0.00721569	1
R	B:B8	CTNNB1	7	2	566	48	0.194167	0.232235	-0.0380683	0.881642	0.048182	0.108696	-0.0605135	0.881642
R	B:B8	DNMT1	7	2	566	48	0.169298	0.10613	0.0631688	0.881642	0.0471238	0.0434783	0.00364554	1
R	B:B8	FOXP3	7	2	566	48	0	0	0	1	0	0	0	1
R	B:B8	GABPA	7	2	566	48	0.0903429	0.129481	-0.0391381	0.759766	0.0241024	0.054348	-0.0302456	0.759766
R	B:B8	HIF1A	7	2	566	48	1.15301	1.37602	-0.223009	0.333333	0.390712	0.75	-0.359288	0.141565
R	B:B8	HMOX1	7	2	566	48	0.0161955	0	0.0161955	0.547615	0.00418236	0	0.00418236	0.547615
R	B:B8	ICAM1	7	2	566	48	0.481402	0.232235	0.249167	0.239599	0.131381	0.097826	0.0335551	0.76876
R	B:B8	IFNG	7	2	566	48	0.047434	0	0.047434	0.261651	0.010015	0	0.010015	0.261651
R	B:B8	IL15	7	2	566	48	0.167881	0.10613	0.0617512	0.881642	0.0389006	0.0434783	-0.00457769	1
R	B:B8	IL1B	7	2	566	48	0	0.0287178	-0.0287178	0.108809	0	0.0108696	-0.0108696	0.108809
R	B:B8	IL7	7	2	566	48	0.408497	0.0558755	0.352622	0.141565	0.186859	0.0217391	0.165119	0.239599
R	B:B8	ITGAM	7	2	566	48	0.0429684	0	0.0429684	0.261651	0.0111012	0	0.0111012	0.261651
R	B:B8	ITGAX	7	2	566	48	0	0	0	1	0	0	0	1
R	B:B8	JAK1	7	2	566	48	1.05179	1.01942	0.0323642	0.222222	0.356804	0.423913	-0.0671094	0.76876
R	B:B8	LYZ	7	2	566	48	0.0101091	0	0.0101091	0.547615	0.00250169	0	0.00250169	0.547615
R	B:B8	MAFB	7	2	566	48	0.00375183	0	0.00375183	0.789268	0.000821019	0	0.000821019	0.789268
R	B:B8	MAP1LC3B	7	2	566	48	1.32527	0.702325	0.622942	0.888889	0.471178	0.304348	0.16683	0.888889
R	B:B8	MAPK14	7	2	566	48	0.0911637	0.10613	-0.0149658	1	0.0199204	0.0434783	-0.0235579	0.881642
R	B:B8	NFKB1	7	2	566	48	0.432262	0.301513	0.13075	0.76876	0.123561	0.119565	0.00399626	0.76876
R	B:B8	NLRP3	7	2	566	48	0.00375183	0	0.00375183	0.789268	0.000821019	0	0.000821019	0.789268
R	B:B8	OSM	7	2	566	48	0.00475137	0	0.00475137	0.789268	0.00127551	0	0.00127551	0.789268
R	B:B8	PARP1	7	2	566	48	0.780852	0.510055	0.270797	0.76876	0.232144	0.195652	0.0364924	1
R	B:B8	PIAS1	7	2	566	48	0.524059	0.332855	0.191204	0.76876	0.148432	0.152174	-0.00374229	1
R	B:B8	PKM	7	2	566	48	0.707025	1.23806	-0.531038	0.222222	0.194699	0.445652	-0.250953	0.0555556
R	B:B8	PRKAA1	7	2	566	48	0.145682	0.902555	-0.756873	0.297313	0.0381104	0.293478	-0.255368	0.101471
R	B:B8	PTGS2	7	2	566	48	0	0	0	1	0	0	0	1
R	B:B8	RELA	7	2	566	48	0.182375	0.129481	0.0528937	0.759766	0.0524735	0.054348	-0.00187447	0.759766
R	B:B8	SH3KBP1	7	2	566	48	0.765363	0.890224	-0.124862	0.333333	0.287639	0.402174	-0.114535	0.222222
R	B:B8	SMAD3	7	2	566	48	0.327683	0.301513	0.0261709	1	0.0926694	0.141304	-0.0486351	0.881642
R	B:B8	SOD1	7	2	566	48	0.897375	0.971671	-0.0742958	0.888889	0.27873	0.445652	-0.166922	0.111111
R	B:B8	STAT3	7	2	566	48	1.07719	1.32736	-0.250162	0.5	0.398332	0.760869	-0.362537	0.141565
R	B:B8	STAT5A	7	2	566	48	0.120603	0.10613	0.0144734	1	0.0298606	0.0434783	-0.0136177	0.759766
R	B:B8	SYK	7	2	566	48	0.49415	0.984043	-0.489892	0.105881	0.143782	0.423913	-0.280131	0.0560066
R	B:B8	TLR4	7	2	566	48	0	0	0	1	0	0	0	1
R	B:B8	TNF	7	2	566	48	0.729318	0.362349	0.36697	0.556536	0.244974	0.0326087	0.212365	0.141565
R	B:B9	ACTA2	3	3	14	11	0	0	0	1	0	0	0	1
R	B:B9	AHR	3	3	14	11	0.559013	0.223934	0.335079	1	0.333333	0.0833333	0.25	1
R	B:B9	AKT1	3	3	14	11	0	0	0	1	0	0	0	1
R	B:B9	ARNTL	3	3	14	11	0.0912237	0.148109	-0.0568853	1	0.0277778	0.0555557	-0.0277779	1
R	B:B9	BCL6	3	3	14	11	0.0912237	0.223934	-0.13271	1	0.0277778	0.0833333	-0.0555556	1
R	B:B9	BECN1	3	3	14	11	0.650237	0.316192	0.334045	0.642835	0.361111	0.333333	0.0277778	0.813664
R	B:B9	BLNK	3	3	14	11	0.912613	1.09596	-0.183342	1	0.444444	0.555556	-0.111111	0.824778
R	B:B9	BRD4	3	3	14	11	0.0912237	0.566488	-0.475264	0.353679	0.0277778	0.388889	-0.361111	0.353679
R	B:B9	CAT	3	3	14	11	0	0	0	1	0	0	0	1
R	B:B9	CD4	3	3	14	11	0	0	0	1	0	0	0	1
R	B:B9	CD86	3	3	14	11	0.0912237	0	0.0912237	0.504985	0.0277778	0	0.0277778	0.504985
R	B:B9	CREB1	3	3	14	11	0.0912237	0.250296	-0.159072	1	0.0277778	0.111111	-0.0833332	1
R	B:B9	CTNNB1	3	3	14	11	0	0.316192	-0.316192	0.504985	0	0.333333	-0.333333	0.504985
R	B:B9	DNMT1	3	3	14	11	0.162771	0.372043	-0.209272	0.642835	0.0555557	0.138889	-0.0833333	0.4795
R	B:B9	FOXP3	3	3	14	11	0	0	0	1	0	0	0	1
R	B:B9	GABPA	3	3	14	11	0.0912237	0.148109	-0.0568853	1	0.0277778	0.0555557	-0.0277779	1
R	B:B9	HIF1A	3	3	14	11	0.498577	1.33432	-0.835745	0.375825	0.138889	0.805556	-0.666667	0.0765225
R	B:B9	HMOX1	3	3	14	11	0	0.223934	-0.223934	0.504985	0	0.0833333	-0.0833333	0.504985
R	B:B9	ICAM1	3	3	14	11	0.0912237	0	0.0912237	0.504985	0.0277778	0	0.0277778	0.504985
R	B:B9	IFNG	3	3	14	11	0	0	0	1	0	0	0	1
R	B:B9	IL15	3	3	14	11	0.0912237	0	0.0912237	0.504985	0.0277778	0	0.0277778	0.504985
R	B:B9	IL1B	3	3	14	11	0	0	0	1	0	0	0	1
R	B:B9	IL7	3	3	14	11	0.559013	0	0.559013	0.504985	0.333333	0	0.333333	0.504985
R	B:B9	ITGAM	3	3	14	11	0	0	0	1	0	0	0	1
R	B:B9	ITGAX	3	3	14	11	0	0	0	1	0	0	0	1
R	B:B9	JAK1	3	3	14	11	0.38808	1.47036	-1.08228	0.184039	0.138889	0.777778	-0.638889	0.0765225
R	B:B9	LYZ	3	3	14	11	0	0	0	1	0	0	0	1
R	B:B9	MAFB	3	3	14	11	0	0	0	1	0	0	0	1
R	B:B9	MAP1LC3B	3	3	14	11	0.315142	1.25812	-0.942983	0.0765225	0.0833333	0.805556	-0.722222	0.0765225
R	B:B9	MAPK14	3	3	14	11	0.606167	0.615561	-0.009394	1	0.333333	0.305556	0.0277777	1
R	B:B9	NFKB1	3	3	14	11	0.221642	0.868522	-0.64688	0.0765225	0.0555557	0.527778	-0.472222	0.0765225
R	B:B9	NLRP3	3	3	14	11	0	0	0	1	0	0	0	1
R	B:B9	OSM	3	3	14	11	0.162771	0	0.162771	0.504985	0.0277778	0	0.0277778	0.504985
R	B:B9	PARP1	3	3	14	11	0.978337	0.969773	0.00856333	1	0.5	0.388889	0.111111	1
R	B:B9	PIAS1	3	3	14	11	1.58517	0.707818	0.877347	0.4	0.75	0.5	0.25	0.642835
R	B:B9	PKM	3	3	14	11	0.972077	0.148109	0.823968	0.642835	0.361111	0.0555557	0.305555	0.642835
R	B:B9	PRKAA1	3	3	14	11	0	0	0	1	0	0	0	1
R	B:B9	PTGS2	3	3	14	11	0	0	0	1	0	0	0	1
R	B:B9	RELA	3	3	14	11	0.162771	0.316192	-0.153421	1	0.0555557	0.333333	-0.277778	1
R	B:B9	SH3KBP1	3	3	14	11	0.162771	0.148109	0.014662	1	0.0555557	0.0555557	0	1
R	B:B9	SMAD3	3	3	14	11	0.877826	0.83218	0.0456463	1	0.444444	0.5	-0.0555557	1
R	B:B9	SOD1	3	3	14	11	1.51878	0.223934	1.29485	0.0765225	0.805556	0.0833333	0.722222	0.0721982
R	B:B9	STAT3	3	3	14	11	1.8751	0.328397	1.5467	0.0765225	0.861111	0.166667	0.694444	0.0721982
R	B:B9	STAT5A	3	3	14	11	0	0.223934	-0.223934	0.504985	0	0.0833333	-0.0833333	0.504985
R	B:B9	SYK	3	3	14	11	0.27166	0.372043	-0.100383	1	0.111111	0.138889	-0.027778	1
R	B:B9	TLR4	3	3	14	11	0	0.148109	-0.148109	0.504985	0	0.0555557	-0.0555557	0.504985
R	B:B9	TNF	3	3	14	11	0.971781	0.223934	0.747847	0.642835	0.388889	0.0833333	0.305556	0.642835
R	M/DC	ACTA2	7	3	201	54	0.0655057	0.0316286	0.0338771	0.62678	0.0284397	0.009009	0.0194307	0.465759
R	M/DC	AHR	7	3	201	54	1.2076	0.927677	0.27992	0.0666667	0.65081	0.553625	0.0971849	0.516667
R	M/DC	AKT1	7	3	201	54	0.146926	0.0948182	0.0521073	0.644461	0.0813206	0.056628	0.0246926	0.817521
R	M/DC	ARNTL	7	3	201	54	0.135422	0.0647186	0.0707032	0.208615	0.0804623	0.0328185	0.0476438	0.208615
R	M/DC	BCL6	7	3	201	54	0.17313	0.485256	-0.312126	0.109531	0.104949	0.188975	-0.0840258	0.359006
R	M/DC	BECN1	7	3	201	54	0.295477	0.249175	0.0463026	0.833333	0.151906	0.146075	0.00583154	0.647506
R	M/DC	BLNK	7	3	201	54	0.111237	0.0647186	0.0465185	0.731657	0.0549882	0.0328185	0.0221697	0.567635
R	M/DC	BRD4	7	3	201	54	0.570993	0.582801	-0.0118078	1	0.31769	0.299013	0.0186765	0.908994
R	M/DC	CAT	7	3	201	54	0.761683	0.931823	-0.17014	0.383333	0.419372	0.418704	0.000667881	0.908994
R	M/DC	CD4	7	3	201	54	0.737139	0.721756	0.015383	1	0.372013	0.400686	-0.028673	0.833333
R	M/DC	CD86	7	3	201	54	0.885985	0.856695	0.0292898	1	0.493539	0.463749	0.0297901	0.567635
R	M/DC	CREB1	7	3	201	54	0.262341	0.267506	-0.00516509	1	0.131851	0.167739	-0.0358878	1
R	M/DC	CTNNB1	7	3	201	54	0.509222	0.394257	0.114965	0.266667	0.268109	0.224367	0.0437422	0.908994
R	M/DC	DNMT1	7	3	201	54	0.415536	0.427215	-0.0116798	0.731657	0.232433	0.193694	0.0387393	0.6465
R	M/DC	FOXP3	7	3	201	54	0	0	0	1	0	0	0	1
R	M/DC	GABPA	7	3	201	54	0.0866054	0.239901	-0.153295	0.248633	0.0579266	0.167739	-0.109812	0.248633
R	M/DC	HIF1A	7	3	201	54	1.04208	0.639643	0.402435	0.383333	0.567013	0.310811	0.256202	0.0666667
R	M/DC	HMOX1	7	3	201	54	0.383604	0.86089	-0.477286	0.116667	0.158346	0.362505	-0.20416	0.183333
R	M/DC	ICAM1	7	3	201	54	1.09893	0.735885	0.363042	0.0333333	0.569696	0.335049	0.234647	0.0333333
R	M/DC	IFNG	7	3	201	54	0	0.0316286	-0.0316286	0.19043	0	0.009009	-0.009009	0.19043
R	M/DC	IL15	7	3	201	54	0.0649732	0.0316286	0.0333446	0.62678	0.0354668	0.009009	0.0264578	0.330787
R	M/DC	IL1B	7	3	201	54	2.78165	2.26513	0.516526	0.116667	0.849119	0.778636	0.0704834	0.516667
R	M/DC	IL7	7	3	201	54	0.0605322	0.0316286	0.0289036	0.62678	0.0268645	0.009009	0.0178555	0.330787
R	M/DC	ITGAM	7	3	201	54	0.205909	0.358296	-0.152387	0.423622	0.104867	0.183183	-0.0783162	0.423622
R	M/DC	ITGAX	7	3	201	54	0.755211	0.557357	0.197855	0.266667	0.448946	0.371514	0.0774315	0.666667
R	M/DC	JAK1	7	3	201	54	0.921707	0.850076	0.0716316	0.833333	0.482921	0.59009	-0.107169	0.666667
R	M/DC	LYZ	7	3	201	54	4.08547	4.51237	-0.4269	0.183333	0.968355	0.967181	0.00117338	0.807903
R	M/DC	MAFB	7	3	201	54	0.592821	1.26633	-0.673508	0.0166667	0.239098	0.604891	-0.365793	0.0666667
R	M/DC	MAP1LC3B	7	3	201	54	1.05382	0.626079	0.427744	0.0666667	0.563265	0.308022	0.255243	0.0666667
R	M/DC	MAPK14	7	3	201	54	0.188585	0.296392	-0.107807	0.183333	0.0854199	0.200558	-0.115138	0.266667
R	M/DC	NFKB1	7	3	201	54	0.671053	0.389483	0.28157	0.266667	0.402309	0.211712	0.190597	0.266667
R	M/DC	NLRP3	7	3	201	54	0.640063	0.517963	0.1221	1	0.303771	0.275204	0.028567	1
R	M/DC	OSM	7	3	201	54	0.401378	0.261969	0.139409	0.360475	0.158094	0.072072	0.0860217	0.17016
R	M/DC	PARP1	7	3	201	54	0.568849	0.695973	-0.127124	0.516667	0.30883	0.433934	-0.125104	0.666667
R	M/DC	PIAS1	7	3	201	54	0.352814	0.719119	-0.366305	0.0166667	0.207571	0.284213	-0.0766422	0.516667
R	M/DC	PKM	7	3	201	54	1.74545	1.93849	-0.193037	0.266667	0.780284	0.844273	-0.0639887	0.423622
R	M/DC	PRKAA1	7	3	201	54	0.12447	0.144803	-0.0203328	0.817521	0.0557341	0.0598455	-0.00411145	0.817521
R	M/DC	PTGS2	7	3	201	54	0.852985	0.889981	-0.0369968	0.666667	0.41997	0.376877	0.0430935	0.423622
R	M/DC	RELA	7	3	201	54	0.238727	0.134636	0.104091	0.492811	0.117839	0.036036	0.081803	0.17016
R	M/DC	SH3KBP1	7	3	201	54	0.600506	0.493247	0.107259	1	0.31168	0.250965	0.060715	1
R	M/DC	SMAD3	7	3	201	54	0.184787	0.306346	-0.121559	1	0.0967559	0.24024	-0.143484	0.908994
R	M/DC	SOD1	7	3	201	54	0.746197	0.988421	-0.242224	0.516667	0.431753	0.538181	-0.106428	0.516667
R	M/DC	STAT3	7	3	201	54	0.96338	0.98125	-0.0178703	1	0.490828	0.338267	0.152561	0.183333
R	M/DC	STAT5A	7	3	201	54	0.334545	0.321885	0.0126604	1	0.186044	0.224367	-0.0383233	0.833333
R	M/DC	SYK	7	3	201	54	0.692493	0.849474	-0.156981	0.666667	0.371641	0.490133	-0.118492	1
R	M/DC	TLR4	7	3	201	54	0.174511	0.0870953	0.0874159	0.356038	0.084288	0.018018	0.06627	0.166233
R	M/DC	TNF	7	3	201	54	0.669122	0.584729	0.0843929	0.666667	0.191506	0.260403	-0.0688966	0.516667
R	NK	ACTA2	7	4	261	52	0.094838	0	0.094838	0.10067	0.0264356	0	0.0264356	0.10067
R	NK	AHR	7	4	261	52	0.636262	0.531021	0.105241	0.774812	0.153409	0.241071	-0.0876624	0.774812
R	NK	AKT1	7	4	261	52	0.212549	0.0469815	0.165568	0.137135	0.0556204	0.00892857	0.0466918	0.137135
R	NK	ARNTL	7	4	261	52	0.162207	0.183903	-0.0216956	0.680215	0.0471721	0.0892857	-0.0421136	0.680215
R	NK	BCL6	7	4	261	52	0.20049	0.275569	-0.075079	0.633497	0.0516438	0.110119	-0.0584752	0.848395
R	NK	BECN1	7	4	261	52	0.436042	0.375733	0.0603085	0.77582	0.130151	0.1875	-0.0573494	1
R	NK	BLNK	7	4	261	52	0.0485631	0.104388	-0.0558251	1	0.0126601	0.0625	-0.0498399	1
R	NK	BRD4	7	4	261	52	0.457508	0.491364	-0.0338559	0.849769	0.134104	0.205357	-0.0712529	0.704172
R	NK	CAT	7	4	261	52	0.478164	0.624705	-0.146542	0.704172	0.126822	0.300595	-0.173773	0.0462182
R	NK	CD4	7	4	261	52	0.00545014	0	0.00545014	0.57075	0.00123153	0	0.00123153	0.57075
R	NK	CD86	7	4	261	52	0.0201823	0	0.0201823	0.57075	0.00571429	0	0.00571429	0.57075
R	NK	CREB1	7	4	261	52	0.459044	0.306777	0.152267	0.448659	0.117591	0.104167	0.0134246	0.924376
R	NK	CTNNB1	7	4	261	52	0.511877	0.580076	-0.0681994	0.77582	0.149282	0.25	-0.100718	0.704817
R	NK	DNMT1	7	4	261	52	0.633388	0.281846	0.351542	0.107395	0.176465	0.0982143	0.0782512	0.253577
R	NK	FOXP3	7	4	261	52	0.0167921	0	0.0167921	0.57075	0.00357143	0	0.00357143	0.57075
R	NK	GABPA	7	4	261	52	0.123269	0.0416173	0.0816522	0.409746	0.0294939	0.0178571	0.0116367	0.536407
R	NK	HIF1A	7	4	261	52	0.461133	0.667013	-0.205879	0.39075	0.129816	0.339286	-0.209469	0.151643
R	NK	HMOX1	7	4	261	52	0.00545014	0	0.00545014	0.57075	0.00123153	0	0.00123153	0.57075
R	NK	ICAM1	7	4	261	52	1.09649	1.0737	0.0227914	0.315152	0.316116	0.348214	-0.0320981	0.927273
R	NK	IFNG	7	4	261	52	2.29775	1.22373	1.07402	0.230303	0.424177	0.306548	0.117629	0.254669
R	NK	IL15	7	4	261	52	0.0531154	0	0.0531154	0.186174	0.0125302	0	0.0125302	0.186174
R	NK	IL1B	7	4	261	52	0.0167921	0	0.0167921	0.57075	0.00357143	0	0.00357143	0.57075
R	NK	IL7	7	4	261	52	0.0167921	0	0.0167921	0.57075	0.00357143	0	0.00357143	0.57075
R	NK	ITGAM	7	4	261	52	0.367939	0.24813	0.119808	0.39075	0.101884	0.0952382	0.00664584	0.924027
R	NK	ITGAX	7	4	261	52	0.484862	0.128132	0.35673	0.152594	0.104181	0.0357143	0.0684667	0.212953
R	NK	JAK1	7	4	261	52	1.72246	1.19358	0.528884	0.0242424	0.565642	0.58631	-0.0206679	0.927273
R	NK	LYZ	7	4	261	52	0	0	0	1	0	0	0	1
R	NK	MAFB	7	4	261	52	0.0473819	0	0.0473819	0.326558	0.00917367	0	0.00917367	0.326558
R	NK	MAP1LC3B	7	4	261	52	1.26668	1.01046	0.256215	0.527273	0.385244	0.431547	-0.0463038	0.774812
R	NK	MAPK14	7	4	261	52	0.326423	0.41949	-0.0930679	0.230303	0.0776292	0.199405	-0.121775	0.0582075
R	NK	NFKB1	7	4	261	52	1.14341	1.28403	-0.140624	0.412121	0.367112	0.505953	-0.138841	0.315152
R	NK	NLRP3	7	4	261	52	0.0536269	0.124267	-0.0706396	0.443624	0.0151232	0.0267857	-0.0116626	0.584238
R	NK	OSM	7	4	261	52	0.197827	0.077285	0.120542	0.536407	0.0656935	0.0178571	0.0478363	0.536407
R	NK	PARP1	7	4	261	52	0.602466	0.716714	-0.114248	0.787879	0.184492	0.255953	-0.0714601	0.787879
R	NK	PIAS1	7	4	261	52	0.568267	0.363548	0.20472	0.154489	0.172417	0.142857	0.0295595	0.704817
R	NK	PKM	7	4	261	52	1.08368	0.999591	0.0840929	0.527273	0.314916	0.294643	0.0202734	0.569872
R	NK	PRKAA1	7	4	261	52	0.504884	0.173442	0.331442	0.0105555	0.131881	0.0595239	0.0723572	0.154489
R	NK	PTGS2	7	4	261	52	0.0107	0.120642	-0.109942	0.67415	0.00246306	0.0178571	-0.0153941	0.67415
R	NK	RELA	7	4	261	52	0.396592	0.356082	0.0405104	0.924376	0.112744	0.178571	-0.0658278	0.849769
R	NK	SH3KBP1	7	4	261	52	0.98787	0.864544	0.123326	0.527273	0.284435	0.315476	-0.0310414	0.849769
R	NK	SMAD3	7	4	261	52	0.24906	0.281936	-0.0328751	0.633497	0.0658886	0.113095	-0.0472068	0.504431
R	NK	SOD1	7	4	261	52	1.15296	0.816903	0.336057	0.0424242	0.381437	0.369047	0.0123896	0.394015
R	NK	STAT3	7	4	261	52	0.893044	0.884514	0.00853043	0.648485	0.301121	0.428571	-0.127451	0.175734
R	NK	STAT5A	7	4	261	52	0.257933	0.192919	0.0650134	0.628688	0.0748812	0.10119	-0.0263092	1
R	NK	SYK	7	4	261	52	0.242084	0.316063	-0.0739786	0.504431	0.0640751	0.104167	-0.0400917	0.21402
R	NK	TLR4	7	4	261	52	0.0109407	0	0.0109407	0.57075	0.00280111	0	0.00280111	0.57075
R	NK	TNF	7	4	261	52	1.11223	1.23571	-0.123479	1	0.184005	0.345238	-0.161233	0.294186
R	T	ACTA2	7	4	4237	1853	0.170301	0.128614	0.0416871	0.0727273	0.0349571	0.0371406	-0.00218348	0.927273
R	T	AHR	7	4	4237	1853	0.73166	0.635989	0.0956703	0.315152	0.164988	0.200502	-0.0355136	0.787879
R	T	AKT1	7	4	4237	1853	0.127115	0.156154	-0.0290392	0.163636	0.025871	0.048976	-0.023105	0.230303
R	T	ARNTL	7	4	4237	1853	0.310141	0.341011	-0.0308704	0.927273	0.0668844	0.107277	-0.0403928	0.230303
R	T	BCL6	7	4	4237	1853	0.160607	0.110602	0.0500051	0.0727273	0.0319164	0.0299851	0.00193131	1
R	T	BECN1	7	4	4237	1853	0.410824	0.383759	0.0270643	0.927273	0.0898181	0.119869	-0.0300513	0.527273
R	T	BLNK	7	4	4237	1853	0.0561479	0.0407967	0.0153513	0.315152	0.0100611	0.00832916	0.00173199	0.927273
R	T	BRD4	7	4	4237	1853	0.503878	0.504666	-0.000788107	1	0.113441	0.159118	-0.0456771	0.412121
R	T	CAT	7	4	4237	1853	0.274402	0.275618	-0.00121546	1	0.0570506	0.0816245	-0.0245739	0.315152
R	T	CD4	7	4	4237	1853	0.518393	0.52325	-0.00485675	0.927273	0.112946	0.167978	-0.0550316	0.412121
R	T	CD86	7	4	4237	1853	0.00895994	0.00807258	0.000887366	0.680215	0.00125006	0.00119808	5.19732e-05	0.680215
R	T	CREB1	7	4	4237	1853	0.40526	0.371732	0.0335284	0.787879	0.0866708	0.115549	-0.0288781	0.163636
R	T	CTNNB1	7	4	4237	1853	0.293446	0.296361	-0.00291493	0.787879	0.0607051	0.0912469	-0.0305418	0.315152
R	T	DNMT1	7	4	4237	1853	0.483455	0.532002	-0.0485475	0.927273	0.10938	0.177707	-0.0683266	0.163636
R	T	FOXP3	7	4	4237	1853	0.464321	0.156279	0.308042	0.00606061	0.0742455	0.0308648	0.0433808	0.00606061
R	T	GABPA	7	4	4237	1853	0.139165	0.12586	0.0133042	0.412121	0.0272646	0.0373661	-0.0101015	0.527273
R	T	HIF1A	7	4	4237	1853	0.68135	0.619247	0.0621034	0.648485	0.16237	0.195451	-0.0330812	0.527273
R	T	HMOX1	7	4	4237	1853	0.0231783	0.0192565	0.00392177	0.507365	0.00343396	0.00393938	-0.000505418	1
R	T	ICAM1	7	4	4237	1853	0.370677	0.438883	-0.068206	0.787879	0.070493	0.124596	-0.0541029	0.315152
R	T	IFNG	7	4	4237	1853	1.06292	1.02246	0.0404576	0.648485	0.136977	0.147974	-0.0109971	0.787879
R	T	IL15	7	4	4237	1853	0.0656915	0.0743542	-0.00866274	0.787879	0.0124471	0.0177055	-0.00525841	0.412121
R	T	IL1B	7	4	4237	1853	0.0244818	0	0.0244818	0.022645	0.00200649	0	0.00200649	0.022645
R	T	IL7	7	4	4237	1853	0.0435052	0.00690381	0.0366014	0.0179007	0.00844819	0.00201959	0.0064286	0.046719
R	T	ITGAM	7	4	4237	1853	0.0192777	0.00608383	0.0131938	0.104985	0.00344961	0.00194257	0.00150704	0.293066
R	T	ITGAX	7	4	4237	1853	0.025309	0.00541057	0.0198984	0.070005	0.00449644	0.000798723	0.00369771	0.0282839
R	T	JAK1	7	4	4237	1853	1.362	1.27319	0.0888046	0.412121	0.391269	0.464195	-0.0729251	0.315152
R	T	LYZ	7	4	4237	1853	0.0942681	0.0370614	0.0572067	0.155433	0.00335994	0.00192212	0.00143782	0.297517
R	T	MAFB	7	4	4237	1853	0.0148579	0.0159387	-0.00108079	0.774812	0.00242094	0.00408873	-0.00166779	0.39075
R	T	MAP1LC3B	7	4	4237	1853	1.02698	0.962381	0.0646005	0.787879	0.270882	0.349468	-0.0785864	0.787879
R	T	MAPK14	7	4	4237	1853	0.151304	0.160461	-0.00915685	0.787879	0.0315469	0.0437331	-0.0121862	0.218253
R	T	NFKB1	7	4	4237	1853	0.543439	0.760617	-0.217178	0.163636	0.124068	0.231897	-0.10783	0.0727273
R	T	NLRP3	7	4	4237	1853	0.0359446	0.0755855	-0.0396409	0.0424242	0.00638961	0.0224271	-0.0160375	0.00606061
R	T	OSM	7	4	4237	1853	0.11552	0.143288	-0.027769	0.412121	0.0198182	0.0369621	-0.017144	0.109091
R	T	PARP1	7	4	4237	1853	0.591803	0.557012	0.034791	0.927273	0.137119	0.179273	-0.042154	0.230303
R	T	PIAS1	7	4	4237	1853	0.668299	0.549485	0.118815	0.109091	0.16392	0.18384	-0.0199202	0.787879
R	T	PKM	7	4	4237	1853	1.21308	1.02572	0.187355	0.163636	0.299902	0.348852	-0.0489497	0.927273
R	T	PRKAA1	7	4	4237	1853	0.303772	0.316628	-0.0128561	0.787879	0.0642613	0.102981	-0.0387196	0.155433
R	T	PTGS2	7	4	4237	1853	0.0119756	0.0107065	0.0012691	1	0.000748421	0.00119808	-0.000449661	1
R	T	RELA	7	4	4237	1853	0.393906	0.367287	0.0266181	0.527273	0.0860104	0.118679	-0.0326682	0.412121
R	T	SH3KBP1	7	4	4237	1853	0.800034	0.789899	0.0101354	1	0.199114	0.267232	-0.0681185	0.163636
R	T	SMAD3	7	4	4237	1853	0.225997	0.255399	-0.0294019	0.787879	0.0470787	0.0794163	-0.0323375	0.163636
R	T	SOD1	7	4	4237	1853	1.45397	1.2546	0.199372	0.0121212	0.427652	0.476505	-0.0488538	1
R	T	STAT3	7	4	4237	1853	1.3112	1.2161	0.0950996	0.315152	0.366044	0.421985	-0.0559409	0.527273
R	T	STAT5A	7	4	4237	1853	0.312451	0.237986	0.074465	0.163636	0.0661397	0.0762859	-0.0101462	0.927273
R	T	SYK	7	4	4237	1853	0.0268032	0.0326327	-0.00582957	0.648485	0.00418162	0.00733468	-0.00315306	0.230303
R	T	TLR4	7	4	4237	1853	0	0	0	1	0	0	0	1
R	T	TNF	7	4	4237	1853	1.13948	1.43186	-0.292372	0.412121	0.206402	0.323832	-0.11743	0.109091
R	T:T1	ACTA2	7	4	520	520	0.0962651	0.0167195	0.0795456	0.372431	0.0156795	0.00272697	0.0129525	0.372431
R	T:T1	AHR	7	4	520	520	0.568425	0.468286	0.100138	0.787879	0.103692	0.0913442	0.0123476	0.927273
R	T:T1	AKT1	7	4	520	520	0.0839392	0.081587	0.0023522	0.921056	0.0153852	0.0136856	0.00169953	0.921056
R	T:T1	ARNTL	7	4	520	520	0.198722	0.143836	0.0548863	0.507365	0.0315768	0.0259824	0.00559438	0.635833
R	T:T1	BCL6	7	4	520	520	0.143252	0.0495698	0.093682	0.104985	0.0220214	0.00758807	0.0144333	0.104985
R	T:T1	BECN1	7	4	520	520	0.349777	0.184158	0.16562	0.297517	0.0615131	0.0308943	0.0306188	0.297517
R	T:T1	BLNK	7	4	520	520	0.157752	0.112057	0.0456946	0.924027	0.0302806	0.0220009	0.00827971	0.924027
R	T:T1	BRD4	7	4	520	520	0.443963	0.522657	-0.0786941	0.648485	0.0825828	0.106298	-0.0237157	0.648485
R	T:T1	CAT	7	4	520	520	0.355005	0.350998	0.00400768	1	0.0554453	0.0693253	-0.0138801	0.343605
R	T:T1	CD4	7	4	520	520	0.421382	0.371273	0.0501091	0.927273	0.0788327	0.0760489	0.00278381	1
R	T:T1	CD86	7	4	520	520	0.0088139	0.0100317	-0.00121783	0.888539	0.00120048	0.00138889	-0.00018841	0.888539
R	T:T1	CREB1	7	4	520	520	0.404604	0.364312	0.0402916	1	0.0686132	0.0749469	-0.00633366	0.648485
R	T:T1	CTNNB1	7	4	520	520	0.153311	0.17552	-0.0222092	0.39075	0.022375	0.0312325	-0.00885747	0.39075
R	T:T1	DNMT1	7	4	520	520	0.425666	0.561899	-0.136233	0.787879	0.0766448	0.129623	-0.0529779	0.315152
R	T:T1	FOXP3	7	4	520	520	0.0845642	0.0289627	0.0556015	0.275654	0.0124742	0.00416667	0.00830748	0.197627
R	T:T1	GABPA	7	4	520	520	0.103674	0.118799	-0.0151255	0.633497	0.017993	0.0215611	-0.00356805	0.566305
R	T:T1	HIF1A	7	4	520	520	0.551995	0.828139	-0.276143	0.0242424	0.103616	0.185855	-0.0822386	0.0727273
R	T:T1	HMOX1	7	4	520	520	0	0	0	1	0	0	0	1
R	T:T1	ICAM1	7	4	520	520	0.262732	0.311726	-0.0489941	0.569872	0.0417698	0.0574	-0.0156302	0.343605
R	T:T1	IFNG	7	4	520	520	0.568303	0.335464	0.232839	0.504431	0.0740988	0.0468157	0.0272831	0.504431
R	T:T1	IL15	7	4	520	520	0.0786343	0.0471502	0.0314841	0.912853	0.0108247	0.00550475	0.00531993	0.912853
R	T:T1	IL1B	7	4	520	520	0.079172	0	0.079172	0.326558	0.00268858	0	0.00268858	0.326558
R	T:T1	IL7	7	4	520	520	0.0246469	0.0456305	-0.0209836	1	0.00466086	0.0086207	-0.00395984	1
R	T:T1	ITGAM	7	4	520	520	0.0088139	0.00506618	0.00374772	0.888539	0.00120048	0.000694445	0.000506035	0.888539
R	T:T1	ITGAX	7	4	520	520	0	0.00506618	-0.00506618	0.256839	0	0.000694445	-0.000694445	0.256839
R	T:T1	JAK1	7	4	520	520	1.22816	1.10451	0.123646	0.412121	0.300492	0.266053	0.034439	0.927273
R	T:T1	LYZ	7	4	520	520	0.21316	0.0495698	0.16359	0.917929	0.00389923	0.00411585	-0.000216618	0.757224
R	T:T1	MAFB	7	4	520	520	0.00922264	0.033447	-0.0242244	0.67415	0.00121065	0.00406505	-0.0028544	0.67415
R	T:T1	MAP1LC3B	7	4	520	520	0.820176	0.976496	-0.156321	0.412121	0.174119	0.262106	-0.0879874	0.527273
R	T:T1	MAPK14	7	4	520	520	0.126766	0.274997	-0.14823	0.297517	0.01911	0.0528619	-0.0337519	0.155433
R	T:T1	NFKB1	7	4	520	520	0.522957	0.897716	-0.374759	0.109091	0.0951422	0.186329	-0.0911863	0.0727273
R	T:T1	NLRP3	7	4	520	520	0.0445727	0.194145	-0.149572	0.30281	0.00716286	0.0387873	-0.0316244	0.30281
R	T:T1	OSM	7	4	520	520	0.208231	0.234299	-0.0260681	0.704817	0.031166	0.0415142	-0.0103482	1
R	T:T1	PARP1	7	4	520	520	0.497238	0.548696	-0.0514575	0.787879	0.0928497	0.111447	-0.0185973	0.787879
R	T:T1	PIAS1	7	4	520	520	0.654115	0.567289	0.0868258	0.230303	0.12312	0.120763	0.00235695	0.927273
R	T:T1	PKM	7	4	520	520	0.983705	0.670782	0.312923	0.163636	0.205645	0.142716	0.0629289	0.315152
R	T:T1	PRKAA1	7	4	520	520	0.280137	0.363143	-0.0830061	0.412121	0.0484707	0.0713578	-0.0228872	0.163636
R	T:T1	PTGS2	7	4	520	520	0.0171154	0.0196764	-0.00256095	0.888539	0.00120048	0.00208333	-0.000882852	0.888539
R	T:T1	RELA	7	4	520	520	0.278406	0.368774	-0.090368	0.787879	0.0438904	0.0700706	-0.0261802	0.787879
R	T:T1	SH3KBP1	7	4	520	520	0.676792	0.408915	0.267877	0.163636	0.128863	0.0783356	0.0505274	0.230303
R	T:T1	SMAD3	7	4	520	520	0.135678	0.323908	-0.188229	0.294186	0.0219129	0.0651078	-0.043195	0.152594
R	T:T1	SOD1	7	4	520	520	1.16319	1.13308	0.0301081	0.927273	0.278158	0.294001	-0.0158431	0.412121
R	T:T1	STAT3	7	4	520	520	1.11396	0.971456	0.142505	0.648485	0.24328	0.235479	0.00780121	0.927273
R	T:T1	STAT5A	7	4	520	520	0.283356	0.282468	0.000887407	0.787879	0.0417681	0.0556397	-0.0138716	0.927273
R	T:T1	SYK	7	4	520	520	0.0388009	0.117023	-0.0782222	0.30281	0.00559608	0.0226953	-0.0170992	0.216269
R	T:T1	TLR4	7	4	520	520	0	0	0	1	0	0	0	1
R	T:T1	TNF	7	4	520	520	1.10589	1.13982	-0.0339341	0.787879	0.212702	0.237546	-0.0248444	0.927273
R	T:T10	ACTA2	7	4	590	177	0.164502	0.378344	-0.213842	0.109091	0.0324514	0.156357	-0.123906	0.230303
R	T:T10	AHR	7	4	590	177	0.398514	0.210146	0.188368	0.297517	0.0784594	0.0636413	0.0148181	0.776319
R	T:T10	AKT1	7	4	590	177	0.130015	0.150746	-0.0207305	0.922953	0.025296	0.0492529	-0.0239569	0.922953
R	T:T10	ARNTL	7	4	590	177	0.151228	0.23673	-0.0855016	0.215084	0.0284221	0.0750899	-0.0466678	0.294186
R	T:T10	BCL6	7	4	590	177	0.213721	0.162558	0.0511623	0.527273	0.0388904	0.0371264	0.00176395	0.927273
R	T:T10	BECN1	7	4	590	177	0.386682	0.296768	0.0899143	0.787879	0.0821522	0.103404	-0.0212514	0.787879
R	T:T10	BLNK	7	4	590	177	0.00854229	0.234219	-0.225677	0.279421	0.00102775	0.0517986	-0.0507708	0.227723
R	T:T10	BRD4	7	4	590	177	0.568874	0.414387	0.154487	0.527273	0.122484	0.141865	-0.0193808	0.412121
R	T:T10	CAT	7	4	590	177	0.245472	0.178899	0.0665732	0.924548	0.0455181	0.0546486	-0.00913045	0.924548
R	T:T10	CD4	7	4	590	177	0.076429	0.073381	0.00304806	0.922953	0.0135231	0.0228279	-0.00930479	0.922953
R	T:T10	CD86	7	4	590	177	0.00854229	0	0.00854229	0.57075	0.00102775	0	0.00102775	0.57075
R	T:T10	CREB1	7	4	590	177	0.392883	0.393619	-0.000736036	0.648485	0.0769215	0.117612	-0.0406906	0.527273
R	T:T10	CTNNB1	7	4	590	177	0.267824	0.292594	-0.0247708	0.648485	0.0519673	0.0943207	-0.0423534	0.343605
R	T:T10	DNMT1	7	4	590	177	0.494002	0.554553	-0.0605509	0.927273	0.107787	0.189783	-0.0819957	0.163636
R	T:T10	FOXP3	7	4	590	177	0	0	0	1	0	0	0	1
R	T:T10	GABPA	7	4	590	177	0.157112	0.0258345	0.131278	0.0171232	0.0309183	0.00539567	0.0255226	0.0171232
R	T:T10	HIF1A	7	4	590	177	0.660641	0.554137	0.106504	0.648485	0.149224	0.176605	-0.0273812	0.787879
R	T:T10	HMOX1	7	4	590	177	0.0111011	0	0.0111011	0.57075	0.00223214	0	0.00223214	0.57075
R	T:T10	ICAM1	7	4	590	177	0.52389	0.288789	0.235101	0.230303	0.101561	0.0822842	0.0192767	0.412121
R	T:T10	IFNG	7	4	590	177	2.23141	1.90073	0.330676	0.648485	0.463955	0.350346	0.113609	0.412121
R	T:T10	IL15	7	4	590	177	0.0775959	0.170609	-0.0930131	0.215084	0.0131912	0.038925	-0.0257339	0.180841
R	T:T10	IL1B	7	4	590	177	0.0170492	0	0.0170492	0.326558	0.00301188	0	0.00301188	0.326558
R	T:T10	IL7	7	4	590	177	0	0	0	1	0	0	0	1
R	T:T10	ITGAM	7	4	590	177	0.0168145	0	0.0168145	0.326558	0.00296039	0	0.00296039	0.326558
R	T:T10	ITGAX	7	4	590	177	0.0385089	0	0.0385089	0.326558	0.00567214	0	0.00567214	0.326558
R	T:T10	JAK1	7	4	590	177	1.35583	1.10998	0.245846	0.648485	0.366533	0.390322	-0.023789	0.527273
R	T:T10	LYZ	7	4	590	177	0.105441	0	0.105441	0.326558	0.00296039	0	0.00296039	0.326558
R	T:T10	MAFB	7	4	590	177	0	0.0558647	-0.0558647	0.256839	0	0.0192308	-0.0192308	0.256839
R	T:T10	MAP1LC3B	7	4	590	177	1.20649	1.14497	0.0615122	0.787879	0.32796	0.445767	-0.117806	1
R	T:T10	MAPK14	7	4	590	177	0.122966	0.178408	-0.0554419	0.504431	0.0238345	0.038925	-0.0150905	0.633497
R	T:T10	NFKB1	7	4	590	177	0.490261	0.582479	-0.0922179	0.787879	0.0989592	0.226695	-0.127736	0.648485
R	T:T10	NLRP3	7	4	590	177	0.0165429	0.056589	-0.0400461	1	0.00338422	0.0107914	-0.00740716	1
R	T:T10	OSM	7	4	590	177	0.155952	0.0983754	0.0575765	0.39075	0.0241775	0.0160971	0.00808038	0.504431
R	T:T10	PARP1	7	4	590	177	0.668505	0.667205	0.00130018	1	0.150364	0.190156	-0.0397922	0.109091
R	T:T10	PIAS1	7	4	590	177	0.6819	0.587414	0.0944857	0.527273	0.163784	0.251321	-0.0875368	0.927273
R	T:T10	PKM	7	4	590	177	1.08656	1.05879	0.0277726	1	0.272266	0.405991	-0.133725	0.230303
R	T:T10	PRKAA1	7	4	590	177	0.337177	0.298334	0.0388432	0.787879	0.0701285	0.0863793	-0.0162508	0.787879
R	T:T10	PTGS2	7	4	590	177	0	0	0	1	0	0	0	1
R	T:T10	RELA	7	4	590	177	0.368197	0.239427	0.12877	0.648485	0.074452	0.0551121	0.0193399	0.527273
R	T:T10	SH3KBP1	7	4	590	177	0.861839	0.830558	0.0312813	1	0.21616	0.288752	-0.0725924	0.648485
R	T:T10	SMAD3	7	4	590	177	0.141597	0.21524	-0.0736425	0.774812	0.0288363	0.0478279	-0.0189916	0.633497
R	T:T10	SOD1	7	4	590	177	1.37785	1.13735	0.240493	0.412121	0.395435	0.413558	-0.0181239	0.787879
R	T:T10	STAT3	7	4	590	177	1.33214	1.00989	0.322243	0.0727273	0.353096	0.344431	0.00866489	0.787879
R	T:T10	STAT5A	7	4	590	177	0.320018	0.204394	0.115624	0.343605	0.0691293	0.0800222	-0.0108929	1
R	T:T10	SYK	7	4	590	177	0.0372616	0.108193	-0.0709314	0.584238	0.00601	0.0517986	-0.0457886	0.584238
R	T:T10	TLR4	7	4	590	177	0	0	0	1	0	0	0	1
R	T:T10	TNF	7	4	590	177	1.67224	1.59357	0.0786684	0.648485	0.328573	0.336559	-0.00798639	0.787879
R	T:T12	ACTA2	3	1	14	1	0	0	0		0	0	0	
R	T:T12	AHR	3	1	14	1	0.153198	0	0.153198		0.0416667	0	0.0416667	
R	T:T12	AKT1	3	1	14	1	0	0	0		0	0	0	
R	T:T12	ARNTL	3	1	14	1	0.25776	0	0.25776		0.0833333	0	0.0833333	
R	T:T12	BCL6	3	1	14	1	0.153198	0	0.153198		0.0416667	0	0.0416667	
R	T:T12	BECN1	3	1	14	1	0.373657	0	0.373657		0.111111	0	0.111111	
R	T:T12	BLNK	3	1	14	1	0	0	0		0	0	0	
R	T:T12	BRD4	3	1	14	1	0.722855	0	0.722855		0.263889	0	0.263889	
R	T:T12	CAT	3	1	14	1	0	0	0		0	0	0	
R	T:T12	CD4	3	1	14	1	0	0	0		0	0	0	
R	T:T12	CD86	3	1	14	1	0	0	0		0	0	0	
R	T:T12	CREB1	3	1	14	1	0.631417	0	0.631417		0.194444	0	0.194444	
R	T:T12	CTNNB1	3	1	14	1	0.196	0	0.196		0.111111	0	0.111111	
R	T:T12	DNMT1	3	1	14	1	0.337237	0	0.337237		0.125	0	0.125	
R	T:T12	FOXP3	3	1	14	1	0	0	0		0	0	0	
R	T:T12	GABPA	3	1	14	1	0.373657	0	0.373657		0.111111	0	0.111111	
R	T:T12	HIF1A	3	1	14	1	0.950019	0	0.950019		0.375	0	0.375	
R	T:T12	HMOX1	3	1	14	1	0	0	0		0	0	0	
R	T:T12	ICAM1	3	1	14	1	0	0	0		0	0	0	
R	T:T12	IFNG	3	1	14	1	0	0	0		0	0	0	
R	T:T12	IL15	3	1	14	1	0	0	0		0	0	0	
R	T:T12	IL1B	3	1	14	1	0	0	0		0	0	0	
R	T:T12	IL7	3	1	14	1	0	0	0		0	0	0	
R	T:T12	ITGAM	3	1	14	1	0	0	0		0	0	0	
R	T:T12	ITGAX	3	1	14	1	0	0	0		0	0	0	
R	T:T12	JAK1	3	1	14	1	1.3548	0	1.3548		0.458333	0	0.458333	
R	T:T12	LYZ	3	1	14	1	0	0	0		0	0	0	
R	T:T12	MAFB	3	1	14	1	0	0	0		0	0	0	
R	T:T12	MAP1LC3B	3	1	14	1	0.45376	0	0.45376		0.194444	0	0.194444	
R	T:T12	MAPK14	3	1	14	1	0	0	0		0	0	0	
R	T:T12	NFKB1	3	1	14	1	0.45376	0	0.45376		0.194444	0	0.194444	
R	T:T12	NLRP3	3	1	14	1	0	0	0		0	0	0	
R	T:T12	OSM	3	1	14	1	0	0	0		0	0	0	
R	T:T12	PARP1	3	1	14	1	0.692259	0	0.692259		0.222222	0	0.222222	
R	T:T12	PIAS1	3	1	14	1	0.153198	0	0.153198		0.0416667	0	0.0416667	
R	T:T12	PKM	3	1	14	1	0.745273	2.1181	-1.37283		0.416667	1	-0.583333	
R	T:T12	PRKAA1	3	1	14	1	0.349198	0	0.349198		0.152778	0	0.152778	
R	T:T12	PTGS2	3	1	14	1	0	0	0		0	0	0	
R	T:T12	RELA	3	1	14	1	0.25776	0	0.25776		0.0833333	0	0.0833333	
R	T:T12	SH3KBP1	3	1	14	1	0.722855	2.1181	-1.39525		0.263889	1	-0.736111	
R	T:T12	SMAD3	3	1	14	1	0	0	0		0	0	0	
R	T:T12	SOD1	3	1	14	1	1.17708	0	1.17708		0.597222	0	0.597222	
R	T:T12	STAT3	3	1	14	1	1.53803	0	1.53803		0.680556	0	0.680556	
R	T:T12	STAT5A	3	1	14	1	0	0	0		0	0	0	
R	T:T12	SYK	3	1	14	1	0	0	0		0	0	0	
R	T:T12	TLR4	3	1	14	1	0	0	0		0	0	0	
R	T:T12	TNF	3	1	14	1	0.153198	0	0.153198		0.0416667	0	0.0416667	
R	T:T13	ACTA2	2	1	3	1	0	0	0		0	0	0	
R	T:T13	AHR	2	1	3	1	0	0	0		0	0	0	
R	T:T13	AKT1	2	1	3	1	0	0	0		0	0	0	
R	T:T13	ARNTL	2	1	3	1	0	0	0		0	0	0	
R	T:T13	BCL6	2	1	3	1	0	0	0		0	0	0	
R	T:T13	BECN1	2	1	3	1	0.461076	0	0.461076		0.25	0	0.25	
R	T:T13	BLNK	2	1	3	1	0	0	0		0	0	0	
R	T:T13	BRD4	2	1	3	1	1.63043	0	1.63043		1	0	1	
R	T:T13	CAT	2	1	3	1	0	0	0		0	0	0	
R	T:T13	CD4	2	1	3	1	0	0	0		0	0	0	
R	T:T13	CD86	2	1	3	1	0	0	0		0	0	0	
R	T:T13	CREB1	2	1	3	1	0	0	0		0	0	0	
R	T:T13	CTNNB1	2	1	3	1	0.461076	0	0.461076		0.25	0	0.25	
R	T:T13	DNMT1	2	1	3	1	0.933625	1.32203	-0.388405		0.5	1	-0.5	
R	T:T13	FOXP3	2	1	3	1	0	0	0		0	0	0	
R	T:T13	GABPA	2	1	3	1	0	0	0		0	0	0	
R	T:T13	HIF1A	2	1	3	1	0	1.87212	-1.87212		0	1	-1	
R	T:T13	HMOX1	2	1	3	1	0	0	0		0	0	0	
R	T:T13	ICAM1	2	1	3	1	0	0	0		0	0	0	
R	T:T13	IFNG	2	1	3	1	0	0	0		0	0	0	
R	T:T13	IL15	2	1	3	1	0	0	0		0	0	0	
R	T:T13	IL1B	2	1	3	1	0	0	0		0	0	0	
R	T:T13	IL7	2	1	3	1	0	0	0		0	0	0	
R	T:T13	ITGAM	2	1	3	1	1.3947	0	1.3947		0.75	0	0.75	
R	T:T13	ITGAX	2	1	3	1	0	0	0		0	0	0	
R	T:T13	JAK1	2	1	3	1	0.933625	2.48525	-1.55163		0.5	1	-0.5	
R	T:T13	LYZ	2	1	3	1	0	0	0		0	0	0	
R	T:T13	MAFB	2	1	3	1	0	0	0		0	0	0	
R	T:T13	MAP1LC3B	2	1	3	1	0	0	0		0	0	0	
R	T:T13	MAPK14	2	1	3	1	0	0	0		0	0	0	
R	T:T13	NFKB1	2	1	3	1	0	0	0		0	0	0	
R	T:T13	NLRP3	2	1	3	1	0	0	0		0	0	0	
R	T:T13	OSM	2	1	3	1	0	0	0		0	0	0	
R	T:T13	PARP1	2	1	3	1	0.696805	1.32203	-0.625225		0.25	1	-0.75	
R	T:T13	PIAS1	2	1	3	1	0.933625	0	0.933625		0.5	0	0.5	
R	T:T13	PKM	2	1	3	1	0.461076	1.32203	-0.860955		0.25	1	-0.75	
R	T:T13	PRKAA1	2	1	3	1	0.461076	0	0.461076		0.25	0	0.25	
R	T:T13	PTGS2	2	1	3	1	0	0	0		0	0	0	
R	T:T13	RELA	2	1	3	1	0	1.32203	-1.32203		0	1	-1	
R	T:T13	SH3KBP1	2	1	3	1	0.461076	1.32203	-0.860955		0.25	1	-0.75	
R	T:T13	SMAD3	2	1	3	1	0	0	0		0	0	0	
R	T:T13	SOD1	2	1	3	1	1.3947	1.32203	0.0726705		0.75	1	-0.25	
R	T:T13	STAT3	2	1	3	1	0.461076	0	0.461076		0.25	0	0.25	
R	T:T13	STAT5A	2	1	3	1	0	0	0		0	0	0	
R	T:T13	SYK	2	1	3	1	0	0	0		0	0	0	
R	T:T13	TLR4	2	1	3	1	0	0	0		0	0	0	
R	T:T13	TNF	2	1	3	1	0.933625	0	0.933625		0.5	0	0.5	
R	T:T14	ACTA2	6	4	85	270	0.107556	0.188603	-0.0810471	0.306103	0.0238636	0.0583637	-0.0345	0.306103
R	T:T14	AHR	6	4	85	270	0.563142	0.381021	0.182121	0.45	0.192614	0.143893	0.048721	0.746128
R	T:T14	AKT1	6	4	85	270	0.401129	0.138345	0.262784	0.331425	0.125379	0.0536687	0.0717101	0.588324
R	T:T14	ARNTL	6	4	85	270	0.139242	0.577344	-0.438102	0.0615184	0.0403409	0.232225	-0.191884	0.0366428
R	T:T14	BCL6	6	4	85	270	0.207638	0.0869935	0.120644	1	0.0581439	0.031401	0.026743	1
R	T:T14	BECN1	6	4	85	270	0.162613	0.334272	-0.171659	0.42603	0.048106	0.10886	-0.0607544	0.42603
R	T:T14	BLNK	6	4	85	270	0.0338367	0.0075623	0.0262744	1	0.0060606	0.00128866	0.00477194	1
R	T:T14	BRD4	6	4	85	270	0.382797	0.641368	-0.258571	0.45	0.110606	0.251095	-0.140489	0.329918
R	T:T14	CAT	6	4	85	270	0.147674	0.196044	-0.0483697	0.732995	0.0346592	0.0815506	-0.0468914	0.42603
R	T:T14	CD4	6	4	85	270	0	0.131369	-0.131369	0.0257708	0	0.0331717	-0.0331717	0.0257708
R	T:T14	CD86	6	4	85	270	0	0	0	1	0	0	0	1
R	T:T14	CREB1	6	4	85	270	0.0530952	0.281513	-0.228418	0.0546639	0.0151515	0.0958608	-0.0807093	0.0926958
R	T:T14	CTNNB1	6	4	85	270	0.255709	0.241047	0.0146623	0.65998	0.0672348	0.0905712	-0.0233364	0.825894
R	T:T14	DNMT1	6	4	85	270	0.539818	0.393414	0.146403	0.825894	0.158333	0.134994	0.0233396	1
R	T:T14	FOXP3	6	4	85	270	0	0	0	1	0	0	0	1
R	T:T14	GABPA	6	4	85	270	0.245956	0.0937395	0.152217	0.42603	0.0893939	0.0339783	0.0554157	0.569646
R	T:T14	HIF1A	6	4	85	270	0.561968	0.456223	0.105745	0.331425	0.183901	0.164164	0.0197372	0.913795
R	T:T14	HMOX1	6	4	85	270	0	0.0560937	-0.0560937	0.0942099	0	0.0178069	-0.0178069	0.0942099
R	T:T14	ICAM1	6	4	85	270	0.246892	0.206211	0.0406811	1	0.0763258	0.0666678	0.00965801	1
R	T:T14	IFNG	6	4	85	270	1.89039	1.82068	0.0697075	0.761905	0.427652	0.400633	0.027018	1
R	T:T14	IL15	6	4	85	270	0.0954977	0.0357125	0.0597852	1	0.03125	0.00515465	0.0260953	1
R	T:T14	IL1B	6	4	85	270	0.0120585	0	0.0120585	0.540291	0.0030303	0	0.0030303	0.540291
R	T:T14	IL7	6	4	85	270	0	0	0	1	0	0	0	1
R	T:T14	ITGAM	6	4	85	270	0.0502926	0	0.0502926	0.286869	0.013447	0	0.013447	0.286869
R	T:T14	ITGAX	6	4	85	270	0.274209	0.0075623	0.266647	0.336668	0.0672348	0.00128866	0.0659462	0.336668
R	T:T14	JAK1	6	4	85	270	1.27292	1.15358	0.119342	1	0.422917	0.456082	-0.0331653	0.828593
R	T:T14	LYZ	6	4	85	270	0	0	0	1	0	0	0	1
R	T:T14	MAFB	6	4	85	270	0	0.0075623	-0.0075623	0.307434	0	0.00128866	-0.00128866	0.307434
R	T:T14	MAP1LC3B	6	4	85	270	0.980121	0.842669	0.137453	0.66887	0.352273	0.315442	0.0368304	0.665006
R	T:T14	MAPK14	6	4	85	270	0.138661	0.149477	-0.0108153	0.306103	0.0477273	0.04969	-0.00196273	0.42603
R	T:T14	NFKB1	6	4	85	270	0.517581	0.429114	0.0884664	0.589485	0.162689	0.143298	0.0193914	0.913795
R	T:T14	NLRP3	6	4	85	270	0.0120585	0.0075623	0.00449615	1	0.0030303	0.00128866	0.00174164	1
R	T:T14	OSM	6	4	85	270	0.0338367	0.0545143	-0.0206776	0.511966	0.0060606	0.011251	-0.0051904	0.511966
R	T:T14	PARP1	6	4	85	270	0.493243	0.357207	0.136036	0.589485	0.158712	0.115785	0.0429267	0.588324
R	T:T14	PIAS1	6	4	85	270	0.353177	0.396311	-0.0431337	0.825894	0.100189	0.149876	-0.0496872	0.65998
R	T:T14	PKM	6	4	85	270	0.982751	1.38679	-0.404041	0.47619	0.297538	0.58985	-0.292312	0.235196
R	T:T14	PRKAA1	6	4	85	270	0.23743	0.142468	0.0949612	1	0.0672348	0.0338656	0.0333692	0.825894
R	T:T14	PTGS2	6	4	85	270	0	0	0	1	0	0	0	1
R	T:T14	RELA	6	4	85	270	0.681726	0.543164	0.138562	0.609524	0.213068	0.223091	-0.0100231	0.830153
R	T:T14	SH3KBP1	6	4	85	270	0.638358	0.819309	-0.180951	0.59291	0.239015	0.296225	-0.0572098	0.59291
R	T:T14	SMAD3	6	4	85	270	0.023303	0.11768	-0.0943775	0.0926958	0.0060606	0.0312883	-0.0252277	0.0546639
R	T:T14	SOD1	6	4	85	270	1.16638	1.29367	-0.127291	1	0.403409	0.519817	-0.116407	0.45
R	T:T14	STAT3	6	4	85	270	0.992488	1.12147	-0.128984	0.47619	0.367424	0.4577	-0.0902753	0.50931
R	T:T14	STAT5A	6	4	85	270	0.446688	0.191734	0.254954	0.589485	0.156629	0.0666678	0.089961	0.589485
R	T:T14	SYK	6	4	85	270	0	0.0075623	-0.0075623	0.307434	0	0.00128866	-0.00128866	0.307434
R	T:T14	TLR4	6	4	85	270	0	0	0	1	0	0	0	1
R	T:T14	TNF	6	4	85	270	0.996589	1.40261	-0.406021	0.609524	0.193561	0.361343	-0.167782	0.160642
R	T:T15	ACTA2	4	4	6	17	0	0.0751475	-0.0751475	0.453255	0	0.0178571	-0.0178571	0.453255
R	T:T15	AHR	4	4	6	17	0.298635	0.0751475	0.223487	1	0.125	0.0178571	0.107143	1
R	T:T15	AKT1	4	4	6	17	0	0	0	1	0	0	0	1
R	T:T15	ARNTL	4	4	6	17	0.347042	0.1797	0.167343	1	0.25	0.0535715	0.196429	1
R	T:T15	BCL6	4	4	6	17	0	0	0	1	0	0	0	1
R	T:T15	BECN1	4	4	6	17	0	0.360147	-0.360147	0.185877	0	0.267857	-0.267857	0.185877
R	T:T15	BLNK	4	4	6	17	0	0	0	1	0	0	0	1
R	T:T15	BRD4	4	4	6	17	0.587657	0	0.587657	0.185877	0.375	0	0.375	0.185877
R	T:T15	CAT	4	4	6	17	0.240615	0	0.240615	0.453255	0.125	0	0.125	0.453255
R	T:T15	CD4	4	4	6	17	0.240615	0.13285	0.107765	1	0.125	0.0178571	0.107143	1
R	T:T15	CD86	4	4	6	17	0	0	0	1	0	0	0	1
R	T:T15	CREB1	4	4	6	17	0	0.390253	-0.390253	0.453255	0	0.25	-0.25	0.453255
R	T:T15	CTNNB1	4	4	6	17	0	0.13285	-0.13285	0.453255	0	0.0357143	-0.0357143	0.453255
R	T:T15	DNMT1	4	4	6	17	0.587657	0.283168	0.304489	0.619839	0.375	0.107143	0.267857	0.408352
R	T:T15	FOXP3	4	4	6	17	0	0	0	1	0	0	0	1
R	T:T15	GABPA	4	4	6	17	0	0.0751475	-0.0751475	0.453255	0	0.0178571	-0.0178571	0.453255
R	T:T15	HIF1A	4	4	6	17	0	0.0751475	-0.0751475	0.453255	0	0.0178571	-0.0178571	0.453255
R	T:T15	HMOX1	4	4	6	17	0	0	0	1	0	0	0	1
R	T:T15	ICAM1	4	4	6	17	0.298635	0.1797	0.118935	1	0.125	0.0535715	0.0714285	1
R	T:T15	IFNG	4	4	6	17	0	0	0	1	0	0	0	1
R	T:T15	IL15	4	4	6	17	0	0	0	1	0	0	0	1
R	T:T15	IL1B	4	4	6	17	0	0	0	1	0	0	0	1
R	T:T15	IL7	4	4	6	17	0	0	0	1	0	0	0	1
R	T:T15	ITGAM	4	4	6	17	0	0	0	1	0	0	0	1
R	T:T15	ITGAX	4	4	6	17	0	0	0	1	0	0	0	1
R	T:T15	JAK1	4	4	6	17	1.50989	1.47081	0.0390775	1	0.75	0.714286	0.0357143	0.738883
R	T:T15	LYZ	4	4	6	17	0	0	0	1	0	0	0	1
R	T:T15	MAFB	4	4	6	17	0	0	0	1	0	0	0	1
R	T:T15	MAP1LC3B	4	4	6	17	0.93713	0.21914	0.71799	0.408352	0.375	0.0535715	0.321429	0.408352
R	T:T15	MAPK14	4	4	6	17	0	0.13285	-0.13285	0.453255	0	0.0357143	-0.0357143	0.453255
R	T:T15	NFKB1	4	4	6	17	0.46832	0.67342	-0.2051	0.868661	0.25	0.321429	-0.0714285	0.738883
R	T:T15	NLRP3	4	4	6	17	0	0	0	1	0	0	0	1
R	T:T15	OSM	4	4	6	17	0.298635	0.0751475	0.223487	1	0.125	0.0178571	0.107143	1
R	T:T15	PARP1	4	4	6	17	0.487015	0.697893	-0.210878	0.868661	0.25	0.357143	-0.107143	0.738883
R	T:T15	PIAS1	4	4	6	17	0.671487	0.0751475	0.596339	0.408352	0.375	0.0178571	0.357143	0.408352
R	T:T15	PKM	4	4	6	17	0.587657	0.538197	0.0494595	1	0.375	0.321429	0.0535715	1
R	T:T15	PRKAA1	4	4	6	17	0	0.0751475	-0.0751475	0.453255	0	0.0178571	-0.0178571	0.453255
R	T:T15	PTGS2	4	4	6	17	0	0	0	1	0	0	0	1
R	T:T15	RELA	4	4	6	17	0	0.7504	-0.7504	0.0689184	0	0.517857	-0.517857	0.066753
R	T:T15	SH3KBP1	4	4	6	17	0	0.1797	-0.1797	0.453255	0	0.0535715	-0.0535715	0.453255
R	T:T15	SMAD3	4	4	6	17	0	0	0	1	0	0	0	1
R	T:T15	SOD1	4	4	6	17	0.240615	0.253198	-0.012583	1	0.125	0.0892857	0.0357143	1
R	T:T15	STAT3	4	4	6	17	0	0.376383	-0.376383	0.453255	0	0.125	-0.125	0.453255
R	T:T15	STAT5A	4	4	6	17	0	0	0	1	0	0	0	1
R	T:T15	SYK	4	4	6	17	0	0	0	1	0	0	0	1
R	T:T15	TLR4	4	4	6	17	0	0	0	1	0	0	0	1
R	T:T15	TNF	4	4	6	17	0.298635	1.3161	-1.01746	0.218604	0.125	0.535714	-0.410714	0.215476
R	T:T16	ACTA2	2	1	9	3	0	0.483569	-0.483569		0	0.333333	-0.333333	
R	T:T16	AHR	2	1	9	3	0	0	0		0	0	0	
R	T:T16	AKT1	2	1	9	3	0.868727	0	0.868727		0.416667	0	0.416667	
R	T:T16	ARNTL	2	1	9	3	0	0.483569	-0.483569		0	0.333333	-0.333333	
R	T:T16	BCL6	2	1	9	3	0	0	0		0	0	0	
R	T:T16	BECN1	2	1	9	3	0	0	0		0	0	0	
R	T:T16	BLNK	2	1	9	3	0.301392	0	0.301392		0.0833335	0	0.0833335	
R	T:T16	BRD4	2	1	9	3	0.301392	0.483569	-0.182177		0.0833335	0.333333	-0.249999	
R	T:T16	CAT	2	1	9	3	0.360156	0	0.360156		0.166666	0	0.166666	
R	T:T16	CD4	2	1	9	3	0	0	0		0	0	0	
R	T:T16	CD86	2	1	9	3	0	0	0		0	0	0	
R	T:T16	CREB1	2	1	9	3	0.301392	0	0.301392		0.0833335	0	0.0833335	
R	T:T16	CTNNB1	2	1	9	3	0	0	0		0	0	0	
R	T:T16	DNMT1	2	1	9	3	0.301392	0	0.301392		0.0833335	0	0.0833335	
R	T:T16	FOXP3	2	1	9	3	0	0	0		0	0	0	
R	T:T16	GABPA	2	1	9	3	0	0	0		0	0	0	
R	T:T16	HIF1A	2	1	9	3	0	0.483569	-0.483569		0	0.333333	-0.333333	
R	T:T16	HMOX1	2	1	9	3	0	0	0		0	0	0	
R	T:T16	ICAM1	2	1	9	3	0.623745	0	0.623745		0.166666	0	0.166666	
R	T:T16	IFNG	2	1	9	3	1.84151	0.483569	1.35794		0.75	0.333333	0.416667	
R	T:T16	IL15	2	1	9	3	0.360156	0	0.360156		0.166666	0	0.166666	
R	T:T16	IL1B	2	1	9	3	0	0	0		0	0	0	
R	T:T16	IL7	2	1	9	3	0.360156	0	0.360156		0.166666	0	0.166666	
R	T:T16	ITGAM	2	1	9	3	0.301392	0	0.301392		0.0833335	0	0.0833335	
R	T:T16	ITGAX	2	1	9	3	0.301392	0	0.301392		0.0833335	0	0.0833335	
R	T:T16	JAK1	2	1	9	3	0.957755	0.483569	0.474186		0.333334	0.333333	5e-07	
R	T:T16	LYZ	2	1	9	3	0	0	0		0	0	0	
R	T:T16	MAFB	2	1	9	3	0	0	0		0	0	0	
R	T:T16	MAP1LC3B	2	1	9	3	0.661548	1.05276	-0.391212		0.25	0.666667	-0.416667	
R	T:T16	MAPK14	2	1	9	3	0	0	0		0	0	0	
R	T:T16	NFKB1	2	1	9	3	0.301392	0.483569	-0.182177		0.0833335	0.333333	-0.249999	
R	T:T16	NLRP3	2	1	9	3	0	0	0		0	0	0	
R	T:T16	OSM	2	1	9	3	0	0	0		0	0	0	
R	T:T16	PARP1	2	1	9	3	0.661548	0.808128	-0.14658		0.25	0.333333	-0.083333	
R	T:T16	PIAS1	2	1	9	3	1.44372	0.808128	0.635587		0.583333	0.666667	-0.0833335	
R	T:T16	PKM	2	1	9	3	1.17829	0.808128	0.370163		0.333333	0.333333	0	
R	T:T16	PRKAA1	2	1	9	3	0.848264	0.483569	0.364695		0.333333	0.333333	0	
R	T:T16	PTGS2	2	1	9	3	0	0	0		0	0	0	
R	T:T16	RELA	2	1	9	3	0.488109	0	0.488109		0.0833335	0	0.0833335	
R	T:T16	SH3KBP1	2	1	9	3	0.868727	0.808128	0.060599		0.25	0.333333	-0.083333	
R	T:T16	SMAD3	2	1	9	3	0	0	0		0	0	0	
R	T:T16	SOD1	2	1	9	3	1.29767	0.483569	0.814096		0.333333	0.333333	0	
R	T:T16	STAT3	2	1	9	3	1.67114	0.808128	0.863012		0.666667	0.666667	0	
R	T:T16	STAT5A	2	1	9	3	0	0	0		0	0	0	
R	T:T16	SYK	2	1	9	3	0	0	0		0	0	0	
R	T:T16	TLR4	2	1	9	3	0	0	0		0	0	0	
R	T:T16	TNF	2	1	9	3	0.623745	0	0.623745		0.0833335	0	0.0833335	
R	T:T2	ACTA2	7	4	878	576	0.0974784	0.0477585	0.0497199	0.129695	0.0245892	0.0177632	0.00682606	0.704817
R	T:T2	AHR	7	4	878	576	0.856939	0.68055	0.176388	0.315152	0.247564	0.243776	0.00378799	1
R	T:T2	AKT1	7	4	878	576	0.141828	0.124132	0.0176963	0.849769	0.0373845	0.047713	-0.0103286	0.448659
R	T:T2	ARNTL	7	4	878	576	0.336091	0.417676	-0.081585	0.412121	0.0892703	0.137803	-0.0485325	0.109091
R	T:T2	BCL6	7	4	878	576	0.148348	0.0856073	0.0627405	0.255756	0.036173	0.0296679	0.00650507	0.704817
R	T:T2	BECN1	7	4	878	576	0.329716	0.336472	-0.006756	0.927273	0.0823816	0.118823	-0.0364416	0.527273
R	T:T2	BLNK	7	4	878	576	0.0536735	0.019714	0.0339595	0.498404	0.00951886	0.00413534	0.00538352	0.498404
R	T:T2	BRD4	7	4	878	576	0.444787	0.369614	0.0751738	1	0.12333	0.141949	-0.018618	0.527273
R	T:T2	CAT	7	4	878	576	0.252545	0.209404	0.0431408	0.648485	0.0643316	0.072102	-0.00777045	0.527273
R	T:T2	CD4	7	4	878	576	0.404477	0.714774	-0.310298	0.0727273	0.110539	0.257634	-0.147095	0.0121212
R	T:T2	CD86	7	4	878	576	0	0	0	1	0	0	0	1
R	T:T2	CREB1	7	4	878	576	0.394636	0.241961	0.152675	0.527273	0.106296	0.0980107	0.00828517	1
R	T:T2	CTNNB1	7	4	878	576	0.25739	0.333935	-0.0765452	0.648485	0.0692997	0.107649	-0.0383497	0.218253
R	T:T2	DNMT1	7	4	878	576	0.428601	0.490149	-0.0615481	0.648485	0.120313	0.178958	-0.0586448	0.230303
R	T:T2	FOXP3	7	4	878	576	0.0662912	0.0173468	0.0489444	0.0582075	0.0159775	0.00474624	0.0112313	0.0882469
R	T:T2	GABPA	7	4	878	576	0.0981482	0.0981126	3.55857e-05	1	0.0232966	0.0337876	-0.010491	0.448659
R	T:T2	HIF1A	7	4	878	576	0.611258	0.676853	-0.065595	0.648485	0.169131	0.224671	-0.0555406	0.230303
R	T:T2	HMOX1	7	4	878	576	0.0118887	0	0.0118887	0.326558	0.00347639	0	0.00347639	0.326558
R	T:T2	ICAM1	7	4	878	576	0.543171	0.650814	-0.107643	0.648485	0.131263	0.177819	-0.0465566	0.412121
R	T:T2	IFNG	7	4	878	576	0.761343	0.944392	-0.183049	0.927273	0.127652	0.150997	-0.0233455	0.527273
R	T:T2	IL15	7	4	878	576	0.140861	0.0568144	0.0840464	0.163636	0.0342828	0.0173872	0.0168956	0.230303
R	T:T2	IL1B	7	4	878	576	0	0	0	1	0	0	0	1
R	T:T2	IL7	7	4	878	576	0.00691419	0	0.00691419	0.326558	0.00180738	0	0.00180738	0.326558
R	T:T2	ITGAM	7	4	878	576	0.00633216	0.00486093	0.00147123	0.810051	0.00152905	0.00238095	-0.0008519	1
R	T:T2	ITGAX	7	4	878	576	0.00300466	0	0.00300466	0.57075	0.000655309	0	0.000655309	0.57075
R	T:T2	JAK1	7	4	878	576	1.2903	1.19691	0.09339	0.527273	0.443718	0.493311	-0.049593	0.230303
R	T:T2	LYZ	7	4	878	576	0.0444976	0	0.0444976	0.326558	0.00262123	0	0.00262123	0.324127
R	T:T2	MAFB	7	4	878	576	0.0135427	0.00676823	0.00677449	1	0.00391326	0.00175439	0.00215887	1
R	T:T2	MAP1LC3B	7	4	878	576	1.03034	0.834331	0.196013	0.315152	0.335669	0.331339	0.0043301	0.927273
R	T:T2	MAPK14	7	4	878	576	0.100566	0.187596	-0.0870294	0.384064	0.0279422	0.0511853	-0.0232431	0.287391
R	T:T2	NFKB1	7	4	878	576	0.769453	0.81572	-0.0462663	0.927273	0.229666	0.266076	-0.0364102	0.315152
R	T:T2	NLRP3	7	4	878	576	0.0541114	0.140253	-0.0861415	0.155433	0.0123374	0.0400167	-0.0276793	0.0719514
R	T:T2	OSM	7	4	878	576	0.16704	0.268929	-0.101889	0.412121	0.035634	0.0580775	-0.0224435	0.109091
R	T:T2	PARP1	7	4	878	576	0.422387	0.392806	0.0295811	0.927273	0.111358	0.157566	-0.0462081	0.230303
R	T:T2	PIAS1	7	4	878	576	0.575759	0.515567	0.0601914	0.787879	0.172136	0.186085	-0.0139496	0.787879
R	T:T2	PKM	7	4	878	576	0.980966	1.03883	-0.0578621	0.787879	0.286896	0.369491	-0.082595	0.163636
R	T:T2	PRKAA1	7	4	878	576	0.304896	0.251081	0.0538147	0.849769	0.0776045	0.106203	-0.0285985	0.704817
R	T:T2	PTGS2	7	4	878	576	0.0116571	0	0.0116571	0.57075	0.000655309	0	0.000655309	0.57075
R	T:T2	RELA	7	4	878	576	0.373622	0.501718	-0.128097	0.648485	0.101636	0.170687	-0.0690508	0.109091
R	T:T2	SH3KBP1	7	4	878	576	0.672124	0.794024	-0.121899	0.0424242	0.19267	0.291698	-0.0990278	0.109091
R	T:T2	SMAD3	7	4	878	576	0.298458	0.415378	-0.11692	0.527273	0.0837047	0.130592	-0.0468875	0.163636
R	T:T2	SOD1	7	4	878	576	1.31056	1.16169	0.148871	0.109091	0.461353	0.472301	-0.0109471	0.527273
R	T:T2	STAT3	7	4	878	576	1.1646	1.25779	-0.0931946	0.527273	0.385182	0.477334	-0.0921522	0.230303
R	T:T2	STAT5A	7	4	878	576	0.303346	0.323842	-0.020496	0.787879	0.0837536	0.102245	-0.0184916	0.412121
R	T:T2	SYK	7	4	878	576	0.0245838	0.0113488	0.013235	1	0.00408347	0.00324248	0.000840991	1
R	T:T2	TLR4	7	4	878	576	0	0	0	1	0	0	0	1
R	T:T2	TNF	7	4	878	576	1.42515	1.77422	-0.349078	0.927273	0.330035	0.443646	-0.113611	0.412121
R	T:T3	ACTA2	7	4	68	34	0.100419	0.0404813	0.059938	0.810051	0.026862	0.0125	0.014362	0.810051
R	T:T3	AHR	7	4	68	34	0.216049	0.19021	0.0258386	0.912853	0.0615384	0.04375	0.0177884	0.912853
R	T:T3	AKT1	7	4	68	34	0.119194	0	0.119194	0.326558	0.0388889	0	0.0388889	0.326558
R	T:T3	ARNTL	7	4	68	34	0.245962	0.0753117	0.170651	0.30281	0.0641636	0.0125	0.0516636	0.255729
R	T:T3	BCL6	7	4	68	34	0.0563401	0.0404813	0.0158589	0.888539	0.015873	0.0125	0.003373	0.888539
R	T:T3	BECN1	7	4	68	34	0.234868	0.512228	-0.27736	0.275654	0.0538462	0.16875	-0.114904	0.372431
R	T:T3	BLNK	7	4	68	34	0.0832446	0.151153	-0.0679087	0.400202	0.047619	0.075	-0.027381	0.400202
R	T:T3	BRD4	7	4	68	34	0.221913	0.22504	-0.00312779	0.917929	0.0936507	0.05625	0.0374007	1
R	T:T3	CAT	7	4	68	34	0.142448	0.185984	-0.0435355	0.757224	0.0411477	0.0875	-0.0463523	0.679395
R	T:T3	CD4	7	4	68	34	0.220428	0.477397	-0.25697	0.372431	0.0702686	0.16875	-0.0984814	0.487857
R	T:T3	CD86	7	4	68	34	0	0.149729	-0.149729	0.256839	0	0.03125	-0.03125	0.256839
R	T:T3	CREB1	7	4	68	34	0.292123	0.105878	0.186246	0.584238	0.0910256	0.0375	0.0535256	0.510116
R	T:T3	CTNNB1	7	4	68	34	0.0861081	0.149729	-0.0636206	1	0.0252747	0.03125	-0.00597527	1
R	T:T3	DNMT1	7	4	68	34	0.258126	0.311217	-0.0530911	0.921056	0.0959096	0.1375	-0.0415904	0.921056
R	T:T3	FOXP3	7	4	68	34	0	0	0	1	0	0	0	1
R	T:T3	GABPA	7	4	68	34	0.258929	0.0404813	0.218447	0.30281	0.0730159	0.0125	0.0605159	0.255729
R	T:T3	HIF1A	7	4	68	34	0.227815	0.13311	0.0947048	0.742667	0.101587	0.05	0.0515873	0.742667
R	T:T3	HMOX1	7	4	68	34	0	0.149729	-0.149729	0.256839	0	0.03125	-0.03125	0.256839
R	T:T3	ICAM1	7	4	68	34	0.220763	0.477397	-0.256635	0.275654	0.0571429	0.16875	-0.111607	0.320458
R	T:T3	IFNG	7	4	68	34	0.0440791	0	0.0440791	0.57075	0.010989	0	0.010989	0.57075
R	T:T3	IL15	7	4	68	34	0.145543	0	0.145543	0.186174	0.0538462	0	0.0538462	0.186174
R	T:T3	IL1B	7	4	68	34	0	0	0	1	0	0	0	1
R	T:T3	IL7	7	4	68	34	0	0	0	1	0	0	0	1
R	T:T3	ITGAM	7	4	68	34	0	0	0	1	0	0	0	1
R	T:T3	ITGAX	7	4	68	34	0	0	0	1	0	0	0	1
R	T:T3	JAK1	7	4	68	34	0.836704	0.617123	0.219581	0.628688	0.292674	0.19375	0.098924	0.498404
R	T:T3	LYZ	7	4	68	34	0.0225546	0.44462	-0.422065	0.67415	0.00714286	0.03125	-0.0241071	0.67415
R	T:T3	MAFB	7	4	68	34	0	0	0	1	0	0	0	1
R	T:T3	MAP1LC3B	7	4	68	34	0.583086	0.823956	-0.240869	0.448659	0.181502	0.4	-0.218498	0.392932
R	T:T3	MAPK14	7	4	68	34	0.0826896	0.22504	-0.142351	0.279421	0.0142857	0.04375	-0.0294643	0.279421
R	T:T3	NFKB1	7	4	68	34	0.200879	0.307395	-0.106516	0.584238	0.0505494	0.09375	-0.0432006	0.584238
R	T:T3	NLRP3	7	4	68	34	0.0225546	0	0.0225546	0.57075	0.00714286	0	0.00714286	0.57075
R	T:T3	OSM	7	4	68	34	0.0440791	0.487733	-0.443654	0.186174	0.010989	0.15	-0.139011	0.186174
R	T:T3	PARP1	7	4	68	34	0.547841	0.665879	-0.118038	0.704817	0.173809	0.3	-0.126191	0.505415
R	T:T3	PIAS1	7	4	68	34	0.165996	0.2276	-0.0616035	0.584238	0.0505494	0.1375	-0.0869506	0.584238
R	T:T3	PKM	7	4	68	34	0.910998	0.543996	0.367002	0.255756	0.280708	0.19375	0.086958	0.44762
R	T:T3	PRKAA1	7	4	68	34	0.116805	0.366279	-0.249474	0.149135	0.0301587	0.13125	-0.101091	0.0636297
R	T:T3	PTGS2	7	4	68	34	0	0	0	1	0	0	0	1
R	T:T3	RELA	7	4	68	34	0.169353	0	0.169353	0.186174	0.0728937	0	0.0728937	0.186174
R	T:T3	SH3KBP1	7	4	68	34	0.655677	0.640529	0.0151477	1	0.190354	0.23125	-0.040896	0.635059
R	T:T3	SMAD3	7	4	68	34	0.0440791	0	0.0440791	0.57075	0.010989	0	0.010989	0.57075
R	T:T3	SOD1	7	4	68	34	0.966231	0.889344	0.0768869	0.927273	0.379304	0.36875	0.010554	0.787879
R	T:T3	STAT3	7	4	68	34	0.583441	0.707812	-0.124371	0.774812	0.15812	0.3375	-0.17938	0.503441
R	T:T3	STAT5A	7	4	68	34	0.042029	0.0404813	0.00154775	0.888539	0.0142857	0.0125	0.00178571	0.888539
R	T:T3	SYK	7	4	68	34	0.0225546	0	0.0225546	0.57075	0.00714286	0	0.00714286	0.57075
R	T:T3	TLR4	7	4	68	34	0	0	0	1	0	0	0	1
R	T:T3	TNF	7	4	68	34	0.631477	1.00015	-0.368668	0.218253	0.157814	0.3	-0.142186	0.106592
R	T:T4	ACTA2	7	3	48	11	0	0	0	1	0	0	0	1
R	T:T4	AHR	7	3	48	11	0.296326	0	0.296326	0.261994	0.0724206	0	0.0724206	0.261994
R	T:T4	AKT1	7	3	48	11	0.0639026	0.178787	-0.114884	0.515305	0.015873	0.0833333	-0.0674603	0.515305
R	T:T4	ARNTL	7	3	48	11	0.1246	0.432063	-0.307463	0.515305	0.0204081	0.333333	-0.312925	0.515305
R	T:T4	BCL6	7	3	48	11	0.0560179	0	0.0560179	0.662521	0.00892857	0	0.00892857	0.662521
R	T:T4	BECN1	7	3	48	11	0.227977	0	0.227977	0.261994	0.053373	0	0.053373	0.261994
R	T:T4	BLNK	7	3	48	11	0	0.178787	-0.178787	0.19043	0	0.0833333	-0.0833333	0.19043
R	T:T4	BRD4	7	3	48	11	0.227977	0.294527	-0.0665498	1	0.053373	0.166667	-0.113294	1
R	T:T4	CAT	7	3	48	11	0.1246	0.178787	-0.0541866	0.744954	0.0204081	0.0833333	-0.0629252	0.515305
R	T:T4	CD4	7	3	48	11	0.464044	0	0.464044	0.261994	0.113095	0	0.113095	0.259796
R	T:T4	CD86	7	3	48	11	0	0	0	1	0	0	0	1
R	T:T4	CREB1	7	3	48	11	0.559255	0	0.559255	0.157871	0.162302	0	0.162302	0.157871
R	T:T4	CTNNB1	7	3	48	11	0	0	0	1	0	0	0	1
R	T:T4	DNMT1	7	3	48	11	0.566793	0.178787	0.388006	0.465759	0.152778	0.0833333	0.0694444	0.62678
R	T:T4	FOXP3	7	3	48	11	0.108056	0	0.108056	0.662521	0.0285714	0	0.0285714	0.662521
R	T:T4	GABPA	7	3	48	11	0	0	0	1	0	0	0	1
R	T:T4	HIF1A	7	3	48	11	0.523308	0.406374	0.116934	1	0.133503	0.138889	-0.00538557	0.465759
R	T:T4	HMOX1	7	3	48	11	0	0	0	1	0	0	0	1
R	T:T4	ICAM1	7	3	48	11	0	0.178787	-0.178787	0.19043	0	0.0833333	-0.0833333	0.19043
R	T:T4	IFNG	7	3	48	11	0	0	0	1	0	0	0	1
R	T:T4	IL15	7	3	48	11	0	0	0	1	0	0	0	1
R	T:T4	IL1B	7	3	48	11	0.108056	0	0.108056	0.662521	0.0285714	0	0.0285714	0.662521
R	T:T4	IL7	7	3	48	11	0	0	0	1	0	0	0	1
R	T:T4	ITGAM	7	3	48	11	0	0	0	1	0	0	0	1
R	T:T4	ITGAX	7	3	48	11	0	0	0	1	0	0	0	1
R	T:T4	JAK1	7	3	48	11	1.18261	1.06774	0.114863	0.833333	0.353316	0.527778	-0.174462	0.63704
R	T:T4	LYZ	7	3	48	11	0	0	0	1	0	0	0	1
R	T:T4	MAFB	7	3	48	11	0	0	0	1	0	0	0	1
R	T:T4	MAP1LC3B	7	3	48	11	0.268112	0.61085	-0.342738	0.465759	0.0623016	0.416667	-0.354365	0.224114
R	T:T4	MAPK14	7	3	48	11	0.0639026	0	0.0639026	0.662521	0.015873	0	0.015873	0.662521
R	T:T4	NFKB1	7	3	48	11	0.164074	0.178787	-0.0147127	1	0.0375	0.0833333	-0.0458333	0.779153
R	T:T4	NLRP3	7	3	48	11	0	0	0	1	0	0	0	1
R	T:T4	OSM	7	3	48	11	0.0639026	0	0.0639026	0.662521	0.015873	0	0.015873	0.662521
R	T:T4	PARP1	7	3	48	11	0.434382	0.406374	0.0280084	1	0.105159	0.138889	-0.0337303	0.465759
R	T:T4	PIAS1	7	3	48	11	0.448378	0	0.448378	0.157871	0.116865	0	0.116865	0.157871
R	T:T4	PKM	7	3	48	11	0.652193	0.909934	-0.257741	0.724285	0.204167	0.416667	-0.2125	0.556602
R	T:T4	PRKAA1	7	3	48	11	0.284462	0	0.284462	0.416075	0.0761904	0	0.0761904	0.416075
R	T:T4	PTGS2	7	3	48	11	0	0	0	1	0	0	0	1
R	T:T4	RELA	7	3	48	11	0.171959	0.36158	-0.189621	0.779153	0.0444444	0.111111	-0.0666666	0.779153
R	T:T4	SH3KBP1	7	3	48	11	0.241378	0.36158	-0.120202	1	0.0644841	0.111111	-0.0466269	1
R	T:T4	SMAD3	7	3	48	11	0	0	0	1	0	0	0	1
R	T:T4	SOD1	7	3	48	11	1.1013	1.40715	-0.305844	0.666667	0.290193	0.555556	-0.265363	0.303589
R	T:T4	STAT3	7	3	48	11	1.00616	0.178787	0.827372	0.0649095	0.235487	0.0833333	0.152154	0.297621
R	T:T4	STAT5A	7	3	48	11	0.232771	0	0.232771	0.416075	0.0730159	0	0.0730159	0.416075
R	T:T4	SYK	7	3	48	11	0	0.540367	-0.540367	0.0344768	0	0.194444	-0.194444	0.0344768
R	T:T4	TLR4	7	3	48	11	0	0	0	1	0	0	0	1
R	T:T4	TNF	7	3	48	11	0.246142	0.687067	-0.440925	0.779153	0.0497449	0.111111	-0.0613661	0.779153
R	T:T5	ACTA2	7	4	1176	76	0.110665	0.149509	-0.0388444	1	0.0236588	0.0433006	-0.0196418	0.771706
R	T:T5	AHR	7	4	1176	76	0.547721	0.0872073	0.460513	0.0105555	0.107082	0.0281863	0.0788954	0.0293873
R	T:T5	AKT1	7	4	1176	76	0.134429	0.0373407	0.097088	0.121758	0.0242456	0.0138889	0.0103567	0.33347
R	T:T5	ARNTL	7	4	1176	76	0.308578	0.187051	0.121527	0.635833	0.0666532	0.0637256	0.00292762	0.635833
R	T:T5	BCL6	7	4	1176	76	0.140842	0.0193669	0.121475	0.137135	0.0308704	0.00694445	0.023926	0.137135
R	T:T5	BECN1	7	4	1176	76	0.407096	0.659245	-0.25215	0.163636	0.0865136	0.250817	-0.164303	0.107395
R	T:T5	BLNK	7	4	1176	76	0.0271293	0	0.0271293	0.10067	0.00518798	0	0.00518798	0.10067
R	T:T5	BRD4	7	4	1176	76	0.538338	0.437939	0.100399	0.412121	0.113689	0.230392	-0.116704	0.927273
R	T:T5	CAT	7	4	1176	76	0.280009	0.132145	0.147864	0.394015	0.0529861	0.0424836	0.0105025	0.635833
R	T:T5	CD4	7	4	1176	76	0.656663	0.61275	0.0439125	0.527273	0.142813	0.205065	-0.0622521	0.230303
R	T:T5	CD86	7	4	1176	76	0.00485819	0	0.00485819	0.57075	0.000680271	0	0.000680271	0.57075
R	T:T5	CREB1	7	4	1176	76	0.410328	0.843173	-0.432845	0.109091	0.087549	0.343137	-0.255588	0.00606061
R	T:T5	CTNNB1	7	4	1176	76	0.30348	0.794488	-0.491009	0.163636	0.0590413	0.299837	-0.240795	0.0105555
R	T:T5	DNMT1	7	4	1176	76	0.480873	0.273926	0.206947	0.218253	0.109781	0.0861928	0.0235885	0.776319
R	T:T5	FOXP3	7	4	1176	76	0.176515	0.276207	-0.0996926	0.215084	0.0313324	0.166667	-0.135334	0.215084
R	T:T5	GABPA	7	4	1176	76	0.10191	0.165981	-0.0640706	0.922953	0.0189748	0.0972221	-0.0782473	0.771706
R	T:T5	HIF1A	7	4	1176	76	0.695571	0.487032	0.208539	0.315152	0.165144	0.182598	-0.0174544	0.787879
R	T:T5	HMOX1	7	4	1176	76	0.0303619	0	0.0303619	0.186174	0.00427873	0	0.00427873	0.186174
R	T:T5	ICAM1	7	4	1176	76	0.157391	0.231561	-0.0741702	0.849769	0.0323996	0.118464	-0.0860643	0.448659
R	T:T5	IFNG	7	4	1176	76	0.145772	0	0.145772	0.0502526	0.0199456	0	0.0199456	0.0502526
R	T:T5	IL15	7	4	1176	76	0.0461152	0.0330988	0.0130164	0.742667	0.00656999	0.00735295	-0.000782957	0.912853
R	T:T5	IL1B	7	4	1176	76	0.00364253	0	0.00364253	0.57075	0.000707214	0	0.000707214	0.57075
R	T:T5	IL7	7	4	1176	76	0.0313798	0	0.0313798	0.186174	0.0065625	0	0.0065625	0.186174
R	T:T5	ITGAM	7	4	1176	76	0.0365078	0	0.0365078	0.326558	0.00483749	0	0.00483749	0.326558
R	T:T5	ITGAX	7	4	1176	76	0.00850071	0	0.00850071	0.326558	0.00138749	0	0.00138749	0.326558
R	T:T5	JAK1	7	4	1176	76	1.28614	1.49203	-0.205888	0.412121	0.355719	0.526144	-0.170425	0.155433
R	T:T5	LYZ	7	4	1176	76	0.0081946	0	0.0081946	0.326558	0.00146307	0	0.00146307	0.326558
R	T:T5	MAFB	7	4	1176	76	0.00955657	0.0193669	-0.0098103	0.67415	0.00136054	0.00694445	-0.00558391	0.67415
R	T:T5	MAP1LC3B	7	4	1176	76	0.900767	0.713689	0.187078	0.927273	0.22877	0.343954	-0.115184	0.412121
R	T:T5	MAPK14	7	4	1176	76	0.18194	0.380105	-0.198165	0.412121	0.0347233	0.104575	-0.0698518	0.648485
R	T:T5	NFKB1	7	4	1176	76	0.538785	1.07137	-0.532583	0.109091	0.115408	0.279411	-0.164004	0.070005
R	T:T5	NLRP3	7	4	1176	76	0.0900838	0	0.0900838	0.0502526	0.0100878	0	0.0100878	0.0502526
R	T:T5	OSM	7	4	1176	76	0.0637588	0.0193669	0.0443919	0.121758	0.0115902	0.00694445	0.00464574	0.33347
R	T:T5	PARP1	7	4	1176	76	0.623828	0.503151	0.120677	1	0.140543	0.176879	-0.036336	0.527273
R	T:T5	PIAS1	7	4	1176	76	0.721277	0.302873	0.418404	0.0293873	0.175505	0.0849672	0.0905378	0.218253
R	T:T5	PKM	7	4	1176	76	1.23052	1.16073	0.0697949	0.787879	0.316784	0.484069	-0.167284	0.648485
R	T:T5	PRKAA1	7	4	1176	76	0.234292	0.299781	-0.0654896	0.704817	0.0497826	0.133987	-0.0842043	0.569872
R	T:T5	PTGS2	7	4	1176	76	0.0580537	0	0.0580537	0.57075	0.00408163	0	0.00408163	0.57075
R	T:T5	RELA	7	4	1176	76	0.439366	0.50644	-0.0670742	1	0.0956981	0.147467	-0.0517691	0.527273
R	T:T5	SH3KBP1	7	4	1176	76	0.819806	0.884543	-0.064737	0.648485	0.200691	0.323121	-0.12243	0.0105555
R	T:T5	SMAD3	7	4	1176	76	0.206222	0.190963	0.0152587	0.774812	0.040408	0.0980391	-0.0576311	0.924027
R	T:T5	SOD1	7	4	1176	76	1.59981	1.41249	0.187315	0.230303	0.483117	0.639297	-0.15618	0.412121
R	T:T5	STAT3	7	4	1176	76	1.39463	1.60177	-0.207145	0.0424242	0.389879	0.512664	-0.122785	0.315152
R	T:T5	STAT5A	7	4	1176	76	0.294421	0.131536	0.162885	0.215084	0.0682937	0.0290033	0.0392904	0.152594
R	T:T5	SYK	7	4	1176	76	0.0160385	0	0.0160385	0.186174	0.00274428	0	0.00274428	0.186174
R	T:T5	TLR4	7	4	1176	76	0	0	0	1	0	0	0	1
R	T:T5	TNF	7	4	1176	76	0.506348	0.530652	-0.0243046	0.215084	0.0885913	0.0833332	0.00525802	0.215084
R	T:T6	ACTA2	5	3	19	35	0.498287	0	0.498287	0.329114	0.216667	0	0.216667	0.329114
R	T:T6	AHR	5	3	19	35	0.645187	0.299045	0.346142	0.759982	0.316667	0.0750988	0.241568	0.759982
R	T:T6	AKT1	5	3	19	35	0.0527546	0.146019	-0.0932641	0.69627	0.0166667	0.030303	-0.0136364	0.69627
R	T:T6	ARNTL	5	3	19	35	0.209604	0.197849	0.0117552	0.873807	0.0666667	0.0447958	0.0218709	0.873807
R	T:T6	BCL6	5	3	19	35	0.0527546	0	0.0527546	0.605577	0.0166667	0	0.0166667	0.605577
R	T:T6	BECN1	5	3	19	35	0.82439	0.197849	0.626541	0.541193	0.283333	0.0447958	0.238538	0.541193
R	T:T6	BLNK	5	3	19	35	0.15685	0	0.15685	0.605577	0.05	0	0.05	0.605577
R	T:T6	BRD4	5	3	19	35	0.251308	0.503009	-0.251701	0.427124	0.0833334	0.405797	-0.322464	0.427124
R	T:T6	CAT	5	3	19	35	0.251308	0.351374	-0.100067	0.633737	0.0833334	0.347826	-0.264493	0.633737
R	T:T6	CD4	5	3	19	35	0.128949	0.779369	-0.65042	0.0261792	0.05	0.4361	-0.3861	0.112231
R	T:T6	CD86	5	3	19	35	0	0	0	1	0	0	0	1
R	T:T6	CREB1	5	3	19	35	0.158357	0.736938	-0.578582	0.112231	0.05	0.392622	-0.342622	0.112231
R	T:T6	CTNNB1	5	3	19	35	0.713144	0.450679	0.262464	1	0.283333	0.118577	0.164756	1
R	T:T6	DNMT1	5	3	19	35	0.574481	0.479825	0.0946559	0.633737	0.233333	0.147563	0.0857707	0.633737
R	T:T6	FOXP3	5	3	19	35	0	0	0	1	0	0	0	1
R	T:T6	GABPA	5	3	19	35	0.243666	0	0.243666	0.605577	0.05	0	0.05	0.605577
R	T:T6	HIF1A	5	3	19	35	0.338124	0.576108	-0.237983	0.633737	0.0833334	0.191041	-0.107707	0.427124
R	T:T6	HMOX1	5	3	19	35	0	0	0	1	0	0	0	1
R	T:T6	ICAM1	5	3	19	35	0.0527546	0.146019	-0.0932641	0.69627	0.0166667	0.030303	-0.0136364	0.69627
R	T:T6	IFNG	5	3	19	35	0.243666	0	0.243666	0.605577	0.05	0	0.05	0.605577
R	T:T6	IL15	5	3	19	35	0.0527546	0.146019	-0.0932641	0.69627	0.0166667	0.030303	-0.0136364	0.69627
R	T:T6	IL1B	5	3	19	35	0	0	0	1	0	0	0	1
R	T:T6	IL7	5	3	19	35	0	0	0	1	0	0	0	1
R	T:T6	ITGAM	5	3	19	35	0	0	0	1	0	0	0	1
R	T:T6	ITGAX	5	3	19	35	0	0	0	1	0	0	0	1
R	T:T6	JAK1	5	3	19	35	0.836758	1.18297	-0.346209	0.764228	0.366667	0.583663	-0.216996	0.650812
R	T:T6	LYZ	5	3	19	35	0	0	0	1	0	0	0	1
R	T:T6	MAFB	5	3	19	35	0	0	0	1	0	0	0	1
R	T:T6	MAP1LC3B	5	3	19	35	0.79914	0.532154	0.266986	0.541193	0.366667	0.405797	-0.0391304	1
R	T:T6	MAPK14	5	3	19	35	0	0.146019	-0.146019	0.3017	0	0.030303	-0.030303	0.3017
R	T:T6	NFKB1	5	3	19	35	0.209604	0.694892	-0.485288	0.266236	0.0666667	0.193676	-0.127009	0.427124
R	T:T6	NLRP3	5	3	19	35	0	0	0	1	0	0	0	1
R	T:T6	OSM	5	3	19	35	0.5437	0	0.5437	0.605577	0.2	0	0.2	0.605577
R	T:T6	PARP1	5	3	19	35	0.285798	0.378629	-0.0928305	0.873807	0.1	0.11726	-0.0172597	0.631422
R	T:T6	PIAS1	5	3	19	35	0.505616	0.884958	-0.379342	0.359397	0.25	0.465086	-0.215086	0.281921
R	T:T6	PKM	5	3	19	35	1.3058	1.1363	0.169499	0.785714	0.533333	0.524374	0.0089594	1
R	T:T6	PRKAA1	5	3	19	35	0.0527546	0.242694	-0.189939	0.171857	0.0166667	0.0447958	-0.0281291	0.305507
R	T:T6	PTGS2	5	3	19	35	0	0	0	1	0	0	0	1
R	T:T6	RELA	5	3	19	35	0.0944582	0.242694	-0.148236	0.494525	0.0333334	0.0592885	-0.0259551	0.494525
R	T:T6	SH3KBP1	5	3	19	35	1.12856	1.04002	0.0885347	1	0.483333	0.450593	0.0327404	1
R	T:T6	SMAD3	5	3	19	35	0.15685	0.0518303	0.105019	1	0.05	0.0144928	0.0355072	1
R	T:T6	SOD1	5	3	19	35	0.751232	1.32954	-0.578308	0.368227	0.333333	0.570487	-0.237154	0.450615
R	T:T6	STAT3	5	3	19	35	1.27249	1.01371	0.258779	1	0.45	0.295125	0.154875	0.759982
R	T:T6	STAT5A	5	3	19	35	0.0527546	0.676111	-0.623357	0.0566639	0.0166667	0.438735	-0.422068	0.0566639
R	T:T6	SYK	5	3	19	35	0	0	0	1	0	0	0	1
R	T:T6	TLR4	5	3	19	35	0	0	0	1	0	0	0	1
R	T:T6	TNF	5	3	19	35	1.43716	0.6202	0.816956	0.177113	0.516667	0.118577	0.39809	0.450615
R	T:T7	ACTA2	7	4	758	110	0.367491	0.517983	-0.150492	0.315152	0.0831558	0.182008	-0.0988519	0.230303
R	T:T7	AHR	7	4	758	110	1.01463	0.587344	0.427285	0.230303	0.251698	0.294091	-0.0423927	0.569872
R	T:T7	AKT1	7	4	758	110	0.122173	0.146995	-0.0248221	0.924027	0.0235077	0.0360606	-0.0125529	1
R	T:T7	ARNTL	7	4	758	110	0.431664	0.425655	0.00600896	0.787879	0.0955097	0.122614	-0.0271039	0.787879
R	T:T7	BCL6	7	4	758	110	0.167543	0.0822176	0.0853257	0.218253	0.0330103	0.014697	0.0183134	0.155433
R	T:T7	BECN1	7	4	758	110	0.544506	0.360803	0.183703	0.924548	0.124851	0.173333	-0.0484821	1
R	T:T7	BLNK	7	4	758	110	0.0720623	0.0134049	0.0586575	0.197627	0.0121603	0.00333332	0.00882697	0.233174
R	T:T7	BRD4	7	4	758	110	0.577834	0.486102	0.0917318	0.230303	0.137267	0.148674	-0.0114071	1
R	T:T7	CAT	7	4	758	110	0.379131	0.371489	0.00764268	0.927273	0.0849822	0.0873105	-0.00232835	0.527273
R	T:T7	CD4	7	4	758	110	0.81448	0.890166	-0.0756866	1	0.202658	0.358068	-0.155411	0.527273
R	T:T7	CD86	7	4	758	110	0.0196861	0	0.0196861	0.326558	0.00288323	0	0.00288323	0.326558
R	T:T7	CREB1	7	4	758	110	0.457633	0.237131	0.220502	0.218253	0.0996456	0.0801516	0.019494	0.507365
R	T:T7	CTNNB1	7	4	758	110	0.439338	0.100656	0.338682	0.04522	0.0866189	0.0266667	0.0599522	0.152594
R	T:T7	DNMT1	7	4	758	110	0.448861	0.407779	0.0410822	0.849769	0.0984175	0.169546	-0.071128	0.255756
R	T:T7	FOXP3	7	4	758	110	1.42137	1.41686	0.00450857	0.648485	0.374167	0.499242	-0.125076	0.255756
R	T:T7	GABPA	7	4	758	110	0.187978	0.181153	0.00682593	1	0.0419202	0.079394	-0.0374738	0.924376
R	T:T7	HIF1A	7	4	758	110	0.698653	0.473017	0.225637	0.163636	0.169922	0.110038	0.0598838	0.163636
R	T:T7	HMOX1	7	4	758	110	0.0435829	0	0.0435829	0.10067	0.00591254	0	0.00591254	0.10067
R	T:T7	ICAM1	7	4	758	110	0.258597	0.323343	-0.0647456	0.924027	0.0569614	0.126818	-0.0698568	0.39075
R	T:T7	IFNG	7	4	758	110	0.61691	0	0.61691	0.022645	0.0731931	0	0.0731931	0.022645
R	T:T7	IL15	7	4	758	110	0.0320154	0.0862123	-0.0541968	0.680215	0.00703883	0.05	-0.0429612	0.680215
R	T:T7	IL1B	7	4	758	110	0.0382687	0	0.0382687	0.57075	0.00621119	0	0.00621119	0.57075
R	T:T7	IL7	7	4	758	110	0.163608	0.0501714	0.113436	0.046719	0.0325663	0.014697	0.0178693	0.155433
R	T:T7	ITGAM	7	4	758	110	0.0161545	0	0.0161545	0.326558	0.00224507	0	0.00224507	0.326558
R	T:T7	ITGAX	7	4	758	110	0.0179324	0	0.0179324	0.186174	0.00385307	0	0.00385307	0.186174
R	T:T7	JAK1	7	4	758	110	1.58913	1.4631	0.126032	0.412121	0.486177	0.548864	-0.0626865	0.315152
R	T:T7	LYZ	7	4	758	110	0.00524734	0	0.00524734	0.57075	0.000725163	0	0.000725163	0.57075
R	T:T7	MAFB	7	4	758	110	0.0157958	0	0.0157958	0.326558	0.00262129	0	0.00262129	0.326558
R	T:T7	MAP1LC3B	7	4	758	110	1.06235	0.980212	0.0821366	0.527273	0.268617	0.414886	-0.14627	0.648485
R	T:T7	MAPK14	7	4	758	110	0.0902997	0.107047	-0.0167468	1	0.0204274	0.0327273	-0.0122999	1
R	T:T7	NFKB1	7	4	758	110	0.400028	0.555746	-0.155717	0.230303	0.0893815	0.157311	-0.067929	0.163636
R	T:T7	NLRP3	7	4	758	110	0.00364431	0	0.00364431	0.57075	0.000978474	0	0.000978474	0.57075
R	T:T7	OSM	7	4	758	110	0.0801349	0	0.0801349	0.022645	0.0161749	0	0.0161749	0.022645
R	T:T7	PARP1	7	4	758	110	0.687099	0.823684	-0.136584	0.230303	0.163969	0.282879	-0.118909	0.230303
R	T:T7	PIAS1	7	4	758	110	0.715489	0.501093	0.214396	0.315152	0.173726	0.227424	-0.0536981	0.927273
R	T:T7	PKM	7	4	758	110	1.63393	1.41423	0.219701	0.527273	0.398557	0.495265	-0.0967084	0.787879
R	T:T7	PRKAA1	7	4	758	110	0.291594	0.398508	-0.106913	0.315152	0.0627116	0.11928	-0.0565688	0.163636
R	T:T7	PTGS2	7	4	758	110	0	0	0	1	0	0	0	1
R	T:T7	RELA	7	4	758	110	0.471448	0.223372	0.248076	0.218253	0.100548	0.0721212	0.0284264	0.635833
R	T:T7	SH3KBP1	7	4	758	110	1.0021	1.00056	0.00153639	1	0.263679	0.435985	-0.172306	1
R	T:T7	SMAD3	7	4	758	110	0.203869	0.458955	-0.255086	0.00606061	0.0424438	0.142008	-0.0995639	0.00606061
R	T:T7	SOD1	7	4	758	110	1.73317	1.4445	0.288664	0.0424242	0.513285	0.557386	-0.0441011	1
R	T:T7	STAT3	7	4	758	110	1.55914	1.50436	0.0547736	0.927273	0.464063	0.504053	-0.0399901	0.927273
R	T:T7	STAT5A	7	4	758	110	0.318729	0.16843	0.150299	0.230303	0.0667304	0.0760606	-0.00933016	0.787879
R	T:T7	SYK	7	4	758	110	0.02125	0	0.02125	0.326558	0.004587	0	0.004587	0.326558
R	T:T7	TLR4	7	4	758	110	0	0	0	1	0	0	0	1
R	T:T7	TNF	7	4	758	110	0.704512	0.411239	0.293273	0.527273	0.125927	0.125454	0.000472814	0.927273
R	T:T8	ACTA2	7	3	22	20	0.351029	0	0.351029	0.416075	0.0833333	0	0.0833333	0.416075
R	T:T8	AHR	7	3	22	20	0.11464	0	0.11464	0.662521	0.0178571	0	0.0178571	0.662521
R	T:T8	AKT1	7	3	22	20	0	0.14388	-0.14388	0.19043	0	0.0277778	-0.0277778	0.19043
R	T:T8	ARNTL	7	3	22	20	0.11464	0.314617	-0.199977	0.515305	0.0178571	0.0555557	-0.0376985	0.515305
R	T:T8	BCL6	7	3	22	20	0.147946	0	0.147946	0.662521	0.047619	0	0.047619	0.662521
R	T:T8	BECN1	7	3	22	20	0.11464	0.14388	-0.02924	0.744954	0.0178571	0.0277778	-0.00992062	0.744954
R	T:T8	BLNK	7	3	22	20	0	0	0	1	0	0	0	1
R	T:T8	BRD4	7	3	22	20	0.11464	0.458497	-0.343857	0.160881	0.0178571	0.0833334	-0.0654763	0.160881
R	T:T8	CAT	7	3	22	20	0	0	0	1	0	0	0	1
R	T:T8	CD4	7	3	22	20	0.203083	0.314617	-0.111534	0.744954	0.0357143	0.0555557	-0.0198414	0.744954
R	T:T8	CD86	7	3	22	20	0	0	0	1	0	0	0	1
R	T:T8	CREB1	7	3	22	20	0.147946	0.458497	-0.310552	0.261994	0.047619	0.0833334	-0.0357144	0.261994
R	T:T8	CTNNB1	7	3	22	20	0	0	0	1	0	0	0	1
R	T:T8	DNMT1	7	3	22	20	0	1.36173	-1.36173	0.00504372	0	0.361111	-0.361111	0.00504372
R	T:T8	FOXP3	7	3	22	20	0	0	0	1	0	0	0	1
R	T:T8	GABPA	7	3	22	20	0	0.14388	-0.14388	0.19043	0	0.0277778	-0.0277778	0.19043
R	T:T8	HIF1A	7	3	22	20	0.273081	0.458497	-0.185416	0.261994	0.142857	0.0833334	0.0595237	0.261994
R	T:T8	HMOX1	7	3	22	20	0	0	0	1	0	0	0	1
R	T:T8	ICAM1	7	3	22	20	0.169217	0.314617	-0.1454	0.744954	0.0357143	0.0555557	-0.0198414	0.744954
R	T:T8	IFNG	7	3	22	20	1.05879	0.314617	0.744173	0.158259	0.297619	0.0555557	0.242063	0.152856
R	T:T8	IL15	7	3	22	20	0	0	0	1	0	0	0	1
R	T:T8	IL1B	7	3	22	20	0	0	0	1	0	0	0	1
R	T:T8	IL7	7	3	22	20	0	0	0	1	0	0	0	1
R	T:T8	ITGAM	7	3	22	20	0	0	0	1	0	0	0	1
R	T:T8	ITGAX	7	3	22	20	0	0	0	1	0	0	0	1
R	T:T8	JAK1	7	3	22	20	1.20824	1.60652	-0.398286	1	0.5	0.388889	0.111111	0.815827
R	T:T8	LYZ	7	3	22	20	0	0	0	1	0	0	0	1
R	T:T8	MAFB	7	3	22	20	0	0	0	1	0	0	0	1
R	T:T8	MAP1LC3B	7	3	22	20	0.685101	0.635592	0.0495094	1	0.261905	0.138889	0.123016	1
R	T:T8	MAPK14	7	3	22	20	0	0.14388	-0.14388	0.19043	0	0.0277778	-0.0277778	0.19043
R	T:T8	NFKB1	7	3	22	20	0.147946	0.244053	-0.096107	0.744954	0.047619	0.0555557	-0.00793667	0.744954
R	T:T8	NLRP3	7	3	22	20	0	0	0	1	0	0	0	1
R	T:T8	OSM	7	3	22	20	0	0	0	1	0	0	0	1
R	T:T8	PARP1	7	3	22	20	0.599547	0.69805	-0.0985032	1	0.166667	0.166667	4.7619e-08	0.80725
R	T:T8	PIAS1	7	3	22	20	0.492133	0.717596	-0.225463	0.700116	0.190476	0.111111	0.0793648	0.699012
R	T:T8	PKM	7	3	22	20	0.786643	0.436013	0.35063	0.62678	0.172619	0.138889	0.03373	0.807903
R	T:T8	PRKAA1	7	3	22	20	0.432729	0	0.432729	0.416075	0.178571	0	0.178571	0.416075
R	T:T8	PTGS2	7	3	22	20	0	0	0	1	0	0	0	1
R	T:T8	RELA	7	3	22	20	0.203083	0	0.203083	0.662521	0.0357143	0	0.0357143	0.662521
R	T:T8	SH3KBP1	7	3	22	20	0.853756	0.856977	-0.00322095	0.906401	0.369048	0.194444	0.174603	0.905486
R	T:T8	SMAD3	7	3	22	20	0.147946	0.504757	-0.356811	0.515305	0.047619	0.166667	-0.119048	0.515305
R	T:T8	SOD1	7	3	22	20	0.732555	1.17838	-0.445829	0.556602	0.291667	0.277778	0.013889	0.906401
R	T:T8	STAT3	7	3	22	20	0.613763	0.635592	-0.0218291	0.700116	0.178571	0.138889	0.0396824	0.700116
R	T:T8	STAT5A	7	3	22	20	0.584719	0.504757	0.0799619	1	0.333333	0.166667	0.166667	0.796585
R	T:T8	SYK	7	3	22	20	0	0	0	1	0	0	0	1
R	T:T8	TLR4	7	3	22	20	0	0	0	1	0	0	0	1
R	T:T8	TNF	7	3	22	20	0.735456	0.724594	0.010862	0.700116	0.178571	0.138889	0.0396827	0.520912
R	T:T9	ACTA2	6	1	21	2	0	0	0		0	0	0	
R	T:T9	AHR	6	1	21	2	0.541708	0	0.541708		0.208333	0	0.208333	
R	T:T9	AKT1	6	1	21	2	0.11852	0	0.11852		0.0416667	0	0.0416667	
R	T:T9	ARNTL	6	1	21	2	0.16036	0	0.16036		0.0416667	0	0.0416667	
R	T:T9	BCL6	6	1	21	2	0	0	0		0	0	0	
R	T:T9	BECN1	6	1	21	2	0.344965	0	0.344965		0.125	0	0.125	
R	T:T9	BLNK	6	1	21	2	0	0	0		0	0	0	
R	T:T9	BRD4	6	1	21	2	0.16036	0	0.16036		0.0416667	0	0.0416667	
R	T:T9	CAT	6	1	21	2	0	1.4312	-1.4312		0	0.5	-0.5	
R	T:T9	CD4	6	1	21	2	0.60157	0	0.60157		0.162698	0	0.162698	
R	T:T9	CD86	6	1	21	2	0	0	0		0	0	0	
R	T:T9	CREB1	6	1	21	2	0.11852	0	0.11852		0.0416667	0	0.0416667	
R	T:T9	CTNNB1	6	1	21	2	0	0	0		0	0	0	
R	T:T9	DNMT1	6	1	21	2	0.124002	0	0.124002		0.0238095	0	0.0238095	
R	T:T9	FOXP3	6	1	21	2	0	0	0		0	0	0	
R	T:T9	GABPA	6	1	21	2	0.124002	1.4312	-1.3072		0.0238095	0.5	-0.476191	
R	T:T9	HIF1A	6	1	21	2	0.629327	0	0.629327		0.190476	0	0.190476	
R	T:T9	HMOX1	6	1	21	2	0	0	0		0	0	0	
R	T:T9	ICAM1	6	1	21	2	0	0	0		0	0	0	
R	T:T9	IFNG	6	1	21	2	0.198688	0	0.198688		0.0555555	0	0.0555555	
R	T:T9	IL15	6	1	21	2	0	0	0		0	0	0	
R	T:T9	IL1B	6	1	21	2	0	0	0		0	0	0	
R	T:T9	IL7	6	1	21	2	0	0	0		0	0	0	
R	T:T9	ITGAM	6	1	21	2	0	0	0		0	0	0	
R	T:T9	ITGAX	6	1	21	2	0	0	0		0	0	0	
R	T:T9	JAK1	6	1	21	2	0.60555	0	0.60555		0.232143	0	0.232143	
R	T:T9	LYZ	6	1	21	2	0	0	0		0	0	0	
R	T:T9	MAFB	6	1	21	2	0	0	0		0	0	0	
R	T:T9	MAP1LC3B	6	1	21	2	0.442297	1.4312	-0.988903		0.126984	0.5	-0.373016	
R	T:T9	MAPK14	6	1	21	2	0	0	0		0	0	0	
R	T:T9	NFKB1	6	1	21	2	0.11852	0	0.11852		0.0416667	0	0.0416667	
R	T:T9	NLRP3	6	1	21	2	0	0	0		0	0	0	
R	T:T9	OSM	6	1	21	2	0.198688	0	0.198688		0.0555555	0	0.0555555	
R	T:T9	PARP1	6	1	21	2	0.402882	0	0.402882		0.107143	0	0.107143	
R	T:T9	PIAS1	6	1	21	2	0.402882	0	0.402882		0.107143	0	0.107143	
R	T:T9	PKM	6	1	21	2	0.381395	1.4312	-1.04981		0.130952	0.5	-0.369048	
R	T:T9	PRKAA1	6	1	21	2	0	0	0		0	0	0	
R	T:T9	PTGS2	6	1	21	2	0	0	0		0	0	0	
R	T:T9	RELA	6	1	21	2	0.198688	0	0.198688		0.0555555	0	0.0555555	
R	T:T9	SH3KBP1	6	1	21	2	0.242522	1.4312	-1.18868		0.0654762	0.5	-0.434524	
R	T:T9	SMAD3	6	1	21	2	0	0	0		0	0	0	
R	T:T9	SOD1	6	1	21	2	1.31139	0	1.31139		0.46627	0	0.46627	
R	T:T9	STAT3	6	1	21	2	0.947621	0	0.947621		0.269841	0	0.269841	
R	T:T9	STAT5A	6	1	21	2	0.583548	0	0.583548		0.208333	0	0.208333	
R	T:T9	SYK	6	1	21	2	0	0	0		0	0	0	
R	T:T9	TLR4	6	1	21	2	0	0	0		0	0	0	
R	T:T9	TNF	6	1	21	2	0	1.4312	-1.4312		0	0.5	-0.5	
R	unknown	ACTA2	7	8	10593	10128	0.105396	0.0679503	0.0374454	0.151981	0.0249063	0.0166114	0.00829488	0.189277
R	unknown	AHR	7	8	10593	10128	0.497705	0.541677	-0.0439718	0.778866	0.127932	0.152066	-0.0241339	0.463403
R	unknown	AKT1	7	8	10593	10128	0.105377	0.140004	-0.0346274	0.396892	0.0266478	0.0398244	-0.0131766	0.463403
R	unknown	ARNTL	7	8	10593	10128	0.199606	0.196577	0.00302904	0.778866	0.0508856	0.0537804	-0.00289477	1
R	unknown	BCL6	7	8	10593	10128	0.14677	0.0917844	0.0549853	0.120591	0.0368618	0.0213807	0.0154811	0.0540793
R	unknown	BECN1	7	8	10593	10128	0.334567	0.25031	0.0842562	0.0037296	0.0922852	0.0730139	0.0192712	0.120591
R	unknown	BLNK	7	8	10593	10128	0.383695	0.294942	0.0887537	0.280963	0.0989312	0.0795345	0.0193967	0.694328
R	unknown	BRD4	7	8	10593	10128	0.443412	0.401916	0.0414953	0.53582	0.122127	0.117417	0.00470945	0.463403
R	unknown	CAT	7	8	10593	10128	0.228356	0.240516	-0.0121597	0.694328	0.0598624	0.0644336	-0.00457128	0.955089
R	unknown	CD4	7	8	10593	10128	0.333688	0.258181	0.0755066	0.189277	0.0839452	0.0708624	0.0130828	0.463403
R	unknown	CD86	7	8	10593	10128	0.0916814	0.0684971	0.0231842	0.396892	0.0213219	0.0179965	0.00332543	0.866511
R	unknown	CREB1	7	8	10593	10128	0.311384	0.310476	0.000907071	0.53582	0.085855	0.0905466	-0.00469159	0.778866
R	unknown	CTNNB1	7	8	10593	10128	0.262041	0.264388	-0.0023463	0.866511	0.0669484	0.0714659	-0.00451753	0.866511
R	unknown	DNMT1	7	8	10593	10128	0.427276	0.383689	0.0435877	0.778866	0.109032	0.103166	0.00586607	0.955089
R	unknown	FOXP3	7	8	10593	10128	0.259717	0.0534248	0.206292	0.0003108	0.053081	0.0115152	0.0415658	0.000621601
R	unknown	GABPA	7	8	10593	10128	0.111952	0.0850608	0.026891	0.280963	0.0285847	0.0242408	0.00434395	0.866511
R	unknown	HIF1A	7	8	10593	10128	0.615599	0.521699	0.0938995	0.231857	0.17567	0.158442	0.0172285	0.53582
R	unknown	HMOX1	7	8	10593	10128	0.052153	0.03511	0.017043	0.231857	0.0114152	0.00731796	0.00409726	0.0721057
R	unknown	ICAM1	7	8	10593	10128	0.392614	0.402232	-0.0096172	0.955089	0.0954645	0.100694	-0.00522975	0.955089
R	unknown	IFNG	7	8	10593	10128	0.683398	0.805786	-0.122388	0.778866	0.104731	0.121646	-0.0169151	0.612587
R	unknown	IL15	7	8	10593	10128	0.0752418	0.076373	-0.00113122	0.396892	0.0188068	0.0212296	-0.00242284	1
R	unknown	IL1B	7	8	10593	10128	0.152025	0.247683	-0.0956579	0.396892	0.00678548	0.00846271	-0.00167723	0.396892
R	unknown	IL7	7	8	10593	10128	0.0605842	0.0211625	0.0394217	0.0205128	0.0155589	0.00585505	0.00970381	0.0540793
R	unknown	ITGAM	7	8	10593	10128	0.0345095	0.0529619	-0.0184524	0.53582	0.00776923	0.0128632	-0.00509394	0.866511
R	unknown	ITGAX	7	8	10593	10128	0.0431091	0.0675995	-0.0244904	0.396892	0.00830547	0.0153348	-0.00702932	0.53582
R	unknown	JAK1	7	8	10593	10128	1.10328	0.95713	0.14615	0.280963	0.358078	0.324007	0.0340709	0.396892
R	unknown	LYZ	7	8	10593	10128	0.314979	0.798301	-0.483322	0.0205128	0.00704432	0.0120478	-0.00500348	0.0289044
R	unknown	MAFB	7	8	10593	10128	0.0283605	0.0415383	-0.0131779	0.463403	0.00582098	0.00788667	-0.00206568	0.396892
R	unknown	MAP1LC3B	7	8	10593	10128	0.951181	0.857829	0.0933524	0.335664	0.295944	0.273431	0.022513	0.335664
R	unknown	MAPK14	7	8	10593	10128	0.125925	0.147512	-0.0215868	0.463403	0.0330088	0.0404053	-0.00739658	0.335664
R	unknown	NFKB1	7	8	10593	10128	0.445069	0.546745	-0.101677	0.463403	0.120901	0.154246	-0.0333453	0.463403
R	unknown	NLRP3	7	8	10593	10128	0.0307313	0.0538083	-0.023077	0.53582	0.00704271	0.0116955	-0.0046528	0.694328
R	unknown	OSM	7	8	10593	10128	0.0845393	0.0622499	0.0222894	0.463403	0.0181612	0.0157024	0.0024588	0.778866
R	unknown	PARP1	7	8	10593	10128	0.725775	0.549434	0.176342	0.0540793	0.196498	0.160367	0.0361302	0.151981
R	unknown	PIAS1	7	8	10593	10128	0.542194	0.495407	0.0467874	0.778866	0.161956	0.155868	0.00608814	0.778866
R	unknown	PKM	7	8	10593	10128	1.05622	0.789648	0.266569	0.0205128	0.298075	0.224395	0.0736805	0.013986
R	unknown	PRKAA1	7	8	10593	10128	0.230545	0.262132	-0.0315873	0.335664	0.0608702	0.0761555	-0.0152853	0.280963
R	unknown	PTGS2	7	8	10593	10128	0.0256806	0.0495534	-0.0238728	0.151981	0.00364836	0.0100027	-0.00635433	0.0205128
R	unknown	RELA	7	8	10593	10128	0.288585	0.274308	0.0142772	0.778866	0.0802723	0.0782517	0.00202057	0.778866
R	unknown	SH3KBP1	7	8	10593	10128	0.599707	0.573675	0.0260315	0.955089	0.17261	0.176795	-0.00418548	0.866511
R	unknown	SMAD3	7	8	10593	10128	0.181915	0.198136	-0.0162213	0.955089	0.0463355	0.0544643	-0.00812884	0.694328
R	unknown	SOD1	7	8	10593	10128	1.17503	0.902794	0.272235	0.00932401	0.386175	0.297611	0.0885639	0.0400932
R	unknown	STAT3	7	8	10593	10128	1.07778	0.957789	0.11999	0.396892	0.343302	0.308969	0.0343324	0.612587
R	unknown	STAT5A	7	8	10593	10128	0.211725	0.155449	0.0562763	0.151981	0.0553612	0.0423794	0.0129818	0.189277
R	unknown	SYK	7	8	10593	10128	0.278645	0.226562	0.0520836	0.53582	0.0673555	0.0597019	0.00765362	0.694328
R	unknown	TLR4	7	8	10593	10128	0.00227104	0.00960287	-0.00733183	0.550097	0.000604031	0.00244561	-0.00184158	0.632585
R	unknown	TNF	7	8	10593	10128	0.876214	1.2628	-0.38659	0.151981	0.168993	0.264812	-0.0958183	0.0721057
