evidence_source	evidence_id	subject_id	subject_type	subject_name	matched_terms	match_score	external_id	title_or_condition	evidence_detail	journal_or_registry	year_or_date	doi_or_url
HERB_high_throughput_experiment	HBEXP001495	HBDIS000615	Disease	Colitis	colitis	3.0	GSE2172	Colitis	Mus musculus | Expression profiling by array | Microarray	GEO		dz:401
HERB_high_throughput_experiment	HBEXP001693	HBDIS000615	Disease	Colitis	colitis	3.0	GSE34874	Colitis	Mus musculus | Expression profiling by array | Microarray	GEO		dz:800
HERB_high_throughput_experiment	HBEXP001943	HBDIS000615	Disease	Colitis	colitis	3.0	GSE6731	Colitis	Homo sapiens | Expression profiling by array | Microarray	GEO		dz:761
HERB_high_throughput_experiment	HBEXP001132	HBDIS000616	Disease	Ulcerative Colitis	colitis;ulcerative colitis	6.0	GSE102746	Ulcerative Colitis	Homo sapiens | Expression profiling by high throughput sequencing | High-throughput sequencing	GEO		NA
HERB_high_throughput_experiment	HBEXP001235	HBDIS000616	Disease	Ulcerative Colitis	colitis;ulcerative colitis	6.0	GSE152999	Ulcerative Colitis	Homo sapiens | Expression profiling by high throughput sequencing | High-throughput sequencing | iPSCs-derived Organoids	GEO		NA
HERB_high_throughput_experiment	HBEXP001236	HBDIS000616	Disease	Ulcerative Colitis	colitis;ulcerative colitis	6.0	GSE152999	Ulcerative Colitis	Homo sapiens | Expression profiling by high throughput sequencing | High-throughput sequencing | iPSCs-derived Organoids	GEO		NA
HERB_high_throughput_experiment	HBEXP001430	HBDIS000616	Disease	Ulcerative Colitis	colitis;ulcerative colitis	6.0	GSE1710	Ulcerative Colitis	Homo sapiens | Expression profiling by array | Microarray	GEO		dz:264
HERB_high_throughput_experiment	HBEXP001667	HBDIS000616	Disease	Ulcerative Colitis	colitis;ulcerative colitis	6.0	GSE3365	Ulcerative Colitis	Homo sapiens | Expression profiling by array | Microarray	GEO		dz:188
HERB_high_throughput_experiment	HBEXP001944	HBDIS000616	Disease	Ulcerative Colitis	colitis;ulcerative colitis	6.0	GSE6731	Ulcerative Colitis	Homo sapiens | Expression profiling by array | Microarray	GEO		dz:249
HERB_high_throughput_experiment	HBEXP001431	HBDIS000686	Disease	Crohn Disease	crohn	3.0	GSE1710	Crohn Disease	Homo sapiens | Expression profiling by array | Microarray	GEO		dz:992
HERB_high_throughput_experiment	HBEXP001668	HBDIS000686	Disease	Crohn Disease	crohn	3.0	GSE3365	Crohn Disease	Homo sapiens | Expression profiling by array | Microarray	GEO		dz:794
HERB_high_throughput_experiment	HBEXP001945	HBDIS000686	Disease	Crohn Disease	crohn	3.0	GSE6731	Crohn Disease	Homo sapiens | Expression profiling by array | Microarray	GEO		dz:758
HERB_high_throughput_experiment	HBEXP001946	HBDIS000686	Disease	Crohn Disease	crohn	3.0	GSE6731	Crohn Disease	Homo sapiens | Expression profiling by array | Microarray	GEO		dz:757
HERB_high_throughput_experiment	HBEXP001751	HBDIS001548	Disease	Inflammatory Bowel Diseases	inflammatory bowel disease	3.0	GSE4183	Inflammatory Bowel Diseases	Homo sapiens | Expression profiling by array | Microarray	GEO		dz:551
HERB_high_throughput_experiment	HBEXP001313	HBDIS008542	Disease	Chronic Left-Sided Ulcerative Colitis	colitis;ulcerative colitis	6.0	GSE11223	Chronic Left-Sided Ulcerative Colitis	Homo sapiens | Expression profiling by array | Microarray	GEO		dz:590
HERB_high_throughput_experiment	HBEXP001314	HBDIS008542	Disease	Chronic Left-Sided Ulcerative Colitis	colitis;ulcerative colitis	6.0	GSE11223	Chronic Left-Sided Ulcerative Colitis	Homo sapiens | Expression profiling by array | Microarray	GEO		dz:591
HERB_high_throughput_experiment	HBEXP001315	HBDIS008542	Disease	Chronic Left-Sided Ulcerative Colitis	colitis;ulcerative colitis	6.0	GSE11223	Chronic Left-Sided Ulcerative Colitis	Homo sapiens | Expression profiling by array | Microarray	GEO		dz:593
HERB_high_throughput_experiment	HBEXP001316	HBDIS008542	Disease	Chronic Left-Sided Ulcerative Colitis	colitis;ulcerative colitis	6.0	GSE11223	Chronic Left-Sided Ulcerative Colitis	Homo sapiens | Expression profiling by array | Microarray	GEO		dz:589
HERB_high_throughput_experiment	HBEXP001317	HBDIS008542	Disease	Chronic Left-Sided Ulcerative Colitis	colitis;ulcerative colitis	6.0	GSE11223	Chronic Left-Sided Ulcerative Colitis	Homo sapiens | Expression profiling by array | Microarray	GEO		dz:588
HERB_high_throughput_experiment	HBEXP001318	HBDIS008542	Disease	Chronic Left-Sided Ulcerative Colitis	colitis;ulcerative colitis	6.0	GSE11223	Chronic Left-Sided Ulcerative Colitis	Homo sapiens | Expression profiling by array | Microarray	GEO		dz:587
HERB_high_throughput_experiment	HBEXP001319	HBDIS008542	Disease	Chronic Left-Sided Ulcerative Colitis	colitis;ulcerative colitis	6.0	GSE11223	Chronic Left-Sided Ulcerative Colitis	Homo sapiens | Expression profiling by array | Microarray	GEO		dz:586
HERB_high_throughput_experiment	HBEXP001320	HBDIS008542	Disease	Chronic Left-Sided Ulcerative Colitis	colitis;ulcerative colitis	6.0	GSE11223	Chronic Left-Sided Ulcerative Colitis	Homo sapiens | Expression profiling by array | Microarray	GEO		dz:585
HERB_high_throughput_experiment	HBEXP001508	HBDIS008542	Disease	Chronic Left-Sided Ulcerative Colitis	colitis;ulcerative colitis	6.0	GSE22619	Chronic Left-Sided Ulcerative Colitis	Homo sapiens | Expression profiling by array | Microarray	GEO		dz:710
HERB_high_throughput_experiment	HBEXP001669	HBDIS008542	Disease	Chronic Left-Sided Ulcerative Colitis	colitis;ulcerative colitis	6.0	GSE3365	Chronic Left-Sided Ulcerative Colitis	Homo sapiens | Expression profiling by array | Microarray	GEO		dz:762
HERB_high_throughput_experiment	HBEXP001723	HBDIS008542	Disease	Chronic Left-Sided Ulcerative Colitis	colitis;ulcerative colitis	6.0	GSE37283	Chronic Left-Sided Ulcerative Colitis	Homo sapiens | Expression profiling by array | Microarray	GEO		dz:594
HERB_high_throughput_experiment	HBEXP001736	HBDIS008542	Disease	Chronic Left-Sided Ulcerative Colitis	colitis;ulcerative colitis	6.0	GSE38713	Chronic Left-Sided Ulcerative Colitis	Homo sapiens | Expression profiling by array | Microarray	GEO		dz:810
HERB_high_throughput_experiment	HBEXP001947	HBDIS008542	Disease	Chronic Left-Sided Ulcerative Colitis	colitis;ulcerative colitis	6.0	GSE6731	Chronic Left-Sided Ulcerative Colitis	Homo sapiens | Expression profiling by array | Microarray	GEO		dz:759
HERB_high_throughput_experiment	HBEXP001948	HBDIS008542	Disease	Chronic Left-Sided Ulcerative Colitis	colitis;ulcerative colitis	6.0	GSE6731	Chronic Left-Sided Ulcerative Colitis	Homo sapiens | Expression profiling by array | Microarray	GEO		dz:760
HERB_high_throughput_experiment	HBEXP002015	HBDIS008542	Disease	Chronic Left-Sided Ulcerative Colitis	colitis;ulcerative colitis	6.0	GSE9452	Chronic Left-Sided Ulcerative Colitis	Homo sapiens | Expression profiling by array | Microarray	GEO		dz:924
HERB_high_throughput_experiment	HBEXP002016	HBDIS008542	Disease	Chronic Left-Sided Ulcerative Colitis	colitis;ulcerative colitis	6.0	GSE9452	Chronic Left-Sided Ulcerative Colitis	Homo sapiens | Expression profiling by array | Microarray	GEO		dz:454
HERB_high_throughput_experiment	HBEXP002017	HBDIS008542	Disease	Chronic Left-Sided Ulcerative Colitis	colitis;ulcerative colitis	6.0	GSE9452	Chronic Left-Sided Ulcerative Colitis	Homo sapiens | Expression profiling by array | Microarray	GEO		dz:923
HERB_high_throughput_experiment	HBEXP001191	HBDIS022612	Disease	Ulcerative Colitis Or Crohn'S	colitis;crohn;ulcerative colitis	9.0	GSE135170	Ulcerative Colitis Or Crohn'S	Homo sapiens | Expression profiling by high throughput sequencing | High-throughput sequencing	GEO		NA
HERB_high_throughput_experiment	HBEXP001192	HBDIS022612	Disease	Ulcerative Colitis Or Crohn'S	colitis;crohn;ulcerative colitis	9.0	GSE135170	Ulcerative Colitis Or Crohn'S	Homo sapiens | Expression profiling by high throughput sequencing | High-throughput sequencing	GEO		NA
HERB_high_throughput_experiment	HBEXP001193	HBDIS022612	Disease	Ulcerative Colitis Or Crohn'S	colitis;crohn;ulcerative colitis	9.0	GSE135223	Ulcerative Colitis Or Crohn'S	Homo sapiens | Expression profiling by high throughput sequencing | High-throughput sequencing	GEO		NA
HERB_meta_analysis	HBMA005658	HBFO000153	Formula	Bai Tou Weng Tang / 白头翁汤 / Bai Tou Weng Decoction	colitis;ulcerative colitis	6.0	CRD42019131141	Pulsatilla decoction (traditional chinese medicine ) for ulcerative colitis: a systematic review and meta analysis	NA	PROSPERO/CRD	2019-08-19	 
HERB_meta_analysis	HBMA005659	HBFO000153	Formula	Bai Tou Weng Tang / 白头翁汤 / Bai Tou Weng Decoction	colitis;inflammatory bowel disease;ulcerative colitis	9.0	CRD42022360996	A network meta-analysis of five commonly used traditional Chinese medicine prescriptions in the treatment of ulcerative colitis	NA	PROSPERO/CRD	2022-10-07	NA
HERB_meta_analysis	HBMA005663	HBFO000153	Formula	Bai Tou Weng Tang / 白头翁汤 / Bai Tou Weng Decoction	colitis;ulcerative colitis	6.0	CRD42023410216	Efficacy of Baitouweng decoction in treatment of ulcerative colitis: A systematic review and meta analysis	NA	PROSPERO/CRD	2023-04-01	NA
HERB_meta_analysis	HBMA006689	HBFO000153	Formula	Bai Tou Weng Tang / 白头翁汤 / Bai Tou Weng Decoction	colitis;ulcerative colitis	6.0	CRD42023451939	Efficacy and Safety of Chinese Medicinal Prescriptions combined with Conventional Western Medicines in treatment of ulcerative colitis: A Network Meta-analysis	NA	PROSPERO/CRD	2023-08-17	NA
HERB_reference	HBREF007165	HBFO000153	Formula	Bai Tou Weng Tang / 白头翁汤 / Bai Tou Weng Decoction	colitis;ulcerative colitis	6.0	33597862	Baitouweng Decoction Ameliorates Ulcerative Colitis in Mice Partially Attributed to Regulating Th17/Treg Balance and Restoring Intestinal Epithelial Barrier	Animal Experiment	Front Pharmacol	2021	10.3389/fphar.2020.531117
HERB_reference	HBREF007166	HBFO000153	Formula	Bai Tou Weng Tang / 白头翁汤 / Bai Tou Weng Decoction	colitis;ulcerative colitis	6.0	36581160	Baitouweng decoction alleviates dextran sulfate sodium-induced ulcerative colitis by suppressing leucine-related mTORC1 signaling and reducing oxidative stress	Animal Experiment	J Ethnopharmacol	2023	10.1016/j.jep.2022.116095
HERB_meta_analysis	HBMA005702	HBFO000212	Formula	BAN XIA XIE XIN TANG / 半夏泻心汤 / Banxia Xiexin Decoction; Ban Xia Xie Xin Decoction	colitis;ulcerative colitis	6.0	CRD42020194084	Comparative Efficacy of Xinkai Kujiang Decoction in the Treatment of Ulcerative Colitis: a systematic review and network meta-analysis	NA	PROSPERO/CRD	2020-07-25	NA
HERB_meta_analysis	HBMA006690	HBFO000212	Formula	BAN XIA XIE XIN TANG / 半夏泻心汤 / Banxia Xiexin Decoction; Ban Xia Xie Xin Decoction	colitis;ulcerative colitis	6.0	CRD42023451939	Efficacy and Safety of Chinese Medicinal Prescriptions combined with Conventional Western Medicines in treatment of ulcerative colitis: A Network Meta-analysis	NA	PROSPERO/CRD	2023-08-17	NA
HERB_reference	HBREF007171	HBFO000360	Formula	Bu Pi Yi Chang Wan / 补脾益肠丸 / Bupi Yichang Pill; Bu Pi Yi Chang Pill	colitis;inflammatory bowel disease;ulcerative colitis	9.0	35395566	Bupi Yichang Pill alleviates dextran sulfate sodium-induced ulcerative colitis in mice by regulating the homeostasis of follicular helper T cells	Animal Experiment	Phytomedicine	2022	10.1016/j.phymed.2022.154091
HERB_meta_analysis	HBMA005660	HBFO000431	Formula	Shenling Baizhu San / 参苓白术散 / Shen Ling Bai Zhu Powder; Shenling Baizhu Powder	colitis;inflammatory bowel disease;ulcerative colitis	9.0	CRD42022360996	A network meta-analysis of five commonly used traditional Chinese medicine prescriptions in the treatment of ulcerative colitis	NA	PROSPERO/CRD	2022-10-07	NA
HERB_meta_analysis	HBMA005891	HBFO000431	Formula	Shenling Baizhu San / 参苓白术散 / Shen Ling Bai Zhu Powder; Shenling Baizhu Powder	colitis;ulcerative colitis	6.0	CRD42018100477	Shen-Ling-Bai-Zhu-San for ulcerative colitis: a meta-analysis of randomized controlled trials	NA	PROSPERO/CRD	2018-07-17	NA
HERB_meta_analysis	HBMA006691	HBFO000431	Formula	Shenling Baizhu San / 参苓白术散 / Shen Ling Bai Zhu Powder; Shenling Baizhu Powder	colitis;ulcerative colitis	6.0	CRD42023451939	Efficacy and Safety of Chinese Medicinal Prescriptions combined with Conventional Western Medicines in treatment of ulcerative colitis: A Network Meta-analysis	NA	PROSPERO/CRD	2023-08-17	NA
HERB_reference	HBREF007192	HBFO000431	Formula	Shenling Baizhu San / 参苓白术散 / Shen Ling Bai Zhu Powder; Shenling Baizhu Powder	colitis;ulcerative colitis	6.0	32547403	Shen-Ling-Bai-Zhu-San Improves Dextran Sodium Sulfate-Induced Colitis by Inhibiting Caspase-1/Caspase-11-Mediated Pyroptosis	Animal Experiment	Front Pharmacol	2020	10.3389/fphar.2020.00814
HERB_reference	HBREF007194	HBFO000431	Formula	Shenling Baizhu San / 参苓白术散 / Shen Ling Bai Zhu Powder; Shenling Baizhu Powder	enteritis	3.0	33897431	Shenling Baizhu Powder Inhibits RV-SA11-Induced Inflammation and Rotavirus Enteritis via TLR4/MyD88/NF-κB Signaling Pathway	Cell Experiment	Front Pharmacol	2021	10.3389/fphar.2021.642685
HERB_reference	HBREF007215	HBFO000733	Formula	Dai Huang Mu Dan Tang / 大黄牡丹汤 / Da Huang Mu Dan Decoction	colitis;ulcerative colitis	6.0	36038092	Dahuang Mudan decoction repairs intestinal barrier in chronic colitic mice by regulating the function of ILC3	Animal & Cell Experiment	J Ethnopharmacol	2022	10.1016/j.jep.2022.115652
HERB_reference	HBREF007216	HBFO000740	Formula	DA JIAN ZHONG TANG / 大建中汤 / Dajian Zhong Decoction; Da Jian Zhong Decoction	colitis;crohn;inflammatory bowel disease	9.0	30254408	Daikenchuto (Da-Jian-Zhong-Tang) ameliorates intestinal fibrosis by activating myofibroblast transient receptor potential ankyrin 1 channel	Animal & Cell Experiment	World J Gastroenterol	2018	10.3748/wjg.v24.i35.4036
HERB_meta_analysis	HBMA005703	HBFO001501	Formula	GAN CAO XIE XIN TANG / 甘草泻心汤 / Gancao Xiexin Decoction; Gan Cao Xie Xin Decoction	colitis;ulcerative colitis	6.0	CRD42020194084	Comparative Efficacy of Xinkai Kujiang Decoction in the Treatment of Ulcerative Colitis: a systematic review and network meta-analysis	NA	PROSPERO/CRD	2020-07-25	NA
HERB_meta_analysis	HBMA006135	HBFO001698	Formula	GubenYichangPian / 固本益肠片 / Gu Ben Yi Chang Tablet; Guben Yichang Tablet	colitis;crohn;inflammatory bowel disease;ulcerative colitis	12.0	CRD42022358281	Guben Yichang Tablet for Ulcerative Colitis: A Systematic Review and Meta-analysis	NA	PROSPERO/CRD	2022-09-21	NA
HERB_reference	HBREF007290	HBFO002061	Formula	Huang Lian Jie Du Tang / 黄连解毒汤 / Huang Lian Jie Du Decoction	colitis;ulcerative colitis	6.0	31849642	Huang-Lian-Jie-Du Decoction Ameliorates Acute Ulcerative Colitis in Mice via Regulating NF-κB and Nrf2 Signaling Pathways and Enhancing Intestinal Barrier Function	Animal Experiment	Front Pharmacol	2019	10.3389/fphar.2019.01354
HERB_reference	HBREF007291	HBFO002061	Formula	Huang Lian Jie Du Tang / 黄连解毒汤 / Huang Lian Jie Du Decoction	colitis;ulcerative colitis	6.0	32411291	Huanglian Jiedu Decoction ameliorates DSS-induced colitis in mice via the JAK2/STAT3 signalling pathway	Animal Experiment	Chin Med	2020	10.1186/s13020-020-00327-9
HERB_reference	HBREF007302	HBFO002068	Formula	HUANG LIAN TANG / 黄连汤 / Huang Lian Decoction; Huanglian Decoction	colitis;ulcerative colitis	6.0	36209702	Classical prescription Huanglian Decoction relieves ulcerative colitis via maintaining intestinal barrier integrity and modulating gut microbiota	Animal Experiment	Phytomedicine	2022	10.1016/j.phymed.2022.154468
HERB_meta_analysis	HBMA006193	HBFO002089	Formula	Huang Qin Tang / 黄芩汤 / Huang Qin Decoction; Huangqin Decoction	colitis;inflammatory bowel disease;ulcerative colitis	9.0	CRD42021234614	Chinese herbal formula huangqin decoction for ulcerative colitis: a systematic review and meta-analysis of randomized clinical trials	NA	PROSPERO/CRD	2021-03-03	NA
HERB_reference	HBREF007306	HBFO002089	Formula	Huang Qin Tang / 黄芩汤 / Huang Qin Decoction; Huangqin Decoction	colitis;ulcerative colitis	6.0	32038240	Anti-Inflammatory Effects of Huangqin Decoction on Dextran Sulfate Sodium-Induced Ulcerative Colitis in Mice Through Regulation of the Gut Microbiota and Suppression of the Ras-PI3K-Akt-HIF-1α and NF-κB Pathways	Animal Experiment	Front Pharmacol	2020	10.3389/fphar.2019.01552
HERB_reference	HBREF007307	HBFO002089	Formula	Huang Qin Tang / 黄芩汤 / Huang Qin Decoction; Huangqin Decoction	colitis	3.0	35462890	Huangqin Tang Interference With Colitis Associated Colorectal Cancer Through Regulation of Epithelial Mesenchymal Transition and Cell Cycle	Animal Experiment	Front Pharmacol	2022	10.3389/fphar.2022.837217
HERB_reference	HBREF007308	HBFO002089	Formula	Huang Qin Tang / 黄芩汤 / Huang Qin Decoction; Huangqin Decoction	colitis;ulcerative colitis	6.0	35568112	Study on the mechanism of Huangqin Decoction on rats with ulcerative colitis of damp-heat type base on mtDNA, TLR4, p-PI3K, p-Akt protein expression and microbiota	Animal Experiment	J Ethnopharmacol	2022	10.1016/j.jep.2022.115356
HERB_reference	HBREF007310	HBFO002089	Formula	Huang Qin Tang / 黄芩汤 / Huang Qin Decoction; Huangqin Decoction	colitis;ulcerative colitis	6.0	36155218	Huang Qin Decoction inhibits the initiation of experimental colitis associated carcinogenesis by controlling the PAD4 dependent NETs	Animal Experiment	Phytomedicine	2022	10.1016/j.phymed.2022.154454
HERB_reference	HBREF007311	HBFO002169	Formula	Huoxiang Zhengqi Koufuye / 藿香正气口服液 / Huoxiang Zhengqi Oral Liquid; Huo Xiang Zheng Qi Oral Liquid	enteritis	3.0	35401199	Modulatory Effects of Huoxiang Zhengqi Oral Liquid on Gut Microbiome Homeostasis Based on Healthy Adults and Antibiotic-Induced Gut Microbial Dysbiosis Mice Model	Clinical & Animal Experiment	Front Pharmacol	2022	10.3389/fphar.2022.841990
HERB_reference	HBREF007345	HBFO003675	Formula	Ren Shen Bai Du San / 人参败毒散 / Ren Shen Bai Du Powder	colitis;inflammatory bowel disease;ulcerative colitis	9.0	36034874	Renshen Baidu powder protects ulcerative colitis via inhibiting the PI3K/Akt/NF-κB signaling pathway	Animal Experiment	Front Pharmacol	2022	10.3389/fphar.2022.880589
HERB_reference	HBREF007352	HBFO003796	Formula	SAN HUANG XIE XIN TANG / 三黄泻心汤 / San Huang Xie Xin Decoction	colitis;ulcerative colitis	6.0	35843414	Sanhuang Xiexin decoction ameliorates DSS-induced colitis in mice by regulating intestinal inflammation, intestinal barrier, and intestinal flora	Animal Experiment	J Ethnopharmacol	2022	10.1016/j.jep.2022.115537
HERB_reference	HBREF007353	HBFO003796	Formula	SAN HUANG XIE XIN TANG / 三黄泻心汤 / San Huang Xie Xin Decoction	colitis;ulcerative colitis	6.0	36058478	Sanhuang xiexin decoction ameliorates secondary liver injury in DSS-induced colitis involve regulating inflammation and bile acid metabolism	Animal Experiment	J Ethnopharmacol	2022	10.1016/j.jep.2022.115682
HERB_meta_analysis	HBMA005661	HBFO003960	Formula	Shao Yao Tang / 芍药汤 / Shao Yao Decoction; Shaoyao Decoction	colitis;inflammatory bowel disease;ulcerative colitis	9.0	CRD42022360996	A network meta-analysis of five commonly used traditional Chinese medicine prescriptions in the treatment of ulcerative colitis	NA	PROSPERO/CRD	2022-10-07	NA
HERB_meta_analysis	HBMA006344	HBFO003960	Formula	Shao Yao Tang / 芍药汤 / Shao Yao Decoction; Shaoyao Decoction	colitis;ulcerative colitis	6.0	CRD42019139015	Shaoyao decoction (traditional Chinese medicine ) for ulcerative colitis: a systematic review and meta analysis	NA	PROSPERO/CRD	2019-08-19	NA
HERB_meta_analysis	HBMA006692	HBFO003960	Formula	Shao Yao Tang / 芍药汤 / Shao Yao Decoction; Shaoyao Decoction	colitis;ulcerative colitis	6.0	CRD42023451939	Efficacy and Safety of Chinese Medicinal Prescriptions combined with Conventional Western Medicines in treatment of ulcerative colitis: A Network Meta-analysis	NA	PROSPERO/CRD	2023-08-17	NA
HERB_meta_analysis	HBMA006792	HBFO003960	Formula	Shao Yao Tang / 芍药汤 / Shao Yao Decoction; Shaoyao Decoction	colitis;inflammatory bowel disease;ulcerative colitis	9.0	CRD42023423361	Shaoyao Tang&#xff08;Shaoyao Decoction&#xff09;for the treatment of ulcerative colitis&#xff1a;A protocol for systematic review and meta-analysis	NA	PROSPERO/CRD	2023-05-16	NA
HERB_meta_analysis	HBMA006793	HBFO003960	Formula	Shao Yao Tang / 芍药汤 / Shao Yao Decoction; Shaoyao Decoction	colitis;ulcerative colitis	6.0	CRD42023442921	Shaoyao tang for ulcerative colitis Protocol for a systematic review and meta-analysis	NA	PROSPERO/CRD	2023-08-10	NA
HERB_reference	HBREF007358	HBFO003960	Formula	Shao Yao Tang / 芍药汤 / Shao Yao Decoction; Shaoyao Decoction	colitis;ulcerative colitis	6.0	24766737	ShaoYao decoction ameliorates colitis-associated colorectal cancer by downregulating proinflammatory cytokines and promoting epithelial-mesenchymal transition	Animal Experiment	J Transl Med	2014	10.1186/1479-5876-12-105
HERB_reference	HBREF007359	HBFO003960	Formula	Shao Yao Tang / 芍药汤 / Shao Yao Decoction; Shaoyao Decoction	colitis;inflammatory bowel disease	6.0	33959000	Shaoyao Decoction Inhibits Inflammation and Improves Intestinal Barrier Function in Mice With Dextran Sulfate Sodium-Induced Colitis	Animal Experiment	Front Pharmacol	2021	10.3389/fphar.2021.524287
HERB_reference	HBREF007360	HBFO003960	Formula	Shao Yao Tang / 芍药汤 / Shao Yao Decoction; Shaoyao Decoction	colitis;ulcerative colitis	6.0	34583225	Shaoyao decoction attenuates DSS-induced ulcerative colitis, macrophage and NLRP3 inflammasome activation through the MKP1/NF-κB pathway	Animal & Cell Experiment	Phytomedicine	2021	10.1016/j.phymed.2021.153743
HERB_reference	HBREF007361	HBFO003960	Formula	Shao Yao Tang / 芍药汤 / Shao Yao Decoction; Shaoyao Decoction	enteritis	3.0	35245630	Anti-inflammatory and anti-apoptotic effects of Shaoyao decoction on X-ray radiation-induced enteritis of C57BL/6 mice	Animal Experiment	J Ethnopharmacol	2022	10.1016/j.jep.2022.115158
HERB_reference	HBREF007386	HBFO004358	Formula	Si Ni San / 四逆散 / Si Ni Powder	colitis;ulcerative colitis	6.0	33611210	Si-Ni-San ameliorates chronic colitis by modulating type I interferons-mediated inflammation	Animal Experiment	Phytomedicine	2021	10.1016/j.phymed.2021.153495
HERB_reference	HBREF007393	HBFO004359	Formula	Sini Tang / 四逆汤 / Sini Decoction; Si Ni Decoction	colitis;inflammatory bowel disease	6.0	33776762	Sini Decoction Ameliorates Colorectal Cancer and Modulates the Composition of Gut Microbiota in Mice	Animal Experiment	Front Pharmacol	2021	10.3389/fphar.2021.609992
HERB_reference	HBREF007394	HBFO004361	Formula	Sishen Wan / 四神丸 / Si Shen Pill; Sishen Pill	colitis;inflammatory bowel disease	6.0	30894816	Sishen Wan® Ameliorated Trinitrobenzene-Sulfonic-Acid-Induced Chronic Colitis via NEMO/NLK Signaling Pathway	Animal Experiment	Front Pharmacol	2019	10.3389/fphar.2019.00170
HERB_reference	HBREF007395	HBFO004361	Formula	Sishen Wan / 四神丸 / Si Shen Pill; Sishen Pill	colitis;inflammatory bowel disease	6.0	32714185	Effect of Sishen Pill on Memory T Cells From Experimental Colitis Induced by Dextran Sulfate Sodium	Animal Experiment	Front Pharmacol	2020	10.3389/fphar.2020.00908
HERB_meta_analysis	HBMA006453	HBFO004579	Formula	Tong Xie Yao Fang （ Yuan Ming ： Bai Zhu Shao Yao San ） / 痛泻要方 / Tong Xie Yao Recipe	inflammatory bowel disease	3.0	CRD42021285829	The efficacy and safety of Tong-xie-yao-fang on Diarrheal irritable bowel syndrome: A Systematic Review and Meta-analysis	NA	PROSPERO/CRD	2021-11-18	NA
HERB_reference	HBREF007419	HBFO004579	Formula	Tong Xie Yao Fang （ Yuan Ming ： Bai Zhu Shao Yao San ） / 痛泻要方 / Tong Xie Yao Recipe	colitis;ulcerative colitis	6.0	29713130	Mucosa repair mechanisms of Tong-Xie-Yao-Fang mediated by CRH-R2 in murine, dextran sulfate sodium-induced colitis	Animal Experiment	World J Gastroenterol	2018	10.3748/wjg.v24.i16.1766
HERB_meta_analysis	HBMA006478	HBFO004768	Formula	WU MEI TANG / 乌梅汤 / Wu Mei Decoction	colitis;crohn;ulcerative colitis	9.0	CRD42014010287	Chinese herbal medicine (Wumei) for ulcerative colitis: a meta-analysis of randomized controlled trials	NA	PROSPERO/CRD	2014-06-18	NA
HERB_meta_analysis	HBMA006479	HBFO004768	Formula	WU MEI TANG / 乌梅汤 / Wu Mei Decoction	colitis;crohn;enteritis;ulcerative colitis	12.0	CRD42020164010	Wumei Decocoction for Ulcerative colitis: a protocol of systematic review and meta-analysis	NA	PROSPERO/CRD	2020-04-28	NA
HERB_meta_analysis	HBMA006481	HBFO004768	Formula	WU MEI TANG / 乌梅汤 / Wu Mei Decoction	colitis;crohn;enteritis;ulcerative colitis	12.0	CRD42020173362	Efficacy and safety evaluation of Wumei Decoction combined with western medicine for patients with Ulcerative Colitis: a protocol of systematic review and meta-analysis	NA	PROSPERO/CRD	2020-04-28	NA
HERB_meta_analysis	HBMA005704	HBFO004769	Formula	Wu Mei Wan / 乌梅丸 / Wumei Pill; Wu Mei Pill	colitis;ulcerative colitis	6.0	CRD42020194084	Comparative Efficacy of Xinkai Kujiang Decoction in the Treatment of Ulcerative Colitis: a systematic review and network meta-analysis	NA	PROSPERO/CRD	2020-07-25	NA
HERB_meta_analysis	HBMA006480	HBFO004769	Formula	Wu Mei Wan / 乌梅丸 / Wumei Pill; Wu Mei Pill	colitis;crohn;enteritis;ulcerative colitis	12.0	CRD42020164010	Wumei Decocoction for Ulcerative colitis: a protocol of systematic review and meta-analysis	NA	PROSPERO/CRD	2020-04-28	NA
HERB_meta_analysis	HBMA006813	HBFO004769	Formula	Wu Mei Wan / 乌梅丸 / Wumei Pill; Wu Mei Pill	colitis;ulcerative colitis	6.0	CRD42023423345	Efficacy and safety of Wumei pill combined with acupuncture and moxibustion in the treatment of ulcerative colitis&#xff1a;a protocol for systematic review and meta-analysis	NA	PROSPERO/CRD	2023-05-16	NA
HERB_reference	HBREF007423	HBFO004769	Formula	Wu Mei Wan / 乌梅丸 / Wumei Pill; Wu Mei Pill	colitis;inflammatory bowel disease	6.0	34399822	Traditional herbal formula Wu-Mei-Wan alleviates TNBS-induced colitis in mice by inhibiting necroptosis through increasing RIPK3 O-GlcNAcylation	Animal Experiment	Chin Med	2021	10.1186/s13020-021-00493-4
HERB_reference	HBREF007424	HBFO004769	Formula	Wu Mei Wan / 乌梅丸 / Wumei Pill; Wu Mei Pill	colitis;ulcerative colitis	6.0	35387334	Wu-Mei-Wan Ameliorates Murine Ulcerative Colitis by Regulating Macrophage Polarization	Animal Experiment	Front Pharmacol	2022	10.3389/fphar.2022.859167
HERB_reference	HBREF007425	HBFO004769	Formula	Wu Mei Wan / 乌梅丸 / Wumei Pill; Wu Mei Pill	colitis	3.0	35927991	Wumei Pill Ameliorates AOM/DSS-Induced Colitis-Associated Colon Cancer through Inhibition of Inflammation and Oxidative Stress by Regulating S-Adenosylhomocysteine Hydrolase- (AHCY-) Mediated Hedgehog Signaling in Mice	Animal Experiment	Oxid Med Cell Longev	2022	10.1155/2022/4061713
HERB_meta_analysis	HBMA006485	HBFO004855	Formula	Xi Huang Wan / 西黄丸 / Xi Huang Pill; Xihuang Pill	proctitis	3.0	CRD42022368098	Meta-analysis of the efficacy and safety of xihuang pill/capsule combined with chemoradiotherapy in the treatment of cervical cancer	NA	PROSPERO/CRD	2022-10-30	NA
HERB_meta_analysis	HBMA005662	HBFO004874	Formula	Xi Lei San / 锡类散 / Xi Lei Powder	colitis;inflammatory bowel disease;ulcerative colitis	9.0	CRD42022360996	A network meta-analysis of five commonly used traditional Chinese medicine prescriptions in the treatment of ulcerative colitis	NA	PROSPERO/CRD	2022-10-07	NA
HERB_meta_analysis	HBMA006486	HBFO004926	Formula	Xiang Lian Wan / 香连丸 / Xiang Lian Pill; Xianglian Pill	enteritis	3.0	CRD42020215793	Efficacy of Xianglian Pill for Antibiotic-associated Diarrhea A Systematic Review And A Meta-analysis	NA	PROSPERO/CRD	2020-11-22	NA
HERB_reference	HBREF007434	HBFO004926	Formula	Xiang Lian Wan / 香连丸 / Xiang Lian Pill; Xianglian Pill	colitis;ulcerative colitis	6.0	33584273	Xianglian Pill Suppresses Inflammation and Protects Intestinal Epithelial Barrier by Promoting Autophagy in DSS Induced Ulcerative Colitis Mice	Animal Experiment	Front Pharmacol	2021	10.3389/fphar.2020.594847
HERB_reference	HBREF007435	HBFO004926	Formula	Xiang Lian Wan / 香连丸 / Xiang Lian Pill; Xianglian Pill	colitis;ulcerative colitis	6.0	36075274	Xianglian Pill attenuates ulcerative colitis through TLR4/MyD88/NF-κB signaling pathway	Animal Experiment	J Ethnopharmacol	2023	10.1016/j.jep.2022.115690
HERB_meta_analysis	HBMA006499	HBFO005069	Formula	Xiao Chai Hu Tang / 小柴胡汤 / Xiao Chai Hu Decoction	enteritis	3.0	CRD42021283649	Seven TCM Formulas Combined with Western Medicine for Functional Dyspepsia with liver-stomach disharmony syndrome: A Network Meta-analysis.	NA	PROSPERO/CRD	2021-11-05	NA
HERB_meta_analysis	HBMA006510	HBFO005284	Formula	Xie Huang San （ You Ming Xie Pi San ） / 泻黄散 / Xiehuang Powder; Xie Huang San	colitis;crohn;ulcerative colitis	9.0	CRD42020169746	A systematic review and meta-analysis for Traditional Chinese medicine modified xiehuangsan in treatment of recurrent aphthous stomatitis.	NA	PROSPERO/CRD	2020-04-28	NA
HERB_meta_analysis	HBMA005682	HBFO005692	Formula	Yi Yi Fu Zi Bai Jiang San / 薏苡附子败酱散 / Yiyi Fuzi Baijiang Powder; Yi Yi Fu Zi Bai Jiang Powder	colitis;ulcerative colitis	6.0	CRD42020215730	The Effectiveness and Safety of Yiyi Fuzi Baijiang Powder in the Treatment of Ulcerative Colitis&#xff1a;a systematic review and meta-analysis	NA	PROSPERO/CRD	2020-11-21	NA
HERB_reference	HBREF002013	HERB000216	Herb	Bai Ji / 白及 / Bletilla Striata (Thunb.Ex A.Murray)Rchb.F.; Common Bletilla Tuber	colitis;ulcerative colitis	6.0	35548331	Bletilla striata Oligosaccharides Improve Ulcerative Colitis by Regulating Gut Microbiota and Intestinal Metabolites in Dextran Sulfate Sodium-Induced Mice	Animal Experiment	Front Pharmacol	2022	10.3389/fphar.2022.867525
HERB_reference	HBREF002014	HERB000233	Herb	Ya Zhou Bai Li Xiang / 亚洲百里香 / Breckland Thyme	colitis	3.0	36120292	Intestinal anti-inflammatory and visceral analgesic effects of a Serpylli herba extract in an experimental model of irritable bowel syndrome in rats	Animal Experiment	Front Pharmacol	2022	10.3389/fphar.2022.967644
HERB_reference	HBREF002025	HERB000395	Herb	Bei Mei Du Xing Cai / 北美独行菜 / Virginia Pepperweed Seed	colitis;enteritis;inflammatory bowel disease	9.0	35104576	Ethanolic extract from Lepidium virginicum L. ameliorates DNBS-induced colitis in rats	Animal Experiment	J Ethnopharmacol	2022	10.1016/j.jep.2022.115056
HERB_meta_analysis	HBMA000100	HERB000510	Herb	Bo He You / 薄荷油 / Mentha Canadaensis L.	inflammatory bowel disease	3.0	CRD42020216021	The effect of peppermint oil supplementation in irritable bowel syndrome: a systematic review with meta-analysis of randomised controlled trials	NA	PROSPERO/CRD	2020-11-03	NA
HERB_reference	HBREF002073	HERB000871	Herb	Chuan Mu Xiang / 川木香 / Common Vladimiria Root	colitis;ulcerative colitis	6.0	33765553	Study of the therapeutic effect of raw and processed Vladimiriae Radix on ulcerative colitis based on intestinal flora, metabolomics and tissue distribution analysis	Animal Experiment	Phytomedicine	2021	10.1016/j.phymed.2021.153538
HERB_meta_analysis	HBMA000065	HERB000884	Herb	Chuan Xin Lian / 穿心莲 / All-Grass of Common Androgrphis; Common Andrographis Herb	inflammatory bowel disease	3.0	CRD42018105272	The incidence of adverse events of andrographis paniculata: a systematic review and meta-analysis	NA	PROSPERO/CRD	2018-08-13	NA
HERB_reference	HBREF002079	HERB000909	Herb	Ci Cai Ji / 刺菜蓟 / Cardoon	inflammatory bowel disease	3.0	35222027	In Vitro Protective Effects of a Standardized Extract From Cynara Cardunculus L. Leaves Against TNF-α-Induced Intestinal Inflammation	Cell Experiment	Front Pharmacol	2022	10.3389/fphar.2022.809938
HERB_reference	HBREF002095	HERB001019	Herb	Da Che Qian / 大车前 / Rippleseed Plantain	colitis;ulcerative colitis	6.0	35934192	Evaluation of anti-inflammatory effects of leaf and seed extracts of Plantago major on acetic acid-induced ulcerative colitis in rats	Animal Experiment	J Ethnopharmacol	2022	10.1016/j.jep.2022.115595
HERB_reference	HBREF002099	HERB001049	Herb	Da Hua Hong Jing Tian / 大花红景天 / Bigflower Rhodiola	colitis	3.0	33729231	The dietary supplement Rhodiola crenulata extract alleviates dextran sulfate sodium-induced colitis in mice through anti-inflammation, mediating gut barrier integrity and reshaping the gut microbiome	Cell Experiment	Food Funct	2021	10.1039/d0fo03061a
HERB_reference	HBREF002112	HERB001104	Herb	Da Suan / 大蒜 / Garlic; Garlic Bulb	inflammatory bowel disease	3.0	36017235	Polysaccharides from Garlic Protect against Liver Injury in DSS-Induced Inflammatory Bowel Disease of Mice via Suppressing Pyroptosis and Oxidative Damage	Animal Experiment	Oxid Med Cell Longev	2022	10.1155/2022/2042163
HERB_reference	HBREF002148	HERB001556	Herb	E Bu Shi Cao / 鹅不食草 / Small Centipeda Herb	colitis;inflammatory bowel disease	6.0	34616300	Centipeda minima Extract Attenuates Dextran Sodium Sulfate-Induced Acute Colitis in Mice by Inhibiting Macrophage Activation and Monocyte Chemotaxis	Cell Experiment	Front Pharmacol	2021	10.3389/fphar.2021.738139
HERB_reference	HBREF002150	HERB001566	Herb	E Li / 鳄梨 / American Avocado	inflammatory bowel disease	3.0	36586042	Dietary intervention with avocado (Persea americana Mill.) ameliorates intestinal inflammation induced by TNBS in rats	Animal Experiment	Inflammopharmacology	2022	10.1007/s10787-022-01128-2
HERB_reference	HBREF002190	HERB001779	Herb	Gan Cao / 甘草 / Liquorice Root; Root of Ural Licorice	colitis;ulcerative colitis	6.0	36030029	Glycyrrhiza uralensis Fisch. alleviates dextran sulfate sodium-induced colitis in mice through inhibiting of NF-κB signaling pathways and modulating intestinal microbiota	Animal Experiment	J Ethnopharmacol	2022	10.1016/j.jep.2022.115640
HERB_reference	HBREF002198	HERB001800	Herb	Gan Shu / 甘薯 / Sweet Potato	colitis;inflammatory bowel disease	6.0	34700334	Anti-inflammatory effects of purple sweet potato anthocyanin extract in DSS-induced colitis: modulation of commensal bacteria and attenuated bacterial intestinal infection	Animal Experiment	Food Funct	2021	10.1039/d1fo02454j
HERB_reference	HBREF002227	HERB002111	Herb	Hai Shen / 海参 / Sea Cucumber	colitis	3.0	32517205	A Glycosaminoglycan-Rich Fraction from Sea Cucumber Isostichopus badionotus Has Potent Anti-Inflammatory Properties In Vitro and In Vivo	Animal Experiment	Nutrients	2020	10.3390/nu12061698
HERB_reference	HBREF002264	HERB002314	Herb	Hong Qu / 红曲 / Red Yeast Rice	colitis	3.0	32609139	Protective effect and mechanism of Monascus-fermented red yeast rice against colitis caused by Salmonella enterica serotype Typhimurium ATCC 14028	Animal Experiment	Food Funct	2020	10.1039/d0fo01017k
HERB_reference	HBREF002309	HERB002532	Herb	Song Wei Jin Gu Cao / 松味筋骨草 / Yellow Bugle	colitis;ulcerative colitis	6.0	32726593	Beneficial effects of Ajuga chamaepitys (L.) Schreber subsp. chia (Schreber) and its iridoids on the colitis model: Histopathological and biochemical evidence	Cell Experiment	Food Chem Toxicol	2020	10.1016/j.fct.2020.111589
HERB_reference	HBREF002320	HERB002614	Herb	Hui Hui Dou / 回回豆 / Gram Chickpea	colitis;inflammatory bowel disease;ulcerative colitis	9.0	32059355	Protective Effect of Cicer arietinum L. (Chickpea) Ethanol Extract in the Dextran Sulfate Sodium-Induced Mouse Model of Ulcerative Colitis	Animal Experiment	Nutrients	2020	10.3390/nu12020456
HERB_reference	HBREF000065	HERB003361	Herb	Lian Qiao / 连翘 / Weeping Forsythia Capsule	colitis;inflammatory bowel disease	6.0	31569788	Anti-Inflammatory Mechanisms of Koreanaside A, a Lignan Isolated from the Flower of Forsythia koreana, against LPS-Induced Macrophage Activation and DSS-Induced Colitis Mice: The Crucial Role of AP-1, NF-κB, and JAK/STAT Signaling	Animal Experiment	Cells	2019	10.3390/cells8101163 
HERB_clinical_trial	HBCT007827	HERB003449	Herb	Liu Huang / 硫黄 / Sulfur	crohn	3.0	NCT05849012	A Pilot Study Examining Low Sulfur Diet as Treatment for Persistent Symptoms in Quiescent Crohn's Disease	Recruiting | No | Interventional	ClinicalTrials.gov	2023-05-08	https://clinicaltrials.gov/study/NCT05849012
HERB_clinical_trial	HBCT000496	HERB003528	Herb	Lu Hui / 芦荟 / Aloe; Aloes	colitis;ulcerative colitis	6.0	NCT04753775	RANDOMIZED, DOUBLE-BLIND, PLACEBO-CONTROLLED TRIAL OF ENEMA ALOE VERA GEL IN ACTIVE ULCERATIVE PROCTOSIGMOIDITIS.	Completed | No | Interventional	ClinicalTrials.gov	2021-02-15	https://clinicaltrials.gov/study/NCT04753775
HERB_meta_analysis	HBMA000410	HERB003528	Herb	Lu Hui / 芦荟 / Aloe; Aloes	colitis;inflammatory bowel disease	6.0	CRD42018082663	Among adults diagnosed with irritable bowel syndrome and inflammatory bowel disease, is the consumption of Aloe Vera, compared to placebo associated with improved health outcomes? Rationale and protocol for a systematic review	NA	PROSPERO/CRD	2018-01-08	NA
HERB_meta_analysis	HBMA000418	HERB003528	Herb	Lu Hui / 芦荟 / Aloe; Aloes	inflammatory bowel disease	3.0	CRD42020215993	What are the effects of Aloe compared to placebo on symptoms, stool form and frequency, and quality of life, in adults with irritable bowel syndrome?	NA	PROSPERO/CRD	2020-11-11	NA
HERB_reference	HBREF002389	HERB003576	Herb	Luo Di Sheng Gen / 落地生根 / Air-Plant	colitis;crohn;inflammatory bowel disease;ulcerative colitis	12.0	32848723	Anti-Inflammatory and Chemopreventive Effects of Bryophyllum pinnatum (Lamarck) Leaf Extract in Experimental Colitis Models in Rodents	Animal Experiment	Front Pharmacol	2020	10.3389/fphar.2020.00998
HERB_reference	HBREF002399	HERB003610	Herb	Luo Xuan Zao / 螺旋藻 / Spirulina Major Kuetz.	colitis;inflammatory bowel disease;ulcerative colitis	9.0	35686527	Spirulina platensis aqueous extracts ameliorate colonic mucosal damage and modulate gut microbiota disorder in mice with ulcerative colitis by inhibiting inflammation and oxidative stress	Animal Experiment	J Zhejiang Univ Sci B	2022	10.1631/jzus.B2100988
HERB_clinical_trial	HBCT000646	HERB003651	Herb	Da Ma / 大麻	colitis;crohn;inflammatory bowel disease;ulcerative colitis	12.0	NCT03944447	Outcomes Mandate National Integration With Cannabis as Medicine	Recruiting | Phase 2 | No | Interventional	ClinicalTrials.gov	2019-05-09	https://clinicaltrials.gov/study/NCT03944447
HERB_clinical_trial	HBCT001288	HERB003651	Herb	Da Ma / 大麻	colitis;crohn;inflammatory bowel disease;ulcerative colitis	12.0	NCT05578313	Inflammatory Bowel Diseases (IBD) Cannabis Registry	Unknown | No | Observational	ClinicalTrials.gov	2022-10-13	https://clinicaltrials.gov/study/NCT05578313
HERB_reference	HBREF002421	HERB003659	Herb	Ma Huang Gen / 麻黄根 / Ephedra Root	colitis;ulcerative colitis	6.0	36295859	Rapid Screening of Proanthocyanidins from the Roots of Ephedra sinica Stapf and its Preventative Effects on Dextran-Sulfate-Sodium-Induced Ulcerative Colitis	Animal Experiment	Metabolites	2022	10.3390/metabo12100957
HERB_reference	HBREF002436	HERB003917	Herb	Mi Die Xiang / 迷迭香 / Rosemary	colitis	3.0	33673488	Pharmacokinetic Analysis of Carnosic Acid and Carnosol in Standardized Rosemary Extract and the Effect on the Disease Activity Index of DSS-Induced Colitis	Animal Experiment	Nutrients	2021	10.3390/nu13030773
HERB_meta_analysis	HBMA007040	HERB004609	Herb	Ren Shen / 人参 / Ginseng ; Ginseng	colitis;inflammatory bowel disease;ulcerative colitis	9.0	CRD42023450996	Preclinical studies of Panax L. in the treatment of ulcerative colitis: A systematic review with meta-analysis and network pharmacology	Pre-clinical animal intervention review	PROSPERO/CRD	2023-09-06	NA
HERB_reference	HBREF002490	HERB004609	Herb	Ren Shen / 人参 / Ginseng ; Ginseng	colitis	3.0	34648903	Ginseng root extract attenuates inflammation by inhibiting the MAPK/NF-κB signaling pathway and activating autophagy and p62-Nrf2-Keap1 signaling in vitro and in vivo	Animal Experiment	J Ethnopharmacol	2021	10.1016/j.jep.2021.114739
HERB_reference	HBREF002513	HERB004814	Herb	San Ye Mu Tong / 三叶木通 / Threeleaf Akebia	inflammatory bowel disease	3.0	32406443	Akebia trifoliata pericarp extract ameliorates inflammation through NF-κB/MAPK signaling pathways and modifies gut microbiota	Animal & Cell Experiment	Food Funct	2020	10.1039/c9fo02917f
HERB_reference	HBREF002514	HERB004816	Herb	San Ye Qing / 三叶青 / Hemsley Rockvine Root	colitis	3.0	34747421	Bioactives and their metabolites from Tetrastigma hemsleyanum leaves ameliorate DSS-induced colitis via protecting the intestinal barrier, mitigating oxidative stress and regulating the gut microbiota	Animal Experiment	Food Funct	2021	10.1039/d1fo02588k
HERB_reference	HBREF002532	HERB004834	Herb	Sang Ye / 桑叶 / Mulberry Leaf	colitis;ulcerative colitis	6.0	35887036	Anti-Inflammatory Activity of Mulberry Leaf Flavonoids In Vitro and In Vivo	Animal Experiment	Int J Mol Sci	2022	10.3390/ijms23147694
HERB_reference	HBREF000092	HERB005017	Herb	Sheng Jiang / 生姜 / Fresh Ginger	colitis	3.0	30449315	Plant-Derived Exosomal MicroRNAs Shape the Gut Microbiota	Animal Experiment	Cell Host Microbe	2018	10.1016/j.chom.2018.10.001 
HERB_clinical_trial	HBCT000862	HERB005069	Herb	Shi Liu / 石榴 / Pomegranate Fruit	colitis;crohn;inflammatory bowel disease;ulcerative colitis	12.0	NCT03000101	Study of the Role of Pomegranate Juice Ellagitannins in the Modulation of Inflammation in Inflammatory Bowel Disease	Active_Not_Recruiting | No | Interventional	ClinicalTrials.gov	2016-12-21	https://clinicaltrials.gov/study/NCT03000101
HERB_reference	HBREF002562	HERB005094	Herb	Shi Xiang Ru / 石香薷	colitis;inflammatory bowel disease	6.0	34735907	Bioactive constituents of Mosla chinensis-cv. Jiangxiangru ameliorate inflammation through MAPK signaling pathways and modify intestinal microbiota in DSS-induced colitis mice	Animal Experiment	Phytomedicine	2021	10.1016/j.phymed.2021.153804
HERB_reference	HBREF002569	HERB005185	Herb	Shui Qin / 水芹 / Javan Waterdropwort	colitis	3.0	36552637	Oenanthe javanica Ethanolic Extract Alleviates Inflammation and Modifies Gut Microbiota in Mice with DSS-Induced Colitis	Animal Experiment	Antioxidants (Basel)	2022	10.3390/antiox11122429
HERB_reference	HBREF002587	HERB005502	Herb	Tie Pi Shi Hu / 铁皮石斛 / Dendrobium Stem	colitis	3.0	34363819	Polysaccharides from Dendrobium officinale ameliorate colitis-induced lung injury via inhibiting inflammation and oxidative stress	Animal Experiment	Chem Biol Interact	2021	10.1016/j.cbi.2021.109615
HERB_reference	HBREF002594	HERB005710	Herb	Wu Hua Guo / 无花果 / Fig	colitis;inflammatory bowel disease;ulcerative colitis	9.0	32658237	Ficus carica polysaccharide attenuates DSS-induced ulcerative colitis in C57BL/6 mice	Cell Experiment	Food Funct	2020	10.1039/d0fo01162b
HERB_reference	HBREF002597	HERB005742	Herb	Wu Mei / 乌梅 / Smoked Plum	colitis;crohn	6.0	35718051	MFE40-the active fraction of Mume Fructus alcohol extract-alleviates Crohn's disease and its complications	Animal Experiment	J Ethnopharmacol	2022	10.1016/j.jep.2022.115465
HERB_reference	HBREF002603	HERB005762	Herb	Wu Wei Zi / 五味子 / Schisandrae Chinensis Fructus; Chinese Magnoliavine Fruit	colitis;ulcerative colitis	6.0	35868549	Schisandra chinensis (Turcz.) Baill. Protects against DSS-induced colitis in mice: Involvement of TLR4/NF-κB/NLRP3 inflammasome pathway and gut microbiota	Animal Experiment	J Ethnopharmacol	2022	10.1016/j.jep.2022.115570
HERB_clinical_trial	HBCT000930	HERB005826	Herb	Xi Hong Hua / 西红花 / Saffron	colitis;inflammatory bowel disease;ulcerative colitis	9.0	NCT04749576	Saffron as Anti Inflammatory Agent In Patients With Inflammatory Bowel Disease	Unknown | No | Interventional	ClinicalTrials.gov	2021-02-11	https://clinicaltrials.gov/study/NCT04749576
HERB_reference	HBREF002613	HERB005826	Herb	Xi Hong Hua / 西红花 / Saffron	colitis;ulcerative colitis	6.0	33015869	Effects of saffron supplementation on oxidative/antioxidant status and severity of disease in ulcerative colitis patients: A randomized, double-blind, placebo-controlled study	Clinical Experiment	Phytother Res	2021	10.1002/ptr.6848
HERB_reference	HBREF002636	HERB006003	Herb	Gu Xian Ren Dong / 菰腺忍冬 / Glaucousback Honeysuckle	colitis;inflammatory bowel disease	6.0	35059326	Supplementation With Chinese Medicinal Plant Extracts From Lonicera hypoglauca and Scutellaria baicalensis Mitigates Colonic Inflammation by Regulating Oxidative Stress and Gut Microbiota in a Colitis Mouse Model	Animal Experiment	Front Cell Infect Microbiol	2022	10.3389/fcimb.2021.798052
HERB_reference	HBREF002660	HERB006349	Herb	Yan Fu Ye / 盐麸叶 / Chinese Sumac Leaf	colitis;inflammatory bowel disease;ulcerative colitis	9.0	34494061	The preventive effect and underlying mechanism of Rhus chinensis Mill. fruits on dextran sulphate sodium-induced ulcerative colitis in mice	Animal Experiment	Food Funct	2021	10.1039/d1fo01558c
HERB_reference	HBREF002664	HERB006350	Herb	Yan Fu Zi / 盐肤子 / Chinese Sumac Fruit	colitis	3.0	35157955	Rhus chinensis Mill. fruits prevent necrotizing enterocolitis in rat pups via regulating the expressions of key proteins involved in multiple signaling pathways	Animal Experiment	J Ethnopharmacol	2022	10.1016/j.jep.2022.115103
HERB_reference	HBREF002690	HERB006672	Herb	You Cha Gen Pi / 油茶根皮 / Oiltea Camellia Root-Bark	colitis	3.0	31936300	Anti-Inflammatory, Antioxidant, and Microbiota-Modulating Effects of Camellia Oil from Camellia brevistyla on Acetic Acid-Induced Colitis in Rats	Animal Experiment	Antioxidants (Basel)	2020	10.3390/antiox9010058
HERB_reference	HBREF002711	HERB006928	Herb	Zhang Lang / 蟑螂 / Cockroach	colitis;inflammatory bowel disease;ulcerative colitis	9.0	35303235	Periplaneta americana extract ameliorates dextran sulfate sodium-induced ulcerative colitis via immunoregulatory and PI3K/AKT/NF-κB signaling pathways	Animal Experiment	Inflammopharmacology	2022	10.1007/s10787-022-00955-7
HERB_reference	HBREF002712	HERB006928	Herb	Zhang Lang / 蟑螂 / Cockroach	colitis;ulcerative colitis	6.0	36139880	Periplaneta americana Extract Pretreatment Alleviates Oxidative Stress and Inflammation and Increases the Abundance of Gut Akkermansia muciniphila in Diquat-Induced Mice	Animal Experiment	Antioxidants (Basel)	2022	10.3390/antiox11091806
HERB_clinical_trial	HBCT001213	HERB007240	Herb	Song Guo Ju / 松果菊 / Echinacea	enteritis	3.0	NCT00231218	Echinacea, Propolis and Vitamin C for URI Prevention in Preschoolers	Completed | Phase 3 | No | Interventional	ClinicalTrials.gov	2005-10-04	https://clinicaltrials.gov/study/NCT00231218
HERB_reference	HBREF002770	HBIN003500	Ingredient	20-(s)-ginsenoside-rg3	proctitis	3.0	36683687	Ginsenoside Rg3 treats acute radiation proctitis through the TLR4/MyD88/NF-κB pathway and regulation of intestinal flora	Animal Experiment	Front Cell Infect Microbiol	2023	10.3389/fcimb.2022.1028576
HERB_reference	HBREF002845	HBIN007410	Ingredient	3,4-dihydroxyphenethyl alcohol	inflammatory bowel disease	3.0	35336037	3,4-Dihydroxyphenylethanol (DPE or Hydroxytyrosol) Counteracts ERK1/2 and mTOR Activation, Pro-Inflammatory Cytokine Release, Autophagy and Mitophagy Reduction Mediated by Benzo[a]pyrene in Primary Human Colonic Epithelial Cells	Cell Experiment	Pharmaceutics	2022	10.3390/pharmaceutics14030663
HERB_clinical_trial	HBCT005253	HBIN010825	Ingredient	4-pregnene-17α,20β,21-triol-3,11-dione	proctitis	3.0	NCT04469686	Phase 3 Study to Evaluate the Safety and Efficacy of Hydrocortisone Acetate Suppositories	Completed | Phase 3 | No | Interventional	ClinicalTrials.gov	2020-07-14	https://clinicaltrials.gov/study/NCT04469686
HERB_meta_analysis	HBMA000804	HBIN010825	Ingredient	4-pregnene-17α,20β,21-triol-3,11-dione	colitis	3.0	CRD42017073615	Efficacy and safety of systemic hydrocortisone for the prevention of chronic lung disease: a systematic review and meta-analysis	NA	PROSPERO/CRD	2017-08-09	Morris, I.P., Goel, N. &amp; Chakraborty, M. Efficacy and safety of systemic hydrocortisone for the prevention of bronchopulmonary dysplasia in preterm infants: a systematic review and meta-analysis. Eur J Pediatr 178, 1171–1184 (2019). https://doi.org/10.1007/s00431-019-03398-5 https://link.springer.com/article/10.1007/s00431-019-03398-5 
HERB_meta_analysis	HBMA000834	HBIN010825	Ingredient	4-pregnene-17α,20β,21-triol-3,11-dione	colitis	3.0	CRD42022220541	Efficacy and safety of low-dose versus high-dose hydrocortisone to treat hypotension in neonates	NA	PROSPERO/CRD	2022-04-23	NA
HERB_meta_analysis	HBMA007193	HBIN010825	Ingredient	4-pregnene-17α,20β,21-triol-3,11-dione	colitis	3.0	CRD42023448112	Efficacy and safety of systemic hydrocortisone for the prevention of bronchopulmonary dysplasia in preterm infants: a systematic review and meta-analysis	NA	PROSPERO/CRD	2023-09-04	NA
HERB_reference	HBREF002928	HBIN014230	Ingredient	Abk	colitis	3.0	33570219	Abscisic acid suppresses the activation of NLRP3 inflammasome and oxidative stress in murine allergic airway inflammation	Animal & Cell Experiment	Phytother Res	2021	10.1002/ptr.7051
HERB_meta_analysis	HBMA000880	HBIN014467	Ingredient	Acetylcholine	colitis	3.0	CRD42021245939	Role of alpha7 nicotinic acetylcholine receptor subunit on modulation of energy homeostasis in peripheral tissues: a systematic review	Experimental animal exposure review	PROSPERO/CRD	2021-04-23	NA
HERB_meta_analysis	HBMA000912	HBIN014742	Ingredient	Adrenaline	colitis	3.0	CRD42019132219	Timing, route and dose of epinephrine (adrenaline)	NA	PROSPERO/CRD	2019-08-22	Isayama T, Mildenhall L, Schmölzer GM, Kim HS, Rabi Y, Ziegler C, Liley HG; INTERNATIONAL LIAISON COMMITTEE ON RESUSCITATION NEWBORN LIFE SUPPORT TASK FORCE. The Route, Dose, and Interval of Epinephrine for Neonatal Resuscitation: A Systematic Review. Pediatrics. 2020 Oct;146(4):e20200586. doi: 10.1542/peds.2020-0586. Epub 2020 Sep 9. PMID: 32907923. 
HERB_reference	HBREF002988	HBIN015074	Ingredient	Albiflorin	enteritis	3.0	35561481	Albiflorin ameliorates inflammation and oxidative stress by regulating the NF-κB/NLRP3 pathway in Methotrexate-induced enteritis	Animal Experiment	Int Immunopharmacol	2022	10.1016/j.intimp.2022.108824
HERB_reference	HBREF001703	HBIN015751	Ingredient	Alpinetin	colitis	3.0	30166541	Alpinetin exerts anti-colitis efficacy by activating AhR, regulating miR-302/DNMT-1/CREB signals, and therefore promoting Treg differentiation	Animal Experiment	Cell Death Dis	2018	10.1038/s41419-018-0814-4 
HERB_reference	HBREF003025	HBIN015751	Ingredient	Alpinetin	colitis;inflammatory bowel disease	6.0	32372959	Activation of PXR by Alpinetin Contributes to Abrogate Chemically Induced Inflammatory Bowel Disease	Animal & Cell Experiment	Front Pharmacol	2020	10.3389/fphar.2020.00474
HERB_reference	HBREF000354	HBIN015866	Ingredient	Ammidin	colitis;inflammatory bowel disease	6.0	29945292	Activating the pregnane X receptor by imperatorin attenuates dextran sulphate sodium-induced colitis in mice	Animal Experiment	Br J Pharmacol	2018	10.1111/bph.14424 
HERB_reference	HBREF003054	HBIN015902	Ingredient	Ampeloptin	colitis	3.0	34273490	Dihydromyricetin improves DSS-induced colitis in mice via modulation of fecal-bacteria-related bile acid metabolism	Animal & Cell Experiment	Pharmacol Res	2021	10.1016/j.phrs.2021.105767
HERB_reference	HBREF003067	HBIN016019	Ingredient	Andrographolide	colitis	3.0	32247004	Protective effect of Andrographolide on 5-Fu induced intestinal mucositis by regulating p38 MAPK signaling pathway	Animal Experiment	Life Sci	2020	10.1016/j.lfs.2020.117612
HERB_reference	HBREF003090	HBIN016074	Ingredient	Anemoside b	colitis;ulcerative colitis	6.0	33461587	Anemoside B4 ameliorates TNBS-induced colitis through S100A9/MAPK/NF-κB signaling pathway	Animal Experiment	Chin Med	2021	10.1186/s13020-020-00410-1
HERB_meta_analysis	HBMA001299	HBIN016275	Ingredient	Anthocyanin	inflammatory bowel disease	3.0	CRD42020204835	Effects of anthocyanin on parameters of intestinal health: a systematic review	Experimental animal exposure review	PROSPERO/CRD	2020-09-26	This review was publised in the Nutrients journal, as part of the Special Issue Dietary Polyphenols and Flavanoids, Mineral Bioavailability, Gut Functionality, Morphology and Microbiome https://www.mdpi.com/2072-6643/13/4/1331/htm 
HERB_meta_analysis	HBMA001315	HBIN016387	Ingredient	Antithrombin	colitis	3.0	CRD42015026195	Antithrombin for the prevention of intraventricular hemorrhage in very preterm infants [Cochrane Protocol]	NA	PROSPERO/CRD	NA	NA
HERB_reference	HBREF003160	HBIN016600	Ingredient	Arbutin	colitis;inflammatory bowel disease	6.0	34594215	Arbutin Ameliorates Murine Colitis by Inhibiting JAK2 Signaling Pathway	Animal Experiment	Front Pharmacol	2021	10.3389/fphar.2021.683818
HERB_reference	HBREF003169	HBIN016606	Ingredient	Archin	colitis;ulcerative colitis	6.0	32777486	Enhanced therapeutic efficacy of a novel colon-specific nanosystem loading emodin on DSS-induced experimental colitis	Animal Experiment	Phytomedicine	2020	10.1016/j.phymed.2020.153293
HERB_reference	HBREF003173	HBIN016606	Ingredient	Archin	colitis	3.0	33489875	Emodin Inhibits Inflammation, Carcinogenesis, and Cancer Progression in the AOM/DSS Model of Colitis-Associated Intestinal Tumorigenesis	Cell Experiment	Front Oncol	2021	10.3389/fonc.2020.564674
HERB_reference	HBREF003182	HBIN016606	Ingredient	Archin	colitis;ulcerative colitis	6.0	34379340	Synergistic effect of combined treatment with baicalin and emodin on DSS-induced colitis in mouse	Animal Experiment	Phytother Res	2021	10.1002/ptr.7230
HERB_reference	HBREF003194	HBIN016606	Ingredient	Archin	colitis;ulcerative colitis	6.0	35728384	Emodin targeting the colonic metabolism via PPARγ alleviates UC by inhibiting facultative anaerobe	Animal Experiment	Phytomedicine	2022	10.1016/j.phymed.2022.154106
HERB_reference	HBREF003199	HBIN016609	Ingredient	Arctigenin	colitis	3.0	32861708	Arctigenin disrupts NLRP3 inflammasome assembly in colonic macrophages via downregulating fatty acid oxidation to prevent colitis-associated cancer	Animal Experiment	Cancer Lett	2020	10.1016/j.canlet.2020.08.033
HERB_reference	HBREF003245	HBIN017136	Ingredient	Asperuloside	colitis;crohn;inflammatory bowel disease;ulcerative colitis	12.0	33974900	Asperuloside suppressing oxidative stress and inflammation in DSS-induced chronic colitis and RAW 264.7 macrophages via Nrf2/HO-1 and NF-κB pathways	Animal Experiment	Chem Biol Interact	2021	10.1016/j.cbi.2021.109512
HERB_reference	HBREF003246	HBIN017136	Ingredient	Asperuloside	colitis;inflammatory bowel disease	6.0	35523114	Asperuloside inhibited epithelial-mesenchymal transition in colitis associated cancer via activation of vitamin D receptor	Animal & Cell Experiment	Phytomedicine	2022	10.1016/j.phymed.2022.154070
HERB_reference	HBREF003282	HBIN017178	Ingredient	Astaxanthin	colitis;ulcerative colitis	6.0	35038495	A smart cauliflower-like carrier for astaxanthin delivery to relieve colon inflammation	Animal & Cell Experiment	J Control Release	2022	10.1016/j.jconrel.2022.01.014
HERB_reference	HBREF003290	HBIN017212	Ingredient	Astragalin	colitis;ulcerative colitis	6.0	33042117	Astragalin Attenuates Dextran Sulfate Sodium (DSS)-Induced Acute Experimental Colitis by Alleviating Gut Microbiota Dysbiosis and Inhibiting NF-κB Activation in Mice	Animal Experiment	Front Immunol	2020	10.3389/fimmu.2020.02058
HERB_reference	HBREF003324	HBIN017508	Ingredient	Baicalein	colitis;ulcerative colitis	6.0	34671110	Baicalein ameliorates ulcerative colitis by improving intestinal epithelial barrier via AhR/IL-22 pathway in ILC3s	Animal Experiment	Acta Pharmacol Sin	2021	10.1038/s41401-021-00781-7
HERB_clinical_trial	HBCT006763	HBIN017892	Ingredient	Berberime	colitis;ulcerative colitis	6.0	NCT02365480	Berberine Chloride in Preventing Colorectal Cancer in Patients With Ulcerative Colitis in Remission	Completed | Phase 1 | Yes | Interventional	ClinicalTrials.gov	2015-02-19	https://clinicaltrials.gov/study/NCT02365480
HERB_meta_analysis	HBMA001451	HBIN017892	Ingredient	Berberime	colitis;inflammatory bowel disease;ulcerative colitis	9.0	CRD42022324625	Berberine alleviates intestinal mucosal barrier dysfunction and inflammation in ulcerative colitis: A systematic review and meta-analysis of animal studies	Pre-clinical animal intervention review	PROSPERO/CRD	2022-05-10	NA
HERB_meta_analysis	HBMA007326	HBIN017892	Ingredient	Berberime	colitis;ulcerative colitis	6.0	CRD42023448560	Anti-inflammatory and flora regulation of berberine in ulcerative colitis: A systematic review and meta-analysis of animal studies	Pre-clinical animal intervention review	PROSPERO/CRD	2023-07-26	NA
HERB_meta_analysis	HBMA007332	HBIN017892	Ingredient	Berberime	colitis;ulcerative colitis	6.0	CRD42023482895	Berberine for a variety of conditions: an overview of systematic reviews and meta-analysis	NA	PROSPERO/CRD	2023-11-26	NA
HERB_reference	HBREF003390	HBIN017892	Ingredient	Berberime	colitis	3.0	35215376	Pre-Administration of Berberine Exerts Chemopreventive Effects in AOM/DSS-Induced Colitis-Associated Carcinogenesis Mice via Modulating Inflammation and Intestinal Microbiota	Animal Experiment	Nutrients	2022	10.3390/nu14040726
HERB_reference	HBREF003392	HBIN017892	Ingredient	Berberime	colitis;inflammatory bowel disease	6.0	35259053	Berberine represses Wnt/β-catenin pathway activation via modulating the microRNA-103a-3p/Bromodomain-containing protein 4 axis, thereby refraining pyroptosis and reducing the intestinal mucosal barrier defect induced via colitis	Animal Experiment	Bioengineered	2022	10.1080/21655979.2022.2047405
HERB_reference	HBREF003397	HBIN017892	Ingredient	Berberime	enteritis	3.0	35428692	Berberine Modulates Macrophage Activation by Inducing Glycolysis	Animal & Cell Experiment	J Immunol	2022	10.4049/jimmunol.2100716
HERB_reference	HBREF003402	HBIN017892	Ingredient	Berberime	colitis	3.0	35660350	Berberine regulates short-chain fatty acid metabolism and alleviates the colitis-associated colorectal tumorigenesis through remodeling intestinal flora	Animal Experiment	Phytomedicine	2022	10.1016/j.phymed.2022.154217
HERB_reference	HBREF003405	HBIN017892	Ingredient	Berberime	colitis;inflammatory bowel disease;ulcerative colitis	9.0	35893243	Berberine Ameliorates Dextran Sulfate Sodium-Induced Ulcerative Colitis and Inhibits the Secretion of Gut Lysozyme via Promoting Autophagy	Animal & Cell Experiment	Metabolites	2022	10.3390/metabo12080676
HERB_reference	HBREF003406	HBIN017892	Ingredient	Berberime	inflammatory bowel disease	3.0	35935245	Therapeutic Mechanisms of Berberine to Improve the Intestinal Barrier Function via Modulating Gut Microbiota, TLR4/NF-κ B/MTORC Pathway and Autophagy in Cats	Animal Experiment	Front Microbiol	2022	10.3389/fmicb.2022.961885
HERB_reference	HBREF003422	HBIN017893	Ingredient	Berberine	colitis	3.0	31866303	Circadian pharmacological effects of berberine on chronic colitis in mice: Role of the clock component Rev-erbα	Animal Experiment	Biochem Pharmacol	2020	10.1016/j.bcp.2019.113773
HERB_reference	HBREF003439	HBIN017893	Ingredient	Berberine	colitis;ulcerative colitis	6.0	32332711	Intervention of oncostatin M-driven mucosal inflammation by berberine exerts therapeutic property in chronic ulcerative colitis	Animal & Cell Experiment	Cell Death Dis	2020	10.1038/s41419-020-2470-8
HERB_reference	HBREF003464	HBIN017893	Ingredient	Berberine	colitis;ulcerative colitis	6.0	33658925	Berberine Suppresses Colonic Inflammation in Dextran Sulfate Sodium-Induced Murine Colitis Through Inhibition of Cytosolic Phospholipase A2 Activity	Animal Experiment	Front Pharmacol	2020	10.3389/fphar.2020.576496
HERB_reference	HBREF003497	HBIN017927	Ingredient	Berlambine	colitis	3.0	31863867	Oxyberberine, a novel gut microbiota-mediated metabolite of berberine, possesses superior anti-colitis effect: Impact on intestinal epithelial barrier, gut microbiota profile and TLR4-MyD88-NF-κB pathway	Animal Experiment	Pharmacol Res	2020	10.1016/j.phrs.2019.104603
HERB_meta_analysis	HBMA007342	HBIN018129	Ingredient	Beta-glucan	colitis	3.0	CRD42023437225	The effect of β-glucan on Colitis: A systematic review and meta-analysis of animal studies	Pre-clinical animal intervention review	PROSPERO/CRD	2023-08-15	NA
HERB_reference	HBREF001728	HBIN018208	Ingredient	Betanin	colitis;inflammatory bowel disease	6.0	28500644	Stimulation of autophagy prevents intestinal mucosal inflammation and ameliorates murine colitis	Animal Experiment	Br J Pharmacol	2017	10.1111/bph.13860 
HERB_meta_analysis	HBMA001485	HBIN018507	Ingredient	Bile acid	inflammatory bowel disease	3.0	CRD42015032326	Bile acid sequestrants in inflammatory bowel disease	NA	PROSPERO/CRD	2015-12-14	NA
HERB_reference	HBREF003520	HBIN018512	Ingredient	Bilobalide	colitis;inflammatory bowel disease	6.0	32670051	Bilobalide Alleviated Dextran Sulfate Sodium-Induced Experimental Colitis by Inhibiting M1 Macrophage Polarization Through the NF-κB Signaling Pathway	Animal Experiment	Front Pharmacol	2020	10.3389/fphar.2020.00718
HERB_reference	HBREF003521	HBIN018512	Ingredient	Bilobalide	colitis;ulcerative colitis	6.0	34096560	The alleviating effect and mechanism of Bilobalide on ulcerative colitis	Animal Experiment	Food Funct	2021	10.1039/d1fo01266e
HERB_reference	HBREF003534	HBIN018620	Ingredient	Bisdemethoxycurcumin	colitis	3.0	36290717	Bisdemethoxycurcumin Alleviates Dextran Sodium Sulfate-Induced Colitis via Inhibiting NLRP3 Inflammasome Activation and Modulating the Gut Microbiota in Mice	Animal Experiment	Antioxidants (Basel)	2022	10.3390/antiox11101994
HERB_meta_analysis	HBMA001511	HBIN018632	Ingredient	Bismuth	colitis	3.0	CRD42020218649	Clinical response of biologics, immunomodulators and bismuth subsalicylate in microscopic colitis: a systematic review and meta-analysis	NA	PROSPERO/CRD	2020-12-12	NA
HERB_meta_analysis	HBMA001512	HBIN018634	Ingredient	Bismuth subsalicylate	colitis	3.0	CRD42020218649	Clinical response of biologics, immunomodulators and bismuth subsalicylate in microscopic colitis: a systematic review and meta-analysis	NA	PROSPERO/CRD	2020-12-12	NA
HERB_reference	HBREF000118	HBIN018800	Ingredient	Brahmic acid	colitis;ulcerative colitis	6.0	28358365	Madecassic acid, the contributor to the anti-colitis effect of madecassoside, enhances the shift of Th17 toward Treg cells via the PPARγ/AMPK/ACC1 pathway	Animal Experiment	Cell Death Dis	2017	10.1038/cddis.2017.150 
HERB_reference	HBREF003540	HBIN018800	Ingredient	Brahmic acid	colitis;ulcerative colitis	6.0	32929062	Inhibition of the activation of γδT17 cells through PPARγ-PTEN/Akt/GSK3β/NFAT pathway contributes to the anti-colitis effect of madecassic acid	Animal Experiment	Cell Death Dis	2020	10.1038/s41419-020-02969-x
HERB_clinical_trial	HBCT008052	HBIN019307	Ingredient	Caffeine	colitis	3.0	NCT06097767	the Incidence of Necrotizing Enterocolitis in Preterm With Respiratory Distress Syndrome Undergoing Caffeine Therapy	Active_Not_Recruiting | Early_Phase 1 | No | Interventional	ClinicalTrials.gov	2023-10-24	https://clinicaltrials.gov/study/NCT06097767
HERB_meta_analysis	HBMA001565	HBIN019307	Ingredient	Caffeine	colitis	3.0	CRD42017075841	Optimizing caffeine use and risk of bronchopulmonary dysplasia in preterm infants: a systematic review, meta-analysis and application of GRADE methodology	NA	PROSPERO/CRD	2017-10-19	NA
HERB_meta_analysis	HBMA001568	HBIN019307	Ingredient	Caffeine	colitis	3.0	CRD42018089872	High versus low dose caffeine in preterm infants: a systematic review and meta-analysis	NA	PROSPERO/CRD	2018-03-09	Brattström, P., Russo, C., Ley, D., &amp; Bruschettini, M. (2019). High-versus low-dose caffeine in preterm infants: a systematic review and meta-analysis. Acta paediatrica (Oslo, Norway : 1992), 108(3), 401–410. https://doi.org/10.1111/apa.14586 https://PubMed.ncbi.nlm.nih.gov/30242903/?from_term=brattstr%C3%B6m&amp;from_pos=5 
HERB_meta_analysis	HBMA001582	HBIN019307	Ingredient	Caffeine	colitis	3.0	CRD42019126315	Early versus late caffeine to improve morbidity and mortality in preterm infants: a systematic review	NA	PROSPERO/CRD	2019-04-24	NA
HERB_meta_analysis	HBMA001588	HBIN019307	Ingredient	Caffeine	colitis	3.0	CRD42019146243	Maternal antenatal methylxanthine (including caffeine) treatment for improving preterm outcomes [Cochrane protocol]	NA	PROSPERO/CRD	2019-08-06	NA
HERB_meta_analysis	HBMA007369	HBIN019307	Ingredient	Caffeine	colitis	3.0	CRD42023449851	Time of Caffeine Administration in Preterm: Systematic Review and Meta-Analysis	NA	PROSPERO/CRD	2023-08-10	NA
HERB_meta_analysis	HBMA000985	HBIN019351	Ingredient	Calcium	colitis;crohn;inflammatory bowel disease;ulcerative colitis	12.0	CRD42018090894	Examining the relationship between calcium consumption and abdominal adiposity in adults: a systematic review	NA	PROSPERO/CRD	2018-04-19	NA
HERB_meta_analysis	HBMA001023	HBIN019351	Ingredient	Calcium	inflammatory bowel disease	3.0	CRD42019128607	Utility of coronary calcium scoring in connective tissue disorders for the evaluation of subclinical coronary atherosclerosis – a systematic review	NA	PROSPERO/CRD	2019-05-20	NA
HERB_meta_analysis	HBMA001136	HBIN019351	Ingredient	Calcium	colitis	3.0	CRD42021238802	Enteral calcium and phosphorous supplementation in preterm or low birth weight infants	NA	PROSPERO/CRD	2021-03-25	NA
HERB_reference	HBREF001773	HBIN019458	Ingredient	Cambogin	colitis;inflammatory bowel disease	6.0	29352742	Cambogin suppresses dextran sulphate sodium-induced colitis by enhancing Treg cell stability and function	Animal Experiment	Br J Pharmacol	2018	10.1111/bph.14150 
HERB_reference	HBREF003630	HBIN019495	Ingredient	Campherol	colitis;ulcerative colitis	6.0	34367139	Kaempferol Alleviates Murine Experimental Colitis by Restoring Gut Microbiota and Inhibiting the LPS-TLR4-NF-κB Axis	Animal Experiment	Front Immunol	2021	10.3389/fimmu.2021.679897
HERB_reference	HBREF001775	HBIN019550	Ingredient	Cannabichromene	colitis	3.0	23373571	The cannabinoid TRPA1 agonist cannabichromene inhibits nitric oxide production in macrophages and ameliorates murine colitis	Animal Experiment	Br J Pharmacol	2013	10.1111/bph.12120 
HERB_clinical_trial	HBCT001811	HBIN019558	Ingredient	Cannabidiol	colitis;crohn;inflammatory bowel disease;ulcerative colitis	12.0	NCT01037322	Cannabidiol for Inflammatory Bowel Disease	Completed | Phase 1|Phase 2 | No | Interventional	ClinicalTrials.gov	2009-12-23	https://clinicaltrials.gov/study/NCT01037322
HERB_clinical_trial	HBCT001833	HBIN019558	Ingredient	Cannabidiol	crohn	3.0	NCT04056442	A Phase 2a Study to Evaluate the Safety, Tolerability and Efficacy of Cannabidiol as a Steroid-sparing Therapy in Steroid-dependent Crohn's Disease Patients	Completed | Phase 2 | No | Interventional	ClinicalTrials.gov	2019-08-14	https://clinicaltrials.gov/study/NCT04056442
HERB_meta_analysis	HBMA001684	HBIN019558	Ingredient	Cannabidiol	colitis;crohn	6.0	CRD42021229932	MEDICINAL CANNABIS AND CANNABIDIOL: COMPARATIVE SYSTEMATIC REVIEWS FOR ALL RELEVANT DISEASE INDICATIONS	NA	PROSPERO/CRD	2021-02-08	NA
HERB_meta_analysis	HBMA001705	HBIN019684	Ingredient	Caproate	colitis	3.0	CRD42014013473	17-alpha-hydroxyprogesterone caproate for maintenance tocolysis: a meta-analysis of randomized trials	NA	PROSPERO/CRD	2014-09-03	 Saccone G, Suhag A, Berghella V. 17-alpha-hydroxyprogesterone caproate for maintenance tocolysis: a systematic review and meta-analysis of randomized trials. Am J Obstet Gynecol. 2015 Feb 4. pii: S0002-9378(15)00110-6. doi: 10.1016/j.ajog.2015.01.054. [Epub ahead of print]  
HERB_meta_analysis	HBMA001710	HBIN019684	Ingredient	Caproate	colitis	3.0	CRD42018094559	Adjuvant administration of 17-hydroxyprogesterone caproate in women with history-indicated cerclage compared to cerclage alone: a systematic review and meta-analysis	NA	PROSPERO/CRD	2018-05-09	NA
HERB_meta_analysis	HBMA001711	HBIN019684	Ingredient	Caproate	colitis	3.0	CRD42018106538	Adjuvant administration of 17-hydroxyprogesterone caproate in women with ultrasound-indicated cerclage compared to cerclage alone: a systematic review and meta-analysis	NA	PROSPERO/CRD	2018-08-29	NA
HERB_reference	HBREF003737	HBIN019690	Ingredient	Capsaicin	colitis;ulcerative colitis	6.0	35269566	Lycium barbarum Polysaccharides and Capsaicin Inhibit Oxidative Stress, Inflammatory Responses, and Pain Signaling in Rats with Dextran Sulfate Sodium-Induced Colitis	Animal & Cell Experiment	Int J Mol Sci	2022	10.3390/ijms23052423
HERB_reference	HBREF003743	HBIN019690	Ingredient	Capsaicin	colitis	3.0	35777913	Beneficial effect of capsaicin via TRPV4/EDH signals on mesenteric arterioles of normal and colitis mice	Animal & Cell Experiment	J Adv Res	2022	10.1016/j.jare.2021.11.001
HERB_reference	HBREF001069	HBIN019759	Ingredient	Carnosol	inflammatory bowel disease	3.0	28288941	Differential activation of pregnane X receptor by carnosic acid, carnosol, ursolic acid, and rosmarinic acid	Clinical & Animal Experiment	Pharmacol Res	2017	10.1016/j.phrs.2017.03.007 
HERB_reference	HBREF001076	HBIN019909	Ingredient	Catalpol	colitis;inflammatory bowel disease	6.0	28655643	Activation of sirtuin 1 by catalpol-induced down-regulation of microRNA-132 attenuates endoplasmic reticulum stress in colitis	Animal Experiment	Pharmacol Res	2017	10.1016/j.phrs.2017.05.030 
HERB_meta_analysis	HBMA001761	HBIN020141	Ingredient	Cerebroside	colitis;crohn;inflammatory bowel disease;ulcerative colitis	12.0	CRD42020172575	Protocol for a systematic review without meta-analysis of the safety of sphingosine 1 phosphate modulators in inflammatory bowel disease and other immune-mediated diseases	NA	PROSPERO/CRD	NA	NA
HERB_reference	HBREF001088	HBIN020281	Ingredient	Chenodeoxycholic acid	crohn	3.0	31268738	Inhibition of CFTR-mediated intestinal chloride secretion as potential therapy for bile acid diarrhea	Animal & Cell Experiment	FASEB J	2019	10.1096/fj.201901166R 
HERB_clinical_trial	HBCT008134	HBIN020921	Ingredient	Cis-resveratrol	colitis;inflammatory bowel disease;ulcerative colitis	9.0	NCT05761327	Investigation of the Effects of Curcumin and Resveratrol Supplements Added to the Mediterranean Diet on Disease Severity and Inflammatory Biomarkers in Patients With Ulcerative Colitis	Completed | No | Interventional	ClinicalTrials.gov	2023-03-09	https://clinicaltrials.gov/study/NCT05761327
HERB_reference	HBREF001417	HBIN020921	Ingredient	Cis-resveratrol	colitis;inflammatory bowel disease	6.0	21807089	Role of resveratrol-induced CD11b(+) Gr-1(+) myeloid derived suppressor cells (MDSCs) in the reduction of CXCR3(+) T cells and amelioration of chronic colitis in IL-10(-/-) mice	Animal Experiment	Brain Behav Immun	2012	10.1016/j.bbi.2011.07.236 
HERB_reference	HBREF003944	HBIN021403	Ingredient	Convallatoxin	colitis	3.0	34825365	Convallatoxin inhibits IL-1β production by suppressing zinc finger protein 91 (ZFP91)-mediated pro-IL-1β ubiquitination and caspase-8 inflammasome activity	Animal & Cell Experiment	Br J Pharmacol	2021	10.1111/bph.15758
HERB_reference	HBREF003983	HBIN021561	Ingredient	Corylin	colitis;inflammatory bowel disease	6.0	35269806	Modulation of Gut Microbiota Combined with Upregulation of Intestinal Tight Junction Explains Anti-Inflammatory Effect of Corylin on Colitis-Associated Cancer in Mice	Animal Experiment	Int J Mol Sci	2022	10.3390/ijms23052667
HERB_reference	HBREF004016	HBIN021714	Ingredient	Crocin	colitis;ulcerative colitis	6.0	33841156	The Protection of Crocin Against Ulcerative Colitis and Colorectal Cancer via Suppression of NF-κB-Mediated Inflammation	Animal Experiment	Front Pharmacol	2021	10.3389/fphar.2021.639458
HERB_reference	HBREF004024	HBIN021795	Ingredient	Cryptotanshinone	colitis;ulcerative colitis	6.0	32302031	Cryptotanshinone protects dextran sulfate sodium-induced experimental ulcerative colitis in mice by inhibiting intestinal inflammation	Cell Experiment	Phytother Res	2020	10.1002/ptr.6693
HERB_reference	HBREF004027	HBIN021795	Ingredient	Cryptotanshinone	colitis	3.0	33027716	Cryptotanshinone alleviates chemotherapy-induced colitis in mice with colon cancer via regulating fecal-bacteria-related lipid metabolism	Animal Experiment	Pharmacol Res	2021	10.1016/j.phrs.2020.105232
HERB_reference	HBREF004035	HBIN021795	Ingredient	Cryptotanshinone	colitis;ulcerative colitis	6.0	35729830	Cryptotanshinone ameliorates dextran sulfate sodium-induced murine acute and chronic ulcerative colitis via suppressing STAT3 activation and Th17 cell differentiation	Animal & Cell Experiment	Int Immunopharmacol	2022	10.1016/j.intimp.2022.108894
HERB_reference	HBREF004052	HBIN021964	Ingredient	Curculigoside	colitis;ulcerative colitis	6.0	32861798	Curculigoside inhibits ferroptosis in ulcerative colitis through the induction of GPX4	Animal & Cell Experiment	Life Sci	2020	10.1016/j.lfs.2020.118356
HERB_clinical_trial	HBCT002197	HBIN021985	Ingredient	Curcumin	colitis;crohn;inflammatory bowel disease;ulcerative colitis	12.0	NCT00889161	Curcumin in Pediatric Inflammatory Bowel Disease	Completed | Phase 1 | No | Interventional	ClinicalTrials.gov	2009-04-28	https://clinicaltrials.gov/study/NCT00889161
HERB_clinical_trial	HBCT002206	HBIN021985	Ingredient	Curcumin	colitis;ulcerative colitis	6.0	NCT01320436	Curcumin + Aminosalicylic Acid (5ASA) Versus 5ASA Alone in the Treatment of Mild to Moderate Ulcerative Colitis	Completed | Phase 3 | No | Interventional	ClinicalTrials.gov	2011-03-22	https://clinicaltrials.gov/study/NCT01320436
HERB_clinical_trial	HBCT002225	HBIN021985	Ingredient	Curcumin	crohn	3.0	NCT02255370	Curcumin Associated With Thiopurin in the Prevention of Post-op Recurrence in Crohn Disease	Completed | Phase 3 | No | Interventional	ClinicalTrials.gov	2014-10-02	https://clinicaltrials.gov/study/NCT02255370
HERB_clinical_trial	HBCT002241	HBIN021985	Ingredient	Curcumin	colitis;crohn;inflammatory bowel disease;ulcerative colitis	12.0	NCT03500653	Curcumin Supplementation as an Add on Treatment for Patients With Inflammatory Bowel Diseases Treated With Vedolizumab	Unknown | No | Interventional	ClinicalTrials.gov	2018-04-18	https://clinicaltrials.gov/study/NCT03500653
HERB_clinical_trial	HBCT008175	HBIN021985	Ingredient	Curcumin	colitis;inflammatory bowel disease;ulcerative colitis	9.0	NCT05761327	Investigation of the Effects of Curcumin and Resveratrol Supplements Added to the Mediterranean Diet on Disease Severity and Inflammatory Biomarkers in Patients With Ulcerative Colitis	Completed | No | Interventional	ClinicalTrials.gov	2023-03-09	https://clinicaltrials.gov/study/NCT05761327
HERB_meta_analysis	HBMA002035	HBIN021985	Ingredient	Curcumin	colitis;ulcerative colitis	6.0	CRD42018098996	Oral adjuvant curcumin use for the maintenance of remission in ulcerative colitis: a systematic review and meta-analysis of randomized clinical trials	NA	PROSPERO/CRD	2018-08-09	Grammatikopoulou MG, Gkiouras K, Theodoridis X, Asteriou E, Forbes A, Bogdanos DP. Oral Adjuvant Curcumin Therapy for Attaining Clinical Remission in Ulcerative Colitis: A Systematic Review and Meta-Analysis of Randomized Controlled Trials. Nutrients 2018, 10(11), 1737; https://doi.org/10.3390/nu10111737 https://www.mdpi.com/2072-6643/10/11/1737 
HERB_meta_analysis	HBMA002037	HBIN021985	Ingredient	Curcumin	colitis;crohn;inflammatory bowel disease;ulcerative colitis	12.0	CRD42019104827	The use of curcumin as complementary therapy in inflammatory bowel disease: a systematic review	NA	PROSPERO/CRD	2019-04-25	NA
HERB_meta_analysis	HBMA002040	HBIN021985	Ingredient	Curcumin	inflammatory bowel disease	3.0	CRD42018110640	The effect of curcumin as adjuvant therapy in inflammatory bowel disease: a systematic review and meta-analysis of randomized trials	NA	PROSPERO/CRD	2018-10-10	NA
HERB_meta_analysis	HBMA002065	HBIN021985	Ingredient	Curcumin	colitis;crohn;inflammatory bowel disease;ulcerative colitis	12.0	CRD42020207839	The effectiveness and safety of curcumin as a complementary therapy in inflammatory bowel disease: a protocol of systematic review and meta-analysis	NA	PROSPERO/CRD	2020-10-07	NA
HERB_reference	HBREF004105	HBIN021985	Ingredient	Curcumin	colitis;inflammatory bowel disease	6.0	33597887	Curcumin Regulated the Homeostasis of Memory T Cell and Ameliorated Dextran Sulfate Sodium-Induced Experimental Colitis	Animal Experiment	Front Pharmacol	2021	10.3389/fphar.2020.630244
HERB_reference	HBREF004154	HBIN021985	Ingredient	Curcumin	colitis;ulcerative colitis	6.0	35234309	Curcumin regulates the homeostasis of Th17/Treg and improves the composition of gut microbiota in type 2 diabetic mice with colitis	Animal & Cell Experiment	Phytother Res	2022	10.1002/ptr.7404
HERB_reference	HBREF004173	HBIN021985	Ingredient	Curcumin	colitis;ulcerative colitis	6.0	36196887	Effect of curcumin on regulatory B cells in chronic colitis mice involving TLR/MyD88 signaling pathway	Animal & Cell Experiment	Phytother Res	2022	10.1002/ptr.7656
HERB_reference	HBREF004178	HBIN021985	Ingredient	Curcumin	colitis;inflammatory bowel disease	6.0	36353208	Curcumin alleviates experimental colitis via a potential mechanism involving memory B cells and Bcl-6-Syk-BLNK signaling	Animal & Cell Experiment	World J Gastroenterol	2022	10.3748/wjg.v28.i40.5865
HERB_reference	HBREF004251	HBIN022795	Ingredient	Daurisoline	colitis;ulcerative colitis	6.0	35366641	Daurisoline alleviated experimental colitis in vivo and in vitro: Involvement of NF-κB and Wnt/β-Catenin pathway	Animal & Cell Experiment	Int Immunopharmacol	2022	10.1016/j.intimp.2022.108714
HERB_reference	HBREF004265	HBIN023000	Ingredient	Dehydrocostus lactone	colitis	3.0	34575918	Dehydrocostus Lactone Attenuates Methicillin-Resistant Staphylococcus aureus-Induced Inflammation and Acute Lung Injury via Modulating Macrophage Polarization	Cell Experiment	Int J Mol Sci	2021	10.3390/ijms22189754
HERB_reference	HBREF004266	HBIN023000	Ingredient	Dehydrocostus lactone	colitis	3.0	35321327	Dehydrocostus Lactone Suppresses Dextran Sulfate Sodium-Induced Colitis by Targeting the IKKα/β-NF-κB and Keap1-Nrf2 Signalling Pathways	Animal & Cell Experiment	Front Pharmacol	2022	10.3389/fphar.2022.817596
HERB_clinical_trial	HBCT007385	HBIN023203	Ingredient	Delta-d	inflammatory bowel disease	3.0	NCT04991324	Cholecalciferol Comedication in IBD - the 5C-study	Recruiting | Phase 3 | No | Interventional	ClinicalTrials.gov	2021-08-05	https://clinicaltrials.gov/study/NCT04991324
HERB_reference	HBREF004286	HBIN023356	Ingredient	Deoxycholic acid	colitis	3.0	35614513	Cholecystectomy promotes colon carcinogenesis by activating the Wnt signaling pathway by increasing the deoxycholic acid level	Animal Experiment	Cell Commun Signal	2022	10.1186/s12964-022-00890-8
HERB_reference	HBREF004334	HBIN024134	Ingredient	Dioscin	colitis;ulcerative colitis	6.0	34343656	Dioscin ameliorates murine ulcerative colitis by regulating macrophage polarization	Animal Experiment	Pharmacol Res	2021	10.1016/j.phrs.2021.105796
HERB_reference	HBREF004354	HBIN024184	Ingredient	Diosmetin	colitis;inflammatory bowel disease	6.0	34262136	Diosmetin has therapeutic efficacy in colitis regulating gut microbiota, inflammation, and oxidative stress via the circ-Sirt1/Sirt1 axis	Animal & Cell Experiment	Acta Pharmacol Sin	2022	10.1038/s41401-021-00726-0
HERB_reference	HBREF001804	HBIN025006	Ingredient	Ellagic acid	inflammatory bowel disease	3.0	31981623	Ellagic acid protects Caco-2 cell monolayers against inflammation-induced permeabilization	Cell Experiment	Free Radic Biol Med	2020	10.1016/j.freeradbiomed.2020.01.022 
HERB_reference	HBREF001811	HBIN025006	Ingredient	Ellagic acid	colitis;inflammatory bowel disease	6.0	22677088	Dietary supplementation of an ellagic acid-enriched pomegranate extract attenuates chronic colonic inflammation in rats	Animal Experiment	Pharmacol Res	2012	10.1016/j.phrs.2012.05.006 
HERB_reference	HBREF000740	HBIN025026	Ingredient	Embelin	colitis	3.0	30377563	Embelin impairs the accumulation and activation of MDSCs in colitis-associated tumorigenesis	Animal Experiment	Oncoimmunology	2018	10.1080/2162402X.2018.1498437 
HERB_reference	HBREF004473	HBIN025796	Ingredient	Esculetin	colitis	3.0	35728711	Aesculetin exhibited anti-inflammatory activities through inhibiting NF-кB and MAPKs pathway in vitro and in vivo	Animal & Cell Experiment	J Ethnopharmacol	2022	10.1016/j.jep.2022.115489
HERB_meta_analysis	HBMA002377	HBIN026006	Ingredient	Etoposide	proctitis	3.0	CRD42020176454	Oral etoposide for treatment and/or maintenance treatment of recurrent epithelial ovarian cancer [Cochrane protocol]	NA	PROSPERO/CRD	NA	NA
HERB_reference	HBREF004493	HBIN026264	Ingredient	Evodiamine	colitis;inflammatory bowel disease	6.0	33240089	Evodiamine Attenuates Experimental Colitis Injury Via Activating Autophagy and Inhibiting NLRP3 Inflammasome Assembly	Animal & Cell Experiment	Front Pharmacol	2020	10.3389/fphar.2020.573870
HERB_reference	HBREF004569	HBIN026550	Ingredient	Flavone	crohn;inflammatory bowel disease	6.0	35002710	Total Flavone of Abelmoschus manihot Ameliorates TNBS-Induced Colonic Fibrosis by Regulating Th17/Treg Balance and Reducing Extracellular Matrix	Animal Experiment	Front Pharmacol	2021	10.3389/fphar.2021.769793
HERB_reference	HBREF004622	HBIN027003	Ingredient	Galangin	colitis	3.0	34999115	Targeting oxidative stress, apoptosis, and autophagy by galangin mitigates cadmium-induced renal damage: Role of SIRT1/Nrf2 and AMPK/mTOR pathways	Animal Experiment	Life Sci	2022	10.1016/j.lfs.2021.120300
HERB_reference	HBREF004668	HBIN027450	Ingredient	Geniposide	colitis;ulcerative colitis	6.0	34650431	Combined Administration of Vitamin D3 and Geniposide Is Less Effective than Single Use of Vitamin D3 or Geniposide in the Treatment of Ulcerative Colitis	Animal Experiment	Front Pharmacol	2021	10.3389/fphar.2021.714065
HERB_reference	HBREF004681	HBIN027450	Ingredient	Geniposide	colitis;ulcerative colitis	6.0	36694912	Geniposide promotes splenic Treg differentiation to alleviate colonic inflammation and intestinal barrier injury in ulcerative colitis mice	Animal & Cell Experiment	Bioengineered	2023	10.1080/21655979.2022.2092678
HERB_meta_analysis	HBMA007638	HBIN027456	Ingredient	Genistein	inflammatory bowel disease	3.0	CRD42023394681	Effects of genistein on intestinal health in murine models: a systematic review	Animal model review, Experimental animal exposure review, Pre-clinical animal intervention review	PROSPERO/CRD	2023-03-17	NA
HERB_reference	HBREF004762	HBIN027739	Ingredient	Ginsenoside rd	colitis	3.0	32224881	Bifidobacteria-Fermented Red Ginseng and Its Constituents Ginsenoside Rd and Protopanaxatriol Alleviate Anxiety/Depression in Mice by the Amelioration of Gut Dysbiosis	Animal Experiment	Nutrients	2020	10.3390/nu12040901
HERB_reference	HBREF004780	HBIN028034	Ingredient	Glucoraphanin	colitis;inflammatory bowel disease	6.0	36552612	Broccoli-Derived Glucoraphanin Activates AMPK/PGC1α/NRF2 Pathway and Ameliorates Dextran-Sulphate-Sodium-Induced Colitis in Mice	Animal Experiment	Antioxidants (Basel)	2022	10.3390/antiox11122404
HERB_meta_analysis	HBMA002543	HBIN028057	Ingredient	Glutamine	colitis;crohn;inflammatory bowel disease;ulcerative colitis	12.0	CRD42021269964	efficacy of oral and enteral glutamine supplementation on gut permeability markers: a meta-analysis	NA	PROSPERO/CRD	2021-08-27	NA
HERB_meta_analysis	HBMA002587	HBIN028191	Ingredient	Glycyrrhizin	colitis;ulcerative colitis	6.0	CRD42021281363	Anti-inflammatory activity and safety of compound glycyrrhizin in ulcerative colitis: A systematic review and meta-analysis of randomized controlled trials.	NA	PROSPERO/CRD	2021-10-24	NA
HERB_meta_analysis	HBMA001316	HBIN029056	Ingredient	Heparin	colitis	3.0	CRD42015026534	Heparin for the prevention of intraventricular hemorrhage in very preterm infants [Cochrane Protocol]	NA	PROSPERO/CRD	NA	NA
HERB_meta_analysis	HBMA002605	HBIN029056	Ingredient	Heparin	colitis	3.0	CRD42016045941	Heparin for the treatment of thrombosis in preterm and term neonates [Cochrane Protocol]	NA	PROSPERO/CRD	2016-08-15	NA
HERB_reference	HBREF004887	HBIN029163	Ingredient	Heriguard	colitis;ulcerative colitis	6.0	36145086	Chlorogenic Acid and Quercetin in a Diet with Fermentable Fiber Influence Multiple Processes Involved in DSS-Induced Ulcerative Colitis but Do Not Reduce Injury	Animal Experiment	Nutrients	2022	10.3390/nu14183706
HERB_meta_analysis	HBMA002689	HBIN029438	Ingredient	Histamine	colitis	3.0	CRD42017060887	Is histamine-2 receptor antagonists use a risk factor for infection, necrotizing enterocolitis and mortality in neonates?	NA	PROSPERO/CRD	2017-04-03	NA
HERB_reference	HBREF004962	HBIN029531	Ingredient	Honokiol	colitis;inflammatory bowel disease;ulcerative colitis	9.0	35901530	Honokiol alleviates ulcerative colitis by targeting PPAR-γ-TLR4-NF-κB signaling and suppressing gasdermin-D-mediated pyroptosis in vivo and in vitro	Animal & Cell Experiment	Int Immunopharmacol	2022	10.1016/j.intimp.2022.109058
HERB_reference	HBREF004965	HBIN029531	Ingredient	Honokiol	colitis;ulcerative colitis	6.0	36578522	Honokiol Ameliorates DSS-Induced Mouse Colitis by Inhibiting Inflammation and Oxidative Stress and Improving the Intestinal Barrier	Animal & Cell Experiment	Oxid Med Cell Longev	2022	10.1155/2022/1755608
HERB_reference	HBREF005014	HBIN029922	Ingredient	Icariin	colitis	3.0	35754510	Relief Effects of Icariin on Inflammation-Induced Decrease of Tight Junctions in Intestinal Epithelial Cells	Animal & Cell Experiment	Front Pharmacol	2022	10.3389/fphar.2022.903762
HERB_meta_analysis	HBMA002755	HBIN029981	Ingredient	Ifp	colitis	3.0	CRD42020198431	Glycerin Enemas and Suppositories in Premature Infants: A Systematic Review and Meta-analysis	NA	PROSPERO/CRD	2020-08-21	NA
HERB_meta_analysis	HBMA002756	HBIN030105	Ingredient	Indigo	colitis;crohn;inflammatory bowel disease;ulcerative colitis	12.0	CRD42021160204	Systematic review with meta‐analysis: efficacy of Indigo Naturalis Preparation for the treatment of inflammatory bowel disease(IBD).	NA	PROSPERO/CRD	2021-01-07	NA
HERB_meta_analysis	HBMA002757	HBIN030105	Ingredient	Indigo	colitis;ulcerative colitis	6.0	CRD42021279766	Meta-analysis of efficacy and safety of indigo naturalis in the treatment of ulcerative colitis	NA	PROSPERO/CRD	2021-10-21	NA
HERB_meta_analysis	HBMA002760	HBIN030105	Ingredient	Indigo	colitis;ulcerative colitis	6.0	CRD42022354838	Systematic evaluation of the efficacy and safety of indigo naturalis PreParation in the treatment of ulcerative colitis	NA	PROSPERO/CRD	2022-08-31	NA
HERB_reference	HBREF005028	HBIN030108	Ingredient	Indirubin	enteritis;inflammatory bowel disease	6.0	36161389	Indirubin regulates T cell differentiation by promoting αVβ8 expression in bone marrow-derived dendritic cells to alleviate inflammatory bowel disease	Cell Experiment	Phytother Res	2022	10.1002/ptr.7595
HERB_meta_analysis	HBMA002763	HBIN030127	Ingredient	Indomethacin	colitis	3.0	CRD42015015797	Systematic review and network meta-analysis of IV indomethacin versus IV Ibuprofen versus oral Ibuprofen versus oral acetaminophen versus placebo for treatment of symptomatic patent ductus arteriosus in preterm infants	NA	PROSPERO/CRD	2015-06-30	Mitra S, Florez ID, Tamayo ME, Mbuagbaw L, Vanniyasingam T, Veroniki AA, Zea AM, Zhang Y, Sadeghirad B, Thabane L. Association of Placebo, Indomethacin, Ibuprofen, and Acetaminophen With Closure of Hemodynamically Significant Patent Ductus Arteriosus in Preterm Infants: A Systematic Review and Meta-analysis. JAMA. 2018 Mar 27;319(12):1221-1238. doi: 10.1001/jama.2018.1896. Review. PubMed PMID: 29584842; PubMed Central PMCID: PMC5885871. https://www.ncbi.nlm.nih.gov/PubMed/29584842 
HERB_meta_analysis	HBMA002767	HBIN030127	Ingredient	Indomethacin	colitis	3.0	CRD42017058603	Association between use of indomethacin, ibuprofen and acetaminophen with spontaneous intestinal perforation in preterm infants <37 weeks gestational and birth weight < 2.5 kg: a systematic review and meta-analysis	NA	PROSPERO/CRD	2017-03-21	NA
HERB_meta_analysis	HBMA002770	HBIN030127	Ingredient	Indomethacin	colitis	3.0	CRD42020165457	A systematic literature review of meta-analyses for the treatment of patent ductus arteriosus (PDA) with ibuprofen, paracetamol/acetaminophen, or indomethacin	NA	PROSPERO/CRD	2020-04-28	NA
HERB_reference	HBREF005034	HBIN030187	Ingredient	Inosine	colitis;inflammatory bowel disease;ulcerative colitis	9.0	33820558	Gut microbiota-derived inosine from dietary barley leaf supplementation attenuates colitis through PPARγ signaling activation	Cell Experiment	Microbiome	2021	10.1186/s40168-021-01028-7
HERB_meta_analysis	HBMA002776	HBIN030233	Ingredient	Inulin	inflammatory bowel disease	3.0	CRD42016037824	Effect of inulin-type fructans intake on lipid profile and glucose level, a systematic review and meta-analysis of randomized controlled trials	NA	PROSPERO/CRD	2016-04-15	NA
HERB_meta_analysis	HBMA002777	HBIN030233	Ingredient	Inulin	inflammatory bowel disease	3.0	CRD42018115875	Systematic review and meta-analysis of the effect of inulin-type fructans on glycometabolism index: an update	NA	PROSPERO/CRD	2018-11-23	NA
HERB_meta_analysis	HBMA002783	HBIN030233	Ingredient	Inulin	inflammatory bowel disease	3.0	CRD42021240531	The prebiotic potential of inulin-type fructans: a systematic review	NA	PROSPERO/CRD	2021-04-05	NA
HERB_reference	HBREF005061	HBIN030442	Ingredient	Isoarnebin 4	colitis;inflammatory bowel disease	6.0	35952517	Natural shikonin and acetyl-shikonin improve intestinal microbial and protein composition to alleviate colitis-associated colorectal cancer	Animal Experiment	Int Immunopharmacol	2022	10.1016/j.intimp.2022.109097
HERB_reference	HBREF005062	HBIN030442	Ingredient	Isoarnebin 4	colitis;ulcerative colitis	6.0	36059938	Shikonin ameliorated mice colitis by inhibiting dimerization and tetramerization of PKM2 in macrophages	Animal & Cell Experiment	Front Pharmacol	2022	10.3389/fphar.2022.926945
HERB_reference	HBREF005067	HBIN030757	Ingredient	Isogambogenicacid	colitis	3.0	34692693	Gambogenic Acid Induces Endoplasmic Reticulum Stress in Colorectal Cancer via the Aurora A Pathway	Cell Experiment	Front Cell Dev Biol	2021	10.3389/fcell.2021.736350
HERB_reference	HBREF005103	HBIN031581	Ingredient	Juglone	colitis;ulcerative colitis	6.0	34421890	Juglone Suppresses Inflammation and Oxidative Stress in Colitis Mice	Animal Experiment	Front Immunol	2021	10.3389/fimmu.2021.674341
HERB_reference	HBREF005118	HBIN032355	Ingredient	Kumujian b	colitis;ulcerative colitis	6.0	36054406	Nigakinone alleviates DSS-induced experimental colitis via regulating bile acid profile and FXR/NLRP3 signaling pathways	Animal Experiment	Phytother Res	2022	10.1002/ptr.7588
HERB_reference	HBREF005123	HBIN032371	Ingredient	Kurarinone	colitis;ulcerative colitis	6.0	35863614	Total flavonoids of Sophora flavescens and kurarinone ameliorated ulcerative colitis by regulating Th17/Treg cell homeostasis	Animal Experiment	J Ethnopharmacol	2022	10.1016/j.jep.2022.115500
HERB_reference	HBREF005129	HBIN032453	Ingredient	Kynurenine	colitis;crohn;inflammatory bowel disease;ulcerative colitis	12.0	32206003	Kynurenine plays an immunosuppressive role in 2,4,6-trinitrobenzene sulfate-induced colitis in mice	Animal Experiment	World J Gastroenterol	2020	10.3748/wjg.v26.i9.918
HERB_clinical_trial	HBCT002568	HBIN032538	Ingredient	Lactose	colitis;ulcerative colitis	6.0	NCT00403923	Amount of Lactose Causing Symptoms in People With Lactose Intolerance and Ulcerative Colitis	Completed | No | Observational	ClinicalTrials.gov	2006-11-27	https://clinicaltrials.gov/study/NCT00403923
HERB_meta_analysis	HBMA007469	HBIN032674	Ingredient	L(+ )-arginine	colitis	3.0	CRD42023397474	L-arginine and L-citrulline for the prevention and treatment of pre-eclampsia: a systematic review and meta-analysis of individual patient data	NA	PROSPERO/CRD	2023-03-10	NA
HERB_meta_analysis	HBMA007653	HBIN032674	Ingredient	L(+ )-arginine	colitis	3.0	CRD42023452354	Effects of arginine supplementation on post-operative parenteral nutrition dependent days in neonates	NA	PROSPERO/CRD	2023-08-08	NA
HERB_clinical_trial	HBCT001401	HBIN032689	Ingredient	L-ascorbic acid	enteritis	3.0	NCT00231218	Echinacea, Propolis and Vitamin C for URI Prevention in Preschoolers	Completed | Phase 3 | No | Interventional	ClinicalTrials.gov	2005-10-04	https://clinicaltrials.gov/study/NCT00231218
HERB_clinical_trial	HBCT002616	HBIN032689	Ingredient	L-ascorbic acid	colitis;ulcerative colitis	6.0	NCT01929668	Comparison of 4L Polyethylene Glycol and 2L Polyethylene Glycol With Ascorbic Acid in Inactive UC Patients	Completed | No | Interventional	ClinicalTrials.gov	2013-08-28	https://clinicaltrials.gov/study/NCT01929668
HERB_clinical_trial	HBCT007475	HBIN032819	Ingredient	Ldp	colitis;ulcerative colitis	6.0	NCT05214404	Effect and Mechanism of Dopamine on Ulcerative Colitis	Completed | No | Observational	ClinicalTrials.gov	2022-01-28	https://clinicaltrials.gov/study/NCT05214404
HERB_meta_analysis	HBMA007189	HBIN032819	Ingredient	Ldp	colitis	3.0	CRD42023446535	Treatment of preterm neonates with probable transitional circulatory shock: A systematic review, network meta-analysis and clinical practice guidelines.	NA	PROSPERO/CRD	2023-09-09	NA
HERB_reference	HBREF005217	HBIN033198	Ingredient	Ligustilide	colitis;inflammatory bowel disease	6.0	33130971	Systems pharmacology approach uncovers Ligustilide attenuates experimental colitis in mice by inhibiting PPARγ-mediated inflammation pathways	Animal & Cell Experiment	Cell Biol Toxicol	2021	10.1007/s10565-020-09563-z
HERB_meta_analysis	HBMA003108	HBIN033433	Ingredient	L-lysine	colitis	3.0	CRD42021273018	Comparative effectiveness and safety of intravenous ibuprofen lysine salt versus ibuprofen tromethamine salt for patent ductus arteriosus closure in preterm infants: A systematic review and network meta-analysis.	NA	PROSPERO/CRD	2021-09-11	NA
HERB_meta_analysis	HBMA003119	HBIN033793	Ingredient	Lutein	colitis	3.0	CRD42016045942	Lutein and zeaxanthin for reducing morbidity and mortality in preterm infants [Cochrane Protocol]	NA	PROSPERO/CRD	2016-08-15	NA
HERB_reference	HBREF005281	HBIN033803	Ingredient	Luteolin	colitis;ulcerative colitis	6.0	32783997	Luteolin ameliorates experimental colitis in mice through ERK-mediated suppression of inflammation, apoptosis and autophagy	Animal Experiment	Food Chem Toxicol	2020	10.1016/j.fct.2020.111680
HERB_meta_analysis	HBMA003172	HBIN034212	Ingredient	Magnesium sulfate	colitis	3.0	CRD42022367246	Antenatal magnesium sulfate and gastrointestinal complications in preterm infants – A systematic review and meta-analysis	NA	PROSPERO/CRD	2022-10-24	NA
HERB_meta_analysis	HBMA003189	HBIN034212	Ingredient	Magnesium sulfate	colitis	3.0	CRD42022313252	Perinatal and maternal effects of different magnesium sulfate protocols as fetal neuroprotection in preterm delivery. A systematic review.	NA	PROSPERO/CRD	2022-03-28	NA
HERB_reference	HBREF005395	HBIN034421	Ingredient	Mannose	colitis;inflammatory bowel disease	6.0	36471112	Mannose metabolism normalizes gut homeostasis by blocking the TNF-α-mediated proinflammatory circuit	Cell Experiment	Cell Mol Immunol	2022	10.1038/s41423-022-00955-1
HERB_reference	HBREF005405	HBIN034558	Ingredient	Matrine	colitis;inflammatory bowel disease;ulcerative colitis	9.0	31933514	Synergistic protection of astragalus polysaccharides and matrine against ulcerative colitis and associated lung injury in rats	Cell Experiment	World J Gastroenterol	2020	10.3748/wjg.v26.i1.55
HERB_reference	HBREF005415	HBIN034558	Ingredient	Matrine	colitis;ulcerative colitis	6.0	35220895	Matrine protects colon mucosal epithelial cells against inflammation and apoptosis via the Janus kinase 2 /signal transducer and activator of transcription 3 pathway	Cell Experiment	Bioengineered	2022	10.1080/21655979.2022.2031676
HERB_reference	HBREF005423	HBIN034656	Ingredient	Melanin	colitis	3.0	35180627	Orally administered melanin from Sepiapharaonis ink ameliorates depression-anxiety-like behaviors in DSS-induced colitis by mediating inflammation pathway and regulating apoptosis	Animal Experiment	Int Immunopharmacol	2022	10.1016/j.intimp.2022.108625
HERB_clinical_trial	HBCT002929	HBIN034657	Ingredient	Melatonin	colitis	3.0	NCT04304807	Effect of Melatonin on Feeding Intolerance and Incidence of Necrotizing Enterocolitis in Preterm Infants	Completed | Phase 4 | No | Interventional	ClinicalTrials.gov	2020-03-11	https://clinicaltrials.gov/study/NCT04304807
HERB_meta_analysis	HBMA003208	HBIN034657	Ingredient	Melatonin	colitis	3.0	CRD42016045580	Melatonin for treating pre-eclampsia [Cochrane Protocol]	NA	PROSPERO/CRD	2016-08-09	NA
HERB_meta_analysis	HBMA003251	HBIN034657	Ingredient	Melatonin	colitis	3.0	CRD42015026569	Melatonin for preventing pre-eclampsia [Cochrane Protocol]	NA	PROSPERO/CRD	2015-09-24	NA
HERB_reference	HBREF005455	HBIN034657	Ingredient	Melatonin	colitis	3.0	32685016	Melatonin ameliorates necrotizing enterocolitis by preventing Th17/Treg imbalance through activation of the AMPK/SIRT1 pathway	Cell Experiment	Theranostics	2020	10.7150/thno.45862
HERB_reference	HBREF005460	HBIN034657	Ingredient	Melatonin	inflammatory bowel disease	3.0	32802257	Melatonin Alleviates Neuroinflammation and Metabolic Disorder in DSS-Induced Depression Rats	Animal Experiment	Oxid Med Cell Longev	2020	10.1155/2020/1241894
HERB_meta_analysis	HBMA003414	HBIN035482	Ingredient	Mg	colitis	3.0	CRD42015019468	Different treatment regimens for magnesium sulphate for tocolysis in women in preterm labour for improving health outcomes [Cochrane Protocol]	NA	PROSPERO/CRD	2015-04-14	NA
HERB_meta_analysis	HBMA007190	HBIN035536	Ingredient	Milrinone	colitis	3.0	CRD42023446535	Treatment of preterm neonates with probable transitional circulatory shock: A systematic review, network meta-analysis and clinical practice guidelines.	NA	PROSPERO/CRD	2023-09-09	NA
HERB_reference	HBREF005732	HBIN036380	Ingredient	Naringin	colitis;inflammatory bowel disease;ulcerative colitis	9.0	34504431	Naringin Exerts Therapeutic Effects on Mice Colitis: A Study Based on Transcriptomics Combined With Functional Experiments	Cell Experiment	Front Pharmacol	2021	10.3389/fphar.2021.729414
HERB_meta_analysis	HBMA003632	HBIN036913	Ingredient	Nifedipine	colitis	3.0	CRD42016024244	Nifedipine versus atosiban in treatment of threatened preterm labor: an individual participant data meta-analysis	NA	PROSPERO/CRD	2016-02-25	NA
HERB_meta_analysis	HBMA007191	HBIN037286	Ingredient	(-)-noradrenaline	colitis	3.0	CRD42023446535	Treatment of preterm neonates with probable transitional circulatory shock: A systematic review, network meta-analysis and clinical practice guidelines.	NA	PROSPERO/CRD	2023-09-09	NA
HERB_reference	HBREF005829	HBIN037568	Ingredient	Nuciferine	colitis;ulcerative colitis	6.0	36577154	Nuciferine alleviates intestinal inflammation by inhibiting MAPK/NF-κB and NLRP3/Caspase 1 pathways in vivo and in vitro	Animal & Cell Experiment	Int Immunopharmacol	2022	10.1016/j.intimp.2022.109613
HERB_reference	HBREF005830	HBIN037642	Ingredient	Obacunone	colitis;ulcerative colitis	6.0	32296403	Obacunone Protects Against Ulcerative Colitis in Mice by Modulating Gut Microbiota, Attenuating TLR4/NF-κB Signaling Cascades, and Improving Disrupted Epithelial Barriers	Animal Experiment	Front Microbiol	2020	10.3389/fmicb.2020.00497
HERB_reference	HBREF005834	HBIN037940	Ingredient	Oleanolic acid	enteritis	3.0	31825448	Oleanolic acid enhances tight junctions and ameliorates inflammation in Salmonella typhimurium-induced diarrhea in mice via the TLR4/NF-κB and MAPK pathway	Animal Experiment	Food Funct	2020	10.1039/c9fo01718f
HERB_clinical_trial	HBCT003321	HBIN038043	Ingredient	Oleovitamin a	colitis	3.0	NCT00707785	Effect of Vitamin A in the Treatment of Neonatal Sepsis and Necrotizing Enterocolitis	Completed | Phase 3 | No | Interventional	ClinicalTrials.gov	2008-07-01	https://clinicaltrials.gov/study/NCT00707785
HERB_reference	HBREF005905	HBIN038387	Ingredient	Osthol	inflammatory bowel disease	3.0	34948440	Effects of Osthole on Inflammatory Gene Expression and Cytokine Secretion in Histamine-Induced Inflammation in the Caco-2 Cell Line	Cell Experiment	Int J Mol Sci	2021	10.3390/ijms222413634
HERB_reference	HBREF005920	HBIN038488	Ingredient	Oxymatrine	colitis;inflammatory bowel disease	6.0	36584572	Oxymatrine ameliorated experimental colitis via mechanisms involving inflammatory DCs, gut microbiota and TLR/NF-κB pathway	Animal Experiment	Int Immunopharmacol	2022	10.1016/j.intimp.2022.109612
HERB_reference	HBREF005927	HBIN038606	Ingredient	Paeoniflorin	enteritis	3.0	31667930	Paeoniflorin inhibits MRGPRX2-mediated pseudo-allergic reaction via calcium signaling pathway	Cell Experiment	Phytother Res	2020	10.1002/ptr.6531
HERB_reference	HBREF005936	HBIN038606	Ingredient	Paeoniflorin	enteritis	3.0	35359871	Paeoniflorin Inhibits ASK1-TF Axis by Up-Regulating SOCS3 to Alleviate Radiation Enteritis	Animal & Cell Experiment	Front Pharmacol	2022	10.3389/fphar.2022.743708
HERB_reference	HBREF005940	HBIN038606	Ingredient	Paeoniflorin	colitis;inflammatory bowel disease	6.0	35716915	Paeoniflorin prevents aberrant proliferation and differentiation of intestinal stem cells by controlling C1q release from macrophages in chronic colitis	Animal Experiment	Pharmacol Res	2022	10.1016/j.phrs.2022.106309
HERB_reference	HBREF000340	HBIN038919	Ingredient	Patchouli alcohol	colitis;ulcerative colitis	6.0	28456683	Patchouli alcohol ameliorates dextran sodium sulfate-induced experimental colitis and suppresses tryptophan catabolism	Animal Experiment	Pharmacol Res	2017	10.1016/j.phrs.2017.04.017 
HERB_reference	HBREF005990	HBIN039240	Ingredient	Perillyl alcohol	colitis;ulcerative colitis	6.0	36070663	Perillyl alcohol attenuates chronic restraint stress aggravated dextran sulfate sodium-induced ulcerative colitis by modulating TLR4/NF-κB and JAK2/STAT3 signaling pathways	Animal Experiment	Phytomedicine	2022	10.1016/j.phymed.2022.154415
HERB_reference	HBREF005996	HBIN039439	Ingredient	Phellodendrine	colitis;ulcerative colitis	6.0	34002930	Phellodendrine promotes autophagy by regulating the AMPK/mTOR pathway and treats ulcerative colitis	Animal & Cell Experiment	J Cell Mol Med	2021	10.1111/jcmm.16587
HERB_reference	HBREF006045	HBIN039698	Ingredient	P-hydroxyphenethyl-beta-d-glucoside	colitis;inflammatory bowel disease;ulcerative colitis	9.0	36331009	Salidroside alleviates ulcerative colitis via inhibiting macrophage pyroptosis and repairing the dysbacteriosis-associated Th17/Treg imbalance	Animal & Cell Experiment	Phytother Res	2022	10.1002/ptr.7636
HERB_reference	HBREF006090	HBIN040107	Ingredient	Piplartine	colitis;ulcerative colitis	6.0	33343354	Piperlongumine Alleviates Mouse Colitis and Colitis-Associated Colorectal Cancer	Animal Experiment	Front Pharmacol	2020	10.3389/fphar.2020.586885
HERB_reference	HBREF006100	HBIN040152	Ingredient	Pit	colitis	3.0	31906321	Albumin Nano-Encapsulation of Piceatannol Enhances Its Anticancer Potential in Colon Cancer Via Downregulation of Nuclear p65 and HIF-1α	Animal Experiment	Cancers (Basel)	2020	10.3390/cancers12010113
HERB_reference	HBREF000623	HBIN040271	Ingredient	Plumericin	colitis;inflammatory bowel disease	6.0	31914614	Plumericin prevents intestinal inflammation and oxidative stress in vitro and in vivo	Animal & Cell Experiment	FASEB J	2020	10.1096/fj.201902040R 
HERB_reference	HBREF006130	HBIN040403	Ingredient	Polydatin	colitis;inflammatory bowel disease;ulcerative colitis	9.0	33809584	PEA/Polydatin: Anti-Inflammatory and Antioxidant Approach to Counteract DNBS-Induced Colitis	Animal Experiment	Antioxidants (Basel)	2021	10.3390/antiox10030464
HERB_reference	HBREF006136	HBIN040403	Ingredient	Polydatin	colitis;inflammatory bowel disease	6.0	35766233	Polydatin alleviates DSS- and TNBS-induced colitis by suppressing Th17 cell differentiation via directly inhibiting STAT3	Cell Experiment	Phytother Res	2022	10.1002/ptr.7533
HERB_meta_analysis	HBMA001706	HBIN040799	Ingredient	Progesterone	colitis	3.0	CRD42016033946	Combinations of progesterone, cerclage and/or pessary for primary prevention of preterm birth: a systematic review and meta-analysis	NA	PROSPERO/CRD	2016-03-30	Jarde A, Lewis-Mikhael AM, Dodd JM, Barrett J, Saito S, Beyene J, McDonald SD. The More, the Better? Combining Interventions to Prevent Preterm Birth in Women at Risk: a Systematic Review and Meta-Analysis. Journal of Obstetrics and Gynaecology Canada. 2017 Dec 1;39(12):1192-202. https://www.ScienceDirect.com/science/article/pii/S170121631730227X?via%3Dihub 
HERB_meta_analysis	HBMA001714	HBIN040799	Ingredient	Progesterone	colitis	3.0	CRD42021239228	The effect of vaginal progesterone on preventing preterm birth and target population which would benefit: a meta-analysis	NA	PROSPERO/CRD	2021-03-27	NA
HERB_meta_analysis	HBMA001716	HBIN040799	Ingredient	Progesterone	colitis	3.0	CRD42022327812	A systematic review and meta-analysis of the effectiveness of combined progesterone and cervical cerclage in preventing preterm birth	NA	PROSPERO/CRD	2022-05-10	NA
HERB_meta_analysis	HBMA003900	HBIN040799	Ingredient	Progesterone	colitis	3.0	CRD42018095246	Oral progesterone for the prevention of recurrent preterm birth: a systematic review and meta-analysis	NA	PROSPERO/CRD	2018-05-30	NA
HERB_meta_analysis	HBMA003903	HBIN040799	Ingredient	Progesterone	colitis	3.0	CRD42015016166	Progesterone, cerclage and pessary for primary prevention of preterm birth: a systematic review and network meta-analysis	NA	PROSPERO/CRD	2015-05-07	Jarde A, Lutsiv O, Park CK, Beyene J, Dodd JM, Barrett J, Shah PS, Cook JL, Saito S, Biringer AB, Sabatino L. Effectiveness of progesterone, cerclage and pessary for preventing preterm birth in singleton pregnancies: a systematic review and network meta‐analysis. BJOG: An International Journal of Obstetrics &amp; Gynaecology. 2017 Jul;124(8):1176-89. https://obgyn.onlinelibrary.wiley.com/doi/full/10.1111/1471-0528.14624 
HERB_meta_analysis	HBMA003905	HBIN040799	Ingredient	Progesterone	colitis	3.0	CRD42016033361	Vaginal progesterone compared to intramuscular 17-alpha-hydroxyprogesterone caproate for prevention of recurrent preterm birth: a systematic review and meta-analysis of randomized controlled trials	NA	PROSPERO/CRD	2016-01-19	NA
HERB_meta_analysis	HBMA003906	HBIN040799	Ingredient	Progesterone	colitis	3.0	CRD42016039682	Vaginal progesterone for the prevention of preterm birth in women with a twin gestation and a short cervix: updated systematic review and individual patient data meta-analysis	NA	PROSPERO/CRD	2016-05-27	NA
HERB_meta_analysis	HBMA003910	HBIN040799	Ingredient	Progesterone	colitis	3.0	CRD42018104694	Management of short cervix in women with a prior spontaneous preterm birth: cerclage or progesterone? A systematic review and direct meta-analysis of randomized controlled trials with individual patient data 	NA	PROSPERO/CRD	2018-08-10	NA
HERB_meta_analysis	HBMA003915	HBIN040799	Ingredient	Progesterone	colitis	3.0	CRD42014013706	Vaginal progesterone for maintenance tocolysis: a meta-analysis of randomized trials	NA	PROSPERO/CRD	2014-09-14	 Suhag A, Saccone G, Berghella V. Vaginal progesterone for maintenance tocolysis: a systematic review and meta-analysis of randomized trials. Am J Obstet Gynecol. 2015 Mar 19. pii: S0002-9378(15)00261-6. doi: 10.1016/j.ajog.2015.03.031. [Epub ahead of print] 
HERB_meta_analysis	HBMA003918	HBIN040799	Ingredient	Progesterone	colitis	3.0	CRD42017057155	Vaginal progesterone for the prevention of preterm birth in women with a singleton gestation and a short cervix: systematic review and meta-analysis of individual patient data	NA	PROSPERO/CRD	2017-02-18	NA
HERB_meta_analysis	HBMA003921	HBIN040799	Ingredient	Progesterone	colitis	3.0	CRD42017077311	Vaginal progesterone vs cervical cerclage to prevent preterm birth in women with a singleton gestation, previous spontaneous preterm birth and a short cervix: an updated indirect comparison meta­-analysis	NA	PROSPERO/CRD	2017-11-06	NA
HERB_meta_analysis	HBMA003927	HBIN040799	Ingredient	Progesterone	colitis	3.0	CRD42020177630	Progesterone for the prevention of preterm birth among women who are considered at an increased risk: a systematic review and meta-analysis of studies at low risk of inflating results	NA	PROSPERO/CRD	2020-07-05	NA
HERB_meta_analysis	HBMA003928	HBIN040799	Ingredient	Progesterone	colitis	3.0	CRD42020184215	Vaginal progesterone for the prevention of preterm birth in women with arrested preterm labor	NA	PROSPERO/CRD	2020-07-10	NA
HERB_meta_analysis	HBMA003933	HBIN040799	Ingredient	Progesterone	colitis	3.0	CRD42020195975	The effectiveness of combined vaginal progesterone and cervical cerclage in preventing preterm birth: a systematic review and meta-analysis	NA	PROSPERO/CRD	2020-10-08	NA
HERB_meta_analysis	HBMA003947	HBIN040799	Ingredient	Progesterone	colitis	3.0	CRD42021275154	Vaginal progesterone for the prevention of recurrent preterm birth in women with a singleton gestation and a history of spontaneous preterm birth: a systematic review and meta-analysis	NA	PROSPERO/CRD	2021-09-23	NA
HERB_meta_analysis	HBMA003951	HBIN040799	Ingredient	Progesterone	colitis	3.0	CRD42022315200	Safety and efficacy of pessaries, progesterone, cervical cerclage, and combination therapy for the prevention of preterm labor in women with a short cervix: a systematic review network meta-analysis 子宫颈置管、孕酮、宫颈环扎术和联合治疗预防宫颈较短妇女早产的安全性和有效性: 系统综述网络荟萃分析	NA	PROSPERO/CRD	2022-04-07	NA
HERB_meta_analysis	HBMA003956	HBIN040799	Ingredient	Progesterone	colitis	3.0	CRD42020205184	Vaginal Progesterone for Preventing Preterm Birth and Adverse Perinatal Outcomes in Twin Gestations: A Systematic Review and Meta-analysis	NA	PROSPERO/CRD	2020-09-19	NA
HERB_meta_analysis	HBMA007418	HBIN040799	Ingredient	Progesterone	colitis	3.0	CRD42023401123	Does the route of administration matter? Systematic review and meta-analysis of randomized clinical trials between vaginal versus intramuscular progesterone administration in the prevention of preterm birth	NA	PROSPERO/CRD	2023-03-02	DOI: 10.36129/jog.2023.139 http://www.gynaecology-obstetrics-journal.com/does-the-route-of-administration-matter-systematic-review-and-meta-analysis-of-randomized-clinical-trials-between-vaginal-versus-intramuscular-progesterone-administration-in-the-prevention-of-preterm/
HERB_meta_analysis	HBMA007419	HBIN040799	Ingredient	Progesterone	colitis	3.0	CRD42023465092	Use of progesterone for preventing spontaneous pre-term birth in twins and triplets	NA	PROSPERO/CRD	2023-09-20	NA
HERB_meta_analysis	HBMA003965	HBIN040827	Ingredient	Propanoic acid	colitis;crohn;ulcerative colitis	9.0	CRD42015018950	Systematic review of the effects of Bifidobacterium lactis CNCM I-2494 in fermented dairy product by lactic acid bacteria on gastrointestinal discomfort in the general population	NA	PROSPERO/CRD	2015-03-27	NA
HERB_reference	HBREF006202	HBIN041217	Ingredient	Pterostilbene	inflammatory bowel disease	3.0	32898597	Altered paracellular permeability in intestinal cell monolayer challenged with lipopolysaccharide: Modulatory effects of pterostilbene metabolites	Cell Experiment	Food Chem Toxicol	2020	10.1016/j.fct.2020.111729
HERB_reference	HBREF006222	HBIN041217	Ingredient	Pterostilbene	colitis;inflammatory bowel disease	6.0	36414187	Self-assembled micelle derived from pterostilbene ameliorate acute inflammatory bowel disease	Animal Experiment	Int J Pharm	2022	10.1016/j.ijpharm.2022.122420
HERB_reference	HBREF005566	HBIN041495	Ingredient	Quercetin	inflammatory bowel disease	3.0	34361114	Quercetin Administration Suppresses the Cytokine Storm in Myeloid and Plasmacytoid Dendritic Cells	Cell Experiment	Int J Mol Sci	2021	10.3390/ijms22158349
HERB_reference	HBREF005608	HBIN041495	Ingredient	Quercetin	colitis;ulcerative colitis	6.0	36145086	Chlorogenic Acid and Quercetin in a Diet with Fermentable Fiber Influence Multiple Processes Involved in DSS-Induced Ulcerative Colitis but Do Not Reduce Injury	Animal Experiment	Nutrients	2022	10.3390/nu14183706
HERB_reference	HBREF006310	HBIN041663	Ingredient	Quercetin,3-o-rutinoside	colitis	3.0	34302158	Rutin prevents inflammation-associated colon damage via inhibiting the p38/MAPKAPK2 and PI3K/Akt/GSK3β/NF-κB signalling axes and enhancing splenic Tregs in DSS-induced murine chronic colitis	Cell Experiment	Food Funct	2021	10.1039/d1fo01557e
HERB_reference	HBREF006339	HBIN042199	Ingredient	Rhein	colitis	3.0	34882785	Rhein regulates redox-mediated activation of NLRP3 inflammasomes in intestinal inflammation through macrophage-activated crosstalk	Cell Experiment	Br J Pharmacol	2021	10.1111/bph.15773
HERB_reference	HBREF006340	HBIN042199	Ingredient	Rhein	colitis;ulcerative colitis	6.0	35229916	Anti-inflammatory effect of Rhein on ulcerative colitis via inhibiting PI3K/Akt/mTOR signaling pathway and regulating gut microbiota	Animal & Cell Experiment	Phytother Res	2022	10.1002/ptr.7429
HERB_reference	HBREF006346	HBIN042199	Ingredient	Rhein	colitis;ulcerative colitis	6.0	36389730	The effects of rhein on D-GalN/LPS-induced acute liver injury in mice: Results from gut microbiome-metabolomics and host transcriptome analysis	Animal & Cell Experiment	Front Immunol	2022	10.3389/fimmu.2022.971409
HERB_reference	HBREF006365	HBIN042438	Ingredient	Rosmarinic acid	colitis	3.0	32824269	p-Cymene and Rosmarinic Acid Ameliorate TNBS-Induced Intestinal Inflammation Upkeeping ZO-1 and MUC-2: Role of Antioxidant System and Immunomodulation	Animal Experiment	Int J Mol Sci	2020	10.3390/ijms21165870
HERB_reference	HBREF006371	HBIN042438	Ingredient	Rosmarinic acid	colitis	3.0	34077834	Rosmarinic acid represses colitis-associated colon cancer: A pivotal involvement of the TLR4-mediated NF-κB-STAT3 axis	Animal Experiment	Neoplasia	2021	10.1016/j.neo.2021.05.002
HERB_reference	HBREF006384	HBIN042657	Ingredient	Rutaecarpine	colitis;inflammatory bowel disease	6.0	31874248	Rutaecarpine inhibits KEAP1-NRF2 interaction to activate NRF2 and ameliorate dextran sulfate sodium-induced colitis	Animal & Cell Experiment	Free Radic Biol Med	2020	10.1016/j.freeradbiomed.2019.12.012
HERB_reference	HBREF000277	HBIN042670	Ingredient	Rutin	colitis;inflammatory bowel disease	6.0	25281414	Rutin has intestinal antiinflammatory effects in the CD4+ CD62L+ T cell transfer model of colitis	Animal Experiment	Pharmacol Res	2014	10.1016/j.phrs.2014.09.005 
HERB_clinical_trial	HBCT007594	HBIN042735	Ingredient	Saccharose	enteritis	3.0	NCT05378776	Sucrose at Triage for Acute Gastroenteritis Episode in Children	Recruiting | No | Interventional	ClinicalTrials.gov	2022-05-18	https://clinicaltrials.gov/study/NCT05378776
HERB_meta_analysis	HBMA004120	HBIN042735	Ingredient	Saccharose	inflammatory bowel disease	3.0	CRD42023386858	Efficacy and safety of intravenous iron sucrose for children with iron deficiency	NA	PROSPERO/CRD	2023-01-02	NA
HERB_reference	HBREF006439	HBIN043028	Ingredient	Sanguinarine	colitis;inflammatory bowel disease	6.0	36304153	Sanguinarine protects against indomethacin-induced small intestine injury in rats by regulating the Nrf2/NF-κB pathways	Animal & Cell Experiment	Front Pharmacol	2022	10.3389/fphar.2022.960140
HERB_reference	HBREF006455	HBIN043437	Ingredient	Scoparone	enteritis	3.0	36522512	Scoparone suppresses mitophagy-mediated NLRP3 inflammasome activation in inflammatory diseases	Animal & Cell Experiment	Acta Pharmacol Sin	2022	10.1038/s41401-022-01028-9
HERB_meta_analysis	HBMA004168	HBIN043546	Ingredient	Se	inflammatory bowel disease	3.0	CRD42021254451	A CompaRative Meta-Analysis of Treating Autoimmune Thyroiditis Using Vitamin D, Selenium or Both	NA	PROSPERO/CRD	2021-11-16	NA
HERB_meta_analysis	HBMA004199	HBIN043546	Ingredient	Se	colitis	3.0	CRD42022383669	Selenium for the prevention of preterm birth: a systematic review	NA	PROSPERO/CRD	2022-12-23	NA
HERB_reference	HBREF006477	HBIN043798	Ingredient	Sesamin	colitis;inflammatory bowel disease	6.0	33496702	Sesamin protects against DSS-induced colitis in mice by inhibiting NF-κB and MAPK signaling pathways	Animal Experiment	Food Funct	2021	10.1039/d0fo00950d
HERB_reference	HBREF006505	HBIN044062	Ingredient	Sinapic acid	colitis;ulcerative colitis	6.0	33312339	Ameliorative Effect of Sinapic Acid on Dextran Sodium Sulfate- (DSS-) Induced Ulcerative Colitis in Kunming (KM) Mice	Cell Experiment	Oxid Med Cell Longev	2020	10.1155/2020/8393504
HERB_reference	HBREF006522	HBIN044111	Ingredient	Sinomenine	colitis	3.0	36295848	Sinomenine Ameliorates Colitis-Associated Cancer by Modulating Lipid Metabolism via Enhancing CPT1A Expression	Animal & Cell Experiment	Metabolites	2022	10.3390/metabo12100946
HERB_meta_analysis	HBMA004233	HBIN044244	Ingredient	Sodium	colitis	3.0	CRD42017083071	Higher versus lower sodium intake for preterm infants [Cochrane protocol]	NA	PROSPERO/CRD	2017-12-02	NA
HERB_reference	HBREF006539	HBIN044493	Ingredient	Spermidine	inflammatory bowel disease	3.0	32031616	Presence of PTPN2 SNP rs1893217 Enhances the Anti-inflammatory Effect of Spermidine	Cell Experiment	Inflamm Bowel Dis	2020	10.1093/ibd/izaa013
HERB_reference	HBREF006548	HBIN044493	Ingredient	Spermidine	crohn	3.0	34445589	Modulation of PTPN2/22 Function by Spermidine in CRISPR-Cas9-Edited T-Cells Associated with Crohn's Disease and Rheumatoid Arthritis	Cell Experiment	Int J Mol Sci	2021	10.3390/ijms22168883
HERB_meta_analysis	HBMA004308	HBIN044721	Ingredient	Starch	inflammatory bowel disease	3.0	CRD42017060674	Effects of resistant starch intake on glucose metabolism, a systematic review and meta-analysis of randomized controlled trials	NA	PROSPERO/CRD	2017-04-04	NA
HERB_meta_analysis	HBMA004312	HBIN044721	Ingredient	Starch	inflammatory bowel disease	3.0	CRD42020111529	Effects of resistant starch intake on inflammation markers, a systematic review and meta-analysis of randomized controlled trials	NA	PROSPERO/CRD	2020-04-28	NA
HERB_meta_analysis	HBMA004314	HBIN044721	Ingredient	Starch	colitis;crohn;inflammatory bowel disease;ulcerative colitis	12.0	CRD42019129513	The effects of resistant starch on individuals with inflammatory bowel disease: a systematic review and meta-analysis	NA	PROSPERO/CRD	2019-05-17	NA
HERB_meta_analysis	HBMA004315	HBIN044721	Ingredient	Starch	inflammatory bowel disease	3.0	CRD42019130896	The effects of resistant starches within in-vivo models of inflammatory bowel disease: A systematic review and meta-analysis	Pre-clinical animal intervention review	PROSPERO/CRD	2019-04-18	Montroy J, Berjawi R, Lalu MM, Podolsky E, Peixoto C, Sahin L, Stintzi A, Mack D, Fergusson DA. <b>The effects of resistant starches on inflammatory bowel disease in preclinical and clinical settings: a systematic review and meta-analysis</b>. BMC Gastroenterol. 2020; 20:372. DOI 10.1186/s12876-020-01516-4 
HERB_meta_analysis	HBMA004322	HBIN044721	Ingredient	Starch	inflammatory bowel disease	3.0	CRD42020191364	Tolerability of resistant starch in pediatrics and adolescents: a protocol for a systematic review and meta-analysis of randomized controlled trials	NA	PROSPERO/CRD	2020-07-10	NA
HERB_reference	HBREF006622	HBIN045135	Ingredient	Sulforathane	colitis;inflammatory bowel disease;ulcerative colitis	9.0	35754320	Therapeutic effects of sulforaphane in ulcerative colitis: effect on antioxidant activity, mitochondrial biogenesis and DNA polymerization	Animal Experiment	Redox Rep	2022	10.1080/13510002.2022.2092378
HERB_reference	HBREF006652	HBIN045566	Ingredient	Tatarine	colitis;ulcerative colitis	6.0	32566100	Taurine Attenuates Carcinogenicity in Ulcerative Colitis-Colorectal Cancer Mouse Model	Clinical & Animal Experiment	Oxid Med Cell Longev	2020	10.1155/2020/7935917
HERB_reference	HBREF006685	HBIN045672	Ingredient	Taxifolin	colitis	3.0	33664740	Dietary Taxifolin Protects Against Dextran Sulfate Sodium-Induced Colitis via NF-κB Signaling, Enhancing Intestinal Barrier and Modulating Gut Microbiota	Animal Experiment	Front Immunol	2021	10.3389/fimmu.2020.631809
HERB_reference	HBREF006687	HBIN045672	Ingredient	Taxifolin	colitis	3.0	34673859	Dihydroquercetin supplement alleviates colonic inflammation potentially through improved gut microbiota community in mice	Animal Experiment	Food Funct	2021	10.1039/d1fo01422f
HERB_reference	HBREF006690	HBIN045672	Ingredient	Taxifolin	colitis;inflammatory bowel disease;ulcerative colitis	9.0	35268045	Taxifolin Alleviates DSS-Induced Ulcerative Colitis by Acting on Gut Microbiome to Produce Butyric Acid	Animal Experiment	Nutrients	2022	10.3390/nu14051069
HERB_meta_analysis	HBMA004356	HBIN045705	Ingredient	Taxol	proctitis	3.0	CRD42016043848	Weekly versus tri-weekly paclitaxel with carboplatin for first-line treatment in women with ovarian cancer [Cochrane Protocol]	NA	PROSPERO/CRD	2016-07-29	NA
HERB_meta_analysis	HBMA004357	HBIN045705	Ingredient	Taxol	proctitis	3.0	CRD42017082923	Weekly versus tri-weekly paclitaxel with carboplatin for first-line treatment in women with ovarian cancer [Cochrane protocol]	NA	PROSPERO/CRD	2017-12-02	NA
HERB_meta_analysis	HBMA004377	HBIN045705	Ingredient	Taxol	proctitis	3.0	CRD42020211514	Dose-dense paclitaxel as first-line treatment for advanced epithelial ovarian cancer	NA	PROSPERO/CRD	2020-10-28	NA
HERB_reference	HBREF006775	HBIN046423	Ingredient	Tiliroside	colitis;ulcerative colitis	6.0	33868286	Tiliroside Ameliorates Ulcerative Colitis by Restoring the M1/M2 Macrophage Balance via the HIF-1α/glycolysis Pathway	Animal & Cell Experiment	Front Immunol	2021	10.3389/fimmu.2021.649463
HERB_clinical_trial	HBCT008467	HBIN046831	Ingredient	Trans-resveratrol	colitis;inflammatory bowel disease;ulcerative colitis	9.0	NCT05761327	Investigation of the Effects of Curcumin and Resveratrol Supplements Added to the Mediterranean Diet on Disease Severity and Inflammatory Biomarkers in Patients With Ulcerative Colitis	Completed | No | Interventional	ClinicalTrials.gov	2023-03-09	https://clinicaltrials.gov/study/NCT05761327
HERB_meta_analysis	HBMA004604	HBIN046831	Ingredient	Trans-resveratrol	colitis;ulcerative colitis	6.0	CRD42019150849	Efficacy of resveratrol for the treatment in patients with ulcerative colitis (UC): a protocol of systematic review	NA	PROSPERO/CRD	2019-10-07	NA
HERB_meta_analysis	HBMA004621	HBIN046831	Ingredient	Trans-resveratrol	inflammatory bowel disease	3.0	CRD42021262136	Effect of resveratrol on C-reactive protein: An updated meta-analysis of randomized controlled trials	NA	PROSPERO/CRD	2021-07-21	NA
HERB_meta_analysis	HBMA004622	HBIN046831	Ingredient	Trans-resveratrol	colitis;crohn;inflammatory bowel disease;ulcerative colitis	12.0	CRD42021269538	Efficacy of oral consumption of Resveratrol for symptoms improvement of Inflammatory Bowel Disease: A Systematic Review of human studies and a Meta-Analysis of Randomized Clinical Trials.	NA	PROSPERO/CRD	2021-08-23	NA
HERB_reference	HBREF006832	HBIN046831	Ingredient	Trans-resveratrol	enteritis	3.0	32682225	Antiviral activities of resveratrol against rotavirus in vitro and in vivo	Animal & Cell Experiment	Phytomedicine	2020	10.1016/j.phymed.2020.153230
HERB_reference	HBREF006836	HBIN046831	Ingredient	Trans-resveratrol	colitis;ulcerative colitis	6.0	32952341	Resveratrol alleviates intestinal mucosal barrier dysfunction in dextran sulfate sodium-induced colitis mice by enhancing autophagy	Cell Experiment	World J Gastroenterol	2020	10.3748/wjg.v26.i33.4945
HERB_reference	HBREF006964	HBIN047173	Ingredient	Triptolide	colitis;ulcerative colitis	6.0	35225120	Dendritic cell combination therapy reduces the toxicity of triptolide and ameliorates colitis in murine models	Animal Experiment	Drug Deliv	2022	10.1080/10717544.2022.2044935
HERB_meta_analysis	HBMA003989	HBIN047572	Ingredient	Urc	colitis;crohn;inflammatory bowel disease;ulcerative colitis	12.0	CRD42022331785	Uric Acid is Associated with The Severity in IBD: A Meta-Analysis	NA	PROSPERO/CRD	2022-09-07	NA
HERB_meta_analysis	HBMA004685	HBIN047572	Ingredient	Urc	inflammatory bowel disease	3.0	CRD42020172535	Association between blood/oral uric acid and periodontitis: A systematic review and meta‐analysis	NA	PROSPERO/CRD	2020-04-28	NA
HERB_meta_analysis	HBMA004709	HBIN047610	Ingredient	Ursodeoxycholic acid	inflammatory bowel disease	3.0	CRD42021276719	Role of Ursodeoxycholic acid in prevention of gallstones formation in bariatric patients	NA	PROSPERO/CRD	2021-09-22	NA
HERB_meta_analysis	HBMA004711	HBIN047610	Ingredient	Ursodeoxycholic acid	enteritis	3.0	CRD42021267689	The role of Ursodeoxycholic acid in the management of upper gastrointestinal disorders: A Systematic review.	NA	PROSPERO/CRD	2021-08-14	NA
HERB_reference	HBREF007005	HBIN047613	Ingredient	Ursolic acid	colitis;ulcerative colitis	6.0	35204308	Ursolic Acid Protects Sodium Dodecyl Sulfate-Induced Drosophila Ulcerative Colitis Model by Inhibiting the JNK Signaling	Animal Experiment	Antioxidants (Basel)	2022	10.3390/antiox11020426
HERB_clinical_trial	HBCT006634	HBIN047654	Ingredient	Uvadex	crohn	3.0	NCT00056355	Extracorporeal Photopheresis to Maintain Symptoms Remission During Steroid Withdrawal in Patients With Steroid-Dependent Crohn's Disease	Completed | Phase 1 | No | Interventional	ClinicalTrials.gov	2003-03-11	https://clinicaltrials.gov/study/NCT00056355
HERB_clinical_trial	HBCT006636	HBIN047654	Ingredient	Uvadex	crohn	3.0	NCT00221026	Safety and Efficacy of Extracorporeal Photoimmune Therapy With UVADEX for the Treatment of Crohn's Disease	Completed | Phase 2 | No | Interventional	ClinicalTrials.gov	2005-09-22	https://clinicaltrials.gov/study/NCT00221026
HERB_reference	HBREF007016	HBIN047656	Ingredient	Uvaol	colitis	3.0	32411289	Anti-inflammatory properties of uvaol on DSS-induced colitis and LPS-stimulated macrophages	Animal & Cell Experiment	Chin Med	2020	10.1186/s13020-020-00322-0
HERB_meta_analysis	HBMA002950	HBIN047763	Ingredient	Vasopressin	colitis	3.0	CRD42021236094	Efficacy and Safety of Vasopressin and Terlipressin in Preterm Neonates: A Protocol for a Systematic Review 	NA	PROSPERO/CRD	2021-03-11	NA
HERB_meta_analysis	HBMA008003	HBIN047763	Ingredient	Vasopressin	colitis	3.0	CRD42023446535	Treatment of preterm neonates with probable transitional circulatory shock: A systematic review, network meta-analysis and clinical practice guidelines.	NA	PROSPERO/CRD	2023-09-09	NA
HERB_meta_analysis	HBMA004735	HBIN047879	Ingredient	Vetol	inflammatory bowel disease	3.0	CRD42020202111	Therapeutic use of ferric maltol in patients with iron deficiency anaemia: a systematic review.	NA	PROSPERO/CRD	2020-09-01	NA
HERB_meta_analysis	HBMA005036	HBIN048040	Ingredient	Vitamin b12	inflammatory bowel disease	3.0	CRD42020152806	Vitamin B12 supplementation in women of reproductive age	NA	PROSPERO/CRD	2020-04-28	NA
HERB_meta_analysis	HBMA005063	HBIN048040	Ingredient	Vitamin b12	inflammatory bowel disease	3.0	CRD42020164831	Vitamin B12 and neural tube defects.	NA	PROSPERO/CRD	2020-12-08	NA
HERB_meta_analysis	HBMA007494	HBIN048040	Ingredient	Vitamin b12	inflammatory bowel disease	3.0	CRD42023207868	Vitamin B12 interventions and metabolic health outcomes in adults	NA	PROSPERO/CRD	2023-06-28	NA
HERB_clinical_trial	HBCT008491	HBIN048044	Ingredient	Vitamin b5	inflammatory bowel disease	3.0	NCT05701501	Clinical Study of Vitamin B5 in Adjuvant Treatment of IBD	Recruiting | No | Interventional	ClinicalTrials.gov	2023-01-27	https://clinicaltrials.gov/study/NCT05701501
HERB_reference	HBREF007048	HBIN048044	Ingredient	Vitamin b5	colitis	3.0	36450257	Vitamin B5 rewires Th17 cell metabolism via impeding PKM2 nuclear translocation	Cell Experiment	Cell Rep	2022	10.1016/j.celrep.2022.111741
HERB_meta_analysis	HBMA005343	HBIN048047	Ingredient	Vitamin c	crohn	3.0	CRD42021271249	Common genetic polymorphism in Vitamin C related genes and their effects on ascorbic acid serum levels in healthy adults.	NA	PROSPERO/CRD	2021-09-13	NA
HERB_meta_analysis	HBMA005425	HBIN048047	Ingredient	Vitamin c	colitis;crohn;inflammatory bowel disease;ulcerative colitis	12.0	CRD42022309931	Effect of vitamin C on inflammatory markers in chronic inflammatory diseases: a systematic review and meta-analysis	NA	PROSPERO/CRD	2022-04-13	NA
HERB_clinical_trial	HBCT008515	HBIN048048	Ingredient	Vitamin d	inflammatory bowel disease	3.0	NCT05733117	Oral Nano Vitamin D Supplementation Efficacy in Inflammatory Bowel Disease	Recruiting | Phase 4 | No | Interventional	ClinicalTrials.gov	2023-02-17	https://clinicaltrials.gov/study/NCT05733117
HERB_meta_analysis	HBMA000997	HBIN048048	Ingredient	Vitamin d	inflammatory bowel disease	3.0	CRD42017069531	The relationship between vitamin D deficiency and ethnicity in the adult population: a systematic review of the prevalence of hypovitaminosis D	NA	PROSPERO/CRD	2017-08-16	NA
HERB_meta_analysis	HBMA001066	HBIN048048	Ingredient	Vitamin d	crohn	3.0	CRD42019129540	The impact of vitamin D supplementation on fractures, falls and mortality: an umbrella review of systematic reviews and meta-analyses of randomized controlled trials	NA	PROSPERO/CRD	2019-04-24	NA
HERB_meta_analysis	HBMA001149	HBIN048048	Ingredient	Vitamin d	colitis;crohn;inflammatory bowel disease;ulcerative colitis	12.0	CRD42021245342	Effect of vitamin D supplementation on patient reported outcomes in patients with inflammatory bowel disease: a systematic review	NA	PROSPERO/CRD	2021-03-29	NA
HERB_meta_analysis	HBMA004169	HBIN048048	Ingredient	Vitamin d	inflammatory bowel disease	3.0	CRD42021254451	A CompaRative Meta-Analysis of Treating Autoimmune Thyroiditis Using Vitamin D, Selenium or Both	NA	PROSPERO/CRD	2021-11-16	NA
HERB_meta_analysis	HBMA004768	HBIN048048	Ingredient	Vitamin d	colitis;crohn;inflammatory bowel disease;ulcerative colitis	12.0	CRD42015016575	Vitamin D status and Crohn's disease	NA	PROSPERO/CRD	2015-02-06	NA
HERB_meta_analysis	HBMA004796	HBIN048048	Ingredient	Vitamin d	colitis;crohn;inflammatory bowel disease;ulcerative colitis	12.0	CRD42015028089	Vitamin D for the treatment of inflammatory bowel disease [Cochrane Protocol]	NA	PROSPERO/CRD	2015-11-10	NA
HERB_meta_analysis	HBMA004847	HBIN048048	Ingredient	Vitamin d	colitis;crohn;inflammatory bowel disease;ulcerative colitis	12.0	CRD42017072135	Vitamin D status and efficacy of vitamin D supplementation in irritable bowel syndrome	NA	PROSPERO/CRD	NA	NA
HERB_meta_analysis	HBMA004898	HBIN048048	Ingredient	Vitamin d	inflammatory bowel disease	3.0	CRD42018094823	The impact of vitamin D supplementation in patients with irritable bowel syndrome: a systematic review and meta-analysis	NA	PROSPERO/CRD	2018-05-16	NA
HERB_meta_analysis	HBMA004973	HBIN048048	Ingredient	Vitamin d	colitis;crohn;inflammatory bowel disease;ulcerative colitis	12.0	CRD42019130336	Vitamin D as adjuvant therapy in the inflammatory bowel diseases	NA	PROSPERO/CRD	2019-07-17	NA
HERB_meta_analysis	HBMA005005	HBIN048048	Ingredient	Vitamin d	inflammatory bowel disease	3.0	CRD42020140151	Effects of vitamin D in patients with irritable bowel syndrome: a systematic review and meta-analysis	NA	PROSPERO/CRD	2020-04-28	NA
HERB_meta_analysis	HBMA005027	HBIN048048	Ingredient	Vitamin d	colitis;crohn;inflammatory bowel disease;ulcerative colitis	12.0	CRD42019150914	Vitamin D therapy in adults with inflammatory bowel disease: a systematic review and meta-analysis	NA	PROSPERO/CRD	2019-10-01	Guzman-Prado Y, Samson O, Segal JP, Limdi JK, Hayee BH. Vitamin D Therapy in Adults With Inflammatory Bowel Disease: A Systematic Review and Meta-Analysis. Inflammatory Bowel Diseases. 2020. DOI: https://doi.org/10.1093/ibd/izaa087 https://academic.oup.com/ibdjournal/article-abstract/doi/10.1093/ibd/izaa087/5834989 
HERB_meta_analysis	HBMA005055	HBIN048048	Ingredient	Vitamin d	colitis;inflammatory bowel disease;ulcerative colitis	9.0	CRD42020159863	Efficacy of vitamin D supplementation in ulcerative colitis: a Systematic review and meta-analysis	NA	PROSPERO/CRD	2020-04-28	NA
HERB_meta_analysis	HBMA005066	HBIN048048	Ingredient	Vitamin d	colitis;crohn;inflammatory bowel disease;ulcerative colitis	12.0	CRD42020165045	Effect of oral Vitamin D on patients with inflammatory bowel disease: a systematic review and meta-analysis	NA	PROSPERO/CRD	2020-04-28	NA
HERB_meta_analysis	HBMA005101	HBIN048048	Ingredient	Vitamin d	inflammatory bowel disease	3.0	CRD42020181938	Risk factors for vitamin D deficiency in inflammatory bowel disease: a systematic review and meta-analysis	NA	PROSPERO/CRD	2020-07-05	NA
HERB_meta_analysis	HBMA005119	HBIN048048	Ingredient	Vitamin d	colitis;crohn;inflammatory bowel disease;ulcerative colitis	12.0	CRD42020191111	Risk factors for vitamin D deficiency in inflammatory bowel disease: a systematic review and meta-analysis	NA	PROSPERO/CRD	2020-07-09	NA
HERB_meta_analysis	HBMA005338	HBIN048048	Ingredient	Vitamin d	inflammatory bowel disease	3.0	CRD42021269530	Vitamin D deficiency and its implications in cancer patients: a systematic review	NA	PROSPERO/CRD	2021-10-25	NA
HERB_meta_analysis	HBMA005344	HBIN048048	Ingredient	Vitamin d	crohn	3.0	CRD42021272185	Effectiveness of sun exposure intervention for vitamin D insufficiency among adult: Systematic review with meta-analysis	NA	PROSPERO/CRD	2021-09-06	NA
HERB_meta_analysis	HBMA005350	HBIN048048	Ingredient	Vitamin d	inflammatory bowel disease	3.0	CRD42021275435	Vitamin D supplementation can reduce dementia and mild cognitive impairment? Systematic review study	NA	PROSPERO/CRD	2021-09-29	NA
HERB_meta_analysis	HBMA005357	HBIN048048	Ingredient	Vitamin d	inflammatory bowel disease	3.0	CRD42021281090	The association between vitamin D deficiency and obesity among childbearing age women: a systematic review	NA	PROSPERO/CRD	2021-12-08	NA
HERB_meta_analysis	HBMA005359	HBIN048048	Ingredient	Vitamin d	inflammatory bowel disease	3.0	CRD42022282562	Association between vitamin D deficiency with cardiovascular disease in women of childbearing age: a systematic review.	NA	PROSPERO/CRD	2022-01-02	NA
HERB_meta_analysis	HBMA005363	HBIN048048	Ingredient	Vitamin d	inflammatory bowel disease	3.0	CRD42022283169	Vitamin D deficiency and insufficiency associated with anxiety and depression in womenof childbearing age.	NA	PROSPERO/CRD	2022-01-04	NA
HERB_meta_analysis	HBMA005408	HBIN048048	Ingredient	Vitamin d	crohn;inflammatory bowel disease	6.0	CRD42022301998	Study protocol - Systematic review with meta-analysis: Effectiveness of Vitamin D supplementation on disease course in IBD patients in clinical remission	NA	PROSPERO/CRD	2022-02-06	NA
HERB_meta_analysis	HBMA005427	HBIN048048	Ingredient	Vitamin d	colitis;crohn;inflammatory bowel disease;ulcerative colitis	12.0	CRD42022310842	Vitamin D deficiency and inflammatory markers in patients with inflammatory bowel diseases: a systematic review of observational studies	NA	PROSPERO/CRD	2022-03-17	NA
HERB_meta_analysis	HBMA005428	HBIN048048	Ingredient	Vitamin d	colitis;crohn;inflammatory bowel disease;ulcerative colitis	12.0	CRD42022311184	Study protocol - Systematic review and meta-analysis: Effectiveness of Vitamin D supplementation on disease course in IBD patients	NA	PROSPERO/CRD	2022-03-19	NA
HERB_meta_analysis	HBMA005459	HBIN048048	Ingredient	Vitamin d	colitis;ulcerative colitis	6.0	CRD42022330203	Efficacy and safety of vitamin D adjuvant therapy for ulcerative colitis: a meta-analysis	NA	PROSPERO/CRD	2022-05-14	NA
HERB_meta_analysis	HBMA005539	HBIN048048	Ingredient	Vitamin d	inflammatory bowel disease	3.0	CRD42022369473	The Implication of genetic variants related to Vitamin D and Autoimmunity: A Systematic Review	NA	PROSPERO/CRD	2022-12-07	NA
HERB_meta_analysis	HBMA007157	HBIN048048	Ingredient	Vitamin d	inflammatory bowel disease	3.0	CRD42023424029	Vitamin D Intervention Therapy in Autoimmune Thyroid Disease on Thyroid Autoantibody Titers&#xff1a;A Systematic Review and Meta-Analysis	NA	PROSPERO/CRD	2023-05-18	NA
HERB_meta_analysis	HBMA008026	HBIN048048	Ingredient	Vitamin d	colitis;crohn;inflammatory bowel disease;ulcerative colitis	12.0	CRD42023468978	Does Vitamin D Supplementation Benefit Inflammatory Bowel Disease? An Umbrella Review of the Evidence	NA	PROSPERO/CRD	2023-10-14	NA
HERB_meta_analysis	HBMA007971	HBIN048049	Ingredient	Vitamin d2	colitis;crohn;inflammatory bowel disease;ulcerative colitis	12.0	CRD42023468978	Does Vitamin D Supplementation Benefit Inflammatory Bowel Disease? An Umbrella Review of the Evidence	NA	PROSPERO/CRD	2023-10-14	NA
HERB_clinical_trial	HBCT005090	HBIN048066	Ingredient	Vitamin-g	crohn	3.0	NCT02538354	The Effect of Riboflavin in Crohn's Disease	Completed | Yes | Interventional	ClinicalTrials.gov	2015-09-02	https://clinicaltrials.gov/study/NCT02538354
HERB_clinical_trial	HBCT006597	HBIN048145	Ingredient	Vitamin e	inflammatory bowel disease	3.0	NCT03634735	Thiamin Against Robust IBD Fatigue	Completed | Phase 4 | No | Interventional	ClinicalTrials.gov	2018-08-16	https://clinicaltrials.gov/study/NCT03634735
HERB_meta_analysis	HBMA004502	HBIN048145	Ingredient	Vitamin e	proctitis	3.0	CRD42016045582	Pentoxifylline and vitamin E alone or in combination for preventing and treating side effects of radiation therapy and concomitant chemoradiotherapy [Cochrane Protocol]	NA	PROSPERO/CRD	2016-08-09	NA
HERB_meta_analysis	HBMA004504	HBIN048145	Ingredient	Vitamin e	proctitis	3.0	CRD42017082925	Pentoxifylline and vitamin E alone or in combination for preventing and treating side effects of radiation therapy and concomitant chemoradiotherapy [Cochrane protocol]	NA	PROSPERO/CRD	2017-12-02	NA
HERB_reference	HBREF001343	HBIN048372	Ingredient	Wogonin	colitis	3.0	24901054	NF-κB and Nrf2 signaling pathways contribute to wogonin-mediated inhibition of inflammation-associated colorectal carcinogenesis	Animal & Cell Experiment	Cell Death Dis	2014	10.1038/cddis.2014.221 
HERB_reference	HBREF007106	HBIN048372	Ingredient	Wogonin	colitis;inflammatory bowel disease	6.0	34239686	Wogonin Strengthens the Therapeutic Effects of Mesenchymal Stem Cells in DSS-Induced Colitis via Promoting IL-10 Production	Cell Experiment	Oxid Med Cell Longev	2021	10.1155/2021/5527935
HERB_reference	HBREF007113	HBIN048372	Ingredient	Wogonin	colitis	3.0	36451541	Wogonin regulates colonocyte metabolism via PPARγ to inhibit Enterobacteriaceae against dextran sulfate sodium-induced colitis in mice	Animal Experiment	Phytother Res	2022	10.1002/ptr.7677
HERB_reference	HBREF007114	HBIN048376	Ingredient	Wogonoside	colitis;inflammatory bowel disease;ulcerative colitis	9.0	32062328	Wogonoside alleviates colitis by improving intestinal epithelial barrier function via the MLCK/pMLC2 pathway	Animal & Cell Experiment	Phytomedicine	2020	10.1016/j.phymed.2020.153179
HERB_reference	HBREF007116	HBIN048412	Ingredient	Wuweizisu c	inflammatory bowel disease	3.0	35689901	Schisandrin C improves leaky gut conditions in intestinal cell monolayer, organoid, and nematode models by increasing tight junction protein expression	Cell Experiment	Phytomedicine	2022	10.1016/j.phymed.2022.154209
HERB_clinical_trial	HBCT005178	HBIN048442	Ingredient	Xanthohumol	crohn	3.0	NCT04590508	A Phase 2 Clinical Trial: Xanthohumol Metabolism and Signature (XMaS) in Crohn's Disease	Active_Not_Recruiting | Phase 2 | No | Interventional	ClinicalTrials.gov	2020-10-19	https://clinicaltrials.gov/study/NCT04590508
HERB_reference	HBREF007125	HBIN048442	Ingredient	Xanthohumol	crohn;inflammatory bowel disease	6.0	36615756	Xanthohumol Interferes with the Activation of TGF-β Signaling in the Process Leading to Intestinal Fibrosis	Cell Experiment	Nutrients	2023	10.3390/nu15010099
HERB_meta_analysis	HBMA003120	HBIN048861	Ingredient	Zeaxanthin	colitis	3.0	CRD42016045942	Lutein and zeaxanthin for reducing morbidity and mortality in preterm infants [Cochrane Protocol]	NA	PROSPERO/CRD	2016-08-15	NA
HERB_meta_analysis	HBMA003121	HBIN048862	Ingredient	Zeaxanthine	colitis	3.0	CRD42016045942	Lutein and zeaxanthin for reducing morbidity and mortality in preterm infants [Cochrane Protocol]	NA	PROSPERO/CRD	2016-08-15	NA
